ticker,name,sector,earnings_date,session,entry_by,implied_move_mid,implied_move_ask,fair_move,ci_low,ci_high,edge,z,score,structure,detail,entry_side,entry_price,max_gain,max_loss,spread_pct,spread_cost_pct_of_edge,open_interest,conf_mult,n_events,screened,screen_reason,flags,spot,expiry,atm_strike,straddle_bid,straddle_mid,straddle_ask,legs_json
MPC,Marathon Petroleum,Energy,2026-08-04,BMO,2026-08-03,0.09459239063777902,0.09834994674256127,0.03799163649170668,0.031618436069633445,0.04436483691377991,1.489821428419592,11.381962233977394,9.484968528314495,no affordable structure,,,,,,0.07944732297063906,13.27740649916053,1382,0.8333333333333333,12,False,,,306.04998779296875,2026-08-21,310.0,27.8,28.950000000000003,30.1,
SYK,Stryker Corporation,Health Care,2026-07-30,AMC,2026-07-30,0.07948643830021143,0.0825158669831596,0.03797618148056815,0.032802870071615746,0.04314949288952056,1.093060313103977,10.283460811578655,8.569550676315545,no affordable structure,,,,,,0.07622504537205087,14.596048856602582,669,0.8333333333333333,12,False,,,346.6000061035156,2026-08-21,350.0,26.5,27.55,28.6,
ADM,Archer Daniels Midland,Consumer Staples,2026-08-04,BMO,2026-08-03,0.07724212522754959,0.08054820840849529,0.029871738649526722,0.025231171931728413,0.03451230536732503,1.585792749923292,13.082429610493257,7.847760953116925,iron fly,"short 82.5 straddle @ bid, long 77.5P / 87.5C @ ask",credit,340.00000000000006,340.00000000000006,159.99999999999997,0.08560311284046689,13.958438677718256,1642,0.8333333333333333,12,False,,wide market,83.18000030517578,2026-08-21,82.5,6.15,6.425000000000001,6.7,"[{""action"": ""SELL"", ""right"": ""CALL"", ""strike"": 82.5}, {""action"": ""SELL"", ""right"": ""PUT"", ""strike"": 82.5}, {""action"": ""BUY"", ""right"": ""CALL"", ""strike"": 87.5}, {""action"": ""BUY"", ""right"": ""PUT"", ""strike"": 77.5}]"
UBER,Uber,Industrials,2026-08-05,BMO,2026-08-04,0.07986994869409976,0.08269720351512985,0.05233416611035374,0.04398841496786479,0.06067991725284269,0.5261530780042059,4.228482057135054,3.5237350476125444,iron fly,"short 71 straddle @ bid, long 65P / 77C @ ask",credit,373.99999999999994,373.99999999999994,226.00000000000006,0.07079646017699122,20.53513323931437,675,0.8333333333333333,12,False,,,70.73999786376953,2026-08-07,71.0,5.449999999999999,5.6499999999999995,5.85,"[{""action"": ""SELL"", ""right"": ""CALL"", ""strike"": 71.0}, {""action"": ""SELL"", ""right"": ""PUT"", ""strike"": 71.0}, {""action"": ""BUY"", ""right"": ""CALL"", ""strike"": 77.0}, {""action"": ""BUY"", ""right"": ""PUT"", ""strike"": 65.0}]"
OXY,Occidental Petroleum,Energy,2026-08-05,AMC,2026-08-05,0.05970702729054072,0.062117559448233356,0.03848089754267549,0.03199132952401316,0.04497046556133782,0.5516017323744946,4.191867287103559,3.363040525367772,iron fly,"short 54 straddle @ bid, long 50P / 58C @ ask",credit,227.99999999999997,227.99999999999997,172.00000000000003,0.08074534161490678,22.712874992531972,965,0.8333333333333333,12,False,,wide market,53.93000030517578,2026-08-07,54.0,3.09,3.2199999999999998,3.3499999999999996,"[{""action"": ""SELL"", ""right"": ""CALL"", ""strike"": 54.0}, {""action"": ""SELL"", ""right"": ""PUT"", ""strike"": 54.0}, {""action"": ""BUY"", ""right"": ""CALL"", ""strike"": 58.0}, {""action"": ""BUY"", ""right"": ""PUT"", ""strike"": 50.0}]"
HOOD,Robinhood Markets,Financials,2026-07-29,AMC,2026-07-29,0.10942216220622081,0.11265631478374458,0.07711327212210611,0.06458556597845888,0.08964097826575335,0.41897962821438467,3.305239846545955,2.7543665387882954,iron fly,"short 93 straddle @ bid, long 85P / 101C @ ask",credit,577.0,577.0,223.00000000000006,0.059113300492610814,20.020202297905005,5665,0.8333333333333333,12,False,,,92.76000213623047,2026-07-31,93.0,9.85,10.149999999999999,10.45,"[{""action"": ""SELL"", ""right"": ""CALL"", ""strike"": 93.0}, {""action"": ""SELL"", ""right"": ""PUT"", ""strike"": 93.0}, {""action"": ""BUY"", ""right"": ""CALL"", ""strike"": 101.0}, {""action"": ""BUY"", ""right"": ""PUT"", ""strike"": 85.0}]"
MSFT,Microsoft,Information Technology,2026-07-29,AMC,2026-07-29,0.07200965949024513,0.07296300890979823,0.05377417158142085,0.045397086541126154,0.06215125662171555,0.3391123911823254,2.7898250037493995,2.324854169791166,iron fly,"short 392.5 straddle @ bid, long 382.5P / 402.5C @ ask",credit,815.0000000000002,815.0000000000002,184.99999999999977,0.026478375992938973,10.455979289611177,3511,0.8333333333333333,12,False,,,393.3500061035156,2026-07-31,392.5,27.950000000000003,28.325000000000003,28.7,"[{""action"": ""SELL"", ""right"": ""CALL"", ""strike"": 392.5}, {""action"": ""SELL"", ""right"": ""PUT"", ""strike"": 392.5}, {""action"": ""BUY"", ""right"": ""CALL"", ""strike"": 402.5}, {""action"": ""BUY"", ""right"": ""PUT"", ""strike"": 382.5}]"
AME,Ametek,Industrials,2026-08-04,BMO,2026-08-03,0.0737273766308886,0.07704096659182742,0.040934941323304025,0.032848730355091296,0.049021152291516754,0.8010866572053942,5.197339675579779,2.189890312744272,no affordable structure,,,,,,0.08988764044943828,20.20947776435753,5983,0.8333333333333333,12,False,,wide market,241.42999267578125,2026-08-21,240.0,17.0,17.8,18.6,
COIN,Coinbase,Financials,2026-07-30,AMC,2026-07-30,0.09708159971732616,0.098868377626234,0.07115888213778689,0.05728612428299339,0.08503163999258039,0.36429349085816737,2.394805358651744,1.9956711322097866,iron fly,"short 167.5 straddle @ bid, long 160P / 175C @ ask",credit,595.0,595.0,154.99999999999997,0.03680981595092033,13.785421250109566,5305,0.8333333333333333,12,False,,squeeze risk (11% of float short — no short premium),167.89999389648438,2026-07-31,167.5,16.0,16.3,16.6,"[{""action"": ""SELL"", ""right"": ""CALL"", ""strike"": 167.5}, {""action"": ""SELL"", ""right"": ""PUT"", ""strike"": 167.5}, {""action"": ""BUY"", ""right"": ""CALL"", ""strike"": 175.0}, {""action"": ""BUY"", ""right"": ""PUT"", ""strike"": 160.0}]"
PFE,Pfizer,Health Care,2026-08-04,BMO,2026-08-03,0.04178217821782179,0.04356435643564357,0.03212503068603033,0.027280445532741143,0.036969615839319514,0.300611309174279,2.5547286062958277,1.5639136412948327,iron fly,"short 25 straddle @ bid, long 22P / 28C @ ask",credit,97.0,97.0,203.00000000000003,0.08530805687203798,36.908998479205756,10429,0.8333333333333333,12,False,,wide market,25.25,2026-08-07,25.0,1.01,1.0550000000000002,1.1,"[{""action"": ""SELL"", ""right"": ""CALL"", ""strike"": 25.0}, {""action"": ""SELL"", ""right"": ""PUT"", ""strike"": 25.0}, {""action"": ""BUY"", ""right"": ""CALL"", ""strike"": 28.0}, {""action"": ""BUY"", ""right"": ""PUT"", ""strike"": 22.0}]"
AMZN,Amazon,Consumer Discretionary,2026-07-30,AMC,2026-07-30,0.06898120054534011,0.07060556162568564,0.05511675214661463,0.04569444816522515,0.0645390561280041,0.25154690468416985,1.8858102119080957,1.5322207971753277,iron fly,"short 230 straddle @ bid, long 222.5P / 237.5C @ ask",credit,555.0,555.0,195.00000000000003,0.04709576138147566,23.432033264227822,8101,0.8124999999999999,12,False,,,230.86000061035156,2026-07-31,230.0,15.55,15.925,16.3,"[{""action"": ""SELL"", ""right"": ""CALL"", ""strike"": 230.0}, {""action"": ""SELL"", ""right"": ""PUT"", ""strike"": 230.0}, {""action"": ""BUY"", ""right"": ""CALL"", ""strike"": 237.5}, {""action"": ""BUY"", ""right"": ""PUT"", ""strike"": 222.5}]"
F,Ford Motor Company,Consumer Discretionary,2026-07-28,AMC,2026-07-28,0.06417112283102044,0.06550802122333338,0.05342119010470994,0.040563853236893314,0.06627852697252658,0.2012297499407959,1.0715371249644405,0.8929476041370337,iron fly,"short 15 straddle @ bid, long 12.5P / 17.5C @ ask",credit,89.99999999999999,89.99999999999999,160.0,0.041666666666666706,24.872683882771902,17274,0.8333333333333333,12,False,,,14.960000038146973,2026-07-31,15.0,0.94,0.96,0.98,"[{""action"": ""SELL"", ""right"": ""CALL"", ""strike"": 15.0}, {""action"": ""SELL"", ""right"": ""PUT"", ""strike"": 15.0}, {""action"": ""BUY"", ""right"": ""CALL"", ""strike"": 17.5}, {""action"": ""BUY"", ""right"": ""PUT"", ""strike"": 12.5}]"
PLTR,Palantir Technologies,Information Technology,2026-08-03,AMC,2026-08-03,0.1200113344652976,0.12183275438129705,0.10583544832483294,0.08565947051647956,0.12601142613318633,0.13394270412079387,0.9004676675495531,0.7503897229579608,no trade,,,,,,0.030354131534569933,25.697439975907578,741,0.8333333333333333,12,False,,,123.52999877929688,2026-08-07,124.0,14.600000000000001,14.825000000000001,15.05,
AAPL,Apple Inc.,Information Technology,2026-07-30,AMC,2026-07-30,0.03807927696812049,0.03866737390971309,0.03445579635645711,0.02734382800469492,0.0415677647082193,0.10516316541278628,0.6529630788861904,0.5441358990718254,no trade,,,,,,0.030888030888030917,32.4603332883642,16413,0.8333333333333333,12,False,,,340.0799865722656,2026-07-31,340.0,12.75,12.95,13.15,
XOM,ExxonMobil,Energy,2026-07-31,BMO,2026-07-30,0.03587297595952951,0.037637220678850634,0.01785998955632329,0.014663215748494123,0.021056763364152457,1.0085664578022537,7.221481644341213,0.4932706041217156,iron fly,"short 152.5 straddle @ bid, long 149P / 157.5C @ ask",credit,287.0000000000001,287.0000000000001,212.9999999999999,0.09836065573770476,19.588586587808603,1519,0.8333333333333333,12,False,,wide market,153.0399932861328,2026-07-31,152.5,5.220000000000001,5.49,5.76,"[{""action"": ""SELL"", ""right"": ""CALL"", ""strike"": 152.5}, {""action"": ""SELL"", ""right"": ""PUT"", ""strike"": 152.5}, {""action"": ""BUY"", ""right"": ""CALL"", ""strike"": 157.5}, {""action"": ""BUY"", ""right"": ""PUT"", ""strike"": 149.0}]"
CVNA,Carvana,Consumer Discretionary,2026-07-29,AMC,2026-07-29,0.13432722931729102,0.14075980086206272,0.11784676221422014,0.09005149724583437,0.14564202718260588,0.13984658376199535,0.7598908182137865,0.13378359475594329,no trade,,,,,,0.09577464788732411,78.06297606180205,2696,0.8333333333333333,12,False,,wide market; squeeze risk (14% of float short — no short premium),66.06999969482422,2026-07-31,66.0,8.45,8.875,9.3,
ABNB,Airbnb,Consumer Discretionary,2026-08-06,AMC,2026-08-06,0.08343674449137387,0.09045784040747774,0.04831766238422455,0.036542428615533265,0.06009289615291584,0.7268373587256882,3.8223118549199615,0.0,screened out,,,,,,0.168297455968689,39.984506967934486,113,0.8333333333333333,12,True,spread > 10%,spread > 10%,153.11000061035156,2026-08-07,155.0,11.7,12.775,13.850000000000001,
ABBV,AbbVie,Health Care,2026-07-31,BMO,2026-07-30,0.04274315911182721,0.04863221658945674,0.0404358935834012,0.03449374364545161,0.0463780435213508,0.05705983778167652,0.49762990367272936,0.0,screened out,,,,,,0.27555555555555566,510.47938826936684,84,0.8333333333333333,12,True,spread > 10%,spread > 10%,263.20001220703125,2026-07-31,262.5,9.7,11.25,12.8,
ACGL,Arch Capital Group,Financials,2026-07-28,AMC,2026-07-28,0.060339968045104574,0.0779489081360884,0.03474277632512799,0.029102182226564428,0.040383370423691556,0.736762988669481,5.815940720974093,0.0,screened out,,,,,,0.5836575875486382,137.58493731358385,396,0.8333333333333333,12,True,spread > 10%,spread > 10%,106.4800033569336,2026-08-21,105.0,4.55,6.425000000000001,8.3,
AEP,American Electric Power,Utilities,2026-07-30,BMO,2026-07-29,0.055630730433918786,0.06653134653245693,0.027554058720684876,0.0228105684016674,0.032297549039702354,1.0189668243741061,7.585777570456554,0.0,screened out,,,,,,0.39189189189189194,77.64891942943615,1399,0.8333333333333333,12,True,spread > 10%,spread > 10%,133.02000427246094,2026-08-21,135.0,5.949999999999999,7.3999999999999995,8.85,
AEE,Ameren,Utilities,2026-07-30,AMC,2026-07-30,0.05621722406814553,0.07199359920189387,0.016630323437780457,0.013760661811859844,0.01949998506370107,2.380404733466115,17.67963560219396,0.0,screened out,,,,,,0.5612648221343872,79.70502809026225,246,0.8333333333333333,12,True,spread > 10%,spread > 10%,112.51000213623047,2026-08-21,115.0,4.550000000000001,6.325,8.1,
AES,AES Corporation,Utilities,2026-07-30,AMC,2026-07-30,0.02427511812893085,0.03169251533499306,0.03257552648986269,0.02356032443699442,0.041590728542730965,-0.25480504094123785,-1.1799850178605515,0.0,screened out,,,,,,0.6111111111111112,178.72366957207137,4617,0.8333333333333333,12,True,spread > 10%,spread > 10%,14.829999923706055,2026-07-31,15.0,0.25,0.36,0.47000000000000003,
ADP,Automatic Data Processing,Industrials,2026-07-29,BMO,2026-07-28,0.049778549159960876,0.0598099678119682,0.03956671200641979,0.03206772540653038,0.04706569860630921,0.2580916289401098,1.745234548915083,0.0,screened out,,,,,,0.4030418250950571,196.4664829879079,1961,0.8333333333333333,12,True,spread > 10%,spread > 10%,264.1700134277344,2026-07-31,260.0,10.5,13.15,15.8,
AFL,Aflac,Financials,2026-08-06,AMC,2026-08-06,0.04071786858926227,0.043612503797029724,0.0393370317558675,0.032041265669398473,0.04663279784233653,0.03510272056022125,0.242562667813712,0.0,screened out,,,,,,0.14218009478672985,419.2581104099089,27,0.8333333333333333,12,True,spread > 10%,spread > 10%,129.5500030517578,2026-08-07,129.0,4.9,5.275,5.65,
AKAM,Akamai Technologies,Information Technology,2026-08-06,AMC,2026-08-06,0.16101618975387133,0.17890687750430148,0.11792745933648865,0.10095346778068481,0.1349014508922925,0.3653833522728182,3.253360691347561,0.0,screened out,,,,,,0.2222222222222222,83.04114591973571,14,0.8333333333333333,12,True,spread > 10%,spread > 10%; squeeze risk (14% of float short — no short premium),111.79000091552734,2026-08-07,112.0,16.0,18.0,20.0,
AJG,Arthur J. Gallagher & Co.,Financials,2026-07-30,AMC,2026-07-30,0.07934114882101684,0.08706795903874057,0.027186722323430064,0.021692098382285162,0.032681346264574966,1.9183786069216238,12.164820325334164,0.0,screened out,,,,,,0.19477434679334923,29.63050592870102,227,0.8333333333333333,12,True,spread > 10%,spread > 10%,265.30999755859375,2026-08-21,260.0,19.0,21.05,23.1,
AIG,American International Group,Financials,2026-08-06,AMC,2026-08-06,0.046393664667210975,0.053198068818401924,0.04110495230478223,0.035252715577663574,0.04695718903190088,0.12866362970608408,1.1581920007234285,0.0,screened out,,,,,,0.29333333333333345,257.31798913965304,33,0.8333333333333333,12,True,spread > 10%,spread > 10%,80.83000183105469,2026-08-07,81.0,3.2,3.7500000000000004,4.300000000000001,
AIZ,Assurant,Financials,2026-08-04,AMC,2026-08-04,0.06040695496371537,0.07277095159371559,0.04701672500272658,0.03591803528534906,0.0581154147201041,0.28479716441781666,1.5462112334876719,0.0,screened out,,,,,,0.4093567251461989,184.6719087875503,4,0.8124999999999999,12,True,spread > 10%,spread > 10%,283.0799865722656,2026-08-21,280.0,13.6,17.1,20.6,
ALGN,Align Technology,Health Care,2026-07-29,AMC,2026-07-29,0.11161730819329167,0.12129840125087309,0.07997166015124318,0.05565355295304806,0.10428976734943832,0.395710780321428,1.6677721748713839,0.0,screened out,,,,,,0.17346938775510215,61.1843565012028,226,0.8333333333333333,12,True,spread > 10%,spread > 10%,175.60000610351562,2026-07-31,175.0,17.9,19.6,21.3,
ALB,Albemarle Corporation,Materials,2026-08-05,AMC,2026-08-05,0.09566100786213261,0.10737009196534977,0.03614676532912969,0.02932750565480794,0.042966025003451445,1.646461086935544,11.185004952591536,0.0,screened out,,,,,,0.24480369515011552,39.34884694776726,4,0.8333333333333333,12,True,spread > 10%,spread > 10%,113.16000366210938,2026-08-07,113.0,9.5,10.825,12.15,
ALL,Allstate,Financials,2026-08-05,AMC,2026-08-05,0.06350487903705071,0.0686440021961184,0.03084867295897379,0.02463784742052058,0.037059498497427,1.0585935453854693,6.7385878818432525,0.0,screened out,,,,,,0.16184971098265888,31.474098042991784,831,0.8333333333333333,12,True,spread > 10%,spread > 10%,272.4200134277344,2026-08-21,270.0,15.9,17.3,18.7,
AMD,Advanced Micro Devices,Information Technology,2026-08-04,AMC,2026-08-04,0.117680701629081,0.12427961947744068,0.08140225080293112,0.06720691387038898,0.09559758773547326,0.4456688908268316,3.2753334985806015,0.0,screened out,,,,,,0.11214953271028037,36.37927032762443,28,0.8333333333333333,12,True,spread > 10%,spread > 10%,454.6199951171875,2026-08-05,457.5,50.5,53.5,56.5,
AMGN,Amgen,Health Care,2026-08-04,AMC,2026-08-04,0.06467819792733555,0.07046552930529773,0.05415207293161267,0.0456843712794785,0.06261977458374685,0.19438083208774043,1.5931456195221982,0.0,screened out,,,,,,0.17895771878072766,109.96128927432972,481,0.8333333333333333,12,True,spread > 10%,spread > 10%,393.1000061035156,2026-08-07,395.0,23.15,25.424999999999997,27.7,
AMT,American Tower,Real Estate,2026-07-28,BMO,2026-07-27,0.06239067055393586,0.07113702623906705,0.030813764646649894,0.02524226493452226,0.03638526435877753,1.0247662455200532,7.2635672084282445,0.0,screened out,,,,,,0.28037383177570097,55.39716722602063,1808,0.8333333333333333,12,True,spread > 10%,spread > 10%,171.5,2026-08-21,170.0,9.2,10.7,12.2,
ANET,Arista Networks,Information Technology,2026-08-04,AMC,2026-08-04,0.12860172727938887,0.13434682162520348,0.07732004623110383,0.06494533618789448,0.08969475627431318,0.6632391410502773,5.311041810433977,0.0,screened out,,,,,,0.08934707903780065,22.406029710317963,169,0.8333333333333333,12,True,OI < 500,OI < 500; wide market,169.7100067138672,2026-08-07,170.0,20.85,21.825000000000003,22.8,
AOS,A. O. Smith,Industrials,2026-07-30,BMO,2026-07-29,0.08319012376639154,0.1109201650218554,0.04185398118553023,0.034970536253684056,0.0487374261173764,0.9876274946850708,7.696204568520218,0.0,screened out,,,,,,0.6666666666666667,134.16850012658364,1028,0.8333333333333333,12,True,spread > 10%,spread > 10%; squeeze risk (10% of float short — no short premium),64.01000213623047,2026-08-21,65.0,3.55,5.324999999999999,7.1,
APP,AppLovin,Information Technology,2026-08-05,AMC,2026-08-05,0.15063841953066617,0.15781167760355505,0.13196982368894578,0.10338411306262296,0.1605555343152686,0.14146109557380684,0.8369801521994417,0.0,screened out,,,,,,0.09523809523809523,76.848394316386,25,0.8333333333333333,12,True,OI < 500,OI < 500; wide market,418.2200012207031,2026-08-07,417.5,60.0,63.0,66.0,
APA,APA Corporation,Energy,2026-08-05,AMC,2026-08-05,0.07500715651616469,0.08101918051173514,0.04531138920313281,0.03669769465432253,0.05392508375194309,0.6553709306926022,4.418324236217341,0.0,screened out,,,,,,0.16030534351145034,40.490780603147414,195,0.7708333333333333,12,True,spread > 10%,spread > 10%; squeeze risk (9% of float short — no short premium),34.93000030517578,2026-08-07,35.0,2.41,2.62,2.83,
AON,Aon plc,Financials,2026-07-29,BMO,2026-07-28,0.07042438050742776,0.08130934062310095,0.03902947253682039,0.0311535859733564,0.04690535910028438,0.8043897580473174,5.108721885582091,0.0,screened out,,,,,,0.3091247672253258,69.34220113569968,422,0.8333333333333333,12,True,spread > 10%,spread > 10%,381.260009765625,2026-08-21,380.0,22.700000000000003,26.85,31.0,
APD,Air Products,Materials,2026-07-30,BMO,2026-07-29,0.06846508308732216,0.07956291451045419,0.043058062857435346,0.032022621806585744,0.05409350390828495,0.5900641725107121,2.9506421153974696,0.0,screened out,,,,,,0.32418952618453867,87.3603541282453,166,0.8333333333333333,12,True,spread > 10%,spread > 10%,292.8500061035156,2026-08-21,290.0,16.8,20.05,23.3,
APO,Apollo Global Management,Financials,2026-08-04,BMO,2026-08-03,0.06776806347382008,0.07538695818389453,0.03605652502371697,0.028084667035008393,0.04402838301242555,0.879495137960304,5.098122386928768,0.0,screened out,,,,,,0.22485207100591723,48.05124621791836,9,0.8333333333333333,12,True,spread > 10%,spread > 10%,124.69000244140625,2026-08-07,123.0,7.5,8.45,9.4,
APTV,Aptiv,Consumer Discretionary,2026-08-04,BMO,2026-08-03,0.11574073776756987,0.122895619738656,0.06375645877186546,0.050704109911140764,0.07680880763259015,0.8153570633795002,5.104295990844035,0.0,screened out,,,,,,0.12363636363636359,27.527098997284774,1245,0.8333333333333333,12,True,spread > 10%,spread > 10%,59.400001525878906,2026-08-21,60.0,6.45,6.875,7.3,
APH,Amphenol,Information Technology,2026-07-29,BMO,2026-07-28,0.12895376581806517,0.1362530355813519,0.06267194750258795,0.05267747709853804,0.07266641790663786,1.0575994676524167,8.49937764773348,0.0,screened out,,,,,,0.11320754716981139,22.024953294264975,1351,0.8333333333333333,12,True,spread > 10%,spread > 10%,143.85000610351562,2026-08-21,145.0,17.5,18.55,19.6,
ARE,Alexandria Real Estate Equities,Real Estate,2026-08-03,AMC,2026-08-03,0.08564814814814815,0.11018518518518519,0.050738869111449786,0.03830454969961208,0.06317318852328749,0.6880184688393204,3.598084505601454,0.0,screened out,,,,,,0.572972972972973,140.57601711706786,1747,0.8333333333333333,12,True,spread > 10%,spread > 10%,54.0,2026-08-21,55.0,3.3,4.625,5.95,
ARES,Ares Management,Financials,2026-07-31,BMO,2026-07-30,0.059616887482657144,0.06958561293057687,0.044176616064205594,0.03616613113457567,0.05218710099383552,0.34951231656156967,2.470293874056598,0.0,screened out,,,,,,0.33442622950819667,129.12629807798348,39,0.8333333333333333,12,True,spread > 10%,spread > 10%; squeeze risk (16% of float short — no short premium),127.9000015258789,2026-07-31,126.0,6.3500000000000005,7.625,8.9,
AVY,Avery Dennison,Materials,2026-07-30,BMO,2026-07-29,0.0744989040160576,0.08632412687574928,0.03529090665797329,0.028402553073768058,0.04217926024217852,1.1109943345483881,7.294772081581306,0.0,screened out,,,,,,0.31746031746031755,60.320463458985806,65,0.8333333333333333,12,True,spread > 10%,spread > 10%,169.1300048828125,2026-08-21,170.0,10.6,12.600000000000001,14.600000000000001,
AXON,Axon Enterprise,Industrials,2026-08-05,AMC,2026-08-05,0.1569432962081193,0.16726010392860652,0.11541252867406529,0.1002465150094431,0.1305785423386875,0.3598462663558859,3.5095465986427063,0.0,screened out,,,,,,0.1314717859220477,49.68272118750374,249,0.8333333333333333,12,True,spread > 10%,spread > 10%,547.6500244140625,2026-08-07,550.0,80.3,85.94999999999999,91.6,
AWK,American Water Works,Utilities,2026-07-29,AMC,2026-07-29,0.055418721907229344,0.06230078541204867,0.016606119999977676,0.012295446211450487,0.020916793788504865,2.3372468648488534,11.539316831796027,0.0,screened out,,,,,,0.24836601307189535,35.46303605857198,1282,0.8333333333333333,12,True,spread > 10%,spread > 10%,138.0399932861328,2026-08-21,140.0,6.7,7.65,8.6,
ATO,Atmos Energy,Utilities,2026-08-05,AMC,2026-08-05,0.046131117040642246,0.060207379340052714,0.01699751551823864,0.013546962059478926,0.020448068976998357,1.7139917590392975,10.820763728881131,0.0,screened out,,,,,,0.6102719033232629,96.63249007223423,111,0.7916666666666665,12,True,spread > 10%,spread > 10%,179.3800048828125,2026-08-21,180.0,5.75,8.275,10.8,
BDX,Becton Dickinson,Health Care,2026-08-06,BMO,2026-08-05,0.08416496518108277,0.0943849966673571,0.059603144594627344,0.04762078604418593,0.07158550314506876,0.41208934114978624,2.6270645408488176,0.0,screened out,,,,,,0.24285714285714274,83.2188432473947,435,0.8333333333333333,12,True,spread > 10%,spread > 10%,166.33999633789062,2026-08-21,165.0,12.3,14.0,15.7,
BA,Boeing,Industrials,2026-07-28,BMO,2026-07-27,0.032541975444340954,0.03520491102161712,0.041105085341499606,0.03503625800109296,0.04717391268190625,-0.20832239675496683,-1.8083364427143476,0.0,screened out,,,,,,0.16366158113730925,62.19552497299519,672,0.8333333333333333,12,True,spread > 10%,spread > 10%,221.55999755859375,2026-07-31,222.5,6.62,7.21,7.8,
BALL,Ball Corporation,Materials,2026-08-04,BMO,2026-08-03,0.07437584161153253,0.08371954030644868,0.048942326084010494,0.041260851808914464,0.056623800359106524,0.5196629903504155,4.24340332763332,0.0,screened out,,,,,,0.2512562814070352,73.47547911577676,644,0.8124999999999999,12,True,spread > 10%,spread > 10%,66.88999938964844,2026-08-21,67.5,4.35,4.975,5.6,
BEN,Franklin Resources,Financials,2026-07-31,BMO,2026-07-30,0.10126012044966042,0.14851484332616863,0.04597828711952223,0.03731113991362742,0.05464543432541705,1.2023465160072415,8.174454167308731,0.0,screened out,,,,,,0.9333333333333335,170.95931892962815,3051,0.8333333333333333,12,True,spread > 10%,spread > 10%,33.33000183105469,2026-08-21,33.0,1.7999999999999998,3.375,4.95,
BAX,Baxter International,Health Care,2026-07-30,BMO,2026-07-29,0.0871973708174417,0.13541238762238003,0.08470377606250737,0.0701614113236703,0.09924614080134443,0.029439003440580626,0.21975731563031853,0.0,screened out,,,,,,1.1058823529411763,3867.1092573907986,210,0.8333333333333333,12,True,spread > 10%,spread > 10%; squeeze risk (11% of float short — no short premium),24.3700008392334,2026-07-31,24.0,0.95,2.125,3.3,
BG,Bunge Global,Consumer Staples,2026-07-29,BMO,2026-07-28,0.08349663262051334,0.09883274881611782,0.03153794369909926,0.025814835131305454,0.03726105226689307,1.6474976750909107,11.635329809469965,0.0,screened out,,,,,,0.36734693877551033,59.03195986642349,395,0.8333333333333333,12,True,spread > 10%,spread > 10%,117.37000274658203,2026-08-21,115.0,8.0,9.8,11.600000000000001,
BKNG,Booking Holdings,Consumer Discretionary,2026-08-04,AMC,2026-08-04,0.07751743610080555,0.08378907332578983,0.037530512096954224,0.02851824698176896,0.046542777212139494,1.0654510628725595,5.686388621323016,0.0,screened out,,,,,,0.16181229773462805,31.36844046508916,322,0.8333333333333333,12,True,spread > 10%,spread > 10%,199.30999755859375,2026-08-07,200.0,14.2,15.450000000000001,16.700000000000003,
BLDR,Builders FirstSource,Industrials,2026-07-30,BMO,2026-07-29,0.13775787130781264,0.15743756720892874,0.045127100631224173,0.032574784557010336,0.05767941670543801,2.0526639066303263,9.45766462517564,0.0,screened out,,,,,,0.2857142857142859,42.49062327210013,2173,0.8333333333333333,12,True,spread > 10%,spread > 10%,73.68000030517578,2026-08-21,75.0,8.7,10.15,11.600000000000001,
BIIB,Biogen,Health Care,2026-07-29,BMO,2026-07-28,0.04912212426447271,0.06663100023992834,0.04761625479849781,0.039997291588072664,0.05523521800892296,0.03162511357408152,0.2533051091456493,0.0,screened out,,,,,,0.7128712871287128,2325.4174908341606,61,0.8333333333333333,12,True,spread > 10%,spread > 10%,205.61000061035156,2026-07-31,205.0,6.5,10.1,13.7,
BMY,Bristol Myers Squibb,Health Care,2026-07-30,BMO,2026-07-29,0.043553460164423054,0.04591195078704524,0.05033476918493225,0.042743577395773946,0.05792596097409056,-0.13472415052891884,-1.144869722972474,0.0,screened out,,,,,,0.10830324909747285,69.55856503484014,575,0.8333333333333333,12,True,spread > 10%,spread > 10%,63.599998474121094,2026-07-31,64.0,2.62,2.77,2.92,
BR,Broadridge Financial Solutions,Industrials,2026-08-04,BMO,2026-08-03,0.08882286414564475,0.10684031345632714,0.04886881449602733,0.041862519986776404,0.05587510900527825,0.8175776323132494,7.3084438519305515,0.0,screened out,,,,,,0.4056939501779359,90.19085408707704,226,0.8333333333333333,12,True,spread > 10%,spread > 10%,158.17999267578125,2026-08-21,155.0,11.2,14.049999999999999,16.9,
BSX,Boston Scientific,Health Care,2026-07-29,BMO,2026-07-28,0.0846721642145132,0.09444202931618778,0.053970726319398574,0.04293138900722566,0.06501006363157148,0.5688535246574896,3.5642504340357086,0.0,screened out,,,,,,0.23076923076923064,63.644348743869266,1226,0.8333333333333333,12,True,spread > 10%,spread > 10%,46.060001373291016,2026-07-31,46.0,3.45,3.9,4.35,
BXP,"BXP, Inc.",Real Estate,2026-07-28,AMC,2026-07-28,0.06467981788473616,0.07861635323006605,0.03549301689706221,0.03093781493318272,0.0400482188609417,0.8223251653225839,8.211667548972041,0.0,screened out,,,,,,0.430939226519337,95.49888904382166,450,0.8333333333333333,12,True,spread > 10%,spread > 10%; squeeze risk (9% of float short — no short premium),69.95999908447266,2026-08-21,70.0,3.55,4.525,5.5,
CAH,Cardinal Health,Health Care,2026-08-11,BMO,2026-08-10,0.07290009204099682,0.08214700637068076,0.05796964979844629,0.048356481764863034,0.06758281783202955,0.25755619180833295,1.990483752203834,0.0,screened out,,,,,,0.2536873156342183,123.86658317904372,11,0.8333333333333333,12,True,spread > 10%,spread > 10%,232.50999450683594,2026-08-14,230.0,14.8,16.950000000000003,19.1,
CARR,Carrier Global,Industrials,2026-07-28,BMO,2026-07-27,0.030082330661656102,0.04670677655362395,0.05194284074864462,0.04183175159146885,0.06205392990582039,-0.42085703769597815,-2.7708617036178964,0.0,screened out,,,,,,1.1052631578947367,152.09568144398236,129,0.8333333333333333,12,True,spread > 10%,spread > 10%,63.15999984741211,2026-07-31,63.0,0.8500000000000001,1.9000000000000001,2.95,
CAT,Caterpillar Inc.,Industrials,2026-08-04,BMO,2026-08-03,0.09270381431084822,0.10049355111310679,0.05243245343523879,0.04274999975558696,0.06211490711489063,0.7680617296566148,5.330443894262649,0.0,screened out,,,,,,0.16805644644002557,38.68623574117392,126,0.8333333333333333,12,True,spread > 10%,spread > 10%,840.8499755859375,2026-08-07,840.0,71.4,77.95,84.5,
CBOE,Cboe Global Markets,Financials,2026-07-31,BMO,2026-07-30,0.04892565077277535,0.05850902566641176,0.03998367237903436,0.033156310810518085,0.04681103394755063,0.22364074787762034,1.678545862030413,0.0,screened out,,,,,,0.3917525773195876,214.34574031948821,68,0.8333333333333333,12,True,spread > 10%,spread > 10%,297.3900146484375,2026-07-31,295.0,11.7,14.549999999999999,17.4,
CBRE,CBRE Group,Real Estate,2026-07-29,BMO,2026-07-28,0.09724583273192296,0.10744644455694984,0.040892386568840755,0.03155855415297408,0.05022621898470743,1.3780913977278717,7.737719447355222,0.0,screened out,,,,,,0.2097902097902098,36.20226452702523,1134,0.8333333333333333,12,True,spread > 10%,spread > 10%,147.0500030517578,2026-08-21,145.0,12.8,14.3,15.8,
CDW,CDW Corporation,Information Technology,2026-08-05,BMO,2026-08-04,0.1176838168691037,0.1291397636439722,0.08072914917481191,0.06615441998489215,0.09530387836473168,0.45776114417197294,3.249535651733442,0.0,screened out,,,,,,0.19469026548672566,61.9999988615135,1195,0.8333333333333333,12,True,spread > 10%,spread > 10%,144.02999877929688,2026-08-21,145.0,15.3,16.950000000000003,18.6,
CEG,Constellation Energy,Utilities,2026-08-06,BMO,2026-08-05,0.09217919838680388,0.10199368506264314,0.045141349244873424,0.034109195102105305,0.056173503387641543,1.0420124770034962,5.4643641377886025,0.0,screened out,,,,,,0.21294363256784976,41.730167747361655,218,0.8333333333333333,12,True,spread > 10%,spread > 10%,259.82000732421875,2026-08-07,260.0,21.4,23.95,26.5,
CF,CF Industries,Materials,2026-08-05,AMC,2026-08-05,0.07728604085189528,0.08379433902889699,0.03750901869640958,0.029950337364367825,0.04506770002845134,1.0604655503635774,6.7443287201922795,0.0,screened out,,,,,,0.1684210526315791,32.72390854982163,55,0.8124999999999999,12,True,spread > 10%,spread > 10%,122.91999816894531,2026-08-07,123.0,8.7,9.5,10.3,
CHRW,C.H. Robinson,Industrials,2026-07-29,AMC,2026-07-29,0.10304712635744567,0.1186961168931036,0.0779628111232237,0.061554990384141556,0.09437063186230585,0.32174718783004236,1.9593131175308809,0.0,screened out,,,,,,0.3037249283667622,124.7711200368617,268,0.8333333333333333,12,True,spread > 10%,spread > 10%,169.33999633789062,2026-08-21,170.0,14.8,17.450000000000003,20.1,
CHD,Church & Dwight,Consumer Staples,2026-07-31,BMO,2026-07-30,0.06429500630820295,0.08005603898297645,0.03355924552094845,0.02755265569629821,0.039565835345598696,0.9158656671249814,6.557955874278306,0.0,screened out,,,,,,0.4902723735408561,102.55827265098493,903,0.8333333333333333,12,True,spread > 10%,spread > 10%,99.93000030517578,2026-08-21,100.0,4.85,6.425,8.0,
CI,Cigna,Health Care,2026-07-30,BMO,2026-07-29,0.061283465586985435,0.06809273954109493,0.052766872904464926,0.041940850891374365,0.06359289491755549,0.16140036757417678,1.0082064463493883,0.0,screened out,,,,,,0.22222222222222232,159.90606121353858,863,0.8124999999999999,12,True,spread > 10%,spread > 10%,301.05999755859375,2026-07-31,300.0,16.4,18.45,20.5,
CL,Colgate-Palmolive,Consumer Staples,2026-07-31,BMO,2026-07-30,0.040170385691261544,0.05661597983332164,0.030385526928670557,0.025590263370986206,0.035180790486354904,0.32202366559450346,2.615137799890264,0.0,screened out,,,,,,0.8187919463087248,336.14372043741946,30,0.8333333333333333,12,True,spread > 10%,spread > 10%,92.7300033569336,2026-07-31,93.0,2.2,3.725,5.25,
CLX,Clorox,Consumer Staples,2026-08-03,AMC,2026-08-03,0.08273524746061398,0.10067783124725314,0.043192904678370406,0.036215654015453735,0.050170155341287076,0.9154823709285077,7.263242924475767,0.0,screened out,,,,,,0.43373493975903604,90.75124296730472,2604,0.8333333333333333,12,True,spread > 10%,spread > 10%; squeeze risk (11% of float short — no short premium),100.31999969482422,2026-08-21,100.0,6.5,8.3,10.1,
CMG,Chipotle Mexican Grill,Consumer Discretionary,2026-07-29,AMC,2026-07-29,0.08818263646707333,0.0934049584236682,0.06840397802923802,0.05470002701200098,0.08210792904647506,0.28914485688802033,1.8497095196886086,0.0,screened out,,,,,,0.11844331641285943,52.807645907923586,509,0.8333333333333333,12,True,spread > 10%,spread > 10%,33.5099983215332,2026-07-31,33.5,2.7800000000000002,2.955,3.13,
CMS,CMS Energy,Utilities,2026-07-28,BMO,2026-07-27,0.04571735746179276,0.05378512642563854,0.015567976564752107,0.01233101676088906,0.018804936368615154,1.9366281013874795,11.936955939809412,0.0,screened out,,,,,,0.3529411764705883,53.51863768876053,623,0.8124999999999999,12,True,spread > 10%,spread > 10%,74.37000274658203,2026-08-21,75.0,2.8,3.4,4.0,
CMI,Cummins,Industrials,2026-08-04,BMO,2026-08-03,0.10325748522589573,0.10723192427987359,0.04735063680661042,0.039256090804243346,0.05544518280897749,1.1806989766076472,8.85166591346859,0.0,screened out,,,,,,0.07698113207547161,14.218075839906827,111,0.8333333333333333,12,True,OI < 500,OI < 500,641.5999755859375,2026-08-21,640.0,63.7,66.25,68.8,
CNC,Centene Corporation,Health Care,2026-07-28,BMO,2026-07-27,0.04514160549034677,0.05539039287203729,0.06882022390548029,0.05877818693938707,0.0788622608715735,-0.34406482675288047,-3.0219483819169035,0.0,screened out,,,,,,0.45407279029462744,86.56575482579925,1206,0.8333333333333333,12,True,spread > 10%,spread > 10%,63.90999984741211,2026-07-31,64.0,2.23,2.885,3.54,
COP,ConocoPhillips,Energy,2026-08-06,BMO,2026-08-05,0.05473269135421086,0.05784399726786096,0.02341634906227133,0.01894116447844764,0.02789153364609502,1.3373708347385698,8.9683505852305,0.0,screened out,,,,,,0.11369095276220961,19.870174394222968,1661,0.8333333333333333,12,True,spread > 10%,spread > 10%,114.0999984741211,2026-08-07,114.0,5.890000000000001,6.245,6.6,
CNP,CenterPoint Energy,Utilities,2026-07-28,BMO,2026-07-27,0.04761904926668713,0.057823131252405804,0.01712567304892849,0.013881986716620666,0.020369359381236317,1.7805651276091907,12.048116543030385,0.0,screened out,,,,,,0.4285714285714286,66.92654767284213,223,0.8333333333333333,12,True,spread > 10%,spread > 10%; squeeze risk (9% of float short — no short premium),44.099998474121094,2026-08-21,44.0,1.65,2.0999999999999996,2.55,
COR,Cencora,Health Care,2026-08-05,BMO,2026-08-04,0.07744540033768153,0.08605044481964615,0.05657134352590977,0.04639845084254246,0.06674423620927708,0.36898640744163,2.629752622251344,0.0,screened out,,,,,,0.2222222222222222,82.44726513450769,404,0.8333333333333333,12,True,spread > 10%,spread > 10%,319.5799865722656,2026-08-21,320.0,22.0,24.75,27.5,
CPAY,Corpay,Financials,2026-08-05,AMC,2026-08-05,0.0872970424662192,0.09341173843628224,0.05994161442730609,0.04957691972232107,0.07030630913229112,0.45636788899118275,3.3825131923865657,0.0,screened out,,,,,,0.14008941877794337,44.70554042411537,107,0.8124999999999999,12,True,spread > 10%,spread > 10%,384.32000732421875,2026-08-21,380.0,31.2,33.55,35.9,
CRH,CRH plc,Materials,2026-07-30,BMO,2026-07-29,0.04859767819966952,0.05657640148618242,0.03580308903960741,0.028677688870392827,0.042928489208821995,0.3573599234945345,2.301280640823723,0.0,screened out,,,,,,0.3283582089552238,124.72027333895524,177,0.8,9,True,spread > 10%,spread > 10%,103.4000015258789,2026-07-31,103.0,4.2,5.025,5.85,
CRL,Charles River Laboratories,Health Care,2026-08-05,BMO,2026-08-04,0.13434264020278203,0.14432475588348412,0.06860435804015466,0.05497031085810479,0.08223840522220453,0.9582231222708948,6.179396425336139,0.0,screened out,,,,,,0.14860681114551097,30.36926233030463,93,0.8333333333333333,12,True,spread > 10%,spread > 10%; squeeze risk (8% of float short — no short premium),240.42999267578125,2026-08-21,240.0,29.9,32.3,34.7,
CSGP,CoStar Group,Real Estate,2026-07-28,AMC,2026-07-28,0.16897461301983976,0.22420046215315326,0.053155310358429304,0.04548216995738735,0.060828450759471256,2.1788848918468213,19.344624304112497,0.0,screened out,,,,,,0.653658536585366,95.36553556148124,2484,0.8333333333333333,12,True,spread > 10%,spread > 10%,30.329999923706055,2026-08-21,30.0,3.45,5.125,6.800000000000001,
CPT,Camden Property Trust,Real Estate,2026-07-30,AMC,2026-07-30,0.08127607723913012,0.10344228012252923,0.0253026182970887,0.019777048914502778,0.030828187679674622,2.21216074498036,12.982478367966598,0.0,screened out,,,,,,0.5454545454545453,79.20254814465353,44,0.8333333333333333,12,True,spread > 10%,spread > 10%,115.04000091552734,2026-08-21,110.0,6.8,9.35,11.899999999999999,
CTSH,Cognizant,Information Technology,2026-07-29,BMO,2026-07-28,0.12522361017753014,0.13516199193765158,0.042005701058787134,0.034098318606404825,0.049913083511169444,1.9811098736878414,13.487658269829767,0.0,screened out,,,,,,0.15873015873015858,23.88519938884893,920,0.8333333333333333,12,True,spread > 10%,spread > 10%; squeeze risk (12% of float short — no short premium),50.310001373291016,2026-08-21,50.0,5.800000000000001,6.300000000000001,6.8,
CVS,CVS Health,Health Care,2026-08-05,BMO,2026-08-04,0.07430949581241542,0.08139747848990735,0.051789792813808494,0.03897535907542548,0.0646042265521915,0.4348289841507647,2.2522455499977863,0.0,screened out,,,,,,0.19076923076923086,62.94916658474936,201,0.8333333333333333,12,True,spread > 10%,spread > 10%,109.33999633789062,2026-08-07,109.0,7.35,8.125,8.9,
CVX,Chevron Corporation,Energy,2026-07-31,BMO,2026-07-30,0.03425205212326805,0.037050857938788,0.026562386773998706,0.021569840775841533,0.031554932772155875,0.28949451774403695,1.9739577993395063,0.0,screened out,,,,,,0.16342412451361862,72.79395626198205,3042,0.8333333333333333,12,True,spread > 10%,spread > 10%,187.5800018310547,2026-07-31,187.5,5.9,6.425000000000001,6.95,
CTVA,Corteva,Materials,2026-07-30,AMC,2026-07-30,0.0607082651519609,0.06970208221151065,0.036175066549810016,0.025261972768046786,0.047088160331573245,0.6781797780073393,2.8811030086682283,0.0,screened out,,,,,,0.2962962962962963,73.31956346500414,899,0.8333333333333333,12,True,spread > 10%,spread > 10%,88.94999694824219,2026-08-21,90.0,4.6,5.3999999999999995,6.199999999999999,
D,Dominion Energy,Utilities,2026-07-31,BMO,2026-07-30,0.05026904364106412,0.05664117593359337,0.021415448031718604,0.0166611193180118,0.026169776745425408,1.347326264975181,7.777915739466404,0.0,screened out,,,,,,0.2535211267605634,44.16872253151948,1718,0.8333333333333333,12,True,spread > 10%,spread > 10%,70.62000274658203,2026-08-21,70.0,3.1,3.55,4.0,
DASH,DoorDash,Consumer Discretionary,2026-08-05,AMC,2026-08-05,0.11904152767696256,0.1301657091032738,0.05774048533036159,0.04479142832376941,0.07068954233695378,1.0616648266094004,6.067114835575152,0.0,screened out,,,,,,0.18689581095596125,36.293612638474265,60,0.8333333333333333,12,True,spread > 10%,spread > 10%,195.52000427246094,2026-08-07,195.0,21.1,23.275,25.45,
DD,DuPont,Materials,2026-08-04,BMO,2026-08-03,0.08133835087365968,0.09448035516329029,0.04732671594186215,0.03976916194094435,0.05488426994277995,0.7186561386084479,5.767648014595483,0.0,screened out,,,,,,0.32314410480349354,77.27946225451296,76,0.8124999999999999,12,True,spread > 10%,spread > 10%,140.77000427246094,2026-08-21,140.0,9.6,11.45,13.3,
DDOG,Datadog,Information Technology,2026-08-06,BMO,2026-08-05,0.1571468400537366,0.1666135171654075,0.11607068589084245,0.09077017605402318,0.1413711957276617,0.35388913098630115,2.0807169307930184,0.0,screened out,,,,,,0.12048192771084339,46.093298190133545,108,0.8333333333333333,12,True,spread > 10%,spread > 10%,250.8800048828125,2026-08-07,250.0,37.05,39.425,41.8,
DIS,Walt Disney Company (The),Communication Services,2026-08-05,BMO,2026-08-04,0.07078572194563834,0.07331378344369686,0.06440836473367097,0.055911118183323644,0.07290561128401829,0.09901442519675496,0.9618669947294054,0.0,screened out,,,,,,0.07142857142857142,79.2824179054766,376,0.8333333333333333,12,True,OI < 500,OI < 500,98.88999938964844,2026-08-07,99.0,6.75,7.0,7.25,
DOC,Healthpeak Properties,Real Estate,2026-08-04,AMC,2026-08-04,0.06792287557968522,0.08764242010281963,0.047357488962472896,0.036373355913087185,0.05834162201185861,0.43425838379033965,2.3995156804927196,0.0,screened out,,,,,,0.5806451612903225,191.77411920503377,1347,0.8333333333333333,12,True,spread > 10%,spread > 10%,22.81999969482422,2026-08-21,22.5,1.1,1.55,2.0,
DTE,DTE Energy,Utilities,2026-07-28,BMO,2026-07-27,0.0509994517156162,0.06640197069013117,0.013538279115660136,0.009999738264275793,0.01707681996704448,2.7670557151258315,13.567806850476574,0.0,screened out,,,,,,0.6040268456375838,82.2319105650901,276,0.8333333333333333,12,True,spread > 10%,spread > 10%,146.0800018310547,2026-08-21,145.0,5.2,7.449999999999999,9.7,
DVA,DaVita,Health Care,2026-08-04,AMC,2026-08-04,0.11484172399969898,0.12444666818876471,0.09580209220918409,0.08001822357694963,0.11158596084141856,0.1987392065398928,1.5459576274533082,0.0,screened out,,,,,,0.16727272727272732,100.89422206001588,146,0.8333333333333333,12,True,spread > 10%,spread > 10%; squeeze risk (14% of float short — no short premium),239.4600067138672,2026-08-21,240.0,25.2,27.5,29.8,
DVN,Devon Energy,Energy,2026-08-04,AMC,2026-08-04,0.06375996272219873,0.07079231155185302,0.03420187157791707,0.026059052857114712,0.04234469029871943,0.8642243766380981,4.652154359489251,0.0,screened out,,,,,,0.2205882352941177,47.58324071285475,265,0.8333333333333333,12,True,spread > 10%,spread > 10%,42.65999984741211,2026-08-07,42.5,2.42,2.7199999999999998,3.02,
DXCM,Dexcom,Health Care,2026-07-30,AMC,2026-07-30,0.08350033570355912,0.11222445118558345,0.09061210118190793,0.06749826228276981,0.11372594008104606,-0.0784858245817699,-0.3943282064405017,0.0,screened out,,,,,,0.688,807.7914146486568,240,0.8333333333333333,12,True,spread > 10%,spread > 10%,74.8499984741211,2026-07-31,75.0,4.1,6.249999999999999,8.399999999999999,
EBAY,eBay Inc.,Consumer Discretionary,2026-08-05,AMC,2026-08-05,0.07684775044604412,0.09196185094928272,0.05955946960200288,0.04579916907959424,0.07331977012441152,0.2902692209915158,1.610187269794083,0.0,screened out,,,,,,0.3933518005540167,174.84792894775282,21,0.8333333333333333,12,True,spread > 10%,spread > 10%,117.44000244140625,2026-08-07,117.0,7.25,9.025,10.8,
ECL,Ecolab,Materials,2026-07-28,BMO,2026-07-27,0.054259456808672474,0.0650406518097442,0.03697197120875382,0.030986423498993994,0.04295751891851365,0.4675835513965107,3.701522837873221,0.0,screened out,,,,,,0.39739413680781743,124.72831793563381,479,0.8333333333333333,12,True,spread > 10%,spread > 10%,282.8999938964844,2026-08-21,280.0,12.3,15.35,18.4,
DUK,Duke Energy,Utilities,2026-08-04,BMO,2026-08-03,0.0433302364746201,0.05029402447946976,0.016110988702543464,0.01289919904774944,0.019322778357337488,1.6894833876818185,10.861292828633445,0.0,screened out,,,,,,0.32142857142857156,51.16811502773116,3933,0.8333333333333333,12,True,spread > 10%,spread > 10%,129.24000549316406,2026-08-21,130.0,4.699999999999999,5.6,6.5,
ED,Consolidated Edison,Utilities,2026-08-06,AMC,2026-08-06,0.05268797841694906,0.07144132666704957,0.014396762107384158,0.011263270205347179,0.017530254009421136,2.6597102892965903,15.661129614037616,0.0,screened out,,,,,,0.711864406779661,97.95117553064536,1386,0.8333333333333333,12,True,spread > 10%,spread > 10%,111.9800033569336,2026-08-21,110.0,3.8,5.9,8.0,
EIX,Edison International,Utilities,2026-07-30,AMC,2026-07-30,0.06015791383536515,0.08021055178048686,0.02393252182663449,0.017056882386402634,0.030808161266866342,1.5136470895605931,6.752311956140573,0.0,screened out,,,,,,0.6666666666666666,110.71039860818533,1496,0.8333333333333333,12,True,spread > 10%,spread > 10%,79.79000091552734,2026-08-21,80.0,3.2,4.800000000000001,6.4,
EG,Everest Group,Financials,2026-07-29,AMC,2026-07-29,0.07185853805573258,0.07825432416540512,0.046208771084085234,0.03715285774290937,0.0552646844252611,0.5550843783526065,3.629975256211417,0.0,screened out,,,,,,0.17801047120418853,49.870130334847,29,0.8333333333333333,12,True,spread > 10%,spread > 10%,398.70001220703125,2026-08-21,380.0,26.1,28.650000000000002,31.200000000000003,
EMR,Emerson Electric,Industrials,2026-08-04,AMC,2026-08-04,0.06422501914761454,0.07904617741244867,0.049892734019743326,0.043336649549611264,0.05644881848987539,0.2872619712962554,2.801711403134156,0.0,screened out,,,,,,0.46153846153846156,206.82198452795535,10,0.8333333333333333,12,True,spread > 10%,spread > 10%,151.80999755859375,2026-08-07,149.0,7.5,9.75,12.0,
EME,Emcor,Industrials,2026-07-30,BMO,2026-07-29,0.12347340553633189,0.13360346691997818,0.06029964918210787,0.04947113450248801,0.07112816386172773,1.0476637461593883,7.476878273615249,0.0,screened out,,,,,,0.164084911072863,32.07047346320717,49,0.8333333333333333,12,True,spread > 10%,spread > 10%,705.8200073242188,2026-08-21,700.0,80.0,87.15,94.30000000000001,
EOG,EOG Resources,Energy,2026-08-04,AMC,2026-08-04,0.0547837298298291,0.06087081092203233,0.02240442709267456,0.017592410237625887,0.027216443947723233,1.445218956200911,8.623684338179135,0.0,screened out,,,,,,0.22222222222222224,37.59859279006921,105,0.8333333333333333,12,True,spread > 10%,spread > 10%,139.63999938964844,2026-08-07,140.0,6.8,7.65,8.5,
EQIX,Equinix,Real Estate,2026-07-29,AMC,2026-07-29,0.0886593368172707,0.09382911831015786,0.03541948819958049,0.02690489462444345,0.043934081774717526,1.5031230354796823,8.013558061969343,0.0,screened out,,,,,,0.11662125340599443,19.42072198593512,150,0.8124999999999999,12,True,spread > 10%,spread > 10%,1034.8599853515625,2026-08-21,1030.0,86.4,91.75,97.1,
ERIE,Erie Indemnity,Financials,2026-07-30,AMC,2026-07-30,0.09281029855943129,0.10642247568148122,0.05443810717795618,0.045293108968672516,0.06358310538723984,0.7048773987684368,5.3775626139079,0.0,screened out,,,,,,0.2933333333333334,70.94813526141985,212,0.8333333333333333,12,True,spread > 10%,spread > 10%; squeeze risk (12% of float short — no short premium),242.42999267578125,2026-08-21,240.0,19.2,22.5,25.8,
ETR,Entergy,Utilities,2026-07-29,BMO,2026-07-28,0.06677350445492927,0.10060541337876011,0.027552450105843326,0.01788742051353837,0.03721747969814829,1.4235051401388052,5.200781101985324,0.0,screened out,,,,,,1.0133333333333334,172.51912007622659,232,0.8333333333333333,12,True,spread > 10%,spread > 10%,112.31999969482422,2026-08-21,110.0,3.7,7.5,11.3,
ETN,Eaton Corporation,Industrials,2026-07-31,BMO,2026-07-30,0.05928648946572354,0.0667943855116012,0.03594426339440317,0.029162546825163227,0.04272597996364311,0.6494005960059529,4.411183603380369,0.0,screened out,,,,,,0.2532751091703057,64.32887782800027,105,0.8333333333333333,12,True,spread > 10%,spread > 10%,386.260009765625,2026-07-31,385.0,20.0,22.9,25.8,
ESS,Essex Property Trust,Real Estate,2026-07-29,AMC,2026-07-29,0.04923265157166259,0.060776859526397255,0.023587835297383206,0.018055100693073034,0.02912056990169338,1.0872051610909956,5.940352987745429,0.0,screened out,,,,,,0.46896551724137925,90.03151226560358,584,0.8333333333333333,12,True,spread > 10%,spread > 10%,294.5199890136719,2026-08-21,300.0,11.1,14.5,17.9,
ES,Eversource Energy,Utilities,2026-07-30,AMC,2026-07-30,0.04642525571475962,0.0537206530413647,0.02102202911308813,0.01701456804349733,0.02502949018267893,1.2084098288045688,8.124040295674424,0.0,screened out,,,,,,0.31428571428571417,57.4367771543246,2543,0.8333333333333333,12,True,spread > 10%,spread > 10%,75.38999938964844,2026-08-21,75.0,2.95,3.5,4.05,
EVRG,Evergy,Utilities,2026-08-06,BMO,2026-08-05,0.0478636449301669,0.07588138830392314,0.016636631757799395,0.012953386837693329,0.02031987667790546,1.8770033277756486,10.865565812157211,0.0,screened out,,,,,,1.1707317073170733,179.44555388056696,108,0.8333333333333333,12,True,spread > 10%,spread > 10%,85.66000366210938,2026-08-21,85.0,1.7000000000000002,4.1,6.5,
EXE,Expand Energy,Energy,2026-07-28,AMC,2026-07-28,0.07201762586713045,0.07625395680049106,0.0366281260922545,0.03062011346541628,0.04263613871909272,0.9661837377577317,7.549115777299833,0.0,screened out,,,,,,0.11764705882352941,23.94117441788827,4524,0.8333333333333333,12,True,spread > 10%,spread > 10%,88.5199966430664,2026-08-21,90.0,6.0,6.375,6.75,
EXR,Extra Space Storage,Real Estate,2026-07-28,AMC,2026-07-28,0.06553445608048333,0.08409433963209889,0.03927348293355427,0.03036086321629746,0.04818610265081107,0.6686693205020622,3.7762256500116007,0.0,screened out,,,,,,0.5664160401002506,141.34954898871257,225,0.8333333333333333,12,True,spread > 10%,spread > 10%,152.2100067138672,2026-08-21,150.0,7.15,9.975000000000001,12.8,
EXC,Exelon,Utilities,2026-07-30,BMO,2026-07-29,0.053899808200800634,0.07186641093440084,0.021299954357028954,0.01573008712725647,0.02686982158680144,1.5305128498087026,7.5010715628645945,0.0,screened out,,,,,,0.6666666666666667,110.2250508220165,1605,0.8333333333333333,12,True,spread > 10%,spread > 10%,47.310001373291016,2026-08-21,47.0,1.7,2.5500000000000003,3.4000000000000004,
EXPE,Expedia Group,Consumer Discretionary,2026-08-05,AMC,2026-08-05,0.11055140151914167,0.12001757657276847,0.09759611714286423,0.08273205684714033,0.11246017743858813,0.13274385042709322,1.1170226792886238,0.0,screened out,,,,,,0.17125382262996944,146.1361214264108,16,0.8333333333333333,12,True,spread > 10%,spread > 10%,295.7900085449219,2026-08-07,295.0,29.9,32.7,35.5,
EXPD,Expeditors International,Industrials,2026-08-04,BMO,2026-08-03,0.07671216976119577,0.09625481376880077,0.05645193546549062,0.04700246339637673,0.06590140753460451,0.35889352824918364,2.7478271890178307,0.0,screened out,,,,,,0.5095057034220531,192.9162686114418,402,0.8333333333333333,12,True,spread > 10%,spread > 10%,171.4199981689453,2026-08-21,170.0,9.8,13.15,16.5,
FANG,Diamondback Energy,Energy,2026-08-03,AMC,2026-08-03,0.07987178784056355,0.09458501191645684,0.02157558247888392,0.01889594987100091,0.024255215086766934,2.701952794031599,27.88158965215519,0.0,screened out,,,,,,0.3684210526315789,50.4774675628025,989,0.8333333333333333,12,True,spread > 10%,spread > 10%,190.30499267578125,2026-08-21,190.0,12.4,15.2,18.0,
FE,FirstEnergy,Utilities,2026-07-28,AMC,2026-07-28,0.030715004091291503,0.05035246572342869,0.021215437984086188,0.014206272247970879,0.028224603720201497,0.44776667417052574,1.7369604859339347,0.0,screened out,,,,,,1.278688524590164,413.43912786169034,366,0.8333333333333333,12,True,spread > 10%,spread > 10%,49.650001525878906,2026-08-21,50.0,0.55,1.525,2.5,
FICO,Fair Isaac,Information Technology,2026-07-29,AMC,2026-07-29,0.1292826059986951,0.1404708836234736,0.04707105061785684,0.039594267416413094,0.05454783381930058,1.7465417555318075,14.091933193373478,0.0,screened out,,,,,,0.17308248914616484,27.21826043297624,55,0.8333333333333333,12,True,spread > 10%,spread > 10%; squeeze risk (11% of float short — no short premium),1336.219970703125,2026-08-21,1340.0,157.8,172.75,187.7,
FIS,Fidelity National Information Services,Financials,2026-08-04,BMO,2026-08-03,0.08290674326060249,0.11684843009883572,0.04897107994490508,0.039757531800366806,0.05818462808944335,0.6929735540624534,4.720434019892709,0.0,screened out,,,,,,0.8187919463087248,200.03549965992877,47,0.8333333333333333,12,True,spread > 10%,spread > 10%,44.93000030517578,2026-08-07,44.0,2.2,3.725,5.25,
FISV,Fiserv,Financials,2026-08-06,BMO,2026-08-05,0.10330197555018969,0.11252536622431376,0.09376401000593924,0.06702784035457096,0.12050017965730753,0.10172309763251686,0.4572029875972077,0.0,screened out,,,,,,0.17857142857142858,193.40373230188496,146,0.8333333333333333,12,True,spread > 10%,spread > 10%,54.209999084472656,2026-08-07,54.0,5.1,5.6,6.1,
FOXA,Fox Corporation (Class A),Communication Services,2026-08-06,BMO,2026-08-05,0.08922383733687081,0.12647262379789456,0.04882706264685893,0.04369613808642231,0.053957987207295555,0.8273439461673335,10.090287984727958,0.0,screened out,,,,,,0.8349514563106797,184.41465560978816,3856,0.8333333333333333,12,True,spread > 10%,spread > 10%; squeeze risk (15% of float short — no short premium),57.720001220703125,2026-08-21,60.0,3.0,5.15,7.300000000000001,
FOX,Fox Corporation (Class B),Communication Services,2026-08-06,BMO,2026-08-05,0.09490606040343583,0.16463296192432744,0.04944782698885311,0.04427327398195828,0.05462237999574794,0.9193171102307538,11.25880281185673,0.0,screened out,,,,,,1.4693877551020407,306.7734765888358,219,0.8333333333333333,12,True,spread > 10%,spread > 10%,51.630001068115234,2026-08-21,50.0,1.3,4.9,8.5,
FSLR,First Solar,Information Technology,2026-07-30,AMC,2026-07-30,0.09810454790102958,0.11229577181124142,0.06914292430641918,0.05658116364536649,0.08170468496747185,0.418866050071325,2.954778219420578,0.0,screened out,,,,,,0.2893081761006289,98.00019576839424,199,0.8333333333333333,12,True,spread > 10%,spread > 10%; squeeze risk (10% of float short — no short premium),202.58999633789062,2026-07-31,202.5,17.0,19.875,22.75,
FRT,Federal Realty Investment Trust,Real Estate,2026-07-31,BMO,2026-07-30,0.04836663389753467,0.07373929430279877,0.02475008963873304,0.019688812908230602,0.02981136636923548,0.9542003525450893,5.980104375576304,0.0,screened out,,,,,,1.0491803278688525,214.87191459697135,693,0.8333333333333333,12,True,spread > 10%,spread > 10%,126.12000274658203,2026-08-21,125.0,2.9000000000000004,6.1000000000000005,9.3,
FLEX,Flex Ltd.,Information Technology,2026-07-29,BMO,2026-07-28,0.21848517184591748,0.2665960480705741,0.09749571416767935,0.07365415719625494,0.12133727113910377,1.240972064373545,6.503773606156642,0.0,screened out,,,,,,0.44040404040404035,79.52903855905137,2365,0.8333333333333333,12,True,spread > 10%,spread > 10%,113.27999877929688,2026-08-21,115.0,19.3,24.75,30.2,
FTNT,Fortinet,Information Technology,2026-07-29,AMC,2026-07-29,0.1260168058301232,0.14368582886979658,0.11116434740598097,0.09124137151403187,0.13108732329793005,0.13360811061031902,0.9554250740258504,0.0,screened out,,,,,,0.28042328042328046,237.92725130208598,584,0.8333333333333333,12,True,spread > 10%,spread > 10%,149.97999572753906,2026-07-31,150.0,16.25,18.9,21.55,
GEHC,GE HealthCare,Health Care,2026-07-29,BMO,2026-07-28,0.08462018325303289,0.11386679036813643,0.0671129473343815,0.055782652734821934,0.07844324193394106,0.26086227194618455,1.9802903937039564,0.0,screened out,,,,,,0.6912442396313364,334.10879079941543,314,0.8333333333333333,12,True,spread > 10%,spread > 10%,64.11000061035156,2026-07-31,64.0,3.55,5.425,7.3,
GD,General Dynamics,Industrials,2026-07-29,BMO,2026-07-28,0.05061166325805938,0.05722424237720282,0.04335817998546554,0.03786529834064732,0.04885106163028376,0.16729215283080015,1.6923838457225513,0.0,screened out,,,,,,0.26130653266331655,182.32837577851836,27,0.8333333333333333,12,True,spread > 10%,spread > 10%,393.19000244140625,2026-07-31,390.0,17.3,19.9,22.5,
GDDY,GoDaddy,Information Technology,2026-07-30,AMC,2026-07-30,0.11513797328822316,0.13019821452001604,0.07334710897579942,0.05925372194996026,0.08744049600163858,0.5697683916378008,3.8003051789187055,0.0,screened out,,,,,,0.2616033755274261,72.07432284340544,208,0.8333333333333333,12,True,spread > 10%,spread > 10%,102.91999816894531,2026-07-31,95.0,10.3,11.850000000000001,13.4,
FTV,Fortive,Industrials,2026-07-29,BMO,2026-07-28,0.11390233136406297,0.16695273227335256,0.05175638584473044,0.043551259788383784,0.0599615119010771,1.200739667289962,9.706888502458812,0.0,screened out,,,,,,0.9315068493150683,170.72843760269615,49,0.8333333333333333,12,True,spread > 10%,spread > 10%,64.08999633789062,2026-08-21,60.0,3.9,7.3,10.7,
GILD,Gilead Sciences,Health Care,2026-08-04,AMC,2026-08-04,0.06142048503679967,0.06774865622240933,0.04390641728316255,0.03761480209837029,0.05019803246795482,0.39889539701417404,3.567609997400445,0.0,screened out,,,,,,0.20606060606060608,72.2638655351268,122,0.8333333333333333,12,True,spread > 10%,spread > 10%,134.32000732421875,2026-08-07,134.0,7.3999999999999995,8.25,9.1,
GEN,Gen Digital,Information Technology,2026-08-06,AMC,2026-08-06,0.09336475732861368,0.1486584485620645,0.07568266996161283,0.06358921181361005,0.0877761281096156,0.23363456093673005,1.8738530279935524,0.0,screened out,,,,,,1.1844660194174759,625.4204052474315,334,0.8333333333333333,12,True,spread > 10%,spread > 10%,27.579999923706055,2026-08-21,28.0,1.05,2.5749999999999997,4.1,
GLW,Corning Inc.,Information Technology,2026-07-28,BMO,2026-07-27,0.07876358885598621,0.08610427597858443,0.06540013003168164,0.05553494359127731,0.07526531647208598,0.20433382652038967,1.736065398529536,0.0,screened out,,,,,,0.18639798488665,109.86208314942336,1094,0.8333333333333333,12,True,spread > 10%,spread > 10%,126.01000213623047,2026-07-31,125.0,9.0,9.925,10.850000000000001,
GPN,Global Payments,Financials,2026-08-05,BMO,2026-08-04,0.11948319356723225,0.12691516254509835,0.05611071261842754,0.04372283355615858,0.0684985916806965,1.1294185725239267,6.556261259553517,0.0,screened out,,,,,,0.12440191387559814,23.454877784791226,1125,0.8333333333333333,12,True,spread > 10%,spread > 10%; squeeze risk (9% of float short — no short premium),87.45999908447266,2026-08-21,85.0,9.8,10.450000000000001,11.100000000000001,
GNRC,Generac,Industrials,2026-07-29,BMO,2026-07-28,0.1152862949711058,0.13190183637492373,0.08752958817896382,0.06752358617201162,0.10753559018591602,0.3171122744847189,1.7781161579633629,0.0,screened out,,,,,,0.288248337028825,119.72271442894541,171,0.8333333333333333,12,True,spread > 10%,spread > 10%,195.60000610351562,2026-07-31,200.0,19.299999999999997,22.549999999999997,25.8,
GRMN,Garmin,Consumer Discretionary,2026-07-29,BMO,2026-07-28,0.09461857117092816,0.11038833303274952,0.08582850906863389,0.07087368714123059,0.10078333099603719,0.10241424670752679,0.7532917238992769,0.0,screened out,,,,,,0.3333333333333333,358.8088839032282,103,0.8333333333333333,12,True,spread > 10%,spread > 10%,253.64999389648438,2026-08-21,250.0,20.0,24.0,28.0,
GWW,W. W. Grainger,Industrials,2026-08-04,BMO,2026-08-03,0.0654442765045674,0.07076988939325148,0.0459719826395798,0.039294668823793295,0.052649296455366305,0.42356872048896216,3.737384898455403,0.0,screened out,,,,,,0.16275259421081384,54.69938904588805,16,0.8333333333333333,12,True,spread > 10%,spread > 10%,1398.9000244140625,2026-08-21,1400.0,84.1,91.55,99.0,
HII,Huntington Ingalls Industries,Industrials,2026-07-30,BMO,2026-07-29,0.10453484707579216,0.11270423703865311,0.08327946324022799,0.0661202425418985,0.10043868393855748,0.2552295969325701,1.5875371266896194,0.0,screened out,,,,,,0.1562998405103668,76.8689008494126,146,0.8333333333333333,12,True,spread > 10%,spread > 10%,299.8999938964844,2026-08-21,300.0,28.9,31.349999999999998,33.8,
HONA,Honeywell Aerospace,Industrials,2026-08-05,AMC,2026-08-05,0.10792033653864501,0.12181565883975812,0.047208898161319145,0.03913943213514359,0.0552783641874947,1.2860168472872788,9.642246360786414,0.0,screened out,,,,,,0.2575107296137341,45.774973126983724,454,0.35,0,True,spread > 10%,spread > 10%; thin history (n=0); low-conf moves,215.89999389648438,2026-08-21,220.0,20.299999999999997,23.299999999999997,26.3,
HLT,Hilton Worldwide,Consumer Discretionary,2026-07-28,BMO,2026-07-27,0.028765934344471656,0.03752752620680399,0.030222792732737952,0.025652257052056635,0.03479332841341927,-0.048203963185976424,-0.40851003927044277,0.0,screened out,,,,,,0.6091644204851752,1202.8062484177185,32,0.8333333333333333,12,True,spread > 10%,spread > 10%,322.42999267578125,2026-07-31,320.0,6.45,9.275,12.1,
HST,Host Hotels & Resorts,Real Estate,2026-08-05,AMC,2026-08-05,0.06281900444186837,0.10208088221803609,0.02859790493130445,0.022280199966095503,0.0349156098965134,1.1966295990131812,6.942040088016076,0.0,screened out,,,,,,1.25,229.4600602417683,7128,0.8333333333333333,12,True,spread > 10%,spread > 10%,25.469999313354492,2026-08-21,25.28,0.6,1.6,2.6,
HSIC,Henry Schein,Health Care,2026-08-04,BMO,2026-08-03,0.08429588236116188,0.11667250153794033,0.05302012489696828,0.045671119265319755,0.0603691305286168,0.5898846433306303,5.454208742675726,0.0,screened out,,,,,,0.7681660899653979,207.03971255593203,24,0.8333333333333333,12,True,spread > 10%,spread > 10%,85.70999908447266,2026-08-21,85.0,4.45,7.225,10.0,
HSY,Hershey Company (The),Consumer Staples,2026-07-30,BMO,2026-07-29,0.04566770286206093,0.05180217041069598,0.03143613999193429,0.025891084283227672,0.0369811957006409,0.4527134334488298,3.2892674000940914,0.0,screened out,,,,,,0.26865671641791045,86.20933069145711,201,0.8333333333333333,12,True,spread > 10%,spread > 10%,183.38999938964844,2026-07-31,185.0,7.25,8.375,9.5,
HUM,Humana,Health Care,2026-07-29,BMO,2026-07-28,0.08412441336429868,0.10213269757072348,0.06192240406010153,0.0526625626980944,0.07118224542210866,0.35854566115759995,3.0728490923187333,0.0,screened out,,,,,,0.4281345565749236,162.22211205920397,132,0.8333333333333333,12,True,spread > 10%,spread > 10%,388.7099914550781,2026-07-31,390.0,25.7,32.7,39.7,
HWM,Howmet Aerospace,Industrials,2026-08-06,BMO,2026-08-05,0.08320514364780641,0.09334358552085846,0.05935948667976283,0.04840725307937775,0.07031172028014791,0.40171602387143246,2.790352642694742,0.0,screened out,,,,,,0.2436974789915967,85.0338649645001,9,0.8333333333333333,12,True,spread > 10%,spread > 10%,286.0400085449219,2026-08-07,287.5,20.9,23.799999999999997,26.7,
HUBB,Hubbell Incorporated,Industrials,2026-07-28,BMO,2026-07-27,0.09397097063198948,0.10544597364645683,0.04527395818989457,0.03915008376863777,0.05139783261115137,1.0756075763873543,10.191275465929692,0.0,screened out,,,,,,0.24422442244224407,47.12816018482514,65,0.8333333333333333,12,True,spread > 10%,spread > 10%,483.6600036621094,2026-08-21,480.0,39.900000000000006,45.45,51.0,
ICE,Intercontinental Exchange,Financials,2026-07-30,BMO,2026-07-29,0.04501702426039535,0.0514012567918696,0.028440664568633013,0.022205770929932676,0.034675558207333354,0.5828400968535831,3.407317560174285,0.0,screened out,,,,,,0.2836363636363637,77.02816119086644,610,0.8333333333333333,12,True,spread > 10%,spread > 10%,152.72000122070312,2026-07-31,150.0,5.8999999999999995,6.875,7.85,
IDXX,Idexx Laboratories,Health Care,2026-08-04,BMO,2026-08-03,0.10403132753774028,0.1114934902725149,0.0807693757206294,0.06379697977881679,0.097741771662442,0.2880046008721288,1.756529693922838,0.0,screened out,,,,,,0.14345991561181434,64.15766650574565,26,0.8333333333333333,12,True,spread > 10%,spread > 10%,569.5399780273438,2026-08-21,570.0,55.0,59.25,63.5,
IEX,IDEX Corporation,Industrials,2026-07-29,BMO,2026-07-28,0.081682619624087,0.10060093752067392,0.05685263231699158,0.04811321426394476,0.0655920503700384,0.43674296677507524,3.6412163303801868,0.0,screened out,,,,,,0.4632152588555859,152.38282374136222,805,0.8333333333333333,12,True,spread > 10%,spread > 10%,224.64999389648438,2026-08-21,230.0,14.1,18.35,22.6,
IFF,International Flavors & Fragrances,Materials,2026-08-04,AMC,2026-08-04,0.0858044164037855,0.09968454258675079,0.0683110087278071,0.05521880210016671,0.08140321535544748,0.25608475122484065,1.712434879403871,0.0,screened out,,,,,,0.3235294117647059,158.6897926357163,824,0.8333333333333333,12,True,spread > 10%,spread > 10%; squeeze risk (8% of float short — no short premium),79.25,2026-08-21,80.0,5.7,6.800000000000001,7.9,
IP,International Paper,Materials,2026-07-30,BMO,2026-07-29,0.08505329977368783,0.09525969574653037,0.062030147157290653,0.05058311947079539,0.07347717484378591,0.3711606963952072,2.577653623393012,0.0,screened out,,,,,,0.23999999999999996,88.66201899364123,125,0.8333333333333333,12,True,spread > 10%,spread > 10%; squeeze risk (18% of float short — no short premium),44.09000015258789,2026-07-31,46.0,3.3000000000000003,3.75,4.2,
INCY,Incyte,Health Care,2026-07-28,BMO,2026-07-27,0.07388594274730091,0.09312707367107718,0.05385614574872572,0.043608722630098906,0.06410356886735254,0.3719129306435582,2.505038343416608,0.0,screened out,,,,,,0.5208333333333334,192.12507171335773,100,0.8333333333333333,12,True,spread > 10%,spread > 10%,129.92999267578125,2026-08-21,130.0,7.1,9.6,12.1,
IQV,IQVIA,Health Care,2026-07-28,BMO,2026-07-27,0.08417716223960381,0.0926154596768257,0.07215126101747774,0.05979829165158945,0.08450423038336602,0.16667624449713983,1.2476672247594855,0.0,screened out,,,,,,0.2004889975550123,140.33538578708007,395,0.8333333333333333,12,True,spread > 10%,spread > 10%,242.94000244140625,2026-08-21,250.0,18.4,20.45,22.5,
INVH,Invitation Homes,Real Estate,2026-07-29,AMC,2026-07-29,0.05490848725097675,0.07321131633463566,0.03382101722066994,0.027824523837286126,0.03981751060405376,0.6235019453353124,4.506917603833097,0.0,screened out,,,,,,0.6666666666666666,173.5896156092142,1404,0.8333333333333333,12,True,spread > 10%,spread > 10%,30.049999237060547,2026-08-21,30.0,1.1,1.6500000000000001,2.2,
IR,Ingersoll Rand,Industrials,2026-07-30,AMC,2026-07-30,0.08439306358381501,0.09710982658959535,0.05410819923356127,0.045176869547072215,0.06303952892005033,0.5597093375724319,4.345722699051186,0.0,screened out,,,,,,0.30136986301369845,83.98098045747916,73,0.8333333333333333,12,True,spread > 10%,spread > 10%,86.5,2026-08-21,85.0,6.2,7.299999999999999,8.399999999999999,
IRM,Iron Mountain,Real Estate,2026-08-05,BMO,2026-08-04,0.073587909503361,0.08432776656601369,0.047639644717939196,0.04002933090775741,0.05524995852812098,0.5446779659893374,4.369766737411612,0.0,screened out,,,,,,0.291891891891892,82.77900007160812,620,0.8333333333333333,12,True,spread > 10%,spread > 10%,125.69999694824219,2026-08-07,126.0,7.9,9.25,10.600000000000001,
J,Jacobs Solutions,Industrials,2026-08-04,AMC,2026-08-04,0.0945878667396924,0.1123675409388827,0.05973841853713941,0.05138795474759412,0.06808888232668471,0.5833674385083875,5.34857152153748,0.0,screened out,,,,,,0.37593984962406013,102.03704859744553,115,0.8333333333333333,12,True,spread > 10%,spread > 10%,140.61000061035156,2026-08-21,135.0,10.8,13.3,15.8,
IT,Gartner,Information Technology,2026-08-04,BMO,2026-08-03,0.13507443849241124,0.1386036993556334,0.0820145567903391,0.06091889923728149,0.1031102143433967,0.646956879102739,3.2234854124999535,0.0,screened out,,,,,,0.05225653206650838,13.302935287487921,132,0.8333333333333333,12,True,OI < 500,OI < 500; squeeze risk (24% of float short — no short premium),155.83999633789062,2026-08-21,155.0,20.5,21.05,21.6,
IVZ,Invesco,Financials,2026-07-28,BMO,2026-07-27,0.07475365196014258,0.09004417167926264,0.04723647946625779,0.038690870108061756,0.05578208882445382,0.582540714397249,4.1267985453067055,0.0,screened out,,,,,,0.409090909090909,111.13438143049122,122,0.8333333333333333,12,True,spread > 10%,spread > 10%,29.43000030517578,2026-08-21,29.0,1.75,2.2,2.65,
ITW,Illinois Tool Works,Industrials,2026-07-28,BMO,2026-07-27,0.047601300398695055,0.05454668586612031,0.03349858638112034,0.028339627774435862,0.03865754498780482,0.4209943027781896,3.503427661060348,0.0,screened out,,,,,,0.29181494661921714,98.49714684379138,171,0.8333333333333333,12,True,spread > 10%,spread > 10%,295.1600036621094,2026-08-21,300.0,12.0,14.05,16.1,
JCI,Johnson Controls,Industrials,2026-07-29,BMO,2026-07-28,0.10158255007130122,0.10835472007605464,0.05358868742429268,0.045428183247984914,0.061749191600600446,0.8955969058733111,7.537393896198699,0.0,screened out,,,,,,0.13333333333333322,28.22098339765749,1146,0.8333333333333333,12,True,spread > 10%,spread > 10%,140.27999877929688,2026-08-21,140.0,13.3,14.25,15.2,
KDP,Keurig Dr Pepper,Consumer Staples,2026-08-06,BMO,2026-08-05,0.06595881612072903,0.08043758063503541,0.03867547821731741,0.03316389932742056,0.04418705710721427,0.7054428066824826,6.344157736925126,0.0,screened out,,,,,,0.43902439024390244,106.13631342003714,2572,0.8333333333333333,12,True,spread > 10%,spread > 10%,31.079999923706055,2026-08-21,31.0,1.6,2.05,2.5,
KHC,Kraft Heinz,Consumer Staples,2026-08-05,BMO,2026-08-04,0.04926740064425068,0.06190476363478339,0.028263122307625326,0.0234003985598635,0.033125846055387154,0.7431690705650894,5.535803494617424,0.0,screened out,,,,,,0.5130111524163569,120.33132286670202,139,0.8333333333333333,12,True,spread > 10%,spread > 10%; squeeze risk (11% of float short — no short premium),27.299999237060547,2026-08-07,27.5,1.0,1.345,1.69,
KIM,Kimco Realty,Real Estate,2026-08-04,BMO,2026-08-03,0.07621951285995664,0.09717987889644472,0.02336522205964313,0.01848711729762848,0.028243326821657776,2.2620923809495688,13.886142753052749,0.0,screened out,,,,,,0.5500000000000002,79.31377271025175,286,0.8333333333333333,12,True,spread > 10%,spread > 10%,26.239999771118164,2026-08-21,25.0,1.45,2.0,2.5500000000000003,
KKR,KKR & Co.,Financials,2026-07-30,BMO,2026-07-29,0.047973892697392925,0.0550360393381259,0.035535606157444305,0.028323321174173115,0.0427478911407155,0.350023198840044,2.210243780795254,0.0,screened out,,,,,,0.29441624365482255,113.55497588918138,459,0.8333333333333333,12,True,spread > 10%,spread > 10%,102.66000366210938,2026-07-31,103.0,4.199999999999999,4.925,5.65,
KLAC,KLA Corporation,Information Technology,2026-07-28,AMC,2026-07-28,0.1978511498752946,0.21331236556091365,0.049265208373283124,0.03767158435375358,0.060858832392812666,3.0160420793549445,16.425212884961685,0.0,screened out,,,,,,0.15629139072847698,20.811142062736476,1461,0.8333333333333333,12,True,spread > 10%,spread > 10%,190.8000030517578,2026-08-21,190.0,34.8,37.75,40.7,
KVUE,Kenvue,Consumer Staples,2026-08-06,BMO,2026-08-05,0.06556962025316455,0.0921518987341772,0.04352593467488733,0.03391133602468452,0.05314053332509014,0.5064494477357088,2.938363676420769,0.0,screened out,,,,,,0.8108108108108107,241.17816765820638,188,0.8333333333333333,12,True,spread > 10%,spread > 10%,19.75,2026-08-07,19.0,0.7699999999999999,1.295,1.8199999999999998,
KMB,Kimberly-Clark,Consumer Staples,2026-08-04,BMO,2026-08-03,0.061897605682870296,0.07604562983895494,0.029506622832070784,0.024475880044347,0.03453736561979456,1.097752970075373,8.251720545698456,0.0,screened out,,,,,,0.457142857142857,87.35779473721908,106,0.8333333333333333,12,True,spread > 10%,spread > 10%; squeeze risk (13% of float short — no short premium),113.08999633789062,2026-08-07,113.0,5.4,7.0,8.6,
L,Loews Corporation,Financials,2026-08-03,BMO,2026-07-31,0.04355108822065589,0.05862646491242139,0.029771304108689185,0.02388674003823515,0.03565586817914322,0.4628545683339709,3.001101034240915,0.0,screened out,,,,,,0.6923076923076922,218.80425076723319,21,0.8333333333333333,12,True,spread > 10%,spread > 10%,119.4000015258789,2026-08-21,120.0,3.4000000000000004,5.2,7.0,
KO,Coca-Cola Company (The),Consumer Staples,2026-07-28,BMO,2026-07-27,0.020165402375596653,0.021411578926897573,0.025831420283587724,0.021618734646359834,0.030044105920815613,-0.2193459688157773,-1.7237385307629434,0.0,screened out,,,,,,0.12359550561797764,43.98773782706802,1518,0.8333333333333333,12,True,spread > 10%,spread > 10%,88.2699966430664,2026-07-31,88.0,1.67,1.78,1.8900000000000001,
LDOS,Leidos,Industrials,2026-08-04,BMO,2026-08-03,0.1022304827441996,0.11574856310706896,0.0632001599122142,0.05675896508141706,0.06964135474301134,0.6175668366377396,7.765835851185091,0.0,screened out,,,,,,0.2644628099173553,69.26963131235634,322,0.8333333333333333,12,True,spread > 10%,spread > 10%,118.36000061035156,2026-08-21,120.0,10.5,12.1,13.7,
LH,Labcorp,Health Care,2026-07-30,BMO,2026-07-29,0.08019603194774554,0.08878846394214683,0.047200469189273786,0.04022293156644249,0.054178006812105085,0.6990515841306494,6.060463664558273,0.0,screened out,,,,,,0.21428571428571425,52.08234851030181,154,0.8333333333333333,12,True,spread > 10%,spread > 10%,314.2300109863281,2026-08-21,300.0,22.5,25.2,27.9,
LHX,L3Harris,Industrials,2026-07-29,AMC,2026-07-29,0.04406946088480575,0.049475751625320946,0.029143531237672056,0.023405293731687933,0.03488176874365618,0.5121524061517932,3.3336144444731994,0.0,screened out,,,,,,0.24535315985130104,72.4415948396675,32,0.8333333333333333,12,True,spread > 10%,spread > 10%,305.20001220703125,2026-07-31,305.0,11.8,13.45,15.1,
LLY,Lilly (Eli),Health Care,2026-08-05,BMO,2026-08-04,0.07987481958113121,0.08683826539076829,0.07187733128216023,0.06030140248354513,0.08345326008077533,0.11126579348885676,0.8854219114743893,0.0,screened out,,,,,,0.17435897435897435,174.1408189501959,420,0.8333333333333333,12,True,spread > 10%,spread > 10%,1220.6600341796875,2026-08-07,1220.0,89.0,97.5,106.0,
LITE,Lumentum,Information Technology,2026-08-11,AMC,2026-08-11,0.20454650268915883,0.21551393796645532,0.0887482096035372,0.06958520214794708,0.10791121705912732,1.3047958218303741,7.744457270731806,0.0,screened out,,,,,,0.10723659542557189,18.942309053186364,81,0.8333333333333333,12,True,spread > 10%,spread > 10%; squeeze risk (12% of float short — no short premium),651.9299926757812,2026-08-14,650.0,126.19999999999999,133.35,140.5,
LII,Lennox International,Industrials,2026-07-29,BMO,2026-07-28,0.09079046760753981,0.10347172725312735,0.05833841200869957,0.05041166187433575,0.06626516214306338,0.5562725223648685,5.2468607878998865,0.0,screened out,,,,,,0.27935222672064774,78.15381436756037,7,0.8333333333333333,12,True,spread > 10%,spread > 10%; squeeze risk (9% of float short — no short premium),544.1099853515625,2026-08-21,540.0,42.5,49.4,56.3,
LNT,Alliant Energy,Utilities,2026-07-30,AMC,2026-07-30,0.051158692955181155,0.08469982277347873,0.01451518150310328,0.011114903421182695,0.017915459585023864,2.524495573427288,13.811318705573989,0.0,screened out,,,,,,1.3112582781456954,183.0672252148238,111,0.8333333333333333,12,True,spread > 10%,spread > 10%; squeeze risk (11% of float short — no short premium),73.79000091552734,2026-08-21,75.0,1.3,3.775,6.25,
LIN,Linde plc,Materials,2026-07-31,BMO,2026-07-30,0.054970852542389266,0.06123087845468982,0.02737534453155538,0.02263273403701999,0.03211795502609077,1.0080424003075004,7.4571595342765695,0.0,screened out,,,,,,0.22775800711743768,45.36989070716071,424,0.8124999999999999,12,True,spread > 10%,spread > 10%,511.17999267578125,2026-08-21,510.0,24.9,28.099999999999998,31.299999999999997,
LRCX,Lam Research,Information Technology,2026-07-29,AMC,2026-07-29,0.11349728000651985,0.1205444967389508,0.053843183124377345,0.04532030155656535,0.06236606469218934,1.1079229239538455,8.970286628514172,0.0,screened out,,,,,,0.12418300653594773,23.626932937578545,1016,0.8333333333333333,12,True,spread > 10%,spread > 10%,269.6099853515625,2026-07-31,270.0,28.7,30.6,32.5,
LYV,Live Nation Entertainment,Communication Services,2026-07-30,AMC,2026-07-30,0.046718638956810714,0.058052746632723376,0.04647921054254471,0.03967879543271627,0.05327962565237315,0.005151301226315854,0.04512245955100982,0.0,screened out,,,,,,0.48520710059171596,9467.637924812501,269,0.8333333333333333,12,True,spread > 10%,spread > 10%; squeeze risk (16% of float short — no short premium),180.8699951171875,2026-07-31,180.0,6.4,8.45,10.5,
MAA,Mid-America Apartment Communities,Real Estate,2026-07-29,AMC,2026-07-29,0.05031701585602381,0.07003833708897086,0.024848208221956845,0.020047165912624842,0.029649250531288848,1.024975620236542,6.79869531671795,0.0,screened out,,,,,,0.7838827838827838,154.86646659161153,127,0.8333333333333333,12,True,spread > 10%,spread > 10%,135.63999938964844,2026-08-21,135.0,4.15,6.825,9.5,
LYB,LyondellBasell,Materials,2026-07-31,BMO,2026-07-30,0.1052043949085652,0.10992785753711304,0.028909324520819298,0.02273591741074145,0.035082731630897146,2.63911632846355,15.838865065178268,0.0,screened out,,,,,,0.08979591836734706,12.382091279403259,377,0.8333333333333333,12,True,OI < 500,OI < 500; wide market,58.220001220703125,2026-08-21,57.5,5.85,6.125,6.4,
MA,Mastercard,Financials,2026-07-30,BMO,2026-07-29,0.035362061306086184,0.03980453131941359,0.03226641902588143,0.02632638099890409,0.03820645705285878,0.09594006318834714,0.6679039979697323,0.0,screened out,,,,,,0.2512562814070352,287.0144293954777,15,0.8333333333333333,12,True,spread > 10%,spread > 10%,562.75,2026-07-31,562.5,17.4,19.9,22.4,
MAR,Marriott International,Consumer Discretionary,2026-08-03,BMO,2026-07-31,0.05045369356044231,0.05918857074015712,0.03631415099406382,0.02958736208299715,0.04304093990513049,0.3893672901423427,2.6938912447896595,0.0,screened out,,,,,,0.34625322997416014,123.55247192345414,41,0.8333333333333333,12,True,spread > 10%,spread > 10%,383.5199890136719,2026-08-07,385.0,16.0,19.35,22.7,
MAS,Masco,Industrials,2026-07-29,BMO,2026-07-28,0.09373851173614206,0.1090552620198254,0.056166817818699415,0.04727387064806776,0.06505976498933107,0.6689304357373446,5.414614750395997,0.0,screened out,,,,,,0.32679738562091504,81.53345610309331,299,0.8333333333333333,12,True,spread > 10%,spread > 10%,81.61000061035156,2026-08-21,80.0,6.4,7.65,8.9,
MCHP,Microchip Technology,Information Technology,2026-08-06,AMC,2026-08-06,0.11755382522287336,0.12547880220419066,0.056652227658719495,0.045929821676592965,0.06737463364084603,1.0750079931725391,7.279288582089292,0.0,screened out,,,,,,0.13483146067415722,26.025514266580984,12,0.8333333333333333,12,True,spread > 10%,spread > 10%,75.70999908447266,2026-08-07,76.0,8.3,8.9,9.5,
MET,MetLife,Financials,2026-08-05,AMC,2026-08-05,0.06282695798761782,0.07180223770013466,0.03117375060138302,0.025015038830148363,0.03733246237261768,1.0153801443715442,6.586888962018429,0.0,screened out,,,,,,0.2857142857142857,56.71008061205171,430,0.8333333333333333,12,True,spread > 10%,spread > 10%,97.48999786376953,2026-08-21,97.5,5.25,6.125,7.0,
MCD,McDonald's,Consumer Discretionary,2026-08-04,BMO,2026-08-03,0.04560105670276233,0.04871438185917583,0.02908602553501201,0.024364109313574956,0.03380794175644906,0.5677995141643026,4.48243106230871,0.0,screened out,,,,,,0.1365461847389559,37.70292801497137,112,0.8333333333333333,12,True,spread > 10%,spread > 10%,273.0199890136719,2026-08-07,272.5,11.6,12.45,13.3,
MCK,McKesson Corporation,Health Care,2026-08-05,AMC,2026-08-05,0.07228780213603148,0.07937043282743113,0.05327763532693486,0.04188692787027369,0.06466834278359603,0.35681326118251916,2.138886445397274,0.0,screened out,,,,,,0.1959564541213063,74.51413512069264,165,0.8124999999999999,12,True,spread > 10%,spread > 10%,889.5,2026-08-21,890.0,58.0,64.3,70.6,
MDLZ,Mondelez International,Consumer Staples,2026-07-28,AMC,2026-07-28,0.039612676346562806,0.04961587744417968,0.032530967562952234,0.027424858734697515,0.037637076391206954,0.2176913050589847,1.7774626985726583,0.0,screened out,,,,,,0.5050505050505051,282.50811783640705,464,0.8333333333333333,12,True,spread > 10%,spread > 10%,62.47999954223633,2026-07-31,62.0,1.85,2.475,3.1,
META,Meta Platforms,Communication Services,2026-07-29,AMC,2026-07-29,0.08299489767423347,0.08425877936470402,0.07360363378323805,0.06046248761172872,0.08674477995474737,0.12759239467242342,0.9158899570567187,0.0,screened out,,,,,,0.030456852791878174,26.916114915744213,157,0.8333333333333333,12,True,OI < 500,OI < 500,593.4099731445312,2026-07-31,592.5,48.5,49.25,50.0,
MGM,MGM Resorts,Consumer Discretionary,2026-07-29,AMC,2026-07-29,0.07629870003871671,0.09523809366534851,0.059410173769798166,0.04530289227685161,0.07351745526274472,0.2842699355561221,1.5342669157816031,0.0,screened out,,,,,,0.4964539007092199,224.2871085973637,1550,0.8333333333333333,12,True,spread > 10%,spread > 10%; squeeze risk (16% of float short — no short premium),46.20000076293945,2026-07-31,46.0,2.65,3.5250000000000004,4.4,
MLM,Martin Marietta Materials,Materials,2026-07-30,BMO,2026-07-29,0.07564206022703067,0.08086761591655374,0.03288337029262433,0.026452525260161352,0.039314215325087304,1.3003134883651821,8.521358661778741,0.0,screened out,,,,,,0.13816534541336373,24.442075739641712,27,0.8333333333333333,12,True,spread > 10%,spread > 10%,583.6699829101562,2026-08-21,580.0,41.099999999999994,44.15,47.2,
MOS,Mosaic Company (The),Materials,2026-08-04,AMC,2026-08-04,0.0769064127325604,0.0844887351146438,0.04488622829116479,0.03619905124673274,0.05357340533559683,0.7133632220931854,4.723866932859955,0.0,screened out,,,,,,0.19718309859154934,47.359642140480695,1095,0.8333333333333333,12,True,spread > 10%,spread > 10%; squeeze risk (12% of float short — no short premium),23.079999923706055,2026-08-07,23.0,1.6,1.7750000000000001,1.9500000000000002,
MO,Altria,Consumer Staples,2026-07-30,BMO,2026-07-29,0.04016305816969784,0.04397220012589215,0.0441036468477746,0.0369481169687129,0.051259176726836296,-0.0893483636779028,-0.7057839929648101,0.0,screened out,,,,,,0.1896838602329452,193.32857435165735,2827,0.8333333333333333,12,True,spread > 10%,spread > 10%,74.81999969482422,2026-07-31,75.0,2.7199999999999998,3.005,3.29,
MNST,Monster Beverage,Consumer Staples,2026-08-06,AMC,2026-08-06,0.07519951054474612,0.09105791072765176,0.05123775382678111,0.04222193618516379,0.06025357146839844,0.4676582193468559,3.4061677631974683,0.0,screened out,,,,,,0.4217687074829933,132.36425333553296,1114,0.8333333333333333,12,True,spread > 10%,spread > 10%,97.73999786376953,2026-08-21,97.5,5.8,7.35,8.9,
MRK,Merck & Co.,Health Care,2026-08-04,BMO,2026-08-03,0.05215445014420724,0.0546199332419334,0.036604454558758395,0.028014425320541478,0.04519448379697531,0.42481156386274244,2.3200007578144164,0.0,screened out,,,,,,0.09454545454545447,31.71040254227819,209,0.8333333333333333,12,True,OI < 500,OI < 500; wide market,131.82000732421875,2026-08-07,132.0,6.550000000000001,6.875,7.2,
MRNA,Moderna,Health Care,2026-07-31,BMO,2026-07-30,0.09327121174690234,0.12024012119533424,0.06254800099629437,0.048464440124944275,0.07663156186764447,0.4911941270901391,2.7958033666101207,0.0,screened out,,,,,,0.5782901056676273,175.56048856578718,715,0.8333333333333333,12,True,spread > 10%,spread > 10%; squeeze risk (14% of float short — no short premium),55.80500030517578,2026-07-31,56.0,3.7,5.205,6.71,
MPWR,Monolithic Power Systems,Information Technology,2026-07-30,AMC,2026-07-30,0.18439793620895228,0.19352423000609587,0.07913651370987576,0.06611349540809398,0.09215953201165754,1.3301245855355457,10.358815133996961,0.0,screened out,,,,,,0.0989847715736042,17.340244090324084,33,0.8333333333333333,12,True,OI < 500,OI < 500; wide market,1282.010009765625,2026-08-21,1280.0,224.7,236.4,248.10000000000002,
MSI,Motorola Solutions,Information Technology,2026-08-05,AMC,2026-08-05,0.07630987301288501,0.08085212735889008,0.07066666991730963,0.06161440922506774,0.07971893060955153,0.07985664390551805,0.7989528067268067,0.0,screened out,,,,,,0.11904761904761915,160.98142381465848,603,0.8333333333333333,12,True,spread > 10%,spread > 10%,440.30999755859375,2026-08-21,440.0,31.599999999999998,33.6,35.6,
NCLH,Norwegian Cruise Line Holdings,Consumer Discretionary,2026-07-30,BMO,2026-07-29,0.08176249086436602,0.09236569573150283,0.0830006747794195,0.06917367581995963,0.09682767373887936,-0.014917757215155751,-0.11476507014899857,0.0,screened out,,,,,,0.25936599423631124,1712.7027315128407,1823,0.8333333333333333,12,True,spread > 10%,spread > 10%; squeeze risk (20% of float short — no short premium),21.219999313354492,2026-07-31,21.0,1.51,1.7349999999999999,1.96,
MTD,Mettler Toledo,Health Care,2026-07-30,AMC,2026-07-30,0.08225413762685178,0.08873651274630595,0.05781792719990982,0.04492271731131171,0.07071313708850793,0.4226407208001755,2.428610899219219,0.0,screened out,,,,,,0.15761821366024517,53.0554861510529,5,0.8333333333333333,12,True,spread > 10%,spread > 10%,1388.3800048828125,2026-08-21,1360.0,105.2,114.2,123.2,
NI,NiSource,Utilities,2026-08-05,BMO,2026-08-04,0.06013557899689227,0.07434944312343043,0.016155867673321517,0.013068360159229872,0.01924337518741316,2.722212895825785,18.255631047061883,0.0,screened out,,,,,,0.47272727272727283,64.638278418714,2210,0.8333333333333333,12,True,spread > 10%,spread > 10%,45.72999954223633,2026-08-21,45.0,2.0999999999999996,2.75,3.4,
NRG,NRG Energy,Utilities,2026-08-04,BMO,2026-08-03,0.09720915833589719,0.1089683307152396,0.054651941042456166,0.038475203371612345,0.07082867871329998,0.778695440302488,3.3715901681200355,0.0,screened out,,,,,,0.24193548387096792,55.26288196082195,310,0.8333333333333333,12,True,spread > 10%,spread > 10%,127.55999755859375,2026-08-07,130.0,10.899999999999999,12.399999999999999,13.9,
NWSA,News Corp (Class A),Communication Services,2026-08-05,AMC,2026-08-05,0.14283179405291682,0.19339957207165134,0.03498108730432523,0.028946479666175907,0.041015694942474555,3.08311476456755,22.904797471038954,0.0,screened out,,,,,,0.7080745341614907,93.77366091186025,11,0.8124999999999999,12,True,spread > 10%,spread > 10%,28.18000030517578,2026-08-21,25.0,2.6,4.025,5.45,
O,Realty Income,Real Estate,2026-08-05,AMC,2026-08-05,0.03879506876262787,0.042598506876611,0.02025622040515543,0.016926606628429625,0.023585834181881232,0.9152175473344527,7.13577899665607,0.0,screened out,,,,,,0.19607843137254904,41.032086143043244,6778,0.8333333333333333,12,True,spread > 10%,spread > 10%,65.7300033569336,2026-08-21,65.0,2.3,2.55,2.8,
NXPI,NXP Semiconductors,Information Technology,2026-07-28,AMC,2026-07-28,0.14259802676859923,0.15050941932274342,0.07525869525945883,0.058558491162510586,0.09195889935640708,0.8947714450401252,5.167726499694993,0.0,screened out,,,,,,0.11096075778078468,23.497092640637014,813,0.8333333333333333,12,True,spread > 10%,spread > 10%,259.1199951171875,2026-08-21,260.0,34.900000000000006,36.95,39.0,
ODFL,Old Dominion,Industrials,2026-07-29,BMO,2026-07-28,0.1036326680506661,0.11092451889431637,0.05494365018898802,0.044708704280207255,0.0651785960977688,0.886162781216827,6.096744022652088,0.0,screened out,,,,,,0.14072494669509597,29.952753881238248,513,0.8333333333333333,12,True,spread > 10%,spread > 10%,226.27999877929688,2026-08-21,230.0,21.8,23.450000000000003,25.1,
ON,ON Semiconductor,Information Technology,2026-08-03,AMC,2026-08-03,0.14782557281935738,0.1629339980974881,0.0671876547480069,0.05063306595807261,0.0837422435379412,1.200189504661086,6.242713552817457,0.0,screened out,,,,,,0.2044088176352706,37.47226029511923,287,0.8333333333333333,12,True,spread > 10%,spread > 10%; squeeze risk (8% of float short — no short premium),84.38999938964844,2026-08-07,84.0,11.2,12.475,13.75,
ORLY,O’Reilly Automotive,Consumer Discretionary,2026-07-29,AMC,2026-07-29,0.07952177411000019,0.08884501659186228,0.04032475249083066,0.03432946932530435,0.04632003565635697,0.9720337806929489,8.37907093296029,0.0,screened out,,,,,,0.23448275862068957,47.571178098401745,3177,0.8333333333333333,12,True,spread > 10%,spread > 10%,91.16999816894531,2026-08-21,90.0,6.4,7.25,8.1,
OKE,Oneok,Energy,2026-08-03,AMC,2026-08-03,0.06756756524549724,0.07094594350777211,0.030193375442430212,0.025288886907304513,0.03509786397755591,1.2378274788894834,9.766311269475338,0.0,screened out,,,,,,0.10000000000000024,18.078670227107537,3491,0.8333333333333333,12,True,spread > 10%,spread > 10%,88.80000305175781,2026-08-21,90.0,5.699999999999999,6.0,6.300000000000001,
OMC,Omnicom Group,Communication Services,2026-07-28,AMC,2026-07-28,0.08205752609408631,0.12294131117983248,0.047693894384156194,0.03797997529110106,0.05740781347721133,0.7205037909704778,4.533744823027473,0.0,screened out,,,,,,0.9964664310954062,237.94798774968774,792,0.8333333333333333,12,True,spread > 10%,spread > 10%; squeeze risk (10% of float short — no short premium),86.22000122070312,2026-08-21,85.0,3.5500000000000003,7.075,10.6,
PCAR,Paccar,Industrials,2026-07-28,BMO,2026-07-27,0.06728890491448686,0.08971853988598247,0.043818202518415325,0.03677858323588933,0.05085782180094132,0.5356381833829806,4.272965764707065,0.0,screened out,,,,,,0.6666666666666666,191.12879191250647,837,0.8333333333333333,12,True,spread > 10%,spread > 10%,138.2100067138672,2026-08-21,140.0,6.199999999999999,9.299999999999999,12.399999999999999,
PEG,Public Service Enterprise Group,Utilities,2026-08-04,BMO,2026-08-03,0.04971501142138283,0.05383154102952281,0.017081415053218772,0.012400416287991933,0.02176241381844561,1.9104738258798222,8.934678089668823,0.0,screened out,,,,,,0.16560509554140126,25.228783010602466,550,0.8333333333333333,12,True,spread > 10%,spread > 10%,78.94999694824219,2026-08-21,80.0,3.6,3.925,4.25,
PG,Procter & Gamble,Consumer Staples,2026-07-29,BMO,2026-07-28,0.03177055242390079,0.0362036527621195,0.025652346174786518,0.02147436967610926,0.029830322673463777,0.23850474367634283,1.8767681271896406,0.0,screened out,,,,,,0.2790697674418603,144.9150341690586,540,0.8333333333333333,12,True,spread > 10%,spread > 10%,148.8800048828125,2026-07-31,149.0,4.07,4.73,5.39,
PH,Parker Hannifin,Industrials,2026-08-06,BMO,2026-08-05,0.08789456493574203,0.0950593342933054,0.04761650629157366,0.03964606534990596,0.055586947233241354,0.8458843745807552,6.476474806871274,0.0,screened out,,,,,,0.16303099885189443,35.57653769194611,31,0.8333333333333333,12,True,spread > 10%,spread > 10%,990.9600219726562,2026-08-21,990.0,80.0,87.1,94.2,
PNR,Pentair,Industrials,2026-07-28,BMO,2026-07-27,0.07937696969392266,0.10259098913271136,0.053896441456076,0.042934099269293105,0.0648587836428589,0.4727682857988414,2.9789112977149053,0.0,screened out,,,,,,0.5849056603773585,182.20987588717662,489,0.8333333333333333,12,True,spread > 10%,spread > 10%,66.7699966430664,2026-08-21,67.5,3.75,5.3,6.85,
PNW,Pinnacle West Capital,Utilities,2026-08-04,BMO,2026-08-03,0.05008069788568787,0.07595176930530861,0.016117651845372314,0.011597797311255981,0.02063750637948865,2.107195661387052,9.630185988668833,0.0,screened out,,,,,,1.033175355450237,152.3483576173392,25,0.8333333333333333,12,True,spread > 10%,spread > 10%; squeeze risk (10% of float short — no short premium),105.33000183105469,2026-08-21,105.0,2.55,5.275,8.0,
PODD,Insulet Corporation,Health Care,2026-08-05,BMO,2026-08-04,0.1337552984816653,0.17615095112540743,0.07752045056214715,0.06454547095481544,0.09049543016947886,0.7254195184848081,5.5545814540571525,0.0,screened out,,,,,,0.6339285714285714,150.7807141380294,207,0.8333333333333333,12,True,spread > 10%,spread > 10%,167.47000122070312,2026-08-21,165.0,15.3,22.4,29.5,
PSKY,Paramount Skydance Corporation,Communication Services,2026-08-04,AMC,2026-08-04,0.09107807035871392,0.12143742714495188,0.05436731414193806,0.0450751613420708,0.06365946694180533,0.6752357881968236,5.0632513455969015,0.0,screened out,,,,,,0.6666666666666666,165.39761048215368,377,0.8333333333333333,12,True,spread > 10%,spread > 10%; squeeze risk (16% of float short — no short premium),8.069999694824219,2026-08-07,8.0,0.49,0.735,0.98,
PPG,PPG Industries,Materials,2026-07-28,AMC,2026-07-28,0.03865221340584795,0.04747500124848716,0.039546832370578176,0.03396612063684528,0.04512754410431107,-0.022621760356103755,-0.2054475701133094,0.0,screened out,,,,,,0.45652173913043476,1972.412432660587,15,0.8333333333333333,12,True,spread > 10%,spread > 10%,119.01000213623047,2026-07-31,119.0,3.5500000000000003,4.6000000000000005,5.65,
PTC,PTC Inc.,Information Technology,2026-07-29,AMC,2026-07-29,0.12665673068333488,0.15136067505810302,0.05597798603639277,0.045994013926965734,0.06596195814581982,1.262616782979509,9.072729585651789,0.0,screened out,,,,,,0.390092879256966,69.90487592322262,181,0.8333333333333333,12,True,spread > 10%,spread > 10%,127.51000213623047,2026-08-21,130.0,13.0,16.15,19.3,
PSA,Public Storage,Real Estate,2026-07-29,AMC,2026-07-29,0.05825037046900956,0.06445365667480019,0.025363403152003854,0.02127169376437893,0.029455112539628778,1.2966307052690385,10.300813992544994,0.0,screened out,,,,,,0.21298701298701286,37.72489050751076,214,0.8333333333333333,12,True,spread > 10%,spread > 10%,330.4700012207031,2026-08-21,330.0,17.2,19.25,21.299999999999997,
PRU,Prudential Financial,Financials,2026-08-04,AMC,2026-08-04,0.05708867895245636,0.08230452654629751,0.03480585293154183,0.0267138857482721,0.04289782011481155,0.6402034182222653,3.529138117051131,0.0,screened out,,,,,,0.8833922261484098,226.3254002896553,1855,0.8124999999999999,12,True,spread > 10%,spread > 10%,123.93000030517578,2026-08-21,125.0,3.95,7.074999999999999,10.2,
PPL,PPL Corporation,Utilities,2026-08-07,BMO,2026-08-06,0.046105144937488525,0.05642719231155312,0.015189639996902923,0.011980239457437387,0.01839904053636846,2.035302018144544,12.345393055381201,0.0,screened out,,,,,,0.44776119402985065,66.77586145787902,534,0.8333333333333333,12,True,spread > 10%,spread > 10%,36.33000183105469,2026-08-21,36.0,1.3,1.6749999999999998,2.05,
PSX,Phillips 66,Energy,2026-08-05,BMO,2026-08-04,0.06023803561980184,0.07043963842638118,0.029957271279846237,0.025636009407316807,0.03427853315237567,1.0107984821810854,8.980670165997395,0.0,screened out,,,,,,0.33870967741935476,67.3800878475071,141,0.8333333333333333,12,True,spread > 10%,spread > 10%,205.85000610351562,2026-08-07,205.0,10.3,12.4,14.5,
PWR,Quanta Services,Industrials,2026-07-30,BMO,2026-07-29,0.12424366343730969,0.13512135763701943,0.05669319526830387,0.0452259346803288,0.06816045585627893,1.1915092781297523,7.549551991186173,0.0,screened out,,,,,,0.17510259917920654,32.206125270648386,16,0.8333333333333333,12,True,spread > 10%,spread > 10%,588.3599853515625,2026-08-21,590.0,66.7,73.1,79.5,
Q,Qnity Electronics,Information Technology,2026-08-04,BMO,2026-08-03,0.17671436474984667,0.19548049197991887,0.06242777169486066,0.0475174544996741,0.07733808889004723,1.8307011439332632,9.823379056386157,0.0,screened out,,,,,,0.21238938053097348,32.840470134661174,413,0.7,4,True,spread > 10%,spread > 10%; thin history (n=4),127.88999938964844,2026-08-21,130.0,20.2,22.6,25.0,
PYPL,PayPal,Financials,2026-07-28,BMO,2026-07-27,0.0328360769893823,0.03480795628639481,0.0717476383604303,0.0583367574195803,0.0851585193012803,-0.5423392638454871,-3.718551918631406,0.0,screened out,,,,,,0.12010443864229775,10.135184647099178,4687,0.8333333333333333,12,True,spread > 10%,spread > 10%,58.31999969482422,2026-07-31,58.0,1.8,1.915,2.0300000000000002,
RCL,Royal Caribbean Group,Consumer Discretionary,2026-07-28,BMO,2026-07-27,0.042480620155038756,0.04930232558139534,0.05927641451709355,0.04624274663816384,0.07231008239602325,-0.2833470023260497,-1.6515297347117184,0.0,screened out,,,,,,0.3211678832116787,81.2311139241886,237,0.8333333333333333,12,True,spread > 10%,spread > 10%,322.5,2026-07-31,320.0,11.5,13.7,15.899999999999999,
REG,Regency Centers,Real Estate,2026-07-29,AMC,2026-07-29,0.059589970696039725,0.10374212514958212,0.0200093439544831,0.016720690732298864,0.023297997176667334,1.9781071699099149,15.424712733405128,0.0,screened out,,,,,,1.4818652849740932,223.0998247796112,6,0.8333333333333333,12,True,spread > 10%,spread > 10%,80.97000122070312,2026-08-21,80.0,1.25,4.825,8.4,
REGN,Regeneron Pharmaceuticals,Health Care,2026-07-30,BMO,2026-07-29,0.05617250267760824,0.0671768469921717,0.05029466970157542,0.04243995460197875,0.0581493848011721,0.11686791087224697,0.9590457001388203,0.0,screened out,,,,,,0.3918053777208708,374.4354206536414,20,0.8333333333333333,12,True,spread > 10%,spread > 10%,695.1799926757812,2026-07-31,700.0,31.4,39.05,46.7,
QCOM,Qualcomm,Information Technology,2026-07-29,AMC,2026-07-29,0.08994351400308623,0.09485510521144588,0.08056579511234312,0.06971763498280913,0.0914139552418771,0.11639826650586105,1.107882294035851,0.0,screened out,,,,,,0.1092150170648464,104.75023330477443,234,0.8333333333333333,12,True,spread > 10%,spread > 10%,162.8800048828125,2026-07-31,162.5,13.85,14.649999999999999,15.45,
RL,Ralph Lauren Corporation,Consumer Discretionary,2026-08-06,BMO,2026-08-05,0.0977587051219745,0.10544163858684513,0.0669701773293135,0.053723564264243684,0.08021679039438331,0.4597349002267695,2.9787672535799534,0.0,screened out,,,,,,0.1571815718157181,49.90776770237118,35,0.8333333333333333,12,True,spread > 10%,spread > 10%; squeeze risk (10% of float short — no short premium),377.4599914550781,2026-08-21,380.0,34.0,36.9,39.8,
ROK,Rockwell Automation,Industrials,2026-08-04,BMO,2026-08-03,0.10484538190496862,0.11206146082150491,0.061548466929679815,0.04986015471095008,0.07323677914840955,0.7034604943898322,4.747419917771551,0.0,screened out,,,,,,0.13765182186234812,33.332993450710234,440,0.8333333333333333,12,True,spread > 10%,spread > 10%,471.1700134277344,2026-08-21,470.0,46.0,49.4,52.8,
RMD,ResMed,Health Care,2026-08-06,AMC,2026-08-06,0.09331929256061765,0.10815466727538252,0.06237643418337121,0.04819114992786768,0.07656171843887473,0.4960664837987072,2.7955990575862724,0.0,screened out,,,,,,0.3179487179487181,95.8888447466374,402,0.8333333333333333,12,True,spread > 10%,spread > 10%; squeeze risk (11% of float short — no short premium),208.9600067138672,2026-08-21,210.0,16.4,19.5,22.6,
RSG,Republic Services,Industrials,2026-08-06,AMC,2026-08-06,0.05262428907836155,0.06554955306252053,0.03028882914016337,0.024997870859535455,0.035579787420791285,0.7374157592833814,5.410196780723367,0.0,screened out,,,,,,0.4912280701754386,115.73761202968689,859,0.8333333333333333,12,True,spread > 10%,spread > 10%,216.6300048828125,2026-08-21,220.0,8.6,11.399999999999999,14.2,
RVTY,Revvity,Health Care,2026-08-04,BMO,2026-08-03,0.10895883568504004,0.13451708109264204,0.050718386892298885,0.03920192020817553,0.06223485357642224,1.1483103537266566,6.481237798019888,0.0,screened out,,,,,,0.4691358024691357,87.76802355543472,14,0.8333333333333333,12,True,spread > 10%,spread > 10%; squeeze risk (10% of float short — no short premium),111.51000213623047,2026-08-21,110.0,9.3,12.15,15.0,
SBAC,SBA Communications,Real Estate,2026-08-03,AMC,2026-08-03,0.06888469962000006,0.09203681857941916,0.03588509463009456,0.030026111358069554,0.041744077902119564,0.9195908588250125,7.218367384149514,0.0,screened out,,,,,,0.6721991701244814,140.31755208282817,707,0.8333333333333333,12,True,spread > 10%,spread > 10%,174.92999267578125,2026-08-21,175.0,8.0,12.05,16.1,
SNDK,Sandisk,Information Technology,2026-08-05,AMC,2026-08-05,0.2336921865754727,0.23939422118838194,0.0859432758706358,0.07288129580566988,0.09900525593560172,1.7191445079104577,14.496653877706938,0.0,screened out,,,,,,0.04879953152449737,7.718547075180002,43,0.75,6,True,OI < 500,OI < 500; thin history (n=6),1096.0999755859375,2026-08-07,1095.0,249.89999999999998,256.15,262.4,
SHW,Sherwin-Williams,Materials,2026-07-28,BMO,2026-07-27,0.05828887752386805,0.06266407172057485,0.03315331360927232,0.028355168079249603,0.03795145913929503,0.7581614378227888,6.713789423722088,0.0,screened out,,,,,,0.15012106537530256,34.81277930801632,473,0.8333333333333333,12,True,spread > 10%,spread > 10%,354.2699890136719,2026-08-21,350.0,19.1,20.65,22.2,
SMCI,Supermicro,Information Technology,2026-08-11,AMC,2026-08-11,0.1920913832494167,0.20281194535208313,0.12224732931786488,0.10100876633899976,0.14348589229672998,0.5713339859551844,4.214604331175891,0.0,screened out,,,,,,0.11161939615736495,30.698567735408762,1337,0.8333333333333333,12,True,spread > 10%,spread > 10%; squeeze risk (19% of float short — no short premium),28.450000762939453,2026-08-14,28.0,5.16,5.465,5.77,
SBUX,Starbucks,Consumer Discretionary,2026-07-29,AMC,2026-07-29,0.06212415222884514,0.06692531621842802,0.043633575409757486,0.0318711698755297,0.05539598094398527,0.42376946297535656,2.0146834065858883,0.0,screened out,,,,,,0.1545667447306792,51.93092715881836,897,0.8333333333333333,12,True,spread > 10%,spread > 10%,103.0999984741211,2026-07-31,103.0,5.91,6.405,6.9,
SO,Southern Company,Utilities,2026-07-30,BMO,2026-07-29,0.025573465914627086,0.029964869152492347,0.024354828758814527,0.02022712743230471,0.028482530085324344,0.05003677783492969,0.3783717026372066,0.0,screened out,,,,,,0.34343434343434354,720.707261701236,1541,0.8333333333333333,12,True,spread > 10%,spread > 10%,96.77999877929688,2026-07-31,97.0,2.05,2.4749999999999996,2.9,
SOLV,Solventum,Health Care,2026-08-05,AMC,2026-08-05,0.08442613617951576,0.09051874394504782,0.05115450293651015,0.045002136928803026,0.05730686894421728,0.6504145545955228,6.93081736535494,0.0,screened out,,,,,,0.14432989690721645,36.623436673718786,565,0.8,9,True,spread > 10%,spread > 10%,86.16999816894531,2026-08-21,85.0,6.75,7.275,7.8,
STE,Steris,Health Care,2026-08-05,AMC,2026-08-05,0.08226968959486237,0.09203785854412044,0.05941483243331123,0.05251144801904796,0.0663182168475745,0.38466585237287404,4.242960145421639,0.0,screened out,,,,,,0.237467018469657,85.48002623872102,25,0.8333333333333333,12,True,spread > 10%,spread > 10%,230.33999633789062,2026-08-21,220.0,16.7,18.95,21.2,
SRE,Sempra,Utilities,2026-08-06,BMO,2026-08-05,0.05797261640387266,0.06515017843482833,0.029431217015584862,0.017467933560528438,0.04139450047064129,0.9697661966603055,3.0575767592106358,0.0,screened out,,,,,,0.24761904761904777,50.29579617529923,898,0.8333333333333333,12,True,spread > 10%,spread > 10%,90.55999755859375,2026-08-21,90.0,4.6,5.25,5.9,
SPG,Simon Property Group,Real Estate,2026-08-10,AMC,2026-08-10,0.05111956128434526,0.05745669698075169,0.030716056244888434,0.02654487461019949,0.03488723787957738,0.6642618725785229,6.268998655225879,0.0,screened out,,,,,,0.24793388429752078,62.11810847353456,1202,0.8333333333333333,12,True,spread > 10%,spread > 10%,236.6999969482422,2026-08-21,240.0,10.6,12.100000000000001,13.600000000000001,
SPGI,S&P Global,Financials,2026-07-28,BMO,2026-07-27,0.03157696404598262,0.04477330722937834,0.041094787945890256,0.03264736842653315,0.04954220746524736,-0.23160659479347623,-1.443996368615296,0.0,screened out,,,,,,0.835820895522388,277.29748568942915,49,0.8333333333333333,12,True,spread > 10%,spread > 10%,424.3599853515625,2026-07-31,425.0,7.8,13.4,19.0,
SW,Smurfit Westrock,Materials,2026-07-29,BMO,2026-07-28,0.1136811040695236,0.1269685058438835,0.05650245804085628,0.04560257022176494,0.06740234585994762,1.011967408343936,6.72301898575402,0.0,screened out,,,,,,0.23376623376623373,46.4767975362623,1361,0.7857142857142857,8,True,spread > 10%,spread > 10%,50.79999923706055,2026-08-21,50.0,5.1,5.7749999999999995,6.449999999999999,
SYY,Sysco,Consumer Staples,2026-08-04,BMO,2026-08-03,0.0575117391492007,0.061619720517000744,0.03787475808352844,0.030630495441186636,0.04511902072587025,0.5184714585467488,3.4740257464809523,0.0,screened out,,,,,,0.14285714285714288,41.83923541059256,1845,0.8333333333333333,12,True,spread > 10%,spread > 10%,85.19999694824219,2026-08-21,85.0,4.55,4.9,5.25,
SWK,Stanley Black & Decker,Industrials,2026-07-29,BMO,2026-07-28,0.10298332889453081,0.12315532115222241,0.04973355397649968,0.04087989601603671,0.058587211936962647,1.0707011797948915,7.708103457317217,0.0,screened out,,,,,,0.3917525773195876,75.76367144741143,432,0.8333333333333333,12,True,spread > 10%,spread > 10%,94.19000244140625,2026-08-21,95.0,7.8,9.7,11.6,
STX,Seagate Technology,Information Technology,2026-07-28,AMC,2026-07-28,0.1371604465065193,0.14773183701775344,0.0938129310818939,0.07803653978365313,0.10958932238013466,0.46206333097923596,3.5213487494060054,0.0,screened out,,,,,,0.15414634146341474,48.775070071161,12,0.8333333333333333,12,True,spread > 10%,spread > 10%,747.2999877929688,2026-07-31,747.5,94.6,102.5,110.4,
SWKS,Skyworks Solutions,Information Technology,2026-07-28,AMC,2026-07-28,0.1484230048655673,0.15924551563701494,0.06478381060466107,0.046500901836812006,0.08306671937251013,1.2910508579266649,5.862961562947639,0.0,screened out,,,,,,0.14583333333333356,25.879041200917396,911,0.8333333333333333,12,True,spread > 10%,spread > 10%; squeeze risk (22% of float short — no short premium),64.68000030517578,2026-08-21,65.0,8.899999999999999,9.6,10.3,
TAP,Molson Coors Beverage Company,Consumer Staples,2026-08-06,BMO,2026-08-05,0.07821689323181506,0.08703834735570398,0.03431925922550686,0.026469409221407267,0.042169109229606455,1.279096198372559,7.166915000044988,0.0,screened out,,,,,,0.22556390977443608,40.19102315455658,1429,0.8333333333333333,12,True,spread > 10%,spread > 10%; squeeze risk (26% of float short — no short premium),42.5099983215332,2026-08-21,42.5,2.95,3.325,3.7,
TDG,TransDigm Group,Industrials,2026-08-04,BMO,2026-08-03,0.08012416366383603,0.087157964290814,0.0485522181742038,0.03976386152623035,0.05734057482217725,0.6502678286778393,4.604115076377008,0.0,screened out,,,,,,0.17557251908396954,44.557283486301294,7,0.8333333333333333,12,True,spread > 10%,spread > 10%,1307.969970703125,2026-08-21,1310.0,95.6,104.8,114.0,
TER,Teradyne,Information Technology,2026-07-28,AMC,2026-07-28,0.14798066709247565,0.1621705940739459,0.11221431452702368,0.09605949769811614,0.12836913135593123,0.31873253172917293,2.8374297234902794,0.0,screened out,,,,,,0.19178082191780824,79.34791201033366,93,0.8333333333333333,12,True,spread > 10%,spread > 10%,320.6499938964844,2026-07-31,320.0,42.9,47.45,52.0,
TECH,Bio-Techne,Health Care,2026-08-05,BMO,2026-08-04,0.0242819482088284,0.04578881662236212,0.07156776050160041,0.059366326180126314,0.0837691948230745,-0.6607138739756234,-4.966751894714552,0.0,screened out,,,,,,1.7714285714285714,90.9654180428289,356,0.8333333333333333,12,True,spread > 10%,spread > 10%,72.06999969482422,2026-08-21,70.0,0.2,1.7500000000000002,3.3000000000000003,
TKO,TKO Group Holdings,Communication Services,2026-08-03,AMC,2026-08-03,0.09136837699165498,0.10158013677307524,0.041440759297697354,0.035350318393250715,0.04753120020214399,1.2047949540522016,10.50617448563682,0.0,screened out,,,,,,0.22352941176470573,40.90625690981491,189,0.8235294117647058,11,True,spread > 10%,spread > 10%; squeeze risk (12% of float short — no short premium),186.05999755859375,2026-08-21,185.0,15.100000000000001,17.0,18.9,
TPL,Texas Pacific Land Corporation,Energy,2026-08-05,AMC,2026-08-05,0.1060551552974155,0.11452929603546566,0.06002707771857091,0.051224347348780286,0.06882980808836153,0.7667885782253335,6.701282641518681,0.0,screened out,,,,,,0.1598062953995158,36.82161490900516,264,0.8333333333333333,12,True,spread > 10%,spread > 10%; squeeze risk (9% of float short — no short premium),389.4200134277344,2026-08-21,390.0,38.0,41.3,44.6,
TRGP,Targa Resources,Energy,2026-08-06,BMO,2026-08-05,0.0751003266133232,0.08217084082373786,0.030746281637839018,0.026631673935105522,0.034860889340572514,1.4425824071323892,13.815203817077565,0.0,screened out,,,,,,0.18829516539440203,31.882161883195714,270,0.6874999999999999,12,True,spread > 10%,spread > 10%; low-conf moves,261.6499938964844,2026-08-21,260.0,17.8,19.65,21.5,
TRMB,Trimble Inc.,Information Technology,2026-08-05,BMO,2026-08-04,0.1019184633631267,0.11562178616825297,0.05986096482572628,0.04632263981357094,0.07339928983788163,0.7025863792847769,3.9813558972131053,0.0,screened out,,,,,,0.26890756302521,65.16470680223809,180,0.8333333333333333,12,True,spread > 10%,spread > 10%,58.380001068115234,2026-08-21,60.0,5.15,5.95,6.75,
TT,Trane Technologies,Industrials,2026-07-30,BMO,2026-07-29,0.08542007979123153,0.08999425591952911,0.0518382137232177,0.04341347782120857,0.06026294962522683,0.6478206646417086,5.108589759176037,0.0,screened out,,,,,,0.10709838107098374,27.241941344375753,192,0.8333333333333333,12,True,spread > 10%,spread > 10%,470.0299987792969,2026-08-21,470.0,38.0,40.15,42.3,
TROW,T. Rowe Price,Financials,2026-07-31,BMO,2026-07-30,0.06595167636319152,0.07560815234160274,0.0379974613336109,0.031020786588983697,0.0449741360782381,0.7356863866285072,5.135128595395756,0.0,screened out,,,,,,0.2928348909657321,69.08779923308825,712,0.8333333333333333,12,True,spread > 10%,spread > 10%; squeeze risk (13% of float short — no short premium),121.68000030517578,2026-08-21,120.0,6.85,8.024999999999999,9.2,
TSN,Tyson Foods,Consumer Staples,2026-08-03,BMO,2026-07-31,0.07723112089622314,0.09071591978286528,0.03820273079252201,0.03238295919830545,0.04402250238673857,1.0216125730818368,8.594630209647729,0.0,screened out,,,,,,0.34920634920634913,69.10251153487033,672,0.8333333333333333,12,True,spread > 10%,spread > 10%,61.18000030517578,2026-08-21,60.0,3.9000000000000004,4.725,5.55,
TTWO,Take-Two Interactive,Communication Services,2026-08-07,BMO,2026-08-06,0.09995154061887017,0.10742266587725037,0.05159706833429269,0.04290680873743646,0.06028732793114892,0.9371554207555607,7.131097867586491,0.0,screened out,,,,,,0.1494949494949496,30.90148606900667,567,0.8333333333333333,12,True,spread > 10%,spread > 10%,247.6199951171875,2026-08-07,250.0,22.9,24.75,26.6,
TTD,Trade Desk (The),Communication Services,2026-08-06,AMC,2026-08-06,0.15811739947788475,0.16604971048848097,0.10717076253488819,0.08041627447465008,0.1339252505951263,0.4753781324119204,2.440458204961194,0.0,screened out,,,,,,0.1003344481605352,31.139684527053582,603,0.8333333333333333,12,True,spread > 10%,spread > 10%; squeeze risk (18% of float short — no short premium),18.90999984741211,2026-08-07,19.0,2.84,2.99,3.14,
TXT,Textron,Industrials,2026-07-28,BMO,2026-07-27,0.06363939593445539,0.0778123618412555,0.05884560727151837,0.04963897436157443,0.06805224018146232,0.08146383196995642,0.6673144905977891,0.0,screened out,,,,,,0.44541484716157204,591.3054122046647,127,0.8333333333333333,12,True,spread > 10%,spread > 10%,89.95999908447266,2026-08-21,90.0,4.45,5.725,7.0,
TYL,Tyler Technologies,Information Technology,2026-07-29,AMC,2026-07-29,0.12029398309819647,0.13649317284209325,0.0681014578296444,0.05627476894518749,0.07992814671410131,0.7663936563459702,5.655846791749604,0.0,screened out,,,,,,0.2693266832917705,62.074749824980735,23,0.8333333333333333,12,True,spread > 10%,spread > 10%; squeeze risk (10% of float short — no short premium),333.3500061035156,2026-08-21,330.0,34.7,40.1,45.5,
UPS,United Parcel Service,Industrials,2026-07-28,BMO,2026-07-27,0.02965981271871341,0.034871600896123116,0.05465398653779973,0.04367271813484677,0.06563525494075269,-0.4573165729054344,-2.9170157755116164,0.0,screened out,,,,,,0.3514376996805112,41.70402442692323,502,0.8333333333333333,12,True,spread > 10%,spread > 10%,105.52999877929688,2026-07-31,106.0,2.58,3.13,3.68,
VLTO,Veralto,Industrials,2026-07-28,AMC,2026-07-28,0.07692698188377163,0.0903828566027152,0.04688611687762173,0.040771327623010736,0.053000906132232725,0.6407198336462814,6.296271382182083,0.0,screened out,,,,,,0.34983498349834985,89.58380337043491,36,0.8235294117647058,11,True,spread > 10%,spread > 10%,98.47000122070312,2026-08-21,95.0,6.25,7.575,8.9,
V,Visa Inc.,Financials,2026-07-28,AMC,2026-07-28,0.03621211744077235,0.038189803704016034,0.032486337108429006,0.02539561027085544,0.03957706394600257,0.11468760912958213,0.6734091135239975,0.0,screened out,,,,,,0.10922787193973629,106.16225793428957,234,0.8333333333333333,12,True,spread > 10%,spread > 10%,366.5899963378906,2026-07-31,367.5,12.55,13.275,14.0,
VLO,Valero Energy,Energy,2026-07-30,BMO,2026-07-29,0.0503546565649346,0.056544431624411605,0.025801629088565314,0.020294130415259723,0.031309127761870906,0.951607644311522,5.713512046082498,0.0,screened out,,,,,,0.2458471760797342,50.419648374802435,476,0.8333333333333333,12,True,spread > 10%,spread > 10%,298.8800048828125,2026-07-31,300.0,13.2,15.049999999999999,16.9,
VICI,Vici Properties,Real Estate,2026-07-29,AMC,2026-07-29,0.04335793296901332,0.04797047902954666,0.019268121272688038,0.016088328166485824,0.022447914378890252,1.2502418557263204,9.709280333299501,0.0,screened out,,,,,,0.21276595744680873,38.29457962294446,8010,0.8333333333333333,12,True,spread > 10%,spread > 10%,27.100000381469727,2026-08-21,27.5,1.0499999999999998,1.1749999999999998,1.3,
VRT,Vertiv,Industrials,2026-07-29,BMO,2026-07-28,0.10591334121745619,0.1118489400247392,0.07329311038665594,0.053538569254027134,0.09304765151928474,0.4450654455611592,2.1162773436281954,0.0,screened out,,,,,,0.11208406304728545,36.39213246571251,1044,0.8333333333333333,12,True,spread > 10%,spread > 10%,269.55999755859375,2026-07-31,270.0,26.95,28.549999999999997,30.15,
VST,Vistra Corp.,Utilities,2026-08-07,BMO,2026-08-06,0.09519644818422565,0.10226049557598799,0.02571210438096364,0.021309074462745745,0.030115134299181532,2.7023981691170267,20.22496705048592,0.0,screened out,,,,,,0.14840989399293295,20.33277427721985,156,0.7916666666666665,12,True,spread > 10%,spread > 10%,148.63999938964844,2026-08-07,150.0,13.1,14.15,15.200000000000001,
VRTX,Vertex Pharmaceuticals,Health Care,2026-08-03,AMC,2026-08-03,0.0697404086103142,0.078305020194037,0.052310244404849784,0.04000349243466148,0.0646169963750381,0.3332074702340415,1.8151416799359938,0.0,screened out,,,,,,0.24561403508771923,98.27344691380198,22,0.8333333333333333,12,True,spread > 10%,spread > 10%,490.3900146484375,2026-08-07,490.0,30.0,34.2,38.4,
VTR,Ventas,Real Estate,2026-07-29,AMC,2026-07-29,0.06317505643528627,0.08151620185198229,0.03799921827498925,0.031130684695044993,0.0448677518549335,0.662535686342462,4.697560812754814,0.0,screened out,,,,,,0.5806451612903225,145.70434795390838,31,0.8333333333333333,12,True,spread > 10%,spread > 10%,98.13999938964844,2026-08-21,97.5,4.4,6.2,8.0,
VTRS,Viatris,Health Care,2026-08-06,BMO,2026-08-05,0.09658454317186299,0.15677491065577762,0.07224429749454206,0.06236939225157977,0.08211920273750435,0.33691580541924154,3.1589628550903175,0.0,screened out,,,,,,1.2463768115942029,494.57485583226554,3705,0.8333333333333333,12,True,spread > 10%,spread > 10%,17.860000610351562,2026-08-21,18.0,0.65,1.7249999999999999,2.8,
VMC,Vulcan Materials Company,Materials,2026-07-29,BMO,2026-07-28,0.07714443854144987,0.08910616047259604,0.03905200529851192,0.03203641884241999,0.04606759175460384,0.9754283538517666,6.958685884593081,0.0,screened out,,,,,,0.31011235955056204,62.80366420732014,261,0.8333333333333333,12,True,spread > 10%,spread > 10%,288.4200134277344,2026-08-21,290.0,18.799999999999997,22.25,25.700000000000003,
VRSK,Verisk Analytics,Industrials,2026-07-29,BMO,2026-07-28,0.09069066474219684,0.10600207567269761,0.0584443175085452,0.05085950744900801,0.0660291275680824,0.5517447821841168,5.448642522390285,0.0,screened out,,,,,,0.33766233766233766,94.96524254084869,31,0.8333333333333333,12,True,spread > 10%,spread > 10%,212.25999450683594,2026-08-21,210.0,16.0,19.25,22.5,
WBD,Warner Bros. Discovery,Communication Services,2026-08-06,BMO,2026-08-05,0.0585708693577188,0.11479890394112884,0.05227676795050143,0.03850794021315845,0.0660455956878444,0.12039958960693543,0.5858538226614785,0.0,screened out,,,,,,1.92,1786.689821010321,536,0.8333333333333333,12,True,spread > 10%,spread > 10%,25.610000610351562,2026-08-07,26.0,0.060000000000000005,1.5,2.94,
WAT,Waters Corporation,Health Care,2026-08-04,BMO,2026-08-03,0.10289137959885164,0.1203438414548594,0.07333894882001449,0.05940028277977369,0.08727761486025529,0.40295683609214994,2.717218073581408,0.0,screened out,,,,,,0.33924050632911407,118.1118533809792,136,0.8333333333333333,12,True,spread > 10%,spread > 10%,383.8999938964844,2026-08-21,380.0,32.8,39.5,46.2,
WEC,WEC Energy Group,Utilities,2026-07-29,BMO,2026-07-28,0.04643077168964797,0.062054396286638516,0.012496369509476161,0.010013528897320472,0.01497921012163185,2.7155408740465705,17.516359939169984,0.0,screened out,,,,,,0.6729857819905213,92.08133099877963,290,0.8333333333333333,12,True,spread > 10%,spread > 10%,113.61000061035156,2026-08-21,115.0,3.5,5.275,7.05,
WDC,Western Digital,Information Technology,2026-08-05,AMC,2026-08-05,0.18014713434607807,0.1889926822600771,0.0712295562539155,0.061007901472889724,0.08145121103494128,1.5291065088753146,13.656181026777675,0.0,screened out,,,,,,0.09820359281437112,16.242645253301923,67,0.8333333333333333,12,True,OI < 500,OI < 500; wide market,463.510009765625,2026-08-07,465.0,79.4,83.5,87.6,
WM,Waste Management,Industrials,2026-07-28,AMC,2026-07-28,0.06098324955796612,0.07184328030116557,0.040718992802774245,0.03438314334734147,0.04705484225820702,0.49766105103197056,4.099003873140476,0.0,screened out,,,,,,0.3561643835616438,107.18410129122562,1208,0.8333333333333333,12,True,spread > 10%,spread > 10%,239.41000366210938,2026-08-21,240.0,12.0,14.6,17.2,
WY,Weyerhaeuser,Real Estate,2026-07-30,AMC,2026-07-30,0.05790328990892469,0.06907760901415577,0.023266418992713384,0.019484049683387912,0.027048788302038856,1.4887065743576153,11.7361923534994,0.0,screened out,,,,,,0.38596491228070196,64.52268238815478,1224,0.8333333333333333,12,True,spread > 10%,spread > 10%,24.610000610351562,2026-08-21,25.0,1.15,1.425,1.7000000000000002,
WTW,Willis Towers Watson,Financials,2026-07-30,BMO,2026-07-29,0.09283274183968987,0.10311234698377818,0.05392041763156931,0.04463936569008507,0.06320146957305355,0.7216621442734928,5.373317057112821,0.0,screened out,,,,,,0.22146507666098805,52.83470136149347,11,0.8333333333333333,12,True,spread > 10%,spread > 10%,316.1600036621094,2026-08-21,300.0,26.1,29.35,32.6,
WMB,Williams Companies,Energy,2026-08-03,AMC,2026-08-03,0.04917331556331158,0.054161912794372165,0.024886117540824648,0.02091610149717396,0.028856133584475335,0.9759335895864345,7.840389722202847,0.0,screened out,,,,,,0.20289855072463758,41.08005564447386,34,0.8333333333333333,12,True,spread > 10%,spread > 10%,70.16000366210938,2026-08-07,70.0,3.1,3.45,3.8,
WYNN,Wynn Resorts,Consumer Discretionary,2026-08-04,AMC,2026-08-04,0.0691274513437312,0.09796001140017423,0.052580601060457935,0.04286143309164636,0.06229976902926951,0.3146949625822546,2.1819196243025805,0.0,screened out,,,,,,0.8341855368882395,348.49605287828143,437,0.8333333333333333,12,True,spread > 10%,spread > 10%; squeeze risk (12% of float short — no short premium),99.0199966430664,2026-08-07,99.0,3.99,6.845,9.7,
XEL,Xcel Energy,Utilities,2026-07-30,BMO,2026-07-29,0.05881986670356787,0.0858956783607658,0.024478721979280655,0.019680980814612323,0.029276463143948987,1.402897780094661,9.173402559262286,0.0,screened out,,,,,,0.9206349206349208,157.68729828070633,2509,0.8333333333333333,12,True,spread > 10%,spread > 10%,80.33000183105469,2026-08-21,80.0,2.55,4.725,6.9,
XYL,Xylem Inc.,Industrials,2026-07-28,BMO,2026-07-27,0.058213970784492475,0.07121709140645814,0.05425280060854157,0.045886669519301905,0.06261893169778124,0.07301319252682523,0.6068080506206912,0.0,screened out,,,,,,0.4467353951890034,656.529260010607,3049,0.8333333333333333,12,True,spread > 10%,spread > 10%,124.97000122070312,2026-08-21,125.0,5.65,7.275,8.9,
XYZ,"Block, Inc.",Financials,2026-08-05,AMC,2026-08-05,0.10649819690136406,0.11251504418392698,0.08272426432068956,0.0659438895795304,0.09950463906184873,0.2873876579731464,1.8157325128537445,0.0,screened out,,,,,,0.11299435028248565,50.61718133628379,661,0.8333333333333333,12,True,spread > 10%,spread > 10%,83.0999984741211,2026-08-07,83.0,8.350000000000001,8.850000000000001,9.35,
ZBH,Zimmer Biomet,Health Care,2026-08-05,BMO,2026-08-04,0.08198433420365535,0.09399477806788512,0.06939755339004694,0.05869251602257825,0.08010259075751563,0.1813721118216484,1.5068810819606617,0.0,screened out,,,,,,0.2929936305732484,190.84218660969248,117,0.8333333333333333,12,True,spread > 10%,spread > 10%; squeeze risk (8% of float short — no short premium),95.75,2026-08-21,95.0,6.7,7.85,9.0,
ZTS,Zoetis,Health Care,2026-08-06,BMO,2026-08-05,0.1186943587465036,0.1290156073331561,0.07663051230245824,0.06391269855229852,0.08934832605261796,0.5489177245484236,4.238859497530501,0.0,screened out,,,,,,0.17391304347826084,49.07420247638139,2934,0.8333333333333333,12,True,spread > 10%,spread > 10%,77.51000213623047,2026-08-21,80.0,8.4,9.2,10.0,
ZBRA,Zebra Technologies,Information Technology,2026-08-04,BMO,2026-08-03,0.2693389649926673,0.2932489514411025,0.0831579455142991,0.07040468844660834,0.09591120258198986,2.238884310175197,18.709698494823947,0.0,screened out,,,,,,0.17754569190600536,25.68466594008877,90,0.8333333333333333,12,True,spread > 10%,spread > 10%,284.3999938964844,2026-08-21,280.0,69.8,76.6,83.4,
YUM,Yum! Brands,Consumer Discretionary,2026-07-30,BMO,2026-07-29,0.06754059144561493,0.07319670008884376,0.04729458430713554,0.03819214297171849,0.05639702564255259,0.42808299163811,2.850585001599063,0.0,screened out,,,,,,0.16748768472906397,55.87381852176552,365,0.8333333333333333,12,True,spread > 10%,spread > 10%,150.27999877929688,2026-08-21,150.0,9.3,10.15,11.0,
