ticker,name,sector,earnings_date,session,entry_by,implied_move_mid,implied_move_ask,fair_move,ci_low,ci_high,edge,z,score,structure,detail,entry_side,entry_price,max_gain,max_loss,spread_pct,spread_cost_pct_of_edge,open_interest,conf_mult,n_events,screened,screen_reason,flags,spot,expiry,atm_strike,straddle_bid,straddle_mid,straddle_ask,legs_json
LYB,LyondellBasell,Materials,2026-07-31,BMO,2026-07-30,0.1115211815473935,0.11553273484046522,0.027162587744390777,0.02124344868380535,0.0330817268049762,3.1056906137532216,18.265151859303575,15.220959882752979,iron fly,"short 62.5 straddle @ bid, long 57.5P / 67.5C @ ask",credit,334.99999999999994,334.99999999999994,165.00000000000009,0.0719424460431656,9.510716365044305,2102,0.8333333333333333,12,False,,,62.31999969482422,2026-08-21,62.5,6.699999999999999,6.949999999999999,7.2,"[{""action"": ""SELL"", ""right"": ""CALL"", ""strike"": 62.5}, {""action"": ""SELL"", ""right"": ""PUT"", ""strike"": 62.5}, {""action"": ""BUY"", ""right"": ""CALL"", ""strike"": 67.5}, {""action"": ""BUY"", ""right"": ""PUT"", ""strike"": 57.5}]"
AWK,American Water Works,Utilities,2026-07-29,AMC,2026-07-29,0.05697526635040851,0.0590301120220626,0.01601927456961009,0.012345511390085863,0.019693037749134314,2.5566695672034605,14.287583739425722,11.906319782854768,iron fly,"short 135 straddle @ bid, long 130P / 140C @ ask",credit,335.00000000000006,335.00000000000006,164.99999999999994,0.07213114754098358,10.034408067331722,862,0.8333333333333333,12,False,,,133.8300018310547,2026-08-21,135.0,7.3500000000000005,7.625,7.9,"[{""action"": ""SELL"", ""right"": ""CALL"", ""strike"": 135.0}, {""action"": ""SELL"", ""right"": ""PUT"", ""strike"": 135.0}, {""action"": ""BUY"", ""right"": ""CALL"", ""strike"": 140.0}, {""action"": ""BUY"", ""right"": ""PUT"", ""strike"": 130.0}]"
MPC,Marathon Petroleum,Energy,2026-08-04,BMO,2026-08-03,0.10211512650271191,0.10512316898883832,0.03879627665071622,0.03184686100859637,0.04574569229283607,1.632085739104728,11.677159943992622,9.73096661999385,no affordable structure,,,,,,0.05891472868217061,9.501254344188292,1099,0.8333333333333333,12,False,,,315.82000732421875,2026-08-21,320.0,31.3,32.25,33.2,
APH,Amphenol,Information Technology,2026-07-29,BMO,2026-07-28,0.14030855673124198,0.14221319777284253,0.05714457588434043,0.04784967825950397,0.0664394735091769,1.4553258915636003,11.466824289553623,9.555686907961352,iron fly,"short 160 straddle @ bid, long 150P / 170C @ ask",credit,790.0,790.0,209.99999999999997,0.027149321266968226,4.580447020944944,1705,0.8333333333333333,12,False,,,157.50999450683594,2026-08-21,160.0,21.8,22.1,22.4,"[{""action"": ""SELL"", ""right"": ""CALL"", ""strike"": 160.0}, {""action"": ""SELL"", ""right"": ""PUT"", ""strike"": 160.0}, {""action"": ""BUY"", ""right"": ""CALL"", ""strike"": 170.0}, {""action"": ""BUY"", ""right"": ""PUT"", ""strike"": 150.0}]"
OKE,Oneok,Energy,2026-08-03,AMC,2026-08-03,0.07084468664850137,0.07302452316076294,0.026605314790354165,0.021042577541702592,0.03216805203900574,1.6628020456343677,10.192316559108567,8.493597132590471,iron fly,"short 90 straddle @ bid, long 85P / 95C @ ask",credit,335.0000000000001,335.0000000000001,164.99999999999991,0.06153846153846132,9.854735366727997,3316,0.8333333333333333,12,False,,,91.75,2026-08-21,90.0,6.300000000000001,6.5,6.699999999999999,"[{""action"": ""SELL"", ""right"": ""CALL"", ""strike"": 90.0}, {""action"": ""SELL"", ""right"": ""PUT"", ""strike"": 90.0}, {""action"": ""BUY"", ""right"": ""CALL"", ""strike"": 95.0}, {""action"": ""BUY"", ""right"": ""PUT"", ""strike"": 85.0}]"
EXE,Expand Energy,Energy,2026-07-28,AMC,2026-07-28,0.08425459004266139,0.0880111641209966,0.03204374483871553,0.026549970989375445,0.03753751868805561,1.6293615327027657,12.179864160483186,5.495161643530147,iron fly,"short 95 straddle @ bid, long 90P / 100C @ ask",credit,335.00000000000006,335.00000000000006,164.99999999999994,0.0891719745222929,14.390014425781837,1722,0.8333333333333333,12,False,,wide market,93.16999816894531,2026-08-21,95.0,7.5,7.85,8.2,"[{""action"": ""SELL"", ""right"": ""CALL"", ""strike"": 95.0}, {""action"": ""SELL"", ""right"": ""PUT"", ""strike"": 95.0}, {""action"": ""BUY"", ""right"": ""CALL"", ""strike"": 100.0}, {""action"": ""BUY"", ""right"": ""PUT"", ""strike"": 90.0}]"
AMD,Advanced Micro Devices,Information Technology,2026-08-04,AMC,2026-08-04,0.15633769182954624,0.1603208177360315,0.08412632661219809,0.06926746320812478,0.09898519001627139,0.858368219858511,6.228342178391887,5.190285148659905,no affordable structure,,,,,,0.05095541401273876,11.031853211738849,2341,0.8333333333333333,12,False,,,552.3300170898438,2026-08-07,550.0,84.15,86.35,88.55,
ADM,Archer Daniels Midland,Consumer Staples,2026-08-04,BMO,2026-08-03,0.08245533698079904,0.08474576300804346,0.0328674334666727,0.028402900897103546,0.03733196603624186,1.5087245423165778,14.23482887702112,4.982190106957392,iron fly,"short 87.5 straddle @ bid, long 82.5P / 92.5C @ ask",credit,359.99999999999994,359.99999999999994,140.00000000000003,0.0555555555555556,9.23784175143414,812,0.35,0,False,,thin history (n=0); low-conf moves,87.31999969482422,2026-08-21,87.5,7.0,7.2,7.4,"[{""action"": ""SELL"", ""right"": ""CALL"", ""strike"": 87.5}, {""action"": ""SELL"", ""right"": ""PUT"", ""strike"": 87.5}, {""action"": ""BUY"", ""right"": ""CALL"", ""strike"": 92.5}, {""action"": ""BUY"", ""right"": ""PUT"", ""strike"": 82.5}]"
GLW,Corning Inc.,Information Technology,2026-07-28,BMO,2026-07-27,0.14620927143292373,0.15286252351810672,0.059872767635740655,0.050707164811844466,0.06903837045963684,1.4419995468130835,12.072186128117028,4.522045303262465,iron fly,"short 155 straddle @ bid, long 150P / 160C @ ask",credit,304.9999999999999,304.9999999999999,195.0000000000001,0.0910099889012209,15.412373196886548,757,0.8333333333333333,12,False,,wide market,154.05999755859375,2026-07-31,155.0,21.5,22.525,23.55,"[{""action"": ""SELL"", ""right"": ""CALL"", ""strike"": 155.0}, {""action"": ""SELL"", ""right"": ""PUT"", ""strike"": 155.0}, {""action"": ""BUY"", ""right"": ""CALL"", ""strike"": 160.0}, {""action"": ""BUY"", ""right"": ""PUT"", ""strike"": 150.0}]"
COIN,Coinbase,Financials,2026-07-30,AMC,2026-07-30,0.1190404561837962,0.12400674575909999,0.0688439343066875,0.055087174261068406,0.0826006943523066,0.7291349976236411,4.67638180969721,3.2269596347994636,iron fly,"short 165 straddle @ bid, long 160P / 170C @ ask",credit,339.9999999999999,339.9999999999999,160.00000000000014,0.08343868520859683,19.787385219486943,1679,0.8333333333333333,12,False,,wide market; squeeze risk (11% of float short — no short premium),166.1199951171875,2026-07-31,165.0,18.95,19.775,20.6,"[{""action"": ""SELL"", ""right"": ""CALL"", ""strike"": 165.0}, {""action"": ""SELL"", ""right"": ""PUT"", ""strike"": 165.0}, {""action"": ""BUY"", ""right"": ""CALL"", ""strike"": 170.0}, {""action"": ""BUY"", ""right"": ""PUT"", ""strike"": 160.0}]"
MSFT,Microsoft,Information Technology,2026-07-29,AMC,2026-07-29,0.08281242071852268,0.08377312165493246,0.05649822616279904,0.04745760197100518,0.06553885035459289,0.4657525792030988,3.730303464358892,3.108586220299076,iron fly,"short 390 straddle @ bid, long 377.5P / 402.5C @ ask",credit,1004.9999999999999,1004.9999999999999,245.0000000000001,0.023201856148491986,7.301769654209815,3278,0.8333333333333333,12,False,,,390.3399963378906,2026-07-31,390.0,31.95,32.325,32.7,"[{""action"": ""SELL"", ""right"": ""CALL"", ""strike"": 390.0}, {""action"": ""SELL"", ""right"": ""PUT"", ""strike"": 390.0}, {""action"": ""BUY"", ""right"": ""CALL"", ""strike"": 402.5}, {""action"": ""BUY"", ""right"": ""PUT"", ""strike"": 377.5}]"
CLX,Clorox,Consumer Staples,2026-08-03,AMC,2026-08-03,0.0908521282990697,0.09502923764615337,0.04246246316112801,0.03545388616314345,0.04947104015911258,1.1395868617965548,8.848614327647379,2.966489477659605,iron fly,"short 95 straddle @ bid, long 90P / 100C @ ask",credit,340.00000000000006,340.00000000000006,159.99999999999991,0.09195402298850563,17.264468911600066,3778,0.8333333333333333,12,False,,wide market; squeeze risk (11% of float short — no short premium),95.76000213623047,2026-08-21,95.0,8.3,8.7,9.1,"[{""action"": ""SELL"", ""right"": ""CALL"", ""strike"": 95.0}, {""action"": ""SELL"", ""right"": ""PUT"", ""strike"": 95.0}, {""action"": ""BUY"", ""right"": ""CALL"", ""strike"": 100.0}, {""action"": ""BUY"", ""right"": ""PUT"", ""strike"": 90.0}]"
GPN,Global Payments,Financials,2026-08-05,BMO,2026-08-04,0.12156514944415654,0.1253640603642864,0.04337501558875869,0.031160167030510787,0.05558986414700659,1.8026537349686174,8.203824637794103,2.8713386232279356,iron fly,"short 80 straddle @ bid, long 77.5P / 85C @ ask",credit,255.00000000000006,255.00000000000006,244.99999999999994,0.06249999999999978,9.717110670651756,4484,0.35,0,False,,thin history (n=0); low-conf moves; squeeze risk (9% of float short — no short premium),78.97000122070312,2026-08-21,80.0,9.3,9.6,9.899999999999999,"[{""action"": ""SELL"", ""right"": ""CALL"", ""strike"": 80.0}, {""action"": ""SELL"", ""right"": ""PUT"", ""strike"": 80.0}, {""action"": ""BUY"", ""right"": ""CALL"", ""strike"": 85.0}, {""action"": ""BUY"", ""right"": ""PUT"", ""strike"": 77.5}]"
NOW,ServiceNow,Information Technology,2026-07-22,AMC,2026-07-22,0.11496962188621238,0.11627907088263847,0.08236182964658373,0.06842412737603262,0.09629953191713483,0.3959090318846648,2.9983526497481763,2.49862720812348,iron fly,"short 95 straddle @ bid, long 86P / 104C @ ask",credit,656.0000000000001,656.0000000000001,243.99999999999986,0.022779043280182067,8.031509688256111,3477,0.8333333333333333,12,False,,,95.45999908447266,2026-07-24,95.0,10.850000000000001,10.975000000000001,11.1,"[{""action"": ""SELL"", ""right"": ""CALL"", ""strike"": 95.0}, {""action"": ""SELL"", ""right"": ""PUT"", ""strike"": 95.0}, {""action"": ""BUY"", ""right"": ""CALL"", ""strike"": 104.0}, {""action"": ""BUY"", ""right"": ""PUT"", ""strike"": 86.0}]"
OXY,Occidental Petroleum,Energy,2026-08-05,AMC,2026-08-05,0.07243478260869565,0.07460869565217391,0.03095920643553397,0.023205574248523212,0.038712838622544724,1.339684731891492,6.855509410489177,2.399428293671212,iron fly,"short 58 straddle @ bid, long 53P / 63C @ ask",credit,296.0,296.0,204.0,0.060024009603841535,10.482858800572721,581,0.35,0,False,,thin history (n=0); low-conf moves,57.5,2026-08-07,58.0,4.04,4.165,4.29,"[{""action"": ""SELL"", ""right"": ""CALL"", ""strike"": 58.0}, {""action"": ""SELL"", ""right"": ""PUT"", ""strike"": 58.0}, {""action"": ""BUY"", ""right"": ""CALL"", ""strike"": 63.0}, {""action"": ""BUY"", ""right"": ""PUT"", ""strike"": 53.0}]"
AMZN,Amazon,Consumer Discretionary,2026-07-30,AMC,2026-07-30,0.07759852777772584,0.07882376769000574,0.05673582231234367,0.046775204793374284,0.06669643983131306,0.3677166314877435,2.684335913261762,2.1810229295251813,iron fly,"short 245 straddle @ bid, long 235P / 255C @ ask",credit,779.9999999999999,779.9999999999999,220.0000000000001,0.03157894736842113,11.745743276805065,4372,0.8124999999999999,12,False,,,244.85000610351562,2026-07-31,245.0,18.7,19.0,19.3,"[{""action"": ""SELL"", ""right"": ""CALL"", ""strike"": 245.0}, {""action"": ""SELL"", ""right"": ""PUT"", ""strike"": 245.0}, {""action"": ""BUY"", ""right"": ""CALL"", ""strike"": 255.0}, {""action"": ""BUY"", ""right"": ""PUT"", ""strike"": 235.0}]"
F,Ford Motor Company,Consumer Discretionary,2026-07-28,AMC,2026-07-28,0.07212205232299057,0.07420249613999991,0.04981008878819228,0.037338842790197065,0.06228133478618749,0.447940649728122,2.292875344676404,1.910729453897003,iron fly,"short 14.5 straddle @ bid, long 12P / 17C @ ask",credit,95.0,95.0,155.0,0.05769230769230753,18.648684269895167,7400,0.8333333333333333,12,False,,,14.420000076293945,2026-07-31,14.5,1.01,1.04,1.0699999999999998,"[{""action"": ""SELL"", ""right"": ""CALL"", ""strike"": 14.5}, {""action"": ""SELL"", ""right"": ""PUT"", ""strike"": 14.5}, {""action"": ""BUY"", ""right"": ""CALL"", ""strike"": 17.0}, {""action"": ""BUY"", ""right"": ""PUT"", ""strike"": 12.0}]"
EW,Edwards Lifesciences,Health Care,2026-07-23,AMC,2026-07-23,0.08948678148888484,0.09244991994878168,0.0625956926239313,0.04410527045298227,0.08108611479488034,0.42959966952538603,1.8638633109995444,1.5532194258329535,iron fly,"short 85 straddle @ bid, long 80P / 90C @ ask",credit,300.0,300.0,200.0,0.06622516556291391,22.038069747027844,1637,0.8333333333333333,12,False,,,84.37000274658203,2026-08-21,85.0,7.3,7.55,7.8,"[{""action"": ""SELL"", ""right"": ""CALL"", ""strike"": 85.0}, {""action"": ""SELL"", ""right"": ""PUT"", ""strike"": 85.0}, {""action"": ""BUY"", ""right"": ""CALL"", ""strike"": 90.0}, {""action"": ""BUY"", ""right"": ""PUT"", ""strike"": 80.0}]"
INTC,Intel,Information Technology,2026-07-23,AMC,2026-07-23,0.12595010382057795,0.12814265881938877,0.10074980179275088,0.08126702857449743,0.12023257501100433,0.25012755935406983,1.657705846958395,1.3468860006536958,iron fly,"short 103 straddle @ bid, long 94P / 112C @ ask",credit,673.0,673.0,226.99999999999994,0.03481624758220511,17.401021594024886,2588,0.8124999999999999,12,False,,,102.62000274658203,2026-07-24,103.0,12.7,12.925,13.15,"[{""action"": ""SELL"", ""right"": ""CALL"", ""strike"": 103.0}, {""action"": ""SELL"", ""right"": ""PUT"", ""strike"": 103.0}, {""action"": ""BUY"", ""right"": ""CALL"", ""strike"": 112.0}, {""action"": ""BUY"", ""right"": ""PUT"", ""strike"": 94.0}]"
PLTR,Palantir Technologies,Information Technology,2026-08-03,AMC,2026-08-03,0.13205426700088113,0.13365979000393136,0.1085595241340999,0.08772001985421536,0.12939902841398443,0.21642267736692516,1.444893412706152,1.2040778439217932,iron fly,"short 125 straddle @ bid, long 115P / 135C @ ask",credit,780.0,780.0,220.00000000000003,0.024316109422492314,13.667082990895292,1201,0.8333333333333333,12,False,,,124.56999969482422,2026-08-07,125.0,16.25,16.45,16.65,"[{""action"": ""SELL"", ""right"": ""CALL"", ""strike"": 125.0}, {""action"": ""SELL"", ""right"": ""PUT"", ""strike"": 125.0}, {""action"": ""BUY"", ""right"": ""CALL"", ""strike"": 135.0}, {""action"": ""BUY"", ""right"": ""PUT"", ""strike"": 115.0}]"
AME,Ametek,Industrials,2026-08-04,BMO,2026-08-03,0.07887300303193541,0.08266902991582535,0.03884443689257571,0.03058189290191847,0.04710698088323295,1.0304838824169005,6.208815399011595,0.96839812373175,no affordable structure,,,,,,0.09625668449197863,18.966589363576247,4568,0.8333333333333333,12,False,,wide market,237.08999633789062,2026-08-21,240.0,17.8,18.700000000000003,19.6,
GOOGL,Alphabet Inc. (Class A),Communication Services,2026-07-22,AMC,2026-07-22,0.058975708778320014,0.06007191154371629,0.052055908122234026,0.0428824854104287,0.06122933083403935,0.13293016884533831,0.9667511025548832,0.8056259187957359,no trade,,,,,,0.037174721189590906,31.68307354149469,750,0.8333333333333333,12,False,,,342.0899963378906,2026-07-24,342.5,19.8,20.174999999999997,20.549999999999997,
AAPL,Apple Inc.,Information Technology,2026-07-30,AMC,2026-07-30,0.047025067695100294,0.049096318637625105,0.03717985562979942,0.02940436054323727,0.04495535071636157,0.26479963137377005,1.6227421717101675,0.8051942532275781,iron fly,"short 325 straddle @ bid, long 317.5P / 332.5C @ ask",credit,509.99999999999994,509.99999999999994,240.00000000000003,0.08809135399673745,42.07630935294664,8191,0.8333333333333333,12,False,,wide market,325.8900146484375,2026-07-31,325.0,14.649999999999999,15.325,16.0,"[{""action"": ""SELL"", ""right"": ""CALL"", ""strike"": 325.0}, {""action"": ""SELL"", ""right"": ""PUT"", ""strike"": 325.0}, {""action"": ""BUY"", ""right"": ""CALL"", ""strike"": 332.5}, {""action"": ""BUY"", ""right"": ""PUT"", ""strike"": 317.5}]"
GOOG,Alphabet Inc. (Class C),Communication Services,2026-07-22,AMC,2026-07-22,0.05754438240842963,0.05864116225102995,0.05152449802698794,0.04239543301341435,0.060653563040561534,0.11683538145851592,0.8451121568073464,0.7042601306727886,no trade,,,,,,0.03811944091486677,36.438568354618496,1101,0.8333333333333333,12,False,,,341.9100036621094,2026-07-24,342.5,19.299999999999997,19.674999999999997,20.05,
AJG,Arthur J. Gallagher & Co.,Financials,2026-07-30,AMC,2026-07-30,0.08721649484536083,0.09154639175257732,0.02475683162116299,0.019367323653252687,0.03014633958907329,2.522926365537227,14.852618247296041,0.43890715860800517,no affordable structure,,,,,,0.09929078014184403,13.864618167006155,544,0.8333333333333333,12,False,,wide market,242.5,2026-08-21,240.0,20.1,21.150000000000002,22.200000000000003,
O,Realty Income,Real Estate,2026-08-05,AMC,2026-08-05,0.04113486160561977,0.0430570514002749,0.030751853697969213,0.026874510933318763,0.034629196462619666,0.3376384399336626,3.431954238289942,0.39291064877618453,iron fly,"short 65 straddle @ bid, long 62.5P / 67.5C @ ask",credit,154.99999999999997,154.99999999999997,95.00000000000004,0.09345794392523366,37.02568295722464,6444,0.35,0,False,,thin history (n=0); low-conf moves; wide market,65.02999877929688,2026-08-21,65.0,2.55,2.675,2.8,"[{""action"": ""SELL"", ""right"": ""CALL"", ""strike"": 65.0}, {""action"": ""SELL"", ""right"": ""PUT"", ""strike"": 65.0}, {""action"": ""BUY"", ""right"": ""CALL"", ""strike"": 67.5}, {""action"": ""BUY"", ""right"": ""PUT"", ""strike"": 62.5}]"
IBM,IBM,Information Technology,2026-07-22,AMC,2026-07-22,0.06815862229088276,0.06973805560600127,0.06673265519283705,0.05772644574625344,0.07573886463942066,0.021368355476417054,0.2029177140165921,0.16909809501382672,no trade,,,,,,0.046345811051693435,221.5245102475522,5342,0.8333333333333333,12,False,,,205.77000427246094,2026-07-24,205.0,13.7,14.024999999999999,14.35,
PFE,Pfizer,Health Care,2026-08-04,BMO,2026-08-03,0.05036261141698023,0.05278001676499528,0.05324429739519495,0.051553143521350674,0.054935451269039225,-0.054121964589484435,-2.1838159181132317,-0.15286711426792315,no trade,,,,,,0.09600000000000009,167.77715311733584,7658,0.35,0,False,,thin history (n=0); low-conf moves; wide market,24.81999969482422,2026-08-07,25.0,1.19,1.25,1.31,
ABBV,AbbVie,Health Care,2026-07-31,BMO,2026-07-30,0.05221081658375536,0.05527042965388091,0.04369507818545998,0.038364202006135356,0.0490259543647846,0.19489010552060493,2.0472751502995967,0.0,screened out,,,,,,0.11720226843100194,71.85784548614137,60,0.8333333333333333,12,True,spread > 10%,spread > 10%,253.3000030517578,2026-07-31,252.5,12.45,13.225,14.0,
ACGL,Arch Capital Group,Financials,2026-07-28,AMC,2026-07-28,0.057791748542327666,0.07401399374719157,0.0324278284940286,0.02690323220463943,0.037952424783417774,0.7821652335730617,5.883941238626535,0.0,screened out,,,,,,0.5614035087719299,127.91591500030606,221,0.8333333333333333,12,True,spread > 10%,spread > 10%,98.62999725341797,2026-08-21,100.0,4.1,5.699999999999999,7.3,
AEE,Ameren,Utilities,2026-07-30,AMC,2026-07-30,0.05468261658053145,0.06606552860341759,0.016043429425591095,0.013810676000841068,0.018276182850341122,2.4084119504590746,22.178885365864204,0.0,screened out,,,,,,0.416326530612245,58.91900353514935,12,0.8333333333333333,12,True,spread > 10%,spread > 10%,112.01000213623047,2026-08-21,110.0,4.85,6.125,7.4,
ADP,Automatic Data Processing,Industrials,2026-07-29,BMO,2026-07-28,0.05573379513054324,0.060463969625017384,0.03747620623796914,0.029800883969699363,0.04515152850623892,0.4871781518289426,3.0485919817927982,0.0,screened out,,,,,,0.1697416974169741,51.815982080723145,21,0.8333333333333333,12,True,spread > 10%,spread > 10%,243.1199951171875,2026-07-31,242.5,12.4,13.55,14.7,
AEP,American Electric Power,Utilities,2026-07-30,BMO,2026-07-29,0.057676407737020916,0.06199744154142313,0.02684757576420058,0.022360100808743795,0.031335050719657365,1.148291087567336,8.804557451250389,0.0,screened out,,,,,,0.14983713355048864,28.032419834859645,1255,0.8333333333333333,12,True,spread > 10%,spread > 10%,133.07000732421875,2026-08-21,135.0,7.1,7.675,8.25,
AES,AES Corporation,Utilities,2026-07-30,AMC,2026-07-30,0.020524899532077055,0.023553163397465472,0.031988658658197215,0.023610356658946625,0.040366960657447805,-0.35836948490437964,-1.7535717496635648,0.0,screened out,,,,,,0.29508196721311464,52.83195210353856,3445,0.8333333333333333,12,True,spread > 10%,spread > 10%,14.859999656677246,2026-07-31,15.0,0.26,0.305,0.35,
AIZ,Assurant,Financials,2026-08-04,AMC,2026-08-04,0.06370126446568428,0.07431814187663167,0.04337501558875869,0.031160167030510787,0.05558986414700659,0.4686165203867604,2.1326601338072146,0.0,screened out,,,,,,0.3333333333333334,104.46469956391897,200,0.35,0,True,spread > 10%,spread > 10%; thin history (n=0); low-conf moves,273.1499938964844,2026-08-21,270.0,14.5,17.4,20.3,
ALGN,Align Technology,Health Care,2026-07-29,AMC,2026-07-29,0.10466194652275074,0.11364953749838862,0.07878789298243125,0.054449030006305806,0.10312675595855669,0.3284013896156494,1.3624378036805194,0.0,screened out,,,,,,0.17174515235457072,69.47184337879281,11,0.8333333333333333,12,True,spread > 10%,spread > 10%,172.4600067138672,2026-07-31,170.0,16.5,18.05,19.6,
ALL,Allstate,Financials,2026-08-05,AMC,2026-08-05,0.06869713645797478,0.07465353557282807,0.03430704076298498,0.0215929466433758,0.04702113488259416,1.0024209296446935,3.4665738847034535,0.0,screened out,,,,,,0.17341040462427745,34.64020087458538,1208,0.35,0,True,spread > 10%,spread > 10%; thin history (n=0); low-conf moves,251.8300018310547,2026-08-21,250.0,15.8,17.3,18.8,
ALLE,Allegion,Industrials,2026-07-23,BMO,2026-07-22,0.09431940184237207,0.10932476122638582,0.05590604180984628,0.046242474815287524,0.06556960880440503,0.6871057007251828,5.094450345861443,0.0,screened out,,,,,,0.3181818181818183,78.1257321479206,40,0.8333333333333333,12,True,spread > 10%,spread > 10%,139.9499969482422,2026-08-21,140.0,11.1,13.2,15.3,
ALB,Albemarle Corporation,Materials,2026-08-05,AMC,2026-08-05,0.10791826589476723,0.12005108868767005,0.039920390578220784,0.031648175157357156,0.04819260599908441,1.7033369246052363,10.534792987364899,0.0,screened out,,,,,,0.22485207100591711,35.6858879381793,17,0.35,0,True,spread > 10%,spread > 10%; thin history (n=0); low-conf moves,117.44999694824219,2026-08-07,119.0,11.25,12.675,14.1,
AMT,American Tower,Real Estate,2026-07-28,BMO,2026-07-27,0.0758761904446863,0.0818981103212487,0.031559757997539586,0.026122565911799546,0.03699695008327963,1.4042069793628216,10.445821837565797,0.0,screened out,,,,,,0.15873015873015872,27.176916299588655,1379,0.8333333333333333,12,True,spread > 10%,spread > 10%,166.05999755859375,2026-08-21,165.0,11.600000000000001,12.600000000000001,13.600000000000001,
AMGN,Amgen,Health Care,2026-08-04,AMC,2026-08-04,0.06419888207533878,0.06706734276381136,0.05497771208881595,0.04859551714107676,0.061359907036555146,0.1677256043617478,1.851690766499379,0.0,screened out,,,,,,0.08936170212765963,62.214679756798255,69,0.8333333333333333,12,True,OI < 500,OI < 500; wide market,366.04998779296875,2026-08-07,365.0,22.45,23.5,24.55,
AMP,Ameriprise Financial,Financials,2026-07-23,BMO,2026-07-22,0.07317489742995907,0.0857978045093165,0.034575376378413014,0.028928457621148325,0.0402222951356777,1.1163875883545118,8.760378589831845,0.0,screened out,,,,,,0.34500648508430626,65.40447516175496,52,0.8333333333333333,12,True,spread > 10%,spread > 10%,526.8200073242188,2026-08-21,530.0,31.9,38.55,45.2,
ANET,Arista Networks,Information Technology,2026-08-04,AMC,2026-08-04,0.1466803952433972,0.15211300247463413,0.08325778870719343,0.06754026878102819,0.09897530863335867,0.7617618425977257,5.171452806717074,0.0,screened out,,,,,,0.07407407407407401,17.1314536816957,448,0.8333333333333333,12,True,OI < 500,OI < 500,174.8699951171875,2026-08-07,175.0,24.700000000000003,25.650000000000002,26.6,
AON,Aon plc,Financials,2026-07-29,BMO,2026-07-28,0.07563931829723462,0.08429597573838155,0.0365995661133962,0.028828799361601397,0.04437033286519101,1.0666725409498519,6.438662746794089,0.0,screened out,,,,,,0.22889305816135078,44.34791184320368,92,0.8333333333333333,12,True,spread > 10%,spread > 10%,352.3299865722656,2026-08-21,350.0,23.6,26.65,29.7,
AOS,A. O. Smith,Industrials,2026-07-30,BMO,2026-07-29,0.08424600048103109,0.08930076050989297,0.041318974262807534,0.03426757052285153,0.04837037800276354,1.0389180027845821,7.802031883316693,0.0,screened out,,,,,,0.1200000000000001,23.55047844761258,1733,0.8333333333333333,12,True,spread > 10%,spread > 10%; squeeze risk (11% of float short — no short premium),59.349998474121094,2026-08-21,60.0,4.7,5.0,5.300000000000001,
APA,APA Corporation,Energy,2026-08-05,AMC,2026-08-05,0.08830845696656711,0.0917634044222231,0.03028910460918229,0.0237982947244355,0.03677991449392908,1.9155189004760471,11.45582805559635,0.0,screened out,,,,,,0.07824726134585303,11.909638130306506,86,0.35,0,True,OI < 500,OI < 500; thin history (n=0); low-conf moves; squeeze risk (9% of float short — no short premium),36.18000030517578,2026-08-07,36.0,3.07,3.1950000000000003,3.3200000000000003,
APD,Air Products,Materials,2026-07-30,BMO,2026-07-29,0.07205387205387206,0.07643097643097645,0.045125167577775536,0.03350971460369308,0.056740620551857995,0.5967557777970248,2.97119946450401,0.0,screened out,,,,,,0.1214953271028038,32.50883740797668,801,0.8333333333333333,12,True,spread > 10%,spread > 10%,297.0,2026-08-21,300.0,20.1,21.400000000000002,22.700000000000003,
APP,AppLovin,Information Technology,2026-08-05,AMC,2026-08-05,0.1682505773650697,0.17528122108781757,0.07190173953867324,0.05937626569365253,0.08442721338369394,1.3400070491281237,9.858363211336506,0.0,screened out,,,,,,0.08357348703170024,14.594143284666993,23,0.35,0,True,OI < 500,OI < 500; thin history (n=0); low-conf moves; wide market,412.4800109863281,2026-08-07,410.0,66.5,69.4,72.3,
APTV,Aptiv,Consumer Discretionary,2026-08-04,BMO,2026-08-03,0.11894537710070434,0.12538646250326954,0.06590831756119692,0.05269352455345451,0.07912311056893932,0.8047096558072762,5.143651925989947,0.0,screened out,,,,,,0.10830324909747292,24.28899889431931,265,0.8333333333333333,12,True,spread > 10%,spread > 10%,58.220001220703125,2026-08-21,57.5,6.55,6.925,7.3,
ARE,Alexandria Real Estate Equities,Real Estate,2026-08-03,AMC,2026-08-03,0.10827961454650749,0.11885576294407335,0.05150083416406827,0.03918193326953489,0.06381973505860164,1.1024827326399567,5.9069949146539065,0.0,screened out,,,,,,0.19534883720930246,37.25387662901224,599,0.8333333333333333,12,True,spread > 10%,spread > 10%,49.63999938964844,2026-08-21,50.0,4.85,5.375,5.9,
APO,Apollo Global Management,Financials,2026-08-04,BMO,2026-08-03,0.08988575199686775,0.10164650459458877,0.03430704076298498,0.0215929466433758,0.04702113488259416,1.6200380446059492,5.602418516588243,0.0,screened out,,,,,,0.26168224299065423,42.32106983636295,96,0.35,0,True,spread > 10%,spread > 10%; thin history (n=0); low-conf moves,119.04000091552734,2026-08-07,120.0,9.3,10.700000000000001,12.100000000000001,
ARES,Ares Management,Financials,2026-07-31,BMO,2026-07-30,0.08279668834379479,0.08948732982612165,0.04186167208114516,0.03396718591094172,0.0497561582513486,0.9778638603661294,6.645437804454323,0.0,screened out,,,,,,0.1616161616161616,32.689086719291716,29,0.8333333333333333,12,True,spread > 10%,spread > 10%; squeeze risk (15% of float short — no short premium),119.56999969482422,2026-07-31,120.0,9.1,9.899999999999999,10.7,
ATO,Atmos Energy,Utilities,2026-08-05,AMC,2026-08-05,0.05098896138150734,0.06723819083275694,0.017927057271306234,0.013881417256301928,0.02197269728631054,1.8442460248687589,10.473531048359632,0.0,screened out,,,,,,0.6373626373626373,98.29578718205747,110,0.35,0,True,spread > 10%,spread > 10%; thin history (n=0); low-conf moves,178.47000122070312,2026-08-21,180.0,6.2,9.1,12.0,
AXON,Axon Enterprise,Industrials,2026-08-03,AMC,2026-08-03,0.15829416986274694,0.17599544592709013,0.1042721337187287,0.08819779418918283,0.12034647324827458,0.5180869923477469,4.307153111635795,0.0,screened out,,,,,,0.22365038560411318,65.53353900676032,8,0.8333333333333333,12,True,spread > 10%,spread > 10%,491.489990234375,2026-08-07,490.0,69.1,77.8,86.5,
AVB,AvalonBay Communities,Real Estate,2026-07-22,AMC,2026-07-22,0.06858674361153001,0.07988647531764416,0.029899630300660875,0.024371230019561357,0.03542803058176039,1.2938993867764992,8.968490322366616,0.0,screened out,,,,,,0.3295019157088123,58.41599819203613,111,0.8333333333333333,12,True,spread > 10%,spread > 10%,190.27000427246094,2026-08-21,190.0,10.899999999999999,13.049999999999999,15.2,
AXP,American Express,Financials,2026-07-24,BMO,2026-07-23,0.039069221716853154,0.041434881013469954,0.03753453536761955,0.030714778551726066,0.04435429218351303,0.040887314421309114,0.2884053021647381,0.0,screened out,,,,,,0.12110091743119268,308.2922185107284,47,0.8124999999999999,12,True,spread > 10%,spread > 10%,348.739990234375,2026-07-24,347.5,12.8,13.625,14.450000000000001,
AVY,Avery Dennison,Materials,2026-07-30,BMO,2026-07-29,0.061834097240528,0.07229832908123274,0.033544137176585054,0.02691004725748384,0.04017822709568627,0.8433652627586526,5.465167530147269,0.0,screened out,,,,,,0.33846153846153854,73.9784136637362,9,0.8333333333333333,12,True,spread > 10%,spread > 10%,157.67999267578125,2026-08-21,160.0,8.1,9.75,11.4,
BA,Boeing,Industrials,2026-07-28,BMO,2026-07-27,0.06362329445638998,0.06685837722535898,0.039014585064436565,0.032769425736572794,0.045259744392300336,0.6307566606516415,5.050074834122064,0.0,screened out,,,,,,0.10169491525423727,26.292177435577283,629,0.8333333333333333,12,True,spread > 10%,spread > 10%,208.64999389648438,2026-07-31,207.5,12.6,13.274999999999999,13.95,
BAX,Baxter International,Health Care,2026-07-30,BMO,2026-07-29,0.09199632111574457,0.10119595322731903,0.08352002121376047,0.0689568998469854,0.09808314258053553,0.10148823933233843,0.7459407692067074,0.0,screened out,,,,,,0.20000000000000007,217.06716888157862,23,0.8333333333333333,12,True,spread > 10%,spread > 10%; squeeze risk (12% of float short — no short premium),21.739999771118164,2026-07-31,21.5,1.8,2.0,2.2,
BALL,Ball Corporation,Materials,2026-08-04,BMO,2026-08-03,0.0713712928452919,0.0858059363420925,0.039920390578220784,0.031648175157357156,0.04819260599908441,0.7878405449326856,4.872633786085589,0.0,screened out,,,,,,0.40449438202247195,91.79160187028138,583,0.35,0,True,spread > 10%,spread > 10%; thin history (n=0); low-conf moves,62.349998474121094,2026-08-21,62.5,3.55,4.449999999999999,5.35,
BG,Bunge Global,Consumer Staples,2026-07-29,BMO,2026-07-28,0.08919922703417012,0.09686793886063723,0.030807533305516194,0.02505308881532098,0.03656197779571141,1.8953706273588184,13.00469485979943,0.0,screened out,,,,,,0.1719457013574661,26.266447629019304,400,0.8333333333333333,12,True,spread > 10%,spread > 10%,123.87999725341797,2026-08-21,120.0,10.1,11.05,12.0,
BEN,Franklin Resources,Financials,2026-07-31,BMO,2026-07-30,0.08415688419119054,0.08956145473557893,0.043663319236339135,0.0351121676245517,0.05221447084812657,0.9274046422277105,6.0689548264587145,0.0,screened out,,,,,,0.12844036697247713,26.69347858314896,393,0.8333333333333333,12,True,spread > 10%,spread > 10%,32.380001068115234,2026-08-21,32.0,2.55,2.7249999999999996,2.9,
BIIB,Biogen,Health Care,2026-07-29,BMO,2026-07-28,0.06245574823971037,0.08091432970326849,0.04643248762968587,0.038792768641330404,0.05407220661804133,0.34508727462149336,2.6879798627551197,0.0,screened out,,,,,,0.5910931174089069,230.39731940713787,3,0.8333333333333333,12,True,spread > 10%,spread > 10%,197.74000549316406,2026-07-31,197.5,8.7,12.35,16.0,
BKNG,Booking Holdings,Consumer Discretionary,2026-08-04,AMC,2026-08-04,0.07140447518507909,0.09501855359274303,0.03391943712944804,0.025293257517453427,0.04254561674144265,1.1051196961958851,5.569189019122264,0.0,screened out,,,,,,0.6614173228346456,125.99202045690127,437,0.8333333333333333,12,True,spread > 10%,spread > 10%,177.86000061035156,2026-08-07,180.0,8.5,12.7,16.9,
BKR,Baker Hughes,Energy,2026-07-26,AMC,2026-07-24,0.09408127462114191,0.10070671649587022,0.044074498603905846,0.03655182164092204,0.05159717556688965,1.1345965944307874,8.519398674041899,0.0,screened out,,,,,,0.14084507042253538,26.498176456905323,8661,0.75,12,True,spread > 10%,spread > 10%; single-source date,56.599998474121094,2026-08-21,55.0,4.949999999999999,5.324999999999999,5.7,
BLDR,Builders FirstSource,Industrials,2026-07-30,BMO,2026-07-29,0.15275236078368695,0.16471913559162554,0.04459210425458117,0.031871830444157825,0.05731237806500451,2.425547265309731,10.897421457556552,0.0,screened out,,,,,,0.15668202764976952,22.12785951504906,1242,0.8333333333333333,12,True,spread > 10%,spread > 10%; squeeze risk (8% of float short — no short premium),71.02999877929688,2026-08-21,70.0,10.0,10.85,11.7,
BRO,Brown & Brown,Financials,2026-07-27,AMC,2026-07-27,0.09940357945666203,0.1254014386991736,0.04869051060972593,0.04100728855989936,0.0563737326595525,1.0415390640164321,8.459194412544722,0.0,screened out,,,,,,0.523076923076923,102.529228988209,56,0.8333333333333333,12,True,spread > 10%,spread > 10%,65.38999938964844,2026-08-21,65.0,4.8,6.5,8.2,
BMY,Bristol Myers Squibb,Health Care,2026-07-30,BMO,2026-07-29,0.04995062679131779,0.053324557101769234,0.05160249919100164,0.04484426186847491,0.05836073651352837,-0.03201148055968392,-0.313253229563019,0.0,screened out,,,,,,0.1350906095551895,408.49769160101886,2114,0.8333333333333333,12,True,spread > 10%,spread > 10%,60.7599983215332,2026-07-31,61.0,2.83,3.035,3.24,
BSX,Boston Scientific,Health Care,2026-07-29,BMO,2026-07-28,0.0959972046268539,0.10239701826864417,0.0552384550780724,0.04503207613236787,0.06544483402377693,0.7378691075116834,5.118016262143849,0.0,screened out,,,,,,0.1333333333333335,31.403385592733887,1148,0.8333333333333333,12,True,spread > 10%,spread > 10%,42.970001220703125,2026-07-31,43.0,3.8499999999999996,4.125,4.4,
BR,Broadridge Financial Solutions,Industrials,2026-08-04,BMO,2026-08-03,0.09228421073138009,0.10754926814559333,0.049002180448504795,0.04200326026445006,0.05600110063255953,0.8832674359941867,7.925544019905796,0.0,screened out,,,,,,0.3308270676691729,70.5376218003014,87,0.8333333333333333,12,True,spread > 10%,spread > 10%,144.1199951171875,2026-08-21,145.0,11.1,13.3,15.5,
BX,Blackstone Inc.,Financials,2026-07-23,BMO,2026-07-22,0.04364110090635245,0.04608369983767814,0.03543246352563698,0.028387519992961054,0.04247740705831291,0.23166995923882475,1.4932965208777171,0.0,screened out,,,,,,0.11194029850746261,59.512896429414404,639,0.8333333333333333,12,True,spread > 10%,spread > 10%,122.81999969482422,2026-07-24,123.0,5.0600000000000005,5.36,5.66,
BXP,"BXP, Inc.",Real Estate,2026-07-28,AMC,2026-07-28,0.07454383217641794,0.08826583113426602,0.03616925825815176,0.03174068600144153,0.04059783051486199,1.060972100792733,11.105352037359332,0.0,screened out,,,,,,0.3681592039800996,71.51609806573751,4710,0.8333333333333333,12,True,spread > 10%,spread > 10%; squeeze risk (9% of float short — no short premium),67.41000366210938,2026-08-21,67.5,4.1,5.025,5.95,
CBOE,Cboe Global Markets,Financials,2026-07-31,BMO,2026-07-30,0.060858767717902336,0.06848829253384928,0.03766874200621255,0.03095737454782175,0.04438010946460335,0.6156304797188383,4.428357877341996,0.0,screened out,,,,,,0.250728862973761,65.80005482357873,84,0.8333333333333333,12,True,spread > 10%,spread > 10%,281.79998779296875,2026-07-31,280.0,15.0,17.15,19.3,
CAT,Caterpillar Inc.,Industrials,2026-08-04,BMO,2026-08-03,0.0999651417886401,0.1052501380361835,0.05189744524737995,0.042047039029996694,0.061747851464763207,0.926205448305509,6.2539106030536775,0.0,screened out,,,,,,0.10573678290213713,21.98980449586089,84,0.8333333333333333,12,True,spread > 10%,spread > 10%,889.3099975585938,2026-08-07,890.0,84.2,88.9,93.6,
CARR,Carrier Global,Industrials,2026-07-28,BMO,2026-07-27,0.0697503686700531,0.07929515596174458,0.04985233778153746,0.0395649194238397,0.06013975613923522,0.3991393738787665,2.478883962917654,0.0,screened out,,,,,,0.2736842105263159,95.93700346701497,204,0.8333333333333333,12,True,spread > 10%,spread > 10%,68.0999984741211,2026-07-31,68.0,4.1,4.75,5.4,
CBRE,CBRE Group,Real Estate,2026-07-29,BMO,2026-07-28,0.09665183714311473,0.10285214367682399,0.04156860382315129,0.03236140405391685,0.05077580359238574,1.3251162717494323,7.667333564191245,0.0,screened out,,,,,,0.1283018867924529,22.51250030183728,88,0.8333333333333333,12,True,spread > 10%,spread > 10%,137.08999633789062,2026-08-21,135.0,12.4,13.25,14.100000000000001,
CDW,CDW Corporation,Information Technology,2026-08-05,BMO,2026-08-04,0.1216976028434494,0.13248093474097025,0.0630796114036237,0.048659220156383354,0.07750000265086404,0.9292700150727039,5.209624103899219,0.0,screened out,,,,,,0.17721518987341786,36.79188465060414,183,0.35,0,True,spread > 10%,spread > 10%; thin history (n=0); low-conf moves; squeeze risk (9% of float short — no short premium),129.8300018310547,2026-08-21,130.0,14.4,15.8,17.200000000000003,
CDNS,Cadence Design Systems,Information Technology,2026-07-27,AMC,2026-07-27,0.09480430573032464,0.10266757365474904,0.0601246674867744,0.04987673066931851,0.07037260430423029,0.5767955099490356,4.337011943440908,0.0,screened out,,,,,,0.16588419405320814,45.34803892244663,6,0.8333333333333333,12,True,spread > 10%,spread > 10%,337.010009765625,2026-07-31,335.0,29.3,31.950000000000003,34.6,
CF,CF Industries,Materials,2026-08-05,AMC,2026-08-05,0.08873184244518294,0.0942285052515217,0.039920390578220784,0.031648175157357156,0.04819260599908441,1.2227197970751327,7.562273651012791,0.0,screened out,,,,,,0.12389380530973454,22.522021354005915,91,0.35,0,True,spread > 10%,spread > 10%; thin history (n=0); low-conf moves,127.3499984741211,2026-08-07,125.0,10.6,11.3,12.0,
CCI,Crown Castle,Real Estate,2026-07-22,AMC,2026-07-22,0.0867741935483871,0.0929032258064516,0.037255889975840555,0.029224373854804836,0.04528740609687627,1.3291402676102446,7.901703352416568,0.0,screened out,,,,,,0.141263940520446,24.754613207155625,1071,0.8333333333333333,12,True,spread > 10%,spread > 10%,77.5,2026-08-21,77.5,6.25,6.725,7.199999999999999,
CHD,Church & Dwight,Consumer Staples,2026-07-31,BMO,2026-07-30,0.06820755881125971,0.08442294071733276,0.03282881290010728,0.026790894397700223,0.038866731402514336,1.0776736283095032,7.509442325473142,0.0,screened out,,,,,,0.47547169811320744,91.66736405408585,160,0.8333333333333333,12,True,spread > 10%,spread > 10%,97.12999725341797,2026-08-21,95.0,5.05,6.625,8.2,
CHRW,C.H. Robinson,Industrials,2026-07-29,AMC,2026-07-29,0.09693754235997201,0.10320713465191049,0.07809615180287177,0.06169570452640833,0.09449659907933522,0.24125888564470088,1.4723455849057003,0.0,screened out,,,,,,0.12935323383084565,66.55126937619615,875,0.8333333333333333,12,True,spread > 10%,spread > 10%,207.35000610351562,2026-08-21,210.0,18.8,20.1,21.4,
CHTR,Charter Communications,Communication Services,2026-07-24,BMO,2026-07-23,0.11337254187901086,0.13852344707401326,0.09861198296366497,0.07869924415567414,0.1185247217716558,0.1496832177158899,0.9500015285851082,0.0,screened out,,,,,,0.4436860068259385,340.78526889458277,28,0.8333333333333333,12,True,spread > 10%,spread > 10%; squeeze risk (26% of float short — no short premium),129.22000122070312,2026-07-24,129.0,11.4,14.649999999999999,17.9,
CI,Cigna,Health Care,2026-07-30,BMO,2026-07-29,0.06775495729842569,0.07266982466722341,0.05403460682338376,0.044041548442537375,0.06402766520423014,0.2539178367650188,1.7596215791670797,0.0,screened out,,,,,,0.14507772020725396,71.64346680120356,451,0.8124999999999999,12,True,spread > 10%,spread > 10%,284.8500061035156,2026-07-31,285.0,17.9,19.299999999999997,20.7,
CL,Colgate-Palmolive,Consumer Staples,2026-07-31,BMO,2026-07-30,0.042289644397598795,0.04583651779868773,0.02843996941067474,0.024016672643239867,0.03286326617810961,0.4869792504673257,4.012786027362839,0.0,screened out,,,,,,0.16774193548387106,51.2195904154813,56,0.8333333333333333,12,True,spread > 10%,spread > 10%,91.62999725341797,2026-07-31,92.0,3.55,3.875,4.2,
CMCSA,Comcast,Communication Services,2026-07-23,BMO,2026-07-22,0.06101190357444588,0.07015305985911895,0.05394736441276498,0.045803739785623424,0.062090989039906536,0.13095244297067632,1.1117793125477347,0.0,screened out,,,,,,0.2996515679442508,258.78988212723203,1246,0.8333333333333333,12,True,spread > 10%,spread > 10%,23.520000457763672,2026-07-24,23.5,1.22,1.435,1.65,
CINF,Cincinnati Financial,Financials,2026-07-27,AMC,2026-07-27,0.0661161651647533,0.0719745595464403,0.03528941889172822,0.02935002380527183,0.04122881397818461,0.8735407734427391,6.651781443803607,0.0,screened out,,,,,,0.17721518987341767,38.00851591537173,1231,0.8333333333333333,12,True,spread > 10%,spread > 10%,179.22999572753906,2026-08-21,180.0,10.8,11.850000000000001,12.9,
CME,CME Group,Financials,2026-07-22,BMO,2026-07-21,0.023872572094623835,0.026881719837643647,0.018960758573578793,0.013634460709291106,0.02428705643786648,0.259051530137064,1.1818678506094373,0.0,screened out,,,,,,0.2521008403361346,122.52695384818212,312,0.8333333333333333,12,True,spread > 10%,spread > 10%,249.24000549316406,2026-07-24,250.0,5.199999999999999,5.949999999999999,6.7,
CMG,Chipotle Mexican Grill,Consumer Discretionary,2026-07-29,AMC,2026-07-29,0.10496894161226873,0.11149068058817892,0.07055583681856947,0.056689441654314734,0.08442223198282421,0.4877428480111532,3.1806273066050594,0.0,screened out,,,,,,0.12426035502958578,37.90264793023999,668,0.8333333333333333,12,True,spread > 10%,spread > 10%,32.20000076293945,2026-07-31,32.0,3.17,3.38,3.59,
CNC,Centene Corporation,Health Care,2026-07-28,BMO,2026-07-27,0.10585824957673012,0.11534375581120415,0.06763645673666835,0.057573663992644825,0.07769924948069187,0.5651063743458971,4.867937852830795,0.0,screened out,,,,,,0.17921146953405018,49.63402043523134,204,0.8333333333333333,12,True,spread > 10%,spread > 10%,65.88999938964844,2026-07-31,66.0,6.35,6.975,7.6,
CMI,Cummins,Industrials,2026-08-04,BMO,2026-08-03,0.11411275066212638,0.11850170261066971,0.045260114502681345,0.036989223260067434,0.053531005745295256,1.5212651783142528,10.668927436417015,0.0,screened out,,,,,,0.07692307692307707,12.748827621878252,247,0.8333333333333333,12,True,OI < 500,OI < 500,660.75,2026-08-21,660.0,72.5,75.4,78.30000000000001,
CMS,CMS Energy,Utilities,2026-07-28,BMO,2026-07-27,0.047985939969104975,0.06082724784816124,0.014981096285781682,0.012381050059816509,0.017581142511746858,2.2030993629383224,16.268559859486782,0.0,screened out,,,,,,0.5352112676056338,77.81468685182547,98,0.8124999999999999,12,True,spread > 10%,spread > 10%,73.9800033569336,2026-08-21,75.0,2.6,3.55,4.5,
CNP,CenterPoint Energy,Utilities,2026-07-28,BMO,2026-07-27,0.05093864433275548,0.0663919409280858,0.016538794868755965,0.01393202486457714,0.01914556487293479,2.079948976753168,16.912442218679683,0.0,screened out,,,,,,0.6067415730337078,89.84514081378559,150,0.8333333333333333,12,True,spread > 10%,spread > 10%; squeeze risk (9% of float short — no short premium),43.68000030517578,2026-08-21,44.0,1.55,2.225,2.9,
COR,Cencora,Health Care,2026-08-05,BMO,2026-08-04,0.08250715652366818,0.08882826932185243,0.05324429739519495,0.051553143521350674,0.054935451269039225,0.5495961175198842,22.17614898270615,0.0,screened out,,,,,,0.15322580645161296,43.2022911393078,569,0.35,0,True,spread > 10%,spread > 10%; thin history (n=0); low-conf moves,300.5799865722656,2026-08-21,300.0,22.9,24.799999999999997,26.7,
CPAY,Corpay,Financials,2026-08-05,AMC,2026-08-05,0.08927576601671308,0.09944289693593315,0.04337501558875869,0.031160167030510787,0.05558986414700659,1.0582301770941676,4.815974710447366,0.0,screened out,,,,,,0.22776911076443074,44.30049977147256,546,0.35,0,True,spread > 10%,spread > 10%; thin history (n=0); low-conf moves,359.0,2026-08-21,350.0,28.4,32.05,35.7,
CPT,Camden Property Trust,Real Estate,2026-07-30,AMC,2026-07-30,0.06606552860341759,0.0928488510102085,0.025978845711976152,0.020579912402802093,0.03137777902115021,1.543050962921021,9.51578577686318,0.0,screened out,,,,,,0.8108108108108106,133.6270325949528,44,0.8333333333333333,12,True,spread > 10%,spread > 10%,112.01000213623047,2026-08-21,110.0,4.4,7.3999999999999995,10.399999999999999,
CRH,CRH plc,Materials,2026-07-30,BMO,2026-07-29,0.06646012554723332,0.07295622804433131,0.03828355765414787,0.03039571331400317,0.04617140199429257,0.7359965901714631,4.578068209078763,0.0,screened out,,,,,,0.19548872180451124,46.10996287232087,1,0.8,9,True,spread > 10%,spread > 10%,100.05999755859375,2026-07-31,102.0,6.0,6.65,7.3,
CRL,Charles River Laboratories,Health Care,2026-08-05,BMO,2026-08-04,0.13968907373707007,0.1531778713647086,0.06420374912538028,0.05397719463914525,0.07443030361161532,1.1757152135193583,9.459881346406219,0.0,screened out,,,,,,0.1931260229132569,35.73886102239697,138,0.35,0,True,spread > 10%,spread > 10%; thin history (n=0); low-conf moves; squeeze risk (10% of float short — no short premium),218.6999969482422,2026-08-21,220.0,27.6,30.55,33.5,
CSX,CSX Corporation,Industrials,2026-07-22,AMC,2026-07-22,0.04506308804822425,0.04906869587473308,0.03262082490394795,0.026422900077736778,0.03881874973015913,0.38142086170146083,2.5727973302077602,0.0,screened out,,,,,,0.17777777777777792,64.38712604067514,1932,0.8333333333333333,12,True,spread > 10%,spread > 10%,49.93000030517578,2026-07-24,50.0,2.05,2.25,2.45,
CSGP,CoStar Group,Real Estate,2026-07-28,AMC,2026-07-28,0.17425062863633528,0.18779342360807122,0.05383152761273984,0.04628501985833012,0.061378035367149565,2.2369623594909256,20.450402344271,0.0,screened out,,,,,,0.15544041450777224,22.49276876611508,2262,0.8333333333333333,12,True,spread > 10%,spread > 10%,27.690000534057617,2026-08-21,30.0,4.449999999999999,4.824999999999999,5.2,
CTSH,Cognizant,Information Technology,2026-07-29,BMO,2026-07-28,0.12795275500120237,0.14474293552172213,0.038138579883315316,0.030807253375420857,0.04546990639120978,2.35494282673012,15.700548421508264,0.0,screened out,,,,,,0.26244343891402716,37.38870951825043,1013,0.8333333333333333,12,True,spread > 10%,spread > 10%; squeeze risk (13% of float short — no short premium),43.18000030517578,2026-08-21,42.5,4.8,5.525,6.25,
CVS,CVS Health,Health Care,2026-08-05,BMO,2026-08-04,0.0739729817223485,0.08095854785122568,0.06054500974311776,0.05119357546625164,0.06989644401998388,0.22178495034030632,1.8402833596505093,0.0,screened out,,,,,,0.18886804252657907,104.0449911525266,116,0.35,0,True,spread > 10%,spread > 10%; thin history (n=0); low-conf moves,108.08000183105469,2026-08-07,108.0,7.24,7.995,8.75,
CVX,Chevron Corporation,Energy,2026-07-31,BMO,2026-07-30,0.04326873346908474,0.045082392955812844,0.026300791625143437,0.021444629427540014,0.03115695382274686,0.6451494725246227,4.478045292211852,0.0,screened out,,,,,,0.08383233532934124,21.377483532284728,213,0.8333333333333333,12,True,OI < 500,OI < 500; wide market,192.97999572753906,2026-07-31,192.5,8.0,8.35,8.7,
CTVA,Corteva,Materials,2026-07-30,AMC,2026-07-30,0.06579690591119947,0.07850446284683885,0.038242132473872814,0.026749025491822766,0.04973523945592286,0.7205344381920173,3.0726415139467167,0.0,screened out,,,,,,0.38626609442060084,92.23488601379886,923,0.8333333333333333,12,True,spread > 10%,spread > 10%,88.52999877929688,2026-08-21,90.0,4.7,5.825,6.95,
CVNA,Carvana,Consumer Discretionary,2026-07-29,AMC,2026-07-29,0.14302788844621517,0.14900398406374502,0.1199986210035516,0.09204091188814814,0.14795633011895507,0.1919127674140686,1.0556769523815006,0.0,screened out,,,,,,0.08356545961002765,51.900006219552345,430,0.8333333333333333,12,True,OI < 500,OI < 500; wide market; squeeze risk (14% of float short — no short premium),62.75,2026-07-31,63.0,8.600000000000001,8.975000000000001,9.35,
D,Dominion Energy,Utilities,2026-07-31,BMO,2026-07-30,0.055915040157082464,0.06119004394548647,0.020709010405027567,0.01621069594947913,0.025207324860576003,1.7000343842363352,10.030434327369075,0.0,screened out,,,,,,0.18867924528301877,29.966479182993435,1682,0.8333333333333333,12,True,spread > 10%,spread > 10%,71.08999633789062,2026-08-21,70.0,3.6,3.9749999999999996,4.35,
DASH,DoorDash,Consumer Discretionary,2026-08-05,AMC,2026-08-05,0.123501944115553,0.13334834057123487,0.03420546141599657,0.02730958200045399,0.04110134083153915,2.610591379357798,16.595761806653776,0.0,screened out,,,,,,0.15945330296127544,22.053268299067735,83,0.35,0,True,spread > 10%,spread > 10%; thin history (n=0); low-conf moves,177.72999572753906,2026-08-07,180.0,20.200000000000003,21.950000000000003,23.7,
DD,DuPont,Materials,2026-08-04,BMO,2026-08-03,0.08951589841475342,0.11028358684697621,0.045545865973248154,0.038210393915189655,0.05288133803130665,0.9654011731236274,7.682122313468128,0.0,screened out,,,,,,0.46399999999999975,94.46292067148553,76,0.8333333333333333,12,True,spread > 10%,spread > 10%,139.63999938964844,2026-08-21,140.0,9.600000000000001,12.5,15.399999999999999,
DECK,Deckers Brands,Consumer Discretionary,2026-07-23,AMC,2026-07-23,0.09222211269077953,0.09954132798369854,0.11438141418644165,0.09766170018467447,0.13110112818820885,-0.19373166220468718,-1.6985554175052826,0.0,screened out,,,,,,0.15873015873015875,66.05998202923327,23,0.8333333333333333,12,True,spread > 10%,spread > 10%,102.47000122070312,2026-07-24,102.0,8.7,9.45,10.2,
DGX,Quest Diagnostics,Health Care,2026-07-23,BMO,2026-07-22,0.08959633911234906,0.10770623744356855,0.05612883989321976,0.04990046441558808,0.06235721537085144,0.5962620870625208,6.88653841652232,0.0,screened out,,,,,,0.40425531914893625,108.22379176074362,1147,0.8333333333333333,12,True,spread > 10%,spread > 10%,209.8300018310547,2026-08-21,210.0,15.0,18.8,22.6,
DIS,Walt Disney Company (The),Communication Services,2026-08-05,BMO,2026-08-04,0.0745801584975433,0.07666631677719486,0.061800870278752515,0.04796940932565238,0.07563233123185265,0.20678168707252625,1.18410743714903,0.0,screened out,,,,,,0.055944055944056,32.6490528100627,475,0.35,0,True,OI < 500,OI < 500; thin history (n=0); low-conf moves,95.87000274658203,2026-08-07,96.0,6.949999999999999,7.1499999999999995,7.35,
DLR,Digital Realty,Real Estate,2026-07-23,AMC,2026-07-23,0.040776861446503415,0.044840534923990004,0.03109862720974549,0.02388929061594462,0.038307963803546355,0.3112109795549118,1.7204946441943816,0.0,screened out,,,,,,0.1993127147766322,83.97551408815389,15,0.8333333333333333,12,True,spread > 10%,spread > 10%,178.41000366210938,2026-07-24,177.5,6.550000000000001,7.275,8.0,
DOW,Dow Inc.,Materials,2026-07-23,BMO,2026-07-22,0.055040000000000006,0.06176,0.04631109000144733,0.033910297772004876,0.05871188223088978,0.188484226959026,0.9021174492049439,0.0,screened out,,,,,,0.24418604651162798,153.97111440292616,757,0.8333333333333333,12,True,spread > 10%,spread > 10%,31.25,2026-07-24,31.0,1.51,1.7200000000000002,1.9300000000000002,
DOC,Healthpeak Properties,Real Estate,2026-08-04,AMC,2026-08-04,0.06985128268118028,0.08111761859749968,0.048033755900601764,0.037176253796412144,0.058891258004791384,0.45421238401024533,2.5753015798357426,0.0,screened out,,,,,,0.3225806451612903,103.27784656461104,1202,0.8333333333333333,12,True,spread > 10%,spread > 10%,22.190000534057617,2026-08-21,22.5,1.3,1.55,1.8,
DOV,Dover Corporation,Industrials,2026-07-23,BMO,2026-07-22,0.07691232039289195,0.08949797282081971,0.047499345777202606,0.04105838061545119,0.053940310938954024,0.6192290469357612,5.852487526452839,0.0,screened out,,,,,,0.32727272727272716,85.57891605573539,1723,0.8333333333333333,12,True,spread > 10%,spread > 10%,214.52999877929688,2026-08-21,210.0,13.8,16.5,19.2,
DUK,Duke Energy,Utilities,2026-08-04,BMO,2026-08-03,0.049042595933303054,0.05314576133011326,0.016614816113769446,0.013599757373402872,0.01962987485413602,1.9517387130549853,13.78395785803544,0.0,screened out,,,,,,0.16733067729083662,25.306483636222172,3800,0.8333333333333333,12,True,spread > 10%,spread > 10%,127.94999694824219,2026-08-21,130.0,5.75,6.275,6.8,
DTE,DTE Energy,Utilities,2026-07-28,BMO,2026-07-27,0.052002691627737324,0.057219790140552396,0.012951388855359961,0.010049755622462343,0.01585302208825758,3.0152212406328838,17.24826868732129,0.0,screened out,,,,,,0.2006472491909385,26.719203419279236,398,0.8333333333333333,12,True,spread > 10%,spread > 10%,148.5500030517578,2026-08-21,150.0,6.95,7.725,8.5,
DVA,DaVita,Health Care,2026-08-04,AMC,2026-08-04,0.12129438029086244,0.13142019889418488,0.06420374912538028,0.05397719463914525,0.07443030361161532,0.8892102399502049,7.154643629011645,0.0,screened out,,,,,,0.1669626998223802,35.47278562737162,362,0.35,0,True,spread > 10%,spread > 10%; thin history (n=0); low-conf moves; squeeze risk (14% of float short — no short premium),232.0800018310547,2026-08-21,230.0,25.799999999999997,28.15,30.5,
DVN,Devon Energy,Energy,2026-08-04,AMC,2026-08-04,0.07486630837865767,0.07954545265232377,0.03095920643553397,0.023205574248523212,0.038712838622544724,1.418224399083064,7.257416974792239,0.0,screened out,,,,,,0.12499999999999997,21.313837928667503,917,0.35,0,True,spread > 10%,spread > 10%; thin history (n=0); low-conf moves,44.880001068115234,2026-08-07,45.0,3.1500000000000004,3.3600000000000003,3.5700000000000003,
DXCM,Dexcom,Health Care,2026-07-30,AMC,2026-07-30,0.09624807462729132,0.11199775956630262,0.08942833401309598,0.06629373933602756,0.1125629286901644,0.07625928280400089,0.3777969613539945,0.0,screened out,,,,,,0.32727272727272727,461.88516044813275,16,0.8333333333333333,12,True,spread > 10%,spread > 10%,71.43000030517578,2026-07-31,72.0,5.75,6.875,8.0,
EBAY,eBay Inc.,Consumer Discretionary,2026-08-05,AMC,2026-08-05,0.08877873159919954,0.11131140459392024,0.07140842470137204,0.05591768212278736,0.08689916727995672,0.2432529070690134,1.4371025279983496,0.0,screened out,,,,,,0.5076142131979696,259.4389739600843,178,0.8333333333333333,12,True,spread > 10%,spread > 10%,110.94999694824219,2026-08-07,110.0,7.35,9.850000000000001,12.350000000000001,
ECL,Ecolab,Materials,2026-07-28,BMO,2026-07-27,0.07081834402805494,0.0768135477552977,0.03903904711013035,0.032473493302119655,0.045604600918141044,0.8140387450614308,6.203337619489023,0.0,screened out,,,,,,0.16931216931216928,37.73024773157426,1512,0.8333333333333333,12,True,spread > 10%,spread > 10%,266.8800048828125,2026-08-21,270.0,17.3,18.9,20.5,
EIX,Edison International,Utilities,2026-07-30,AMC,2026-07-30,0.06873600632979697,0.07588952735054506,0.023345697977883592,0.01710697757105727,0.029584418384709914,1.9442686354853735,9.324383109100536,0.0,screened out,,,,,,0.2081447963800904,31.520037120199685,1409,0.8333333333333333,12,True,spread > 10%,spread > 10%,80.37999725341797,2026-08-21,80.0,4.95,5.525,6.1,
EG,Everest Group,Financials,2026-07-29,AMC,2026-07-29,0.062052696666878814,0.06861982871153768,0.043893822677831366,0.034953908357915855,0.05283373699774688,0.41369998968484945,2.603203126065659,0.0,screened out,,,,,,0.21166306695464354,72.32972758795346,29,0.8333333333333333,12,True,spread > 10%,spread > 10%,373.07000732421875,2026-08-21,370.0,20.700000000000003,23.150000000000002,25.6,
EME,Emcor,Industrials,2026-07-30,BMO,2026-07-29,0.12917962900907165,0.1378534021511467,0.06043298219464009,0.04961182804763571,0.07125413634164447,1.1375683330174764,8.14198756994565,0.0,screened out,,,,,,0.1342901076371091,25.234025349594788,27,0.8333333333333333,12,True,spread > 10%,spread > 10%,755.1500244140625,2026-08-21,760.0,91.0,97.55,104.1,
ERIE,Erie Indemnity,Financials,2026-07-30,AMC,2026-07-30,0.11215972650831423,0.12188181696675161,0.05212315641351729,0.0430941613590026,0.061152151468031976,1.151821459515975,8.521753281393003,0.0,screened out,,,,,,0.17336152219873155,32.38722812807706,6,0.8333333333333333,12,True,spread > 10%,spread > 10%; squeeze risk (12% of float short — no short premium),210.86000061035156,2026-08-21,210.0,21.6,23.650000000000002,25.700000000000003,
EOG,EOG Resources,Energy,2026-08-04,AMC,2026-08-04,0.06527777777777777,0.07083333333333333,0.03095920643553397,0.023205574248523212,0.038712838622544724,1.1085093997388142,5.672526110524236,0.0,screened out,,,,,,0.1702127659574468,32.37638012464143,20,0.35,0,True,spread > 10%,spread > 10%; thin history (n=0); low-conf moves,144.0,2026-08-07,142.0,8.6,9.399999999999999,10.2,
EMR,Emerson Electric,Industrials,2026-08-04,AMC,2026-08-04,0.061412301798576555,0.07376638000295493,0.04093739733013001,0.03195168342012844,0.049923111240131574,0.5001515925238602,2.9202618544925967,0.0,screened out,,,,,,0.40233236151603513,120.67531961789611,132,0.35,0,True,spread > 10%,spread > 10%; thin history (n=0); low-conf moves,139.6300048828125,2026-08-07,140.0,6.85,8.575,10.3,
ES,Eversource Energy,Utilities,2026-07-30,AMC,2026-07-30,0.050698362159760105,0.056406124787017856,0.020435170437911616,0.017064619040344453,0.02380572183547878,1.4809365947691726,11.507110242767979,0.0,screened out,,,,,,0.2251655629139073,37.72082389536623,2566,0.8333333333333333,12,True,spread > 10%,spread > 10%,74.45999908447266,2026-08-21,75.0,3.35,3.7750000000000004,4.2,
EQR,Equity Residential,Real Estate,2026-07-22,AMC,2026-07-22,0.0633328443698499,0.06662761662030452,0.02612108426881058,0.021646790358863785,0.030595378178757376,1.4245871158369703,10.658797277369535,0.0,screened out,,,,,,0.10404624277456671,17.708231169439387,489,0.8333333333333333,12,True,spread > 10%,spread > 10%,68.29000091552734,2026-08-21,67.5,4.1,4.325,4.550000000000001,
ESS,Essex Property Trust,Real Estate,2026-07-29,AMC,2026-07-29,0.06892551095360999,0.0788207575756629,0.02426408664763837,0.018857999068346894,0.029670174226929847,1.8406390050671257,10.587708865425904,0.0,screened out,,,,,,0.287128712871287,44.31227519418738,7,0.8333333333333333,12,True,spread > 10%,spread > 10%,293.07000732421875,2026-08-21,280.0,17.3,20.2,23.099999999999998,
EQIX,Equinix,Real Estate,2026-07-29,AMC,2026-07-29,0.10114314694453996,0.1041079388540147,0.03616552416618043,0.027785252734554813,0.04454579559780604,1.7966730546967224,9.937067317232676,0.0,screened out,,,,,,0.05862566074002878,9.125578261266117,133,0.8124999999999999,12,True,OI < 500,OI < 500,1028.739990234375,2026-08-21,1030.0,101.0,104.05,107.1,
ETN,Eaton Corporation,Industrials,2026-07-31,BMO,2026-07-30,0.07950160897706228,0.08527684177755986,0.033853737208288194,0.026895687254572368,0.040811787162004017,1.348385009546255,8.407860370076639,0.0,screened out,,,,,,0.1452859350850078,25.3034044160989,39,0.8333333333333333,12,True,spread > 10%,spread > 10%,406.9100036621094,2026-07-31,405.0,30.0,32.35,34.7,
ETR,Entergy,Utilities,2026-07-29,BMO,2026-07-28,0.05853934680347422,0.07050835823169385,0.02684601810857487,0.01743699899296532,0.036255037224184425,1.1805597599882494,4.316939901630926,0.0,screened out,,,,,,0.4089219330855019,75.53016310429962,675,0.8333333333333333,12,True,spread > 10%,spread > 10%,114.87999725341797,2026-08-21,115.0,5.35,6.725,8.1,
EXC,Exelon,Utilities,2026-07-30,BMO,2026-07-29,0.05406852160062082,0.06745181902651705,0.020713113552894645,0.015780153993692064,0.025646073112097226,1.6103522033298936,8.665850680696881,0.0,screened out,,,,,,0.49504950495049505,80.24664190434676,1539,0.8333333333333333,12,True,spread > 10%,spread > 10%,46.70000076293945,2026-08-21,47.0,1.9000000000000001,2.5250000000000004,3.1500000000000004,
EXPE,Expedia Group,Consumer Discretionary,2026-08-05,AMC,2026-08-05,0.12295082599567579,0.13482458177718964,0.08058566110562657,0.06269195728628042,0.09847936492497271,0.525715919045693,3.0343184324077574,0.0,screened out,,,,,,0.19314641744548294,56.054335264975144,62,0.35,0,True,spread > 10%,spread > 10%; thin history (n=0); low-conf moves; squeeze risk (8% of float short — no short premium),261.0799865722656,2026-08-07,265.0,29.0,32.1,35.2,
EXPD,Expeditors International,Industrials,2026-08-04,BMO,2026-08-03,0.07607776969383448,0.0839673161806025,0.06184553108842471,0.04914866494469772,0.0745423972321517,0.23012557827437824,1.4365778760064218,0.0,screened out,,,,,,0.20740740740740732,110.86866522556959,271,0.35,0,True,spread > 10%,spread > 10%; thin history (n=0); low-conf moves,177.4499969482422,2026-08-21,175.0,12.100000000000001,13.5,14.9,
EXR,Extra Space Storage,Real Estate,2026-07-28,AMC,2026-07-28,0.06687349049237024,0.07721475190871614,0.03994968945690568,0.031163693823275815,0.04873568509053555,0.6739426864508584,3.9273344588262287,0.0,screened out,,,,,,0.30927835051546393,76.81873300671181,22,0.8333333333333333,12,True,spread > 10%,spread > 10%,145.0500030517578,2026-08-21,145.0,8.2,9.7,11.2,
FANG,Diamondback Energy,Energy,2026-08-03,AMC,2026-08-03,0.08742980803102926,0.09309427446684242,0.022285601293540788,0.01893965030882515,0.025631552278256427,2.9231523026650277,24.95219318398373,0.0,screened out,,,,,,0.12957746478873222,17.390545436033165,1009,0.8333333333333333,12,True,spread > 10%,spread > 10%,203.02000427246094,2026-08-21,200.0,16.6,17.75,18.9,
FCX,Freeport-McMoRan,Materials,2026-07-23,BMO,2026-07-22,0.06676923076923076,0.08384615384615385,0.04103435299830297,0.033129109458333056,0.048939596538272886,0.6271544666975032,4.172144625837368,0.0,screened out,,,,,,0.5115207373271891,132.71423496881386,7190,0.8333333333333333,12,True,spread > 10%,spread > 10%,65.0,2026-07-24,65.0,3.23,4.34,5.45,
FFIV,"F5, Inc.",Information Technology,2026-07-27,AMC,2026-07-27,0.12555852784312985,0.13154939199469073,0.0685098687403935,0.05767503937807116,0.07934469810271584,0.8327071727273708,6.74801227237747,0.0,screened out,,,,,,0.09542743538767405,21.00264667315737,338,0.8333333333333333,12,True,OI < 500,OI < 500; wide market,400.6099853515625,2026-08-21,400.0,47.9,50.3,52.7,
FE,FirstEnergy,Utilities,2026-07-28,AMC,2026-07-28,0.06537603649488956,0.09629028631030245,0.020628551508231147,0.014256298483904603,0.02700080453255769,2.1692015054379072,8.99970176011056,0.0,screened out,,,,,,0.945736434108527,138.1720104476489,643,0.8333333333333333,12,True,spread > 10%,spread > 10%,49.33000183105469,2026-08-21,49.0,1.7,3.225,4.75,
FICO,Fair Isaac,Information Technology,2026-07-29,AMC,2026-07-29,0.134837535060475,0.14564418632215242,0.043203926295035916,0.0363031985054663,0.05010465408460553,2.1209555849086725,17.018151791365053,0.0,screened out,,,,,,0.16029143897996362,23.586654301349093,143,0.8333333333333333,12,True,spread > 10%,spread > 10%; squeeze risk (11% of float short — no short premium),1221.469970703125,2026-08-21,1220.0,151.5,164.7,177.9,
FIS,Fidelity National Information Services,Financials,2026-08-04,BMO,2026-08-03,0.09003453176050627,0.09866798001151372,0.04337501558875869,0.031160167030510787,0.05558986414700659,1.0757233291655603,4.895585535960935,0.0,screened out,,,,,,0.19178082191780826,37.006162769578914,9,0.35,0,True,spread > 10%,spread > 10%; thin history (n=0); low-conf moves,40.540000915527344,2026-08-07,41.0,3.3,3.65,4.0,
FIX,Comfort Systems USA,Industrials,2026-07-23,AMC,2026-07-23,0.1824059435820976,0.1906133735504381,0.07547326152058709,0.059897294587689165,0.09104922845348501,1.4168286874993754,8.798485893070303,0.0,screened out,,,,,,0.08999081726354446,15.350648295942568,67,0.8333333333333333,12,True,OI < 500,OI < 500; wide market,1791.06005859375,2026-08-21,1800.0,312.0,326.7,341.4,
FLEX,Flex Ltd.,Information Technology,2026-07-29,BMO,2026-07-28,0.2137795275590551,0.22755905511811023,0.09362858984485843,0.07036308828530814,0.11689409140440872,1.2832718928404827,6.618616898517056,0.0,screened out,,,,,,0.1289134438305709,22.937028742684497,1613,0.8333333333333333,12,True,spread > 10%,spread > 10%,127.0,2026-08-21,125.0,25.4,27.15,28.9,
FTV,Fortive,Industrials,2026-07-29,BMO,2026-07-28,0.0962655601659751,0.14439834024896264,0.051889722910661504,0.04369196487453676,0.060087480946786245,0.8551951092842688,6.937515449442878,0.0,screened out,,,,,,0.9999999999999999,216.93238059288265,49,0.8333333333333333,12,True,spread > 10%,spread > 10%,60.25,2026-08-21,60.0,2.9,5.8,8.7,
FRT,Federal Realty Investment Trust,Real Estate,2026-07-31,BMO,2026-07-30,0.04958016672285757,0.07596961030115272,0.025426280103207428,0.020491636011040044,0.03036092419537481,0.9499575447768004,6.2731213261922125,0.0,screened out,,,,,,1.064516129032258,218.51095017417447,693,0.8333333333333333,12,True,spread > 10%,spread > 10%,125.05000305175781,2026-08-21,125.0,2.9,6.2,9.5,
GD,General Dynamics,Industrials,2026-07-29,BMO,2026-07-28,0.04622681914115214,0.04957658864413418,0.041267681118081205,0.03559845908677761,0.0469369031493848,0.12017001897637804,1.1210764466930367,0.0,screened out,,,,,,0.14492753623188406,135.09482847213442,29,0.8333333333333333,12,True,spread > 10%,spread > 10%,373.1600036621094,2026-07-31,375.0,16.0,17.25,18.5,
FTNT,Fortinet,Information Technology,2026-07-29,AMC,2026-07-29,0.13785875252685248,0.14511447634405522,0.1056369830705387,0.08641358689094941,0.124860379250128,0.30502356769122996,2.1481854376521525,0.0,screened out,,,,,,0.10526315789473684,45.03615996036506,1380,0.8333333333333333,12,True,spread > 10%,spread > 10%,155.0500030517578,2026-07-31,155.0,20.25,21.375,22.5,
FSLR,First Solar,Information Technology,2026-07-30,AMC,2026-07-30,0.11395192918916625,0.1244853007948875,0.06527579998359825,0.0532900947344197,0.0772615052327768,0.745699466230958,5.204810721849799,0.0,screened out,,,,,,0.18487394957983186,43.27941345227734,851,0.8333333333333333,12,True,spread > 10%,spread > 10%; squeeze risk (8% of float short — no short premium),208.86000061035156,2026-07-31,210.0,21.6,23.8,26.0,
GEHC,GE HealthCare,Health Care,2026-07-29,BMO,2026-07-28,0.07287086811788328,0.07734896615864706,0.06592917892643252,0.0545781309208217,0.07728022693204334,0.1052900901313618,0.7837574877108943,0.0,screened out,,,,,,0.12290502793296086,129.02041325269673,39,0.8333333333333333,12,True,spread > 10%,spread > 10%,61.40999984741211,2026-07-31,61.0,4.2,4.475,4.75,
GDDY,GoDaddy,Information Technology,2026-07-30,AMC,2026-07-30,0.11073825314347689,0.11968679885204069,0.06947998465297849,0.05596265303901346,0.08299731626694351,0.5938151641305772,3.911762943123693,0.0,screened out,,,,,,0.1616161616161616,43.37819320083488,26,0.8333333333333333,12,True,spread > 10%,spread > 10%,89.4000015258789,2026-07-31,90.0,9.1,9.899999999999999,10.7,
GEV,GE Vernova,Industrials,2026-07-22,BMO,2026-07-21,0.04634376480134871,0.053500907010538376,0.05550005535045249,0.042093499317944046,0.06890661138296095,-0.164978043558458,-0.8752957835910203,0.0,screened out,,,,,,0.3088718510405257,156.33278937156953,112,0.8,9,True,spread > 10%,spread > 10%,985.030029296875,2026-07-24,985.0,38.6,45.650000000000006,52.7,
GL,Globe Life,Financials,2026-07-22,AMC,2026-07-22,0.06630434782608696,0.07771739130434784,0.03359790450736971,0.02368238804348029,0.043513420971259126,0.9734667622364095,4.227372110158952,0.0,screened out,,,,,,0.34426229508196715,69.79079545301342,142,0.8333333333333333,12,True,spread > 10%,spread > 10%,184.0,2026-08-21,185.0,10.100000000000001,12.200000000000001,14.3,
GNRC,Generac,Industrials,2026-07-29,BMO,2026-07-28,0.12393402786491417,0.13541373933066236,0.0876629308359023,0.06766429831874865,0.10766156335305596,0.4137563812109857,2.324410827215784,0.0,screened out,,,,,,0.18525519848771263,63.29949963501797,29,0.8333333333333333,12,True,spread > 10%,spread > 10%,213.4199981689453,2026-07-31,215.0,24.0,26.45,28.9,
GRMN,Garmin,Consumer Discretionary,2026-07-29,BMO,2026-07-28,0.0933433142603224,0.10020373602110333,0.08798034454417245,0.07286308384047961,0.10309760524786528,0.06095645276152969,0.4546578988704485,0.0,screened out,,,,,,0.14699331848552358,255.84413576386933,280,0.8333333333333333,12,True,spread > 10%,spread > 10%,240.50999450683594,2026-08-21,240.0,20.799999999999997,22.45,24.1,
HCA,HCA Healthcare,Health Care,2026-07-24,BMO,2026-07-23,0.0964046588074485,0.10379971631708541,0.050368213794700994,0.044962549384660704,0.055773878204741285,0.9139979670589546,10.914533987487664,0.0,screened out,,,,,,0.15341701534170152,32.12697030619641,281,0.8333333333333333,12,True,spread > 10%,spread > 10%,371.8699951171875,2026-08-21,370.0,33.1,35.85,38.6,
HBAN,Huntington Bancshares,Financials,2026-07-23,BMO,2026-07-22,0.06978653355524139,0.07936507737654903,0.029804538892713107,0.023786398522368232,0.03582267926305798,1.341473350970159,8.51441162987693,0.0,screened out,,,,,,0.27450980392156865,47.914286929185124,2533,0.8333333333333333,12,True,spread > 10%,spread > 10%,18.270000457763672,2026-08-21,18.0,1.1,1.2750000000000001,1.4500000000000002,
GWW,W. W. Grainger,Industrials,2026-08-04,BMO,2026-08-03,0.07082665512687016,0.07570106517731168,0.04093739733013001,0.03195168342012844,0.049923111240131574,0.7301211055433071,4.262997150361701,0.0,screened out,,,,,,0.13764337851929095,32.616467652623726,12,0.35,0,True,spread > 10%,spread > 10%; thin history (n=0); low-conf moves,1354.010009765625,2026-08-21,1350.0,89.3,95.9,102.5,
HOOD,Robinhood Markets,Financials,2026-07-29,AMC,2026-07-29,0.12275076175281244,0.13064700958486472,0.07468337224447397,0.062260786274395095,0.08710595821455284,0.6436156812923658,4.958964787385202,0.0,screened out,,,,,,0.12865497076023397,32.85490605094111,425,0.8333333333333333,12,True,spread > 10%,spread > 10%,104.4800033569336,2026-07-31,104.0,12.0,12.825,13.65,
HON,Honeywell Technologies,Industrials,2026-07-23,BMO,2026-07-22,0.046139318196270894,0.055367181835525074,0.044020209361059694,0.038238094685465754,0.049802324036653633,0.04813945380927164,0.4696983777700157,0.0,screened out,,,,,,0.4000000000000001,870.9192737931734,45,0.8333333333333333,12,True,spread > 10%,spread > 10%,232.99000549316406,2026-07-24,232.5,8.6,10.75,12.9,
HONA,Honeywell Aerospace,Industrials,2026-08-05,AMC,2026-08-05,0.12344787828806049,0.1362017526531038,0.04093739733013001,0.03195168342012844,0.049923111240131574,2.0155282538492645,11.768172618759156,0.0,screened out,,,,,,0.20662768031189088,30.91455586483878,285,0.35,0,True,spread > 10%,spread > 10%; thin history (n=0); low-conf moves,207.77999877929688,2026-08-21,210.0,23.0,25.65,28.3,
HLT,Hilton Worldwide,Consumer Discretionary,2026-07-28,BMO,2026-07-27,0.049347683613022095,0.051815067793673196,0.0266116772767509,0.02242723226540656,0.03079612228809524,0.8543620193430778,6.963519807661141,0.0,screened out,,,,,,0.09999999999999988,21.704640156744112,26,0.8333333333333333,12,True,OI < 500,OI < 500; wide market,324.2300109863281,2026-07-31,325.0,15.2,15.999999999999998,16.799999999999997,
HII,Huntington Ingalls Industries,Industrials,2026-07-30,BMO,2026-07-29,0.11107905415318287,0.12009521114613603,0.08341283032478308,0.06626098125145667,0.1005646793981095,0.331678276839142,2.067242564162831,0.0,screened out,,,,,,0.16233766233766223,65.17808175684556,114,0.8333333333333333,12,True,spread > 10%,spread > 10%,277.2799987792969,2026-08-21,280.0,28.3,30.799999999999997,33.3,
HIG,Hartford (The),Financials,2026-07-23,AMC,2026-07-23,0.06283726377532614,0.08023289047019044,0.035800228747793664,0.029374415545303414,0.04222604195028391,0.755219616556186,5.392416959437471,0.0,screened out,,,,,,0.5536723163841808,128.6799878548066,474,0.8333333333333333,12,True,spread > 10%,spread > 10%,140.83999633789062,2026-08-21,140.0,6.4,8.850000000000001,11.3,
HST,Host Hotels & Resorts,Real Estate,2026-08-05,AMC,2026-08-05,0.0663265306122449,0.11224489795918367,0.03450156416460085,0.027061096776959052,0.04194203155224265,0.9224209747654561,5.481762754184682,0.0,screened out,,,,,,1.3846153846153846,288.5682058611442,3846,0.35,0,True,spread > 10%,spread > 10%; thin history (n=0); low-conf moves,24.5,2026-08-21,24.28,0.5,1.625,2.75,
HSIC,Henry Schein,Health Care,2026-08-04,BMO,2026-08-03,0.0893173000596606,0.12852258358419807,0.05299087841625516,0.04579937155378519,0.06018238527872513,0.6855221639855316,6.4737394913919974,0.0,screened out,,,,,,0.877887788778878,215.8499612727733,24,0.8333333333333333,12,True,spread > 10%,spread > 10%,84.80999755859375,2026-08-21,85.0,4.25,7.575,10.9,
HSY,Hershey Company (The),Consumer Staples,2026-07-30,BMO,2026-07-29,0.05454650902409539,0.057447919078568555,0.030705692680238206,0.02512929820551937,0.036282087154957045,0.7764298494135856,5.479237590670615,0.0,screened out,,,,,,0.10638297872340426,24.33985491625781,34,0.8333333333333333,12,True,spread > 10%,spread > 10%,172.3300018310547,2026-07-31,172.5,8.9,9.4,9.9,
HUBB,Hubbell Incorporated,Industrials,2026-07-28,BMO,2026-07-27,0.11177753630010394,0.12792551058736099,0.045407302060791924,0.039290794786504823,0.051523809335079024,1.4616643409127155,13.906644492794515,0.0,screened out,,,,,,0.28893058161350843,48.660290180782184,239,0.8333333333333333,12,True,spread > 10%,spread > 10%,476.8399963378906,2026-08-21,470.0,45.6,53.3,61.0,
HUM,Humana,Health Care,2026-07-29,BMO,2026-07-28,0.0963279663281206,0.10613681929625822,0.06073863602818218,0.05145804409025247,0.07001922796611189,0.5859422046195654,4.914695745428489,0.0,screened out,,,,,,0.20365535248041788,55.1224363339851,8,0.8333333333333333,12,True,spread > 10%,spread > 10%,397.6000061035156,2026-07-31,397.5,34.4,38.3,42.2,
ICE,Intercontinental Exchange,Financials,2026-07-30,BMO,2026-07-29,0.05262050139783912,0.056830141509666254,0.026010734927609972,0.019880964075205048,0.0321405057800149,1.023030165979021,5.563515754404724,0.0,screened out,,,,,,0.1599999999999999,31.63981252174346,4,0.8333333333333333,12,True,spread > 10%,spread > 10%,142.52999877929688,2026-07-31,142.0,6.9,7.5,8.1,
IEX,IDEX Corporation,Industrials,2026-07-29,BMO,2026-07-28,0.08334826893157163,0.10306506373258856,0.05698598132696102,0.048253931295066006,0.06571803135885604,0.46261004883561024,3.869183945426478,0.0,screened out,,,,,,0.4731182795698925,149.5833373547491,364,0.8333333333333333,12,True,spread > 10%,spread > 10%,223.16000366210938,2026-08-21,230.0,14.2,18.6,23.0,
IDXX,Idexx Laboratories,Health Care,2026-08-04,BMO,2026-08-03,0.11605504587155964,0.12642201834862388,0.06420374912538028,0.05397719463914525,0.07443030361161532,0.8076054350801471,6.4980460427164255,0.0,screened out,,,,,,0.17865612648221363,39.987321928754334,23,0.35,0,True,spread > 10%,spread > 10%; thin history (n=0); low-conf moves,545.0,2026-08-21,550.0,57.599999999999994,63.25,68.9,
IFF,International Flavors & Fragrances,Materials,2026-08-04,AMC,2026-08-04,0.0977979313271451,0.1152849786505419,0.039920390578220784,0.031648175157357156,0.04819260599908441,1.4498240100010529,8.966867090615171,0.0,screened out,,,,,,0.3576158940397351,60.42774830138861,585,0.35,0,True,spread > 10%,spread > 10%; thin history (n=0); low-conf moves,77.19999694824219,2026-08-21,77.5,6.2,7.550000000000001,8.9,
INCY,Incyte,Health Care,2026-07-28,BMO,2026-07-27,0.08312462150355934,0.10449952417590318,0.052672378579913776,0.042404199683356646,0.0629405574764709,0.5781444420142117,3.8008292340942695,0.0,screened out,,,,,,0.5142857142857143,140.38310889571056,214,0.8333333333333333,12,True,spread > 10%,spread > 10%,115.79000091552734,2026-08-21,115.0,7.15,9.625,12.100000000000001,
INVH,Invitation Homes,Real Estate,2026-07-29,AMC,2026-07-29,0.05338983050847458,0.07457627118644068,0.03449723882281257,0.028627365425382304,0.040367112220242835,0.5476551843090871,4.124917841489458,0.0,screened out,,,,,,0.7936507936507936,224.28305264274505,1259,0.8333333333333333,12,True,spread > 10%,spread > 10%,29.5,2026-08-21,30.0,0.9500000000000001,1.5750000000000002,2.2,
IQV,IQVIA,Health Care,2026-07-28,BMO,2026-07-27,0.10729397310895974,0.11283497641505626,0.0709674938486658,0.0585937687048472,0.0833412189924844,0.5118749062459234,3.762489895231768,0.0,screened out,,,,,,0.1032863849765258,30.506690540489632,790,0.8333333333333333,12,True,spread > 10%,spread > 10%,198.52000427246094,2026-08-21,200.0,20.2,21.299999999999997,22.4,
IR,Ingersoll Rand,Industrials,2026-07-30,AMC,2026-07-30,0.11072539979205014,0.11790758788666961,0.05424154848918786,0.045317591098070896,0.06316550588030483,1.0413392109209674,8.111838801674025,0.0,screened out,,,,,,0.12972972972972965,25.430943283626668,20,0.8333333333333333,12,True,spread > 10%,spread > 10%,83.54000091552734,2026-08-21,80.0,8.65,9.25,9.85,
IP,International Paper,Materials,2026-07-30,BMO,2026-07-29,0.08204253051933062,0.08926227320503172,0.06028340295986764,0.049090642881898364,0.07147616303783691,0.36094723408279805,2.4914764263639317,0.0,screened out,,,,,,0.17599999999999993,66.36058974305011,56,0.8333333333333333,12,True,spread > 10%,spread > 10%; squeeze risk (19% of float short — no short premium),38.09000015258789,2026-07-31,38.0,2.85,3.125,3.4,
IRM,Iron Mountain,Real Estate,2026-08-05,BMO,2026-08-04,0.08172034234540612,0.08914946437680668,0.03450156416460085,0.027061096776959052,0.04194203155224265,1.3685981874773225,8.133304396580387,0.0,screened out,,,,,,0.18181818181818193,31.466811796585393,0,0.35,0,True,spread > 10%,spread > 10%; thin history (n=0); low-conf moves,124.51000213623047,2026-08-07,121.0,9.25,10.175,11.100000000000001,
IT,Gartner,Information Technology,2026-08-04,BMO,2026-08-03,0.1491294404980025,0.15518545838624626,0.06934513474452832,0.053879514541614326,0.08481075494744231,1.150539342772992,6.6115399778397865,0.0,screened out,,,,,,0.0812182741116752,15.180975333560646,167,0.35,0,True,OI < 500,OI < 500; thin history (n=0); low-conf moves; wide market; squeeze risk (25% of float short — no short premium),132.10000610351562,2026-08-21,130.0,18.9,19.7,20.5,
ITW,Illinois Tool Works,Industrials,2026-07-28,BMO,2026-07-27,0.062059651934941285,0.06717044680017174,0.03140810068539071,0.026072803690708884,0.03674339768007254,0.9759122831584642,7.362856860748516,0.0,screened out,,,,,,0.16470588235294112,33.347707746474285,220,0.8333333333333333,12,True,spread > 10%,spread > 10%,273.92999267578125,2026-08-21,270.0,15.6,17.0,18.4,
IVZ,Invesco,Financials,2026-07-28,BMO,2026-07-27,0.09016393442622951,0.10491803278688525,0.044921542564927315,0.03649191282039993,0.0533511723094547,1.0071424371928266,6.8784337114080145,0.0,screened out,,,,,,0.3272727272727274,65.22245068689912,194,0.8333333333333333,12,True,spread > 10%,spread > 10%,30.5,2026-08-21,31.0,2.3,2.75,3.2,
J,Jacobs Solutions,Industrials,2026-08-04,AMC,2026-08-04,0.08697318007662835,0.11340996168582376,0.06184553108842471,0.04914866494469772,0.0745423972321517,0.40629692309177456,2.5363420058730237,0.0,screened out,,,,,,0.6079295154185024,210.41985759675603,113,0.35,0,True,spread > 10%,spread > 10%; thin history (n=0); low-conf moves,130.5,2026-08-21,130.0,7.8999999999999995,11.35,14.8,
KHC,Kraft Heinz,Consumer Staples,2026-08-05,BMO,2026-08-04,0.05970724401631796,0.06394453230134699,0.02753266528637381,0.02263861137511501,0.03242671919763261,1.1685965886443863,8.425518158971482,0.0,screened out,,,,,,0.14193548387096774,26.339355182204567,670,0.8333333333333333,12,True,spread > 10%,spread > 10%; squeeze risk (11% of float short — no short premium),25.959999084472656,2026-08-07,26.0,1.44,1.5499999999999998,1.66,
KIM,Kimco Realty,Real Estate,2026-08-04,BMO,2026-08-03,0.06599082020954859,0.08033665068988524,0.03450156416460085,0.027061096776959052,0.04194203155224265,0.9126906796085557,5.4239375626099955,0.0,screened out,,,,,,0.43478260869565216,91.11571553077928,157,0.35,0,True,spread > 10%,spread > 10%; thin history (n=0); low-conf moves,26.139999389648438,2026-08-21,25.0,1.35,1.725,2.1,
KKR,KKR & Co.,Financials,2026-07-30,BMO,2026-07-29,0.07118182860768221,0.07536899499636938,0.03310570298481415,0.025998549099072458,0.04021285687055584,1.1501379578114952,6.866090615565051,0.0,screened out,,,,,,0.11764705882352937,21.99365781151024,142,0.8333333333333333,12,True,spread > 10%,spread > 10%,95.52999877929688,2026-07-31,96.0,6.4,6.800000000000001,7.2,
KLAC,KLA Corporation,Information Technology,2026-07-28,AMC,2026-07-28,0.21798872545438056,0.23568866470067643,0.05122813258748843,0.03910455033838358,0.06335171483659327,3.2552541824962105,17.628484009665478,0.0,screened out,,,,,,0.16239316239316243,21.22796392361582,506,0.8333333333333333,12,True,spread > 10%,spread > 10%,214.69000244140625,2026-08-21,214.0,43.0,46.8,50.6,
KMI,Kinder Morgan,Energy,2026-07-22,AMC,2026-07-22,0.028624190580339996,0.03047091255326516,0.02303434083915283,0.01869578565569722,0.02737289602260844,0.24267461266726445,1.651229758612743,0.0,screened out,,,,,,0.12903225806451613,66.07411856952552,1843,0.8333333333333333,12,True,spread > 10%,spread > 10%,32.4900016784668,2026-07-24,32.5,0.87,0.9299999999999999,0.99,
KO,Coca-Cola Company (The),Consumer Staples,2026-07-28,BMO,2026-07-27,0.036192215455594604,0.03844282381165679,0.024533730086291047,0.019741271280505103,0.02932618889207699,0.4752023164964256,3.1177137780006623,0.0,screened out,,,,,,0.1243697478991597,38.60893220294243,3129,0.8333333333333333,12,True,spread > 10%,spread > 10%,82.19999694824219,2026-07-31,82.0,2.79,2.975,3.16,
KMB,Kimberly-Clark,Consumer Staples,2026-08-04,BMO,2026-08-03,0.05418809835444579,0.05786186773440822,0.0328674334666727,0.028402900897103546,0.03733196603624186,0.6486866371659977,6.12036393382318,0.0,screened out,,,,,,0.13559322033898316,34.46205265455161,764,0.35,0,True,spread > 10%,spread > 10%; thin history (n=0); low-conf moves; squeeze risk (13% of float short — no short premium),108.87999725341797,2026-08-07,109.0,5.5,5.9,6.300000000000001,
L,Loews Corporation,Financials,2026-08-03,BMO,2026-07-31,0.050130777271028694,0.06887532877236985,0.027456393056058306,0.021687830921961523,0.03322495519015509,0.8258325909261137,5.037562244175439,0.0,screened out,,,,,,0.7478260869565218,165.33680759423126,19,0.8333333333333333,12,True,spread > 10%,spread > 10%,114.69999694824219,2026-08-21,115.0,3.5999999999999996,5.75,7.8999999999999995,
LDOS,Leidos,Industrials,2026-08-04,BMO,2026-08-03,0.10395300930386364,0.11187767817456176,0.06184553108842471,0.04914866494469772,0.0745423972321517,0.6808491652409783,4.250256990191903,0.0,screened out,,,,,,0.15246636771300442,37.64019697476207,202,0.35,0,True,spread > 10%,spread > 10%; thin history (n=0); low-conf moves,107.26000213623047,2026-08-21,105.0,10.3,11.15,12.0,
LH,Labcorp,Health Care,2026-07-30,BMO,2026-07-29,0.06661692805100705,0.07603212054888271,0.04601668142075635,0.03901838033668573,0.05301498250482697,0.44766910594640846,3.772526469520341,0.0,screened out,,,,,,0.2826666666666665,91.40854152736013,354,0.8333333333333333,12,True,spread > 10%,spread > 10%,281.4599914550781,2026-08-21,280.0,16.1,18.75,21.4,
LHX,L3Harris,Industrials,2026-07-29,AMC,2026-07-29,0.05014728509031827,0.051900686666902826,0.027053029777986515,0.021138459049393155,0.032967600506579875,0.8536661328456423,5.004183560642525,0.0,screened out,,,,,,0.06993006993006992,15.184742290852585,4,0.8333333333333333,12,True,OI < 500,OI < 500,285.1600036621094,2026-07-31,282.5,13.8,14.3,14.8,
LIN,Linde plc,Materials,2026-07-31,BMO,2026-07-30,0.05612676046620553,0.06074665143277586,0.02689458174722984,0.022387939560051855,0.03140122393440783,1.0869170226819616,8.313054085551618,0.0,screened out,,,,,,0.1646234676007005,31.608256168544766,61,0.8124999999999999,12,True,spread > 10%,spread > 10%,508.6700134277344,2026-08-21,510.0,26.2,28.549999999999997,30.9,
LLY,Lilly (Eli),Health Care,2026-08-05,BMO,2026-08-04,0.08469402599539978,0.09200264752799774,0.07513654621959726,0.06417189372804592,0.08610119871114859,0.1272014785969724,1.1171230542971353,0.0,screened out,,,,,,0.17258883248730963,152.9403504698341,68,0.8333333333333333,12,True,spread > 10%,spread > 10%,1163.010009765625,2026-08-07,1165.0,90.0,98.5,107.0,
LII,Lennox International,Industrials,2026-07-29,BMO,2026-07-28,0.10182438720834802,0.11261683377881808,0.05847177796729189,0.050552400522174495,0.06639115541240928,0.7414279289627013,7.015791883690668,0.0,screened out,,,,,,0.2119815668202765,49.7891442264071,6,0.8333333333333333,12,True,spread > 10%,spread > 10%; squeeze risk (10% of float short — no short premium),532.780029296875,2026-08-21,530.0,48.5,54.25,60.0,
LMT,Lockheed Martin,Industrials,2026-07-23,BMO,2026-07-22,0.051131504683483646,0.06279648674055216,0.04498572578918786,0.0366169603885576,0.053354491189818117,0.1366161996162103,0.9411699162144397,0.0,screened out,,,,,,0.45627376425855504,379.6095582903373,130,0.8333333333333333,12,True,spread > 10%,spread > 10%,514.3599853515625,2026-07-24,515.0,20.3,26.299999999999997,32.3,
LNT,Alliant Energy,Utilities,2026-07-30,AMC,2026-07-30,0.05099973211568109,0.07295325918534513,0.013928314458345794,0.011164955131499565,0.016691673785192023,2.6615867819614194,17.193105655160682,0.0,screened out,,,,,,0.8609271523178809,118.43910191182086,94,0.8333333333333333,12,True,spread > 10%,spread > 10%; squeeze risk (11% of float short — no short premium),74.0199966430664,2026-08-21,75.0,2.15,3.7750000000000004,5.4,
LRCX,Lam Research,Information Technology,2026-07-29,AMC,2026-07-29,0.14947226259128438,0.15863321320583665,0.05656724736307045,0.047380846088887395,0.0657536486372535,1.6423817590400616,12.96123084140668,0.0,screened out,,,,,,0.12257726558407547,19.721111055305478,1855,0.8333333333333333,12,True,spread > 10%,spread > 10%,319.2900085449219,2026-07-31,320.0,44.8,47.724999999999994,50.65,
LVS,Las Vegas Sands,Consumer Discretionary,2026-07-22,AMC,2026-07-22,0.08298342541436464,0.12331491712707182,0.07820082052631594,0.0661837101932343,0.09021793085939758,0.061157988571734614,0.5100549345585818,0.0,screened out,,,,,,0.9720372836218375,1686.5909961950636,2296,0.8333333333333333,12,True,spread > 10%,spread > 10%; squeeze risk (13% of float short — no short premium),45.25,2026-07-24,45.0,1.9300000000000002,3.755,5.58,
MA,Mastercard,Financials,2026-07-30,BMO,2026-07-29,0.04671228413163897,0.05169367459235701,0.030196162772369313,0.024417601486119996,0.03597472405861863,0.5469609328766291,3.663033077871684,0.0,screened out,,,,,,0.21327967806841033,60.321553134171374,98,0.8333333333333333,12,True,spread > 10%,spread > 10%,531.97998046875,2026-07-31,530.0,22.200000000000003,24.85,27.5,
LUV,Southwest Airlines,Industrials,2026-07-22,AMC,2026-07-22,0.06808644587472025,0.0742761227724221,0.06736218660395518,0.05496789479232192,0.07975647841558844,0.010751718542380911,0.0748901748901292,0.0,screened out,,,,,,0.18181818181818177,1709.2434015137706,367,0.8333333333333333,12,True,spread > 10%,spread > 10%; squeeze risk (8% of float short — no short premium),47.65999984741211,2026-07-24,47.5,2.95,3.245,3.54,
LYV,Live Nation Entertainment,Communication Services,2026-07-30,AMC,2026-07-30,0.059858363925381845,0.06351169130110938,0.050454097448336635,0.03994486138473649,0.06096333351193678,0.18639252216680469,1.1468490995959528,0.0,screened out,,,,,,0.12206572769953059,77.69510540019056,300,0.8333333333333333,12,True,spread > 10%,spread > 10%; squeeze risk (15% of float short — no short premium),177.9199981689453,2026-07-31,177.5,10.0,10.65,11.3,
MAA,Mid-America Apartment Communities,Real Estate,2026-07-29,AMC,2026-07-29,0.05776392473150702,0.07144485427317974,0.0255244432573142,0.020850050761040614,0.030198835753587783,1.2630826517618317,8.83924905541506,0.0,screened out,,,,,,0.4736842105263159,84.87065496152026,92,0.8333333333333333,12,True,spread > 10%,spread > 10%,131.57000732421875,2026-08-21,130.0,5.8,7.6,9.4,
MAS,Masco,Industrials,2026-07-29,BMO,2026-07-28,0.09421868733145967,0.11024227361232017,0.05630016715166941,0.04741458819124566,0.06518574611209316,0.6735063517243199,5.46912876233128,0.0,screened out,,,,,,0.3401360544217687,84.51588408453085,287,0.8333333333333333,12,True,spread > 10%,spread > 10%,78.01000213623047,2026-08-21,80.0,6.1,7.35,8.6,
MAR,Marriott International,Consumer Discretionary,2026-08-03,BMO,2026-07-31,0.0630070329073251,0.06814494546199967,0.032703047086455383,0.026362361178516366,0.0390437329943944,0.9266410478741203,6.125139896836561,0.0,screened out,,,,,,0.163090128755365,33.9091536344121,69,0.8333333333333333,12,True,spread > 10%,spread > 10%,369.79998779296875,2026-08-07,370.0,21.4,23.3,25.200000000000003,
MCD,McDonald's,Consumer Discretionary,2026-08-04,BMO,2026-08-03,0.052358005905522295,0.05444473802494528,0.025474885591629005,0.02113906507924563,0.02981070610401238,1.0552793345115956,7.946225378999094,0.0,screened out,,,,,,0.0797101449275362,15.524478520780633,344,0.8333333333333333,12,True,OI < 500,OI < 500,263.57000732421875,2026-08-07,265.0,13.25,13.8,14.35,
MCO,Moody's Corporation,Financials,2026-07-22,BMO,2026-07-21,0.061466202266040736,0.06840922843562673,0.032893567637629,0.02581759803997662,0.03996953723528138,0.8686389674474144,5.175077144469587,0.0,screened out,,,,,,0.22591362126245837,48.59913172082539,632,0.8333333333333333,12,True,spread > 10%,spread > 10%,489.70001220703125,2026-08-21,490.0,26.700000000000003,30.1,33.5,
MET,MetLife,Financials,2026-08-05,AMC,2026-08-05,0.06459740770718568,0.0707623055381619,0.03430704076298498,0.0215929466433758,0.04702113488259416,0.88291984008373,3.053314999124839,0.0,screened out,,,,,,0.19087136929460571,40.70533607158256,671,0.35,0,True,spread > 10%,spread > 10%; thin history (n=0); low-conf moves,93.2699966430664,2026-08-21,92.5,5.45,6.025,6.6,
MCK,McKesson Corporation,Health Care,2026-08-05,AMC,2026-08-05,0.08083141095779178,0.0864822390794611,0.05324429739519495,0.051553143521350674,0.054935451269039225,0.5181233467658912,20.90622579567808,0.0,screened out,,,,,,0.13981762917933133,40.967157429118224,433,0.35,0,True,spread > 10%,spread > 10%; thin history (n=0); low-conf moves,814.0399780273438,2026-08-21,810.0,61.2,65.80000000000001,70.4,
MDLZ,Mondelez International,Consumer Staples,2026-07-28,AMC,2026-07-28,0.041899440920581836,0.04847190224145743,0.03058541950034311,0.025851287214704068,0.03531955178598215,0.3699155220058958,3.06287382297359,0.0,screened out,,,,,,0.31372549019607854,116.18258578013027,80,0.8333333333333333,12,True,spread > 10%,spread > 10%,60.86000061035156,2026-07-31,61.0,2.15,2.55,2.95,
META,Meta Platforms,Communication Services,2026-07-29,AMC,2026-07-29,0.09467130382179918,0.09598673667490208,0.07435952772235653,0.06190351042279551,0.08681554502191755,0.27315633546359686,2.0898792626085325,0.0,screened out,,,,,,0.02778947368421062,12.952415846480244,41,0.8333333333333333,12,True,OI < 500,OI < 500,627.1699829101562,2026-07-31,627.5,58.55,59.375,60.2,
MGM,MGM Resorts,Consumer Discretionary,2026-07-29,AMC,2026-07-29,0.08298526842629111,0.11980654646974477,0.06156203255912962,0.047292306919165354,0.07583175819909388,0.34799429090624523,1.9240747706080585,0.0,screened out,,,,,,0.8874172185430463,343.75085324897145,6,0.8333333333333333,12,True,spread > 10%,spread > 10%; squeeze risk (15% of float short — no short premium),45.4900016784668,2026-07-31,45.0,2.1,3.7750000000000004,5.45,
MLM,Martin Marietta Materials,Materials,2026-07-30,BMO,2026-07-29,0.08807613112506045,0.09606654302094222,0.03113663518736528,0.024960049438210345,0.03731322093652022,1.8286977894387335,11.81456243908444,0.0,screened out,,,,,,0.1814432989690721,28.066324663727645,39,0.8333333333333333,12,True,spread > 10%,spread > 10%,550.6599731445312,2026-08-21,550.0,44.1,48.5,52.9,
MRK,Merck & Co.,Health Care,2026-08-04,BMO,2026-08-03,0.06334823819463879,0.06707460514726461,0.06054500974311776,0.05119357546625164,0.06989644401998388,0.04629990916534093,0.3841782422998888,0.0,screened out,,,,,,0.11764705882352955,265.8625236629492,138,0.35,0,True,spread > 10%,spread > 10%; thin history (n=0); low-conf moves,127.47000122070312,2026-08-07,127.0,7.6,8.075,8.55,
MO,Altria,Consumer Staples,2026-07-30,BMO,2026-07-29,0.0498129429293366,0.052930581916569075,0.042158100128929045,0.03537455055315477,0.04894164970470332,0.18157466244914516,1.446211371114297,0.0,screened out,,,,,,0.12517385257301802,81.45533666782765,787,0.8333333333333333,12,True,spread > 10%,spread > 10%,72.16999816894531,2026-07-31,72.0,3.37,3.5949999999999998,3.82,
MOS,Mosaic Company (The),Materials,2026-08-04,AMC,2026-08-04,0.09767339477317831,0.10316066414245799,0.0444054891641604,0.0359542796858722,0.0528566986424486,1.1995793000296537,8.077914528553979,0.0,screened out,,,,,,0.11235955056179778,20.60253470281258,739,0.8333333333333333,12,True,spread > 10%,spread > 10%; squeeze risk (12% of float short — no short premium),22.780000686645508,2026-08-07,23.0,2.0999999999999996,2.2249999999999996,2.3499999999999996,
MPWR,Monolithic Power Systems,Information Technology,2026-07-30,AMC,2026-07-30,0.21059030375253293,0.21952877165374401,0.07360911824507088,0.06128569126236845,0.08593254522777331,1.8609268630470897,14.24563861925569,0.0,screened out,,,,,,0.08488964346349745,13.050650522694085,283,0.8333333333333333,12,True,OI < 500,OI < 500; wide market,1398.449951171875,2026-08-21,1400.0,282.0,294.5,307.0,
MRNA,Moderna,Health Care,2026-07-31,BMO,2026-07-30,0.1282934396272094,0.13862579718107865,0.061364233827482434,0.04725991717820202,0.07546855047676285,1.090687549165687,6.081575753427679,0.0,screened out,,,,,,0.16107382550335583,30.87548232616671,72,0.8333333333333333,12,True,spread > 10%,spread > 10%; squeeze risk (14% of float short — no short premium),58.06999969482422,2026-07-31,58.0,6.85,7.45,8.05,
MTD,Mettler Toledo,Health Care,2026-07-30,AMC,2026-07-30,0.08534878133314373,0.09129792189987311,0.05663416003109788,0.04371819436456946,0.0695501256976263,0.5070194611569877,2.849237882078804,0.0,screened out,,,,,,0.13940774487471536,41.43631569541557,3,0.8333333333333333,12,True,spread > 10%,spread > 10%,1285.9000244140625,2026-08-21,1300.0,102.1,109.75,117.4,
NCLH,Norwegian Cruise Line Holdings,Consumer Discretionary,2026-07-30,BMO,2026-07-29,0.09881014006925068,0.10657009871343266,0.08461974494514854,0.07025443244810876,0.09898505744218832,0.16769602807595924,1.2659947630653305,0.0,screened out,,,,,,0.15706806282722513,109.36916944619584,1556,0.8333333333333333,12,True,spread > 10%,spread > 10%; squeeze risk (21% of float short — no short premium),19.329999923706055,2026-07-31,19.5,1.76,1.9100000000000001,2.06,
NEE,NextEra Energy,Utilities,2026-07-24,BMO,2026-07-23,0.03360921459478112,0.036125711527834614,0.032692034200922974,0.02684300881314757,0.03854105958869838,0.02805516439329584,0.20096653969485798,0.0,screened out,,,,,,0.14975041597337763,548.7463425745029,1855,0.8333333333333333,12,True,spread > 10%,spread > 10%,89.41000366210938,2026-07-24,89.0,2.7800000000000002,3.005,3.23,
NEM,Newmont,Materials,2026-07-23,AMC,2026-07-23,0.05535248041775457,0.059530026109660565,0.05923566022120315,0.050601802775192,0.0678695176672143,-0.06555476530433962,-0.576414802678834,0.0,screened out,,,,,,0.1509433962264149,215.16107434407238,370,0.8333333333333333,12,True,spread > 10%,spread > 10%,95.75,2026-07-24,96.0,4.9,5.3,5.699999999999999,
NDAQ,"Nasdaq, Inc.",Financials,2026-07-23,BMO,2026-07-22,0.03905390473496667,0.04235423471256949,0.02632036923856273,0.019566629857728977,0.03307410861939648,0.4837901543473666,2.416335332468317,0.0,screened out,,,,,,0.16901408450704217,51.83682063060737,98,0.8333333333333333,12,True,spread > 10%,spread > 10%,90.9000015258789,2026-07-24,91.0,3.25,3.55,3.8499999999999996,
NI,NiSource,Utilities,2026-08-05,BMO,2026-08-04,0.05958771780512622,0.07515568011457362,0.017927057271306234,0.013881417256301928,0.02197269728631054,2.3238984459820626,13.197492199534432,0.0,screened out,,,,,,0.5225225225225226,74.73699221263846,2479,0.35,0,True,spread > 10%,spread > 10%; thin history (n=0); low-conf moves,46.56999969482422,2026-08-21,45.0,2.05,2.775,3.5,
NTRS,Northern Trust,Financials,2026-07-22,BMO,2026-07-21,0.06464793329929586,0.07332362997582474,0.04740809273792188,0.03832774388758086,0.056488441588262904,0.3636476298820554,2.433230267648484,0.0,screened out,,,,,,0.2683982683982685,100.64706394056641,99,0.8333333333333333,12,True,spread > 10%,spread > 10%,178.66000366210938,2026-08-21,180.0,10.0,11.55,13.100000000000001,
NRG,NRG Energy,Utilities,2026-08-04,BMO,2026-08-03,0.10251464807822425,0.11287327105476955,0.017927057271306234,0.013881417256301928,0.02197269728631054,4.718431448440095,26.796120261834695,0.0,screened out,,,,,,0.20209059233449478,24.49206290835305,11,0.35,0,True,spread > 10%,spread > 10%; thin history (n=0); low-conf moves,139.97999572753906,2026-08-07,140.0,12.9,14.350000000000001,15.8,
NUE,Nucor,Materials,2026-07-27,AMC,2026-07-27,0.09241204139058219,0.09919457653851482,0.042034385707672275,0.03629989409966888,0.047768877315675674,1.1984867825418177,11.258888832116865,0.0,screened out,,,,,,0.14678899082568786,26.926759715154947,706,0.8333333333333333,12,True,spread > 10%,spread > 10%,235.89999389648438,2026-08-21,240.0,20.200000000000003,21.8,23.4,
NSC,Norfolk Southern,Industrials,2026-07-23,BMO,2026-07-22,0.05937632155387164,0.0655707978482959,0.031202995254531053,0.023518804079282942,0.03888718642977917,0.9029045471283554,4.6988595366472055,0.0,screened out,,,,,,0.2086513994910942,43.97404998336497,698,0.8333333333333333,12,True,spread > 10%,spread > 10%,330.94000244140625,2026-08-21,330.0,17.6,19.650000000000002,21.700000000000003,
NXPI,NXP Semiconductors,Information Technology,2026-07-28,AMC,2026-07-28,0.16463415354983593,0.17395983545026236,0.06973131914750003,0.05373069652400542,0.08573194177099464,1.3609786185399924,7.6014212341613066,0.0,screened out,,,,,,0.11328976034858394,19.65311565066786,2779,0.8333333333333333,12,True,spread > 10%,spread > 10%,278.79998779296875,2026-08-21,280.0,43.3,45.9,48.5,
ODFL,Old Dominion,Industrials,2026-07-29,BMO,2026-07-28,0.1009450158588499,0.10695876148448352,0.05507697311837374,0.04484938859064705,0.06530455764610044,0.8327989020365124,5.747640942671378,0.0,screened out,,,,,,0.11914893617021265,26.2219413183148,535,0.8333333333333333,12,True,spread > 10%,spread > 10%,232.8000030517578,2026-08-21,230.0,22.1,23.5,24.9,
ON,ON Semiconductor,Information Technology,2026-08-03,AMC,2026-08-03,0.18547600628596653,0.19820209722821533,0.06332053042518597,0.04734199704712581,0.07929906380324614,1.9291606535909998,9.79779896934336,0.0,screened out,,,,,,0.13722627737226276,20.83589106844887,80,0.8333333333333333,12,True,spread > 10%,spread > 10%,92.33000183105469,2026-08-07,92.0,15.950000000000001,17.125,18.3,
OMC,Omnicom Group,Communication Services,2026-07-28,AMC,2026-07-28,0.08818342456793915,0.09700176702473305,0.05557946618791626,0.042824083308329,0.06833484906750352,0.5866187751747683,3.275890144129443,0.0,screened out,,,,,,0.19999999999999993,54.09369226895522,283,0.8333333333333333,12,True,spread > 10%,spread > 10%; squeeze risk (10% of float short — no short premium),79.37999725341797,2026-08-21,80.0,6.3,7.0,7.699999999999999,
ORLY,O’Reilly Automotive,Consumer Discretionary,2026-07-29,AMC,2026-07-29,0.08551947422158661,0.09360915421552048,0.0367136326235038,0.03110443907648871,0.04232282617051889,1.3293656364267714,11.151258388184594,0.0,screened out,,,,,,0.18918918918918912,33.15045793309973,3030,0.8333333333333333,12,True,spread > 10%,spread > 10%,86.52999877929688,2026-08-21,85.0,6.7,7.4,8.1,
OTIS,Otis Worldwide,Industrials,2026-07-22,BMO,2026-07-21,0.04757846649286255,0.06959238382538104,0.04716952124367792,0.03814834423869398,0.05619069824866185,0.008669692598150815,0.058097100973129374,0.0,screened out,,,,,,0.9253731343283583,10766.19296906397,290,0.8333333333333333,12,True,spread > 10%,spread > 10%,70.41000366210938,2026-08-21,70.0,1.7999999999999998,3.35,4.9,
PCAR,Paccar,Industrials,2026-07-28,BMO,2026-07-27,0.07741590994393317,0.08847532565020935,0.041727713853689584,0.034511761519872314,0.048943666187506854,0.8552636316328656,6.338455410092847,0.0,screened out,,,,,,0.2857142857142859,61.97800347381296,93,0.8333333333333333,12,True,spread > 10%,spread > 10%,131.11000061035156,2026-08-21,130.0,8.7,10.15,11.600000000000001,
PCG,PG&E Corporation,Utilities,2026-07-23,BMO,2026-07-22,0.03147432251737151,0.043622306646883324,0.013271669843228823,0.01093475118499448,0.015608588501463167,1.3715420055773646,9.982598061332228,0.0,screened out,,,,,,0.7719298245614036,133.4748769531632,1716,0.8333333333333333,12,True,spread > 10%,spread > 10%,18.110000610351562,2026-07-24,18.0,0.35,0.5700000000000001,0.79,
PEG,Public Service Enterprise Group,Utilities,2026-08-04,BMO,2026-08-03,0.058117616154605006,0.07413922925668531,0.017927057271306234,0.013881417256301928,0.02197269728631054,2.2418938186596384,12.731785347634514,0.0,screened out,,,,,,0.5513513513513514,79.72824238947372,442,0.35,0,True,spread > 10%,spread > 10%; thin history (n=0); low-conf moves,79.58000183105469,2026-08-21,80.0,3.35,4.625,5.9,
PG,Procter & Gamble,Consumer Staples,2026-07-29,BMO,2026-07-28,0.040836852414680526,0.04325085354264194,0.024354645327934563,0.019596911043835815,0.02911237961203331,0.6767582473410532,4.439843703119929,0.0,screened out,,,,,,0.11822660098522164,29.292207229972366,99,0.8333333333333333,12,True,spread > 10%,spread > 10%,149.1300048828125,2026-07-31,149.0,5.73,6.09,6.45,
PFG,Principal Financial Group,Financials,2026-07-27,AMC,2026-07-27,0.0741339491916859,0.10808314087759814,0.03127473682040377,0.025293601400339514,0.03725587224046803,1.3704100091202236,9.183601894512037,0.0,screened out,,,,,,0.9158878504672898,158.42191121860162,24,0.8333333333333333,12,True,spread > 10%,spread > 10%,108.25,2026-08-21,110.0,4.35,8.024999999999999,11.7,
PHM,PulteGroup,Consumer Discretionary,2026-07-22,BMO,2026-07-21,0.025049309664694278,0.028402366863905328,0.0552751380498894,0.04451900431930082,0.06603127178047798,-0.5468250184723981,-3.6014261842341706,0.0,screened out,,,,,,0.2677165354330709,22.18670176036203,27,0.8333333333333333,12,True,spread > 10%,spread > 10%,126.75,2026-07-24,127.0,2.75,3.175,3.6,
PNR,Pentair,Industrials,2026-07-28,BMO,2026-07-27,0.10274515952026339,0.11742303945172959,0.05402978180659468,0.04307480964976511,0.06498475396342425,0.9016393567542168,5.699113350910284,0.0,screened out,,,,,,0.28571428571428564,60.25973982070894,1236,0.8333333333333333,12,True,spread > 10%,spread > 10%,63.02000045776367,2026-08-21,62.5,5.550000000000001,6.4750000000000005,7.4,
PM,Philip Morris International,Consumer Staples,2026-07-22,BMO,2026-07-21,0.02573340155155888,0.028821409737745947,0.04291073242257637,0.03392475504236338,0.05189670980278936,-0.40030383778721246,-2.449868980615463,0.0,screened out,,,,,,0.23999999999999985,35.954458924667,397,0.8333333333333333,12,True,spread > 10%,spread > 10%,194.3000030517578,2026-07-24,195.0,4.4,5.0,5.6,
PKG,Packaging Corporation of America,Materials,2026-07-22,AMC,2026-07-22,0.07888163288232564,0.0898374152270931,0.03757932779900584,0.02939695319034437,0.04576170240766732,1.0990698211587606,6.469153115863242,0.0,screened out,,,,,,0.2777777777777778,53.05167507075539,171,0.8333333333333333,12,True,spread > 10%,spread > 10%,228.19000244140625,2026-08-21,230.0,15.5,18.0,20.5,
PNW,Pinnacle West Capital,Utilities,2026-08-04,BMO,2026-08-03,0.05409219035676139,0.08184383584414331,0.015530818069144305,0.01164788132093758,0.019413754817351032,2.4828938254211157,12.72754565127388,0.0,screened out,,,,,,1.026086956521739,143.93494754487043,25,0.8333333333333333,12,True,spread > 10%,spread > 10%; squeeze risk (10% of float short — no short premium),106.30000305175781,2026-08-21,105.0,2.8,5.75,8.7,
PSX,Phillips 66,Energy,2026-08-05,BMO,2026-08-04,0.07308074231290065,0.0780473947030978,0.03095920643553397,0.023205574248523212,0.038712838622544724,1.3605495982293963,6.962280267932738,0.0,screened out,,,,,,0.13592233009708748,23.582484763409994,24,0.35,0,True,spread > 10%,spread > 10%; thin history (n=0); low-conf moves,211.41000366210938,2026-08-07,220.0,14.399999999999999,15.45,16.5,
PSA,Public Storage,Real Estate,2026-07-29,AMC,2026-07-29,0.06352261541410796,0.07539300314300691,0.024183505418411355,0.020118208800115722,0.028248802036706988,1.6266918015014897,12.401801911227327,0.0,screened out,,,,,,0.37373737373737365,60.34904058682307,40,0.8333333333333333,12,True,spread > 10%,spread > 10%,311.70001220703125,2026-08-21,310.0,16.1,19.8,23.5,
PPG,PPG Industries,Materials,2026-07-28,AMC,2026-07-28,0.05388022857897506,0.05920436183776706,0.03780007778385622,0.032473639228412315,0.04312651633930012,0.42539993930875997,3.8690620467144057,0.0,screened out,,,,,,0.1976284584980237,66.2199419225366,51,0.8333333333333333,12,True,spread > 10%,spread > 10%,117.38999938964844,2026-07-31,116.0,5.7,6.325,6.95,
PRU,Prudential Financial,Financials,2026-08-04,AMC,2026-08-04,0.05616323168446184,0.06815313507777393,0.04337501558875869,0.031160167030510787,0.05558986414700659,0.29482908356619514,1.3417585711438451,0.0,screened out,,,,,,0.4269662921348314,187.51486999567814,1096,0.35,0,True,spread > 10%,spread > 10%; thin history (n=0); low-conf moves,118.8499984741211,2026-08-21,120.0,5.25,6.675,8.1,
PODD,Insulet Corporation,Health Care,2026-08-05,BMO,2026-08-04,0.12898761055013827,0.14345939124600743,0.06420374912538028,0.05397719463914525,0.07443030361161532,1.0090354894734392,8.118765407618408,0.0,screened out,,,,,,0.22439024390243875,44.67711673123138,189,0.35,0,True,spread > 10%,spread > 10%; thin history (n=0); low-conf moves,158.92999267578125,2026-08-21,160.0,18.200000000000003,20.5,22.799999999999997,
