ticker,name,sector,earnings_date,session,entry_by,implied_move_mid,implied_move_ask,fair_move,ci_low,ci_high,edge,z,score,structure,detail,entry_side,entry_price,max_gain,max_loss,spread_pct,spread_cost_pct_of_edge,open_interest,conf_mult,n_events,screened,screen_reason,flags,spot,expiry,atm_strike,straddle_bid,straddle_mid,straddle_ask,legs_json
XOM,ExxonMobil,Energy,2026-07-31,BMO,2026-07-30,0.046210721067020115,0.04716680495116536,0.017979134567198293,0.01476346813536485,0.021194800999031736,1.5702416817841962,11.251664942604872,9.376387452170727,iron fly,"short 157.5 straddle @ bid, long 152.5P / 162.5C @ ask",credit,368.0,368.0,132.00000000000003,0.04137931034482768,6.7731502383068705,513,0.8333333333333333,12,False,,,156.88999938964844,2026-07-31,157.5,7.1,7.25,7.4,"[{""action"": ""SELL"", ""right"": ""CALL"", ""strike"": 157.5}, {""action"": ""SELL"", ""right"": ""PUT"", ""strike"": 157.5}, {""action"": ""BUY"", ""right"": ""CALL"", ""strike"": 162.5}, {""action"": ""BUY"", ""right"": ""PUT"", ""strike"": 152.5}]"
APH,Amphenol,Information Technology,2026-07-29,BMO,2026-07-28,0.13974465491660054,0.14292066980106874,0.06289464365167978,0.05259751050245233,0.07319177680090723,1.2218848347488533,9.564892772558913,7.970743977132427,iron fly,"short 155 straddle @ bid, long 145P / 165C @ ask",credit,760.0,760.0,239.99999999999994,0.045454545454545456,8.265489704405363,2006,0.8333333333333333,12,False,,,157.42999267578125,2026-08-21,155.0,21.5,22.0,22.5,"[{""action"": ""SELL"", ""right"": ""CALL"", ""strike"": 155.0}, {""action"": ""SELL"", ""right"": ""PUT"", ""strike"": 155.0}, {""action"": ""BUY"", ""right"": ""CALL"", ""strike"": 165.0}, {""action"": ""BUY"", ""right"": ""PUT"", ""strike"": 145.0}]"
MPC,Marathon Petroleum,Energy,2026-08-04,BMO,2026-08-03,0.10311589692530529,0.1075991967916229,0.03830523145125388,0.0318209314927508,0.04478953140975695,1.6919533708216221,12.809609272103959,6.961744169621712,no affordable structure,,,,,,0.08695652173913045,13.835068143568513,1364,0.8333333333333333,12,False,,wide market,312.2699890136719,2026-08-21,310.0,30.8,32.2,33.6,
SYY,Sysco,Consumer Staples,2026-08-04,BMO,2026-08-03,0.06178881429804299,0.06423589605242093,0.03787478345338524,0.030630536843209086,0.0451190300635614,0.6313971636059695,4.230698315468875,3.525581929557396,iron fly,"short 82.5 straddle @ bid, long 77.5P / 87.5C @ ask",credit,290.0,290.0,210.0,0.07920792079207928,20.46565692144372,2006,0.8333333333333333,12,False,,,81.7300033569336,2026-08-21,82.5,4.85,5.05,5.25,"[{""action"": ""SELL"", ""right"": ""CALL"", ""strike"": 82.5}, {""action"": ""SELL"", ""right"": ""PUT"", ""strike"": 82.5}, {""action"": ""BUY"", ""right"": ""CALL"", ""strike"": 87.5}, {""action"": ""BUY"", ""right"": ""PUT"", ""strike"": 77.5}]"
MSFT,Microsoft,Information Technology,2026-07-29,AMC,2026-07-29,0.07704806602699556,0.07875150966364682,0.05662342202942709,0.04822884781779614,0.06501799624105804,0.36071016666837646,3.118231263119427,2.598526052599522,iron fly,"short 382.5 straddle @ bid, long 372.5P / 392.5C @ ask",credit,755.0000000000001,755.0000000000001,244.99999999999994,0.04421768707482996,16.680277383087375,599,0.8333333333333333,12,False,,,381.5799865722656,2026-07-31,382.5,28.75,29.4,30.05,"[{""action"": ""SELL"", ""right"": ""CALL"", ""strike"": 382.5}, {""action"": ""SELL"", ""right"": ""PUT"", ""strike"": 382.5}, {""action"": ""BUY"", ""right"": ""CALL"", ""strike"": 392.5}, {""action"": ""BUY"", ""right"": ""PUT"", ""strike"": 372.5}]"
MNST,Monster Beverage,Consumer Staples,2026-08-06,AMC,2026-08-06,0.07989525646704551,0.08336896326996053,0.05123774456168123,0.04222192669228653,0.060253562431075935,0.5593047108243744,4.0736700530065875,2.2139511157644622,iron fly,"short 92.5 straddle @ bid, long 87.5P / 97.5C @ ask",credit,330.00000000000006,330.00000000000006,169.99999999999994,0.08695652173913036,24.242905765066023,569,0.8333333333333333,12,False,,wide market,93.55999755859375,2026-08-21,92.5,7.15,7.475,7.8,"[{""action"": ""SELL"", ""right"": ""CALL"", ""strike"": 92.5}, {""action"": ""SELL"", ""right"": ""PUT"", ""strike"": 92.5}, {""action"": ""BUY"", ""right"": ""CALL"", ""strike"": 97.5}, {""action"": ""BUY"", ""right"": ""PUT"", ""strike"": 87.5}]"
META,Meta Platforms,Communication Services,2026-07-29,AMC,2026-07-29,0.09367266505020673,0.09495133198836454,0.07414217511222272,0.06091817988142341,0.08736617034302203,0.2634194358126446,1.8927922664569332,1.577326888714111,iron fly,"short 605 straddle @ bid, long 600P / 610C @ ask",credit,309.9999999999998,309.9999999999998,190.00000000000023,0.027300748568912323,13.094059004336529,538,0.8333333333333333,12,False,,,606.0999755859375,2026-07-31,605.0,56.0,56.775,57.55,"[{""action"": ""SELL"", ""right"": ""CALL"", ""strike"": 605.0}, {""action"": ""SELL"", ""right"": ""PUT"", ""strike"": 605.0}, {""action"": ""BUY"", ""right"": ""CALL"", ""strike"": 610.0}, {""action"": ""BUY"", ""right"": ""PUT"", ""strike"": 600.0}]"
F,Ford Motor Company,Consumer Discretionary,2026-07-28,AMC,2026-07-28,0.0703180230971164,0.07279152139701497,0.05269516526947716,0.03991600735350539,0.06547432318544892,0.33443026011054205,1.76736642120014,1.4728053510001167,iron fly,"short 14 straddle @ bid, long 11.5P / 16.5C @ ask",credit,91.0,91.0,159.0,0.07035175879396979,28.071477669407198,12275,0.8333333333333333,12,False,,,14.149999618530273,2026-07-31,14.0,0.9600000000000001,0.9950000000000001,1.03,"[{""action"": ""SELL"", ""right"": ""CALL"", ""strike"": 14.0}, {""action"": ""SELL"", ""right"": ""PUT"", ""strike"": 14.0}, {""action"": ""BUY"", ""right"": ""CALL"", ""strike"": 16.5}, {""action"": ""BUY"", ""right"": ""PUT"", ""strike"": 11.5}]"
CVX,Chevron Corporation,Energy,2026-07-31,BMO,2026-07-30,0.042048143591155496,0.04397695751735529,0.02668158150517906,0.021670144152630192,0.03169301885772793,0.5759239602417754,3.9297679655460414,1.3519843918162824,iron fly,"short 195 straddle @ bid, long 190P / 200C @ ask",credit,340.0,340.0,160.0,0.09174311926605515,25.104039737815345,1607,0.8333333333333333,12,False,,wide market,194.4199981689453,2026-07-31,195.0,7.8,8.175,8.55,"[{""action"": ""SELL"", ""right"": ""CALL"", ""strike"": 195.0}, {""action"": ""SELL"", ""right"": ""PUT"", ""strike"": 195.0}, {""action"": ""BUY"", ""right"": ""CALL"", ""strike"": 200.0}, {""action"": ""BUY"", ""right"": ""PUT"", ""strike"": 190.0}]"
COIN,Coinbase,Financials,2026-07-30,AMC,2026-07-30,0.1141722485845665,0.11944651006809268,0.07049956168631058,0.05665397001377355,0.08434515335884761,0.6194745875524523,4.042508030900843,1.281592219941397,iron fly,"short 160 straddle @ bid, long 155P / 165C @ ask",credit,295.0000000000001,295.0000000000001,204.9999999999999,0.09239130434782605,24.153592820215497,1610,0.8333333333333333,12,False,,wide market; squeeze risk (11% of float short — no short premium),161.16000366210938,2026-07-31,160.0,17.55,18.4,19.25,"[{""action"": ""SELL"", ""right"": ""CALL"", ""strike"": 160.0}, {""action"": ""SELL"", ""right"": ""PUT"", ""strike"": 160.0}, {""action"": ""BUY"", ""right"": ""CALL"", ""strike"": 165.0}, {""action"": ""BUY"", ""right"": ""PUT"", ""strike"": 155.0}]"
INTC,Intel,Information Technology,2026-07-23,AMC,2026-07-23,0.12221889244457043,0.12471315555568412,0.10087497470119072,0.08203823813615194,0.11971171126622951,0.2115878373858741,1.4521817452544021,1.1798976680192015,iron fly,"short 100 straddle @ bid, long 91P / 109C @ ask",credit,660.0,660.0,240.00000000000003,0.04081632653061224,23.372120724062793,11719,0.8124999999999999,12,False,,,100.2300033569336,2026-07-24,100.0,12.0,12.25,12.5,"[{""action"": ""SELL"", ""right"": ""CALL"", ""strike"": 100.0}, {""action"": ""SELL"", ""right"": ""PUT"", ""strike"": 100.0}, {""action"": ""BUY"", ""right"": ""CALL"", ""strike"": 109.0}, {""action"": ""BUY"", ""right"": ""PUT"", ""strike"": 91.0}]"
AAPL,Apple Inc.,Information Technology,2026-07-30,AMC,2026-07-30,0.04461232306356026,0.0457004285041349,0.03730505562653706,0.03017559267143413,0.04443451858163999,0.1958787438940353,1.3135623266807088,1.0946352722339239,iron fly,"short 322.5 straddle @ bid, long 315P / 330C @ ask",credit,560.0,560.0,190.00000000000003,0.048780487804878,29.781459347214135,924,0.8333333333333333,12,False,,,321.6600036621094,2026-07-31,322.5,14.0,14.35,14.7,"[{""action"": ""SELL"", ""right"": ""CALL"", ""strike"": 322.5}, {""action"": ""SELL"", ""right"": ""PUT"", ""strike"": 322.5}, {""action"": ""BUY"", ""right"": ""CALL"", ""strike"": 330.0}, {""action"": ""BUY"", ""right"": ""PUT"", ""strike"": 315.0}]"
PLTR,Palantir Technologies,Information Technology,2026-08-03,AMC,2026-08-03,0.12563832094450875,0.1276647454758718,0.10868471136709654,0.08849124655746463,0.12887817617672845,0.15598890924179043,1.0759790971605703,0.8966492476338085,iron fly,"short 123 straddle @ bid, long 113P / 133C @ ask",credit,750.0,750.0,250.0,0.03225806451612903,23.90552315257878,1255,0.8333333333333333,12,False,,,123.37000274658203,2026-08-07,123.0,15.25,15.5,15.75,"[{""action"": ""SELL"", ""right"": ""CALL"", ""strike"": 123.0}, {""action"": ""SELL"", ""right"": ""PUT"", ""strike"": 123.0}, {""action"": ""BUY"", ""right"": ""CALL"", ""strike"": 133.0}, {""action"": ""BUY"", ""right"": ""PUT"", ""strike"": 113.0}]"
ABNB,Airbnb,Consumer Discretionary,2026-08-06,AMC,2026-08-06,0.085229333254065,0.10067601412100641,0.04759162681170278,0.03589457428938296,0.0592886793340226,0.7908472343523064,4.123815335913779,0.0,screened out,,,,,,0.3624733475479744,82.08088285398695,42,0.8333333333333333,12,True,spread > 10%,spread > 10%,137.57000732421875,2026-08-07,139.0,9.600000000000001,11.725000000000001,13.850000000000001,
ABBV,AbbVie,Health Care,2026-07-31,BMO,2026-07-30,0.049820953335736703,0.05371321531509113,0.03996551826750934,0.034322340547175464,0.045608695987843215,0.2465984552548518,2.2382292760209053,0.0,screened out,,,,,,0.15625,78.98711629489749,233,0.8333333333333333,12,True,spread > 10%,spread > 10%,256.9200134277344,2026-07-31,257.5,11.8,12.8,13.8,
ACGL,Arch Capital Group,Financials,2026-07-28,AMC,2026-07-28,0.06043956136087364,0.0849150862094919,0.03408345587365168,0.02847002795734458,0.039696883789958774,0.7732814883832432,6.017354332510103,0.0,screened out,,,,,,0.8099173553719009,185.72944975109883,223,0.8333333333333333,12,True,spread > 10%,spread > 10%,100.0999984741211,2026-08-21,100.0,3.5999999999999996,6.05,8.5,
ADM,Archer Daniels Midland,Consumer Staples,2026-08-04,BMO,2026-08-03,0.0793283163989045,0.08396062684555587,0.029871709798262654,0.025231150954867863,0.03451226864165745,1.6556336056638532,13.658610774777816,0.0,screened out,,,,,,0.11678832116788332,18.73282768491134,819,0.8333333333333333,12,True,spread > 10%,spread > 10%,86.3499984741211,2026-08-21,87.5,6.449999999999999,6.85,7.25,
ADP,Automatic Data Processing,Industrials,2026-07-29,BMO,2026-07-28,0.05393609904743141,0.05928853635748185,0.039735528172604964,0.03208313136901032,0.047387924976199605,0.3573771767457417,2.3782681557533123,0.0,screened out,,,,,,0.19847328244274792,75.38341038864549,82,0.8333333333333333,12,True,spread > 10%,spread > 10%,242.8800048828125,2026-07-31,242.5,11.8,13.1,14.399999999999999,
AEE,Ameren,Utilities,2026-07-30,AMC,2026-07-30,0.04899797090564964,0.06533062787419952,0.01649154279109344,0.013644402573193996,0.01933868300899288,1.971096854086441,14.632309996432571,0.0,screened out,,,,,,0.6666666666666669,100.48878277854348,231,0.8333333333333333,12,True,spread > 10%,spread > 10%,113.2699966430664,2026-08-21,115.0,3.6999999999999997,5.55,7.4,
AFL,Aflac,Financials,2026-08-06,AMC,2026-08-06,0.04262506157389125,0.046646293797843255,0.03738988157155131,0.030638871257169697,0.04414089188593293,0.14001595571576267,0.9938374226307841,0.0,screened out,,,,,,0.18867924528301902,153.62345600933148,239,0.8333333333333333,12,True,spread > 10%,spread > 10%,124.33999633789062,2026-08-07,125.0,4.8,5.300000000000001,5.800000000000001,
AES,AES Corporation,Utilities,2026-07-30,AMC,2026-07-30,0.024949426965845598,0.0323668241719078,0.03243677742922835,0.02344410073717616,0.04142945412128053,-0.23082904828381617,-1.0670669793291003,0.0,screened out,,,,,,0.5945945945945945,198.13142826257018,4388,0.8333333333333333,12,True,spread > 10%,spread > 10%,14.829999923706055,2026-07-31,15.0,0.26,0.37,0.48,
AIZ,Assurant,Financials,2026-08-04,AMC,2026-08-04,0.06428049957879499,0.07706355347230535,0.04635735964373715,0.03528584268801721,0.057428876599457085,0.38662987005299054,2.074719862927443,0.0,screened out,,,,,,0.3977272727272728,142.6430183531245,201,0.8124999999999999,12,True,spread > 10%,spread > 10%,273.79998779296875,2026-08-21,270.0,14.1,17.6,21.1,
AJG,Arthur J. Gallagher & Co.,Financials,2026-07-30,AMC,2026-07-30,0.08484372829515907,0.09165599845024484,0.02523956243833103,0.020289672786342867,0.030189452090319195,2.3615372097856926,15.432404423688249,0.0,screened out,,,,,,0.1605839416058396,22.858369233617534,550,0.8333333333333333,12,True,spread > 10%,spread > 10%,242.2100067138672,2026-08-21,240.0,18.9,20.55,22.200000000000003,
AEP,American Electric Power,Utilities,2026-07-30,BMO,2026-07-29,0.05558849764145849,0.060035577452775164,0.027857632046226738,0.02314569717816029,0.032569566914293184,0.995449489361313,7.542523048802854,0.0,screened out,,,,,,0.1599999999999999,32.07314099911356,1264,0.8333333333333333,12,True,spread > 10%,spread > 10%,134.9199981689453,2026-08-21,135.0,6.9,7.5,8.1,
AIG,American International Group,Financials,2026-08-06,AMC,2026-08-06,0.05501535054411168,0.06013305757147091,0.04044562723433777,0.03462054976392255,0.04627070470475299,0.3602298766528812,3.2055466195328104,0.0,screened out,,,,,,0.18604651162790706,70.25125897793929,5,0.8333333333333333,12,True,spread > 10%,spread > 10%,78.16000366210938,2026-08-07,78.0,3.9,4.3,4.7,
ALB,Albemarle Corporation,Materials,2026-08-05,AMC,2026-08-05,0.11055512441309591,0.12146094906506476,0.03625021949812487,0.029499536444320178,0.04300090255192956,2.0497780687594087,14.106597122102432,0.0,screened out,,,,,,0.1972920696324952,29.35425235911048,32,0.8333333333333333,12,True,spread > 10%,spread > 10%,116.91000366210938,2026-08-07,119.0,11.65,12.925,14.200000000000001,
ALLE,Allegion,Industrials,2026-07-23,BMO,2026-07-22,0.06162256290782731,0.0685773403488682,0.05410292628764117,0.0452704727694163,0.06293537980586604,0.13898761372365667,1.0911086339198104,0.0,screened out,,,,,,0.22572178477690297,184.9764235248038,2660,0.8333333333333333,12,True,spread > 10%,spread > 10%,154.57000732421875,2026-08-21,150.0,8.45,9.524999999999999,10.6,
AKAM,Akamai Technologies,Information Technology,2026-08-06,AMC,2026-08-06,0.16315923619212552,0.1789213556153857,0.1159723503594288,0.09899071487276534,0.13295398584609225,0.4068804821705533,3.561183075133017,0.0,screened out,,,,,,0.1932114882506529,66.80720350626866,14,0.8333333333333333,12,True,spread > 10%,spread > 10%; squeeze risk (13% of float short — no short premium),117.37000274658203,2026-08-07,116.0,17.299999999999997,19.15,21.0,
ALL,Allstate,Financials,2026-08-05,AMC,2026-08-05,0.0719000459406328,0.07582901019968379,0.028901529093439723,0.023235453866760312,0.034567604320119134,1.4877592361351286,9.725762011045152,0.0,screened out,,,,,,0.109289617486339,18.274882703576136,1220,0.8333333333333333,12,True,spread > 10%,spread > 10%,254.52000427246094,2026-08-21,250.0,17.299999999999997,18.299999999999997,19.3,
ALGN,Align Technology,Health Care,2026-07-29,AMC,2026-07-29,0.10282928813089545,0.11352828920809845,0.08040949584142698,0.055856799364387186,0.10496219231846678,0.2788202071765483,1.170266810614971,0.0,screened out,,,,,,0.208092485549133,95.44246386465208,12,0.8333333333333333,12,True,spread > 10%,spread > 10%,168.24000549316406,2026-07-31,170.0,15.5,17.3,19.1,
AME,Ametek,Industrials,2026-08-04,BMO,2026-08-03,0.07817035766654806,0.08376876524478892,0.04110377670480557,0.03286415496786382,0.049343398441747316,0.9017804185718273,5.765377547319444,0.0,screened out,,,,,,0.14323607427055718,30.207304979216346,4975,0.8333333333333333,12,True,spread > 10%,spread > 10%,241.13999938964844,2026-08-21,240.0,17.5,18.85,20.200000000000003,
AMT,American Tower,Real Estate,2026-07-28,BMO,2026-07-27,0.07440024569755883,0.08259945644790206,0.030838742662447453,0.025414206180610285,0.03626327914428462,1.4125576879681454,10.291832763357307,0.0,screened out,,,,,,0.22040816326530635,37.64429681746523,1457,0.8333333333333333,12,True,spread > 10%,spread > 10%,164.64999389648438,2026-08-21,165.0,10.899999999999999,12.25,13.600000000000001,
AMGN,Amgen,Health Care,2026-08-04,AMC,2026-08-04,0.06278600269179004,0.06877523553162852,0.053681675172914584,0.04551294885618874,0.061850401489640425,0.16959842422110358,1.4283874493750388,0.0,screened out,,,,,,0.19078242229367615,131.56892318342838,209,0.8333333333333333,12,True,spread > 10%,spread > 10%,371.5,2026-08-07,370.0,21.1,23.325,25.549999999999997,
AMZN,Amazon,Consumer Discretionary,2026-07-30,AMC,2026-07-30,0.07564409707687685,0.07703500692411785,0.05594215972230661,0.04628538169951445,0.06559893774509877,0.3521840674791503,2.6147440537642623,0.0,screened out,,,,,,0.03677510608203669,14.119523600234837,436,0.8124999999999999,12,True,OI < 500,OI < 500,233.66000366210938,2026-07-31,232.5,17.35,17.675,18.0,
AOS,A. O. Smith,Industrials,2026-07-30,BMO,2026-07-29,0.08909060094914079,0.10337871619570109,0.041124660789008824,0.034669101556574156,0.04758022002144349,1.1663546699198932,9.52251334018679,0.0,screened out,,,,,,0.32075471698113206,59.57608752735852,1737,0.8333333333333333,12,True,spread > 10%,spread > 10%; squeeze risk (11% of float short — no short premium),59.4900016784668,2026-08-21,60.0,4.45,5.300000000000001,6.15,
AMP,Ameriprise Financial,Financials,2026-07-23,BMO,2026-07-22,0.0597950450402876,0.07056199848805643,0.03623098527985961,0.030495235552115803,0.04196673500760341,0.6503841829972805,5.265170278069956,0.0,screened out,,,,,,0.3601286173633441,91.38453693662906,88,0.8333333333333333,12,True,spread > 10%,spread > 10%,520.1099853515625,2026-08-21,530.0,25.5,31.1,36.7,
ANET,Arista Networks,Information Technology,2026-08-04,AMC,2026-08-04,0.1429703862337229,0.14976501845077114,0.08016930927336745,0.06777711222887957,0.09256150631785533,0.7833555949223853,6.494882218499917,0.0,screened out,,,,,,0.09504950495049527,21.638585024067318,88,0.8333333333333333,12,True,OI < 500,OI < 500; wide market,176.61000061035156,2026-08-07,177.5,24.049999999999997,25.25,26.450000000000003,
AON,Aon plc,Financials,2026-07-29,BMO,2026-07-28,0.07771656668409932,0.08769464305764552,0.03708230801143476,0.029751166070876738,0.04441344995199278,1.095785587567379,7.103513523150119,0.0,screened out,,,,,,0.2567811934900542,49.111644703185604,156,0.8333333333333333,12,True,spread > 10%,spread > 10%,355.7799987792969,2026-08-21,360.0,24.1,27.65,31.2,
APA,APA Corporation,Energy,2026-08-05,AMC,2026-08-05,0.08690280502811061,0.09170785743882763,0.046951433618293625,0.038314601504886914,0.05558826573170034,0.8509084458339262,5.928293722340918,0.0,screened out,,,,,,0.11058451816745644,24.054505470799924,242,0.7708333333333333,12,True,spread > 10%,spread > 10%; squeeze risk (9% of float short — no short premium),36.41999816894531,2026-08-07,36.0,2.99,3.165,3.34,
APP,AppLovin,Information Technology,2026-08-05,AMC,2026-08-05,0.16208695375400045,0.16998446194155034,0.13219251765443676,0.10330414622927432,0.16108088907959922,0.22614317837345724,1.3262329240141781,0.0,screened out,,,,,,0.09744779582366585,52.83597363233199,247,0.8333333333333333,12,True,OI < 500,OI < 500; wide market,398.8599853515625,2026-08-07,400.0,61.5,64.65,67.8,
APO,Apollo Global Management,Financials,2026-08-04,BMO,2026-08-03,0.07941176470588235,0.09243697478991597,0.034109387789731174,0.02668226863595745,0.0415365069435049,1.3281498101173692,7.817233715206958,0.0,screened out,,,,,,0.328042328042328,57.50342905027516,141,0.8333333333333333,12,True,spread > 10%,spread > 10%,119.0,2026-08-07,120.0,7.9,9.45,11.0,
APD,Air Products,Materials,2026-07-30,BMO,2026-07-29,0.0698290781314893,0.07543579243401763,0.044625992452966744,0.033011446668217204,0.056240538237716284,0.5647624689822903,2.7810191809658478,0.0,screened out,,,,,,0.1605839416058396,44.49228458804351,144,0.8333333333333333,12,True,spread > 10%,spread > 10%,294.2900085449219,2026-08-21,290.0,18.9,20.55,22.200000000000003,
APTV,Aptiv,Consumer Discretionary,2026-08-04,BMO,2026-08-03,0.11942959326622277,0.12745098385873027,0.06312403595660801,0.049796801006381466,0.07645127090683455,0.8919828470460867,5.414566676246347,0.0,screened out,,,,,,0.13432835820895528,28.49235839510203,1261,0.8333333333333333,12,True,spread > 10%,spread > 10%,56.099998474121094,2026-08-21,55.0,6.25,6.7,7.15,
ARES,Ares Management,Financials,2026-07-31,BMO,2026-07-30,0.07029188725103501,0.08575197975492835,0.04351731128045986,0.03553399261090282,0.0515006299500169,0.6152626433655028,4.2982496357987765,0.0,screened out,,,,,,0.4398826979472141,115.48337886571005,29,0.8333333333333333,12,True,spread > 10%,spread > 10%; squeeze risk (15% of float short — no short premium),121.27999877929688,2026-07-31,120.0,6.65,8.525,10.4,
ATO,Atmos Energy,Utilities,2026-08-05,AMC,2026-08-05,0.04689957489821117,0.06403055734606077,0.01685874367436162,0.013430720110804031,0.02028676723791921,1.7819139909894315,11.231057366633179,0.0,screened out,,,,,,0.7305389221556887,114.05132115152146,110,0.7916666666666665,12,True,spread > 10%,spread > 10%,178.0399932861328,2026-08-21,180.0,5.3,8.35,11.4,
ARE,Alexandria Real Estate Equities,Real Estate,2026-08-03,AMC,2026-08-03,0.10624501423547321,0.11671987479390016,0.050485338253954085,0.03811579720260146,0.0628548793053067,1.1044726629548123,5.777223297229813,0.0,screened out,,,,,,0.19718309859154928,37.57145418814378,606,0.8333333333333333,12,True,spread > 10%,spread > 10%,50.119998931884766,2026-08-21,50.0,4.8,5.324999999999999,5.85,
AVY,Avery Dennison,Materials,2026-07-30,BMO,2026-07-29,0.06701031059600024,0.08827319761203879,0.035394375681831916,0.02857460619686167,0.042214145166802164,0.8932474243470528,5.941400552510743,0.0,screened out,,,,,,0.6346153846153847,134.50740630484927,9,0.8333333333333333,12,True,spread > 10%,spread > 10%,155.1999969482422,2026-08-21,155.0,7.1,10.399999999999999,13.7,
AXP,American Express,Financials,2026-07-24,BMO,2026-07-23,0.035720573086529296,0.038874545658851185,0.034040480256011474,0.028897972148168322,0.03918298836385463,0.04935573228938571,0.41870755017530326,0.0,screened out,,,,,,0.17659137577002054,375.4521791929559,437,0.8124999999999999,12,True,spread > 10%,spread > 10%,340.8399963378906,2026-07-24,340.0,11.1,12.175,13.25,
BA,Boeing,Industrials,2026-07-28,BMO,2026-07-27,0.06189361116684049,0.06595612618551343,0.041273902764814754,0.03505166412343757,0.04749614140619194,0.49958223043553945,4.247059589181426,0.0,screened out,,,,,,0.13127413127413137,39.40419466139316,2170,0.8333333333333333,12,True,spread > 10%,spread > 10%,209.22999572753906,2026-07-31,210.0,12.1,12.95,13.8,
AWK,American Water Works,Utilities,2026-07-29,AMC,2026-07-29,0.05486942786297265,0.060263371618993686,0.016467355124014177,0.012179211134560365,0.02075549911346799,2.3320121810549357,11.477249025053824,0.0,screened out,,,,,,0.19661016949152532,28.09194072771464,907,0.8333333333333333,12,True,spread > 10%,spread > 10%,134.41000366210938,2026-08-21,135.0,6.65,7.375,8.1,
BALL,Ball Corporation,Materials,2026-08-04,BMO,2026-08-03,0.07311586105527536,0.09480957807167574,0.04904580418166048,0.041432911580688785,0.05665869678263217,0.4907668917908234,4.05209773815638,0.0,screened out,,,,,,0.5934065934065934,180.25480480007175,583,0.8124999999999999,12,True,spread > 10%,spread > 10%,62.22999954223633,2026-08-21,62.5,3.2,4.550000000000001,5.9,
BEN,Franklin Resources,Financials,2026-07-31,BMO,2026-07-30,0.07277794776617526,0.11768349000487913,0.04531893649479146,0.03667895326587596,0.05395891972370696,0.6059059059018227,4.073094578196622,0.0,screened out,,,,,,1.2340425531914894,327.0732641819617,412,0.8333333333333333,12,True,spread > 10%,spread > 10%,32.290000915527344,2026-08-21,32.0,0.9,2.35,3.8,
BAX,Baxter International,Health Care,2026-07-30,BMO,2026-07-29,0.08652514967229603,0.10152284228216069,0.08514160216575745,0.07036463950085028,0.09991856483066461,0.0162499585554549,0.11999451609841327,0.0,screened out,,,,,,0.34666666666666673,2168.005440938772,23,0.8333333333333333,12,True,spread > 10%,spread > 10%; squeeze risk (12% of float short — no short premium),21.670000076293945,2026-07-31,21.5,1.55,1.875,2.2,
BG,Bunge Global,Consumer Staples,2026-07-29,BMO,2026-07-28,0.0846279619111689,0.09239574585470614,0.03153797278384624,0.025814860726492382,0.0372610848412001,1.6833672059770237,11.888659418812042,0.0,screened out,,,,,,0.18357487922705315,29.262706853859832,332,0.8333333333333333,12,True,spread > 10%,spread > 10%,122.30000305175781,2026-08-21,120.0,9.4,10.350000000000001,11.3,
BDX,Becton Dickinson,Health Care,2026-08-06,BMO,2026-08-05,0.07975419953352814,0.08825259784447786,0.06004096707477023,0.047824030345356636,0.07225790380418383,0.3283296958593058,2.067988013584221,0.0,screened out,,,,,,0.21311475409836064,86.22024144167361,209,0.8333333333333333,12,True,spread > 10%,spread > 10%,152.97000122070312,2026-08-21,155.0,10.9,12.2,13.5,
BIIB,Biogen,Health Care,2026-07-29,BMO,2026-07-28,0.07028212712179469,0.08423886158569717,0.04805409048868161,0.040200537999411784,0.055907642977951436,0.4625628413120948,3.6273332084963634,0.0,screened out,,,,,,0.39716312056737574,125.57775294567541,21,0.8333333333333333,12,True,spread > 10%,spread > 10%,200.6199951171875,2026-07-31,200.0,11.3,14.1,16.9,
BKNG,Booking Holdings,Consumer Discretionary,2026-08-04,AMC,2026-08-04,0.08302956574650422,0.11282763289594651,0.03680449445686525,0.027870412765677845,0.04573857614805265,1.2559626744449544,6.631017424346791,0.0,screened out,,,,,,0.7177700348432057,128.92599759438906,409,0.8333333333333333,12,True,spread > 10%,spread > 10%,172.8300018310547,2026-08-07,175.0,9.2,14.35,19.5,
BKR,Baker Hughes,Energy,2026-07-26,AMC,2026-07-24,0.0922624351207322,0.0998395433190532,0.043583470379683624,0.036525887308047206,0.05064105345132004,1.1169134609285316,8.839706253384902,0.0,screened out,,,,,,0.16425120772946852,31.130934023054916,8661,0.75,12,True,spread > 10%,spread > 10%; single-source date,56.09000015258789,2026-08-21,55.0,4.75,5.175,5.6,
BMY,Bristol Myers Squibb,Health Care,2026-07-30,BMO,2026-07-29,0.049585434615956846,0.05868964556183744,0.050321663960588965,0.04277970207076877,0.05786362585040916,-0.014630465026131115,-0.1251069074419599,0.0,screened out,,,,,,0.3672131147540983,2473.19969307385,1304,0.8333333333333333,12,True,spread > 10%,spread > 10%,61.5099983215332,2026-07-31,62.0,2.49,3.05,3.61,
BLDR,Builders FirstSource,Industrials,2026-07-30,BMO,2026-07-29,0.14883061014606694,0.16583982273418887,0.044397821064401405,0.032273392403203274,0.056522249725599535,2.352205278952321,11.038958306991798,0.0,screened out,,,,,,0.22857142857142843,32.574467727412454,1247,0.8333333333333333,12,True,spread > 10%,spread > 10%; squeeze risk (8% of float short — no short premium),70.55000305175781,2026-08-21,70.0,9.3,10.5,11.7,
BR,Broadridge Financial Solutions,Industrials,2026-08-04,BMO,2026-08-03,0.0945290898681425,0.11218837039296033,0.04719903515369363,0.04103121276500414,0.053366857542383114,1.002775894895491,9.83462141083574,0.0,screened out,,,,,,0.37362637362637346,74.62184707522349,87,0.8333333333333333,12,True,spread > 10%,spread > 10%,144.39999389648438,2026-08-21,145.0,11.100000000000001,13.65,16.2,
BRO,Brown & Brown,Financials,2026-07-27,AMC,2026-07-27,0.08822634907927922,0.12777609176999058,0.05034614191132502,0.04257408511120825,0.05811819871144179,0.7523954315044209,6.246386864506794,0.0,screened out,,,,,,0.8965517241379309,208.81481727570676,177,0.8333333333333333,12,True,spread > 10%,spread > 10%,65.73999786376953,2026-08-21,65.0,3.2,5.800000000000001,8.4,
BSX,Boston Scientific,Health Care,2026-07-29,BMO,2026-07-28,0.0894905882546544,0.10211105582902874,0.053957626708115394,0.04296751479638902,0.06494773861984177,0.6585345522840563,4.143637834065599,0.0,screened out,,,,,,0.28205128205128205,71.03526993011707,828,0.8333333333333333,12,True,spread > 10%,spread > 10%,43.58000183105469,2026-07-31,43.5,3.35,3.9000000000000004,4.45,
BX,Blackstone Inc.,Financials,2026-07-23,BMO,2026-07-22,0.0214859437751004,0.0242570281124498,0.03591520077498285,0.02930988975070353,0.04252051179926217,-0.4017590515582838,-2.799646481910668,0.0,screened out,,,,,,0.25794392523364484,38.409245013405375,1255,0.8333333333333333,12,True,spread > 10%,spread > 10%,124.5,2026-07-24,125.0,2.33,2.675,3.02,
CAT,Caterpillar Inc.,Industrials,2026-08-04,BMO,2026-08-03,0.09781563948987125,0.10530552274223852,0.05170314622790409,0.04244858369350871,0.06095770876229947,0.8918701592879146,6.385798479927617,0.0,screened out,,,,,,0.15314285714285705,32.48526688772569,49,0.8333333333333333,12,True,spread > 10%,spread > 10%,894.5399780273438,2026-08-07,895.0,80.8,87.5,94.19999999999999,
CARR,Carrier Global,Industrials,2026-07-28,BMO,2026-07-27,0.06760665071352766,0.07447577565233529,0.05211165733466548,0.041847156848581014,0.06237615782074995,0.29734217200869306,1.934666332888939,0.0,screened out,,,,,,0.20320855614973285,88.66250886145318,21,0.8333333333333333,12,True,spread > 10%,spread > 10%,69.1500015258789,2026-07-31,69.0,4.199999999999999,4.675,5.15,
BXP,"BXP, Inc.",Real Estate,2026-07-28,AMC,2026-07-28,0.07186026331309174,0.09507665607578293,0.03527879356589963,0.03074146271704904,0.039816124414750215,1.0369251907341765,10.332685270212977,0.0,screened out,,,,,,0.6461538461538462,126.92979764419229,4719,0.8333333333333333,12,True,spread > 10%,spread > 10%; squeeze risk (9% of float short — no short premium),67.83999633789062,2026-08-21,67.5,3.3,4.875,6.45,
CBOE,Cboe Global Markets,Financials,2026-07-31,BMO,2026-07-30,0.055114796065946936,0.06494418644713493,0.03932435576501072,0.03252416541311238,0.04612454611690906,0.4015435216610957,2.9759502664554804,0.0,screened out,,,,,,0.35668789808917195,124.49798984522559,136,0.8333333333333333,12,True,spread > 10%,spread > 10%,284.8599853515625,2026-07-31,285.0,12.9,15.7,18.5,
CEG,Constellation Energy,Utilities,2026-08-06,BMO,2026-08-05,0.0974238004549068,0.10740202955177806,0.04544497297695561,0.034444381355181346,0.05644556459872987,1.1437750772634148,6.055680238495927,0.0,screened out,,,,,,0.20484171322160147,38.39343663957761,147,0.8333333333333333,12,True,spread > 10%,spread > 10%,275.6000061035156,2026-08-07,275.0,24.1,26.85,29.6,
CDNS,Cadence Design Systems,Information Technology,2026-07-27,AMC,2026-07-27,0.09259819884780117,0.10318949610163462,0.06587472578770766,0.05462454845905235,0.07712490311636297,0.40567110891989716,3.044290065240195,0.0,screened out,,,,,,0.2287581699346403,79.2658740876729,222,0.8333333333333333,12,True,spread > 10%,spread > 10%,330.4599914550781,2026-07-31,330.0,27.1,30.599999999999998,34.099999999999994,
CBRE,CBRE Group,Real Estate,2026-07-29,BMO,2026-07-28,0.09369236233178606,0.10402065424237665,0.04067815677624889,0.031362192529438664,0.04999412102305912,1.3032597776527335,7.293180184030871,0.0,screened out,,,,,,0.22047244094488183,38.96424289437203,298,0.8333333333333333,12,True,spread > 10%,spread > 10%,135.5500030517578,2026-08-21,135.0,11.3,12.7,14.1,
CF,CF Industries,Materials,2026-08-05,AMC,2026-08-05,0.0856286013605503,0.10180727719364964,0.037612492239697676,0.030122391896642346,0.04510259258275301,1.2766000406156166,8.215837255950914,0.0,screened out,,,,,,0.37788018433179715,67.3885332623639,93,0.8124999999999999,12,True,spread > 10%,spread > 10%,126.70999908447266,2026-08-07,125.0,8.8,10.850000000000001,12.9,
CDW,CDW Corporation,Information Technology,2026-08-05,BMO,2026-08-04,0.13020433978833207,0.15056077049270256,0.07877406078097376,0.06419169000095516,0.09335643156099237,0.6528834301224727,4.52005003645548,0.0,screened out,,,,,,0.3126843657817109,79.16126879832031,293,0.8333333333333333,12,True,spread > 10%,spread > 10%; squeeze risk (9% of float short — no short premium),130.17999267578125,2026-08-21,130.0,14.3,16.950000000000003,19.6,
CHD,Church & Dwight,Consumer Staples,2026-07-31,BMO,2026-07-30,0.06419586072639384,0.09564403541422241,0.033559240925585335,0.02755265182975575,0.03956583002141492,0.9129115842859056,6.536803385465033,0.0,screened out,,,,,,0.9797570850202427,205.29794012718486,161,0.8333333333333333,12,True,spread > 10%,spread > 10%,96.19000244140625,2026-08-21,95.0,3.15,6.175,9.2,
CHTR,Charter Communications,Communication Services,2026-07-24,BMO,2026-07-23,0.1300395256916996,0.17391304347826086,0.0932912672263992,0.07488374388912387,0.11169879056367453,0.39390887869622077,2.558549957329578,0.0,screened out,,,,,,0.6747720364741643,238.77875915120666,115,0.8333333333333333,12,True,spread > 10%,spread > 10%; squeeze risk (26% of float short — no short premium),126.5,2026-07-24,125.0,10.899999999999999,16.45,22.0,
CMCSA,Comcast,Communication Services,2026-07-23,BMO,2026-07-22,0.024406934221619464,0.030565693324271104,0.05066838739064551,0.04424609075054571,0.05709068403074531,-0.5183005523060022,-5.240598537799832,0.0,screened out,,,,,,0.5046728971962616,46.90341439228168,5915,0.8333333333333333,12,True,spread > 10%,spread > 10%,21.920000076293945,2026-07-24,22.0,0.4,0.5349999999999999,0.6699999999999999,
CHRW,C.H. Robinson,Industrials,2026-07-29,AMC,2026-07-29,0.09926524522057455,0.10607756597100615,0.07629302258291894,0.06072367285953281,0.09186237230630506,0.3011051582428562,1.890971752545126,0.0,screened out,,,,,,0.13725490196078435,59.30920014039014,875,0.8333333333333333,12,True,spread > 10%,spread > 10%,205.50999450683594,2026-08-21,210.0,19.0,20.4,21.8,
CLX,Clorox,Consumer Staples,2026-08-03,AMC,2026-08-03,0.09115138296191957,0.0970149222167799,0.043192897144597064,0.03621566247803577,0.050170131811158356,1.1103326932845385,8.8091627071177,0.0,screened out,,,,,,0.12865497076023408,24.452562064594755,3946,0.8333333333333333,12,True,spread > 10%,spread > 10%; squeeze risk (11% of float short — no short premium),93.80000305175781,2026-08-21,95.0,8.0,8.55,9.100000000000001,
CL,Colgate-Palmolive,Consumer Staples,2026-07-31,BMO,2026-07-30,0.04690275215495666,0.07215808023839486,0.03038550266581887,0.025590239890719246,0.0351807654409185,0.5435898056647357,4.414462342960796,0.0,screened out,,,,,,1.0769230769230769,305.80549261602937,37,0.8333333333333333,12,True,spread > 10%,spread > 10%,90.08000183105469,2026-07-31,90.0,1.95,4.225,6.5,
CI,Cigna,Health Care,2026-07-30,BMO,2026-07-29,0.06723951037564581,0.07998882013518384,0.052753764414200155,0.04197697369774276,0.06353055513065756,0.2745917020766467,1.7226772341266647,0.0,screened out,,,,,,0.3792207792207792,176.02558809840775,6,0.8124999999999999,12,True,spread > 10%,spread > 10%,286.2900085449219,2026-07-31,287.5,15.6,19.25,22.9,
CINF,Cincinnati Financial,Financials,2026-07-27,AMC,2026-07-27,0.0643884473497786,0.07247184550191531,0.036945020057560285,0.030916798957677672,0.042973241157442894,0.7428180374367505,5.834473526259993,0.0,screened out,,,,,,0.25108225108225096,58.90953827351427,1231,0.8333333333333333,12,True,spread > 10%,spread > 10%,179.3800048828125,2026-08-21,180.0,10.100000000000001,11.55,13.0,
CMI,Cummins,Industrials,2026-08-04,BMO,2026-08-03,0.11232575479182354,0.11788941332903569,0.04751943517531018,0.03927146284987316,0.055767407500747206,1.3637855622110797,10.069842131305013,0.0,screened out,,,,,,0.09906291834002684,17.170111094518834,144,0.8333333333333333,12,True,OI < 500,OI < 500; wide market,665.030029296875,2026-08-21,670.0,71.0,74.7,78.4,
CNP,CenterPoint Energy,Utilities,2026-07-28,BMO,2026-07-27,0.06726204003595113,0.09834953753155878,0.016986873402054768,0.013765713652123984,0.02020803315198555,2.959648043754478,20.002936383203636,0.0,screened out,,,,,,0.9243697478991596,123.66939615332052,211,0.8333333333333333,12,True,spread > 10%,spread > 10%; squeeze risk (9% of float short — no short premium),44.22999954223633,2026-08-21,44.0,1.6,2.9749999999999996,4.35,
CMG,Chipotle Mexican Grill,Consumer Discretionary,2026-07-29,AMC,2026-07-29,0.09934396022322833,0.10777882477048356,0.06777155521398057,0.05379271810724169,0.08175039232071944,0.46586513928390283,2.894603746426487,0.0,screened out,,,,,,0.16981132075471697,53.43187853307093,748,0.8333333333333333,12,True,spread > 10%,spread > 10%,32.0099983215332,2026-07-31,32.0,2.91,3.18,3.45,
CNC,Centene Corporation,Health Care,2026-07-28,BMO,2026-07-27,0.09946658037415512,0.10903670876977571,0.06925805959566408,0.0589814333507262,0.07953468584060197,0.43617336314143934,3.767310331908263,0.0,screened out,,,,,,0.19242902208201876,63.36045691078447,608,0.8333333333333333,12,True,spread > 10%,spread > 10%,63.7400016784668,2026-07-31,64.0,5.73,6.34,6.949999999999999,
CMS,CMS Energy,Utilities,2026-07-28,BMO,2026-07-27,0.055967632024277424,0.08766014654404898,0.01542919283022982,0.012214760564066807,0.01864362509639283,2.627385608573263,16.16274955238291,0.0,screened out,,,,,,1.1325301204819276,156.3578428269881,111,0.8124999999999999,12,True,spread > 10%,spread > 10%,74.1500015258789,2026-08-21,75.0,1.8,4.15,6.5,
COP,ConocoPhillips,Energy,2026-08-06,BMO,2026-08-05,0.061772048157348845,0.06613976873413108,0.023729892006935774,0.019143603996858535,0.028316180017013012,1.6031322915120771,10.630563805683957,0.0,screened out,,,,,,0.14141414141414138,22.962529040220108,175,0.8333333333333333,12,True,spread > 10%,spread > 10%,120.19999694824219,2026-08-07,120.0,6.9,7.425000000000001,7.95,
CRL,Charles River Laboratories,Health Care,2026-08-05,BMO,2026-08-04,0.14043351625824058,0.15613415782748483,0.06904219373033846,0.055173557269443924,0.08291083019123299,1.0340245387731852,6.597268535356639,0.0,screened out,,,,,,0.22360248447204953,43.984733755584756,99,0.8333333333333333,12,True,spread > 10%,spread > 10%; squeeze risk (10% of float short — no short premium),229.2899932861328,2026-08-21,230.0,28.6,32.2,35.8,
CRH,CRH plc,Materials,2026-07-30,BMO,2026-07-29,0.0617220996449397,0.08110589953343315,0.03768458334339736,0.029797925716899584,0.045571240969895135,0.6378607422165888,3.9061516742596174,0.0,screened out,,,,,,0.6280991735537188,161.279556883751,7,0.8,9,True,spread > 10%,spread > 10%,98.0199966430664,2026-07-31,102.0,4.15,6.05,7.949999999999999,
CPT,Camden Property Trust,Real Estate,2026-07-30,AMC,2026-07-30,0.06868132091030227,0.09659695457061868,0.02508842689149257,0.019580732378883504,0.030596121404101638,1.7375698447474979,10.143745780853195,0.0,screened out,,,,,,0.8129032258064516,128.0742391100312,44,0.8333333333333333,12,True,spread > 10%,spread > 10%,112.83999633789062,2026-08-21,110.0,4.6,7.749999999999999,10.899999999999999,
COR,Cencora,Health Care,2026-08-05,BMO,2026-08-04,0.08014816821502077,0.08817937525497173,0.05655826051090665,0.04643459390774158,0.06668192711407171,0.4170904036124849,2.986351378278366,0.0,screened out,,,,,,0.20040899795501016,68.09019467719493,440,0.8333333333333333,12,True,spread > 10%,spread > 10%,305.05999755859375,2026-08-21,310.0,22.0,24.45,26.9,
CPAY,Corpay,Financials,2026-08-05,AMC,2026-08-05,0.08593750287566278,0.10718202113041193,0.05928229397582978,0.04894476545310122,0.06961982249855833,0.44963187340052496,3.3045921615517058,0.0,screened out,,,,,,0.49441786283891526,159.402376733069,98,0.8124999999999999,12,True,spread > 10%,spread > 10%,364.79998779296875,2026-08-21,370.0,23.6,31.349999999999998,39.099999999999994,
CTVA,Corteva,Materials,2026-07-30,AMC,2026-07-30,0.06476684026876643,0.07208830916871395,0.037742979416669035,0.026250777870876523,0.049235180962461544,0.7159970216914676,3.0136767032882434,0.0,screened out,,,,,,0.22608695652173924,54.185217575076976,924,0.8333333333333333,12,True,spread > 10%,spread > 10%,88.77999877929688,2026-08-21,90.0,5.1,5.75,6.4,
CTSH,Cognizant,Information Technology,2026-07-29,BMO,2026-07-28,0.1313648040104967,0.19762846621048172,0.04005057582095359,0.03213555230400374,0.04796559933790344,2.2799729171876097,14.785592815625227,0.0,screened out,,,,,,1.008849557522124,145.1332689631675,1019,0.8333333333333333,12,True,spread > 10%,spread > 10%; squeeze risk (13% of float short — no short premium),43.0099983215332,2026-08-21,42.5,2.8,5.65,8.5,
CVNA,Carvana,Consumer Discretionary,2026-07-29,AMC,2026-07-29,0.13997342070483867,0.14786509724309368,0.1172143393989627,0.0891441883410751,0.1452844904568503,0.19416635731240053,1.0391122777166015,0.0,screened out,,,,,,0.11275964391691387,69.34969326918753,1382,0.8333333333333333,12,True,spread > 10%,spread > 10%; squeeze risk (14% of float short — no short premium),60.189998626708984,2026-07-31,60.0,7.949999999999999,8.424999999999999,8.899999999999999,
CSGP,CoStar Group,Real Estate,2026-07-28,AMC,2026-07-28,0.16949152923542443,0.1842299230819831,0.05294108056583745,0.04528580833385194,0.06059635279782295,2.201512462985054,19.51218068912504,0.0,screened out,,,,,,0.17391304347826084,25.29101177180543,1219,0.8333333333333333,12,True,spread > 10%,spread > 10%,27.139999389648438,2026-08-21,25.0,4.2,4.6,5.0,
CVS,CVS Health,Health Care,2026-08-05,BMO,2026-08-04,0.08256151230603001,0.09495743341713365,0.05177674245154492,0.03901153325678608,0.06454195164630376,0.5945675296837167,3.090725772179831,0.0,screened out,,,,,,0.30028328611898003,80.53281651737063,385,0.8333333333333333,12,True,spread > 10%,spread > 10%,106.88999938964844,2026-08-07,107.0,7.5,8.825,10.149999999999999,
DASH,DoorDash,Consumer Discretionary,2026-08-05,AMC,2026-08-05,0.12472756945930571,0.1372445038206292,0.05701444975783982,0.044143573997619104,0.06988532551806054,1.1876483942065046,6.742442070461764,0.0,screened out,,,,,,0.20070838252656434,36.97048494149503,41,0.8333333333333333,12,True,spread > 10%,spread > 10%,169.77000427246094,2026-08-07,170.0,19.05,21.175,23.3,
DDOG,Datadog,Information Technology,2026-08-06,BMO,2026-08-05,0.16357052293398064,0.17594827982892225,0.11629337985633344,0.09069020922067454,0.14189655049199235,0.4065333997176147,2.3665188749679773,0.0,screened out,,,,,,0.15134459036898054,52.36254176616635,161,0.8333333333333333,12,True,spread > 10%,spread > 10%,244.38999938964844,2026-08-07,245.0,36.95,39.975,43.0,
DD,DuPont,Materials,2026-08-04,BMO,2026-08-03,0.08824600100881257,0.10844250845619029,0.047430208674246785,0.03994122760616445,0.05491918974232912,0.8605442285715171,6.984864693932805,0.0,screened out,,,,,,0.45773195876288664,98.9641817158789,318,0.8124999999999999,12,True,spread > 10%,spread > 10%,137.39999389648438,2026-08-21,135.0,9.35,12.125,14.9,
D,Dominion Energy,Utilities,2026-07-31,BMO,2026-07-30,0.051077526543001295,0.0650713694314948,0.02171905521621637,0.016996292312344136,0.0264418181200886,1.3517379570389711,7.966907849970162,0.0,screened out,,,,,,0.547945205479452,95.33086878216547,5453,0.8333333333333333,12,True,spread > 10%,spread > 10%,71.45999908447266,2026-08-21,72.5,2.6500000000000004,3.6500000000000004,4.65,
DECK,Deckers Brands,Consumer Discretionary,2026-07-23,AMC,2026-07-23,0.0922269530333601,0.1257404092060459,0.11159713258185275,0.09476497663760143,0.12842928852610408,-0.17357237681967558,-1.474845063910341,0.0,screened out,,,,,,0.7267605633802816,346.0314457982786,1107,0.8333333333333333,12,True,spread > 10%,spread > 10%,96.2300033569336,2026-07-24,96.0,5.65,8.875,12.1,
DLR,Digital Realty,Real Estate,2026-07-23,AMC,2026-07-23,0.036662206614592456,0.053529609657808,0.030377589851377798,0.023180912519322448,0.03757426718343315,0.20688332398857556,1.1191782640942165,0.0,screened out,,,,,,0.920152091254753,536.7838224263546,182,0.8333333333333333,12,True,spread > 10%,spread > 10%,179.33999633789062,2026-07-24,180.0,3.55,6.575000000000001,9.600000000000001,
DGX,Quest Diagnostics,Health Care,2026-07-23,BMO,2026-07-22,0.059236508826463176,0.07152259954602591,0.057750443421132135,0.051308235864125966,0.06419265097813831,0.025732536709618715,0.2956349056777895,0.0,screened out,,,,,,0.4148148148148149,1653.5060537023728,941,0.8333333333333333,12,True,spread > 10%,spread > 10%,227.89999389648438,2026-08-21,230.0,10.7,13.5,16.3,
DIS,Walt Disney Company (The),Communication Services,2026-08-05,BMO,2026-08-04,0.07567596532837627,0.08025422657600045,0.06271446817087882,0.05593028336786861,0.06949865297388903,0.2066747520234264,2.4485557571601024,0.0,screened out,,,,,,0.12099644128113875,70.64401885049114,418,0.8333333333333333,12,True,spread > 10%,spread > 10%,92.83000183105469,2026-08-07,93.0,6.6,7.0249999999999995,7.449999999999999,
DOC,Healthpeak Properties,Real Estate,2026-08-04,AMC,2026-08-04,0.06793478284343354,0.09057971045791138,0.04714323669876215,0.03617697050307787,0.058109502894446434,0.44102924619974854,2.4298558017401977,0.0,screened out,,,,,,0.6666666666666666,217.82822169078034,1295,0.8333333333333333,12,True,spread > 10%,spread > 10%,22.079999923706055,2026-08-21,22.5,1.0,1.5,2.0,
DOV,Dover Corporation,Industrials,2026-07-23,BMO,2026-07-22,0.06850353787130331,0.08645095923241967,0.045696206619328106,0.040086352800388615,0.051306060438267596,0.49910775837415783,5.210452299817173,0.0,screened out,,,,,,0.5239852398523986,157.38291484289334,163,0.8333333333333333,12,True,spread > 10%,spread > 10%,197.8000030517578,2026-08-21,195.0,10.0,13.55,17.1,
DOW,Dow Inc.,Materials,2026-07-23,BMO,2026-07-22,0.02977346315073381,0.04207119793038473,0.04816134353170974,0.03557486947113404,0.060747817592285445,-0.3817974963441215,-1.8723200304423344,0.0,screened out,,,,,,0.8260869565217389,133.75913400409254,920,0.8333333333333333,12,True,spread > 10%,spread > 10%,30.899999618530273,2026-07-24,31.0,0.54,0.9199999999999999,1.2999999999999998,
DVA,DaVita,Health Care,2026-08-04,AMC,2026-08-04,0.12080078321544958,0.13019165682230432,0.09623992789936789,0.08022146998828876,0.11225838581044702,0.255204423487967,1.9650575821858092,0.0,screened out,,,,,,0.15547703180212008,76.47024898767167,363,0.8333333333333333,12,True,spread > 10%,spread > 10%; squeeze risk (14% of float short — no short premium),234.27000427246094,2026-08-21,230.0,26.1,28.3,30.5,
DVN,Devon Energy,Energy,2026-08-04,AMC,2026-08-04,0.07451976003036259,0.07882534616545023,0.029349853651873856,0.021943351765443035,0.036756355538304676,1.5390164092216807,7.816072000295963,0.0,screened out,,,,,,0.11555555555555573,19.063958641003836,943,0.8333333333333333,12,True,spread > 10%,spread > 10%,45.290000915527344,2026-08-07,45.0,3.1799999999999997,3.375,3.5700000000000003,
DTE,DTE Energy,Utilities,2026-07-28,BMO,2026-07-27,0.03898602450306186,0.0479308699518163,0.013399499467862366,0.00988348236708662,0.01691551656863811,1.9095134931395563,9.326374003663629,0.0,screened out,,,,,,0.45887445887445877,69.91840772788791,398,0.8333333333333333,12,True,spread > 10%,spread > 10%,148.1300048828125,2026-08-21,150.0,4.45,5.775,7.1,
DUK,Duke Energy,Utilities,2026-08-04,BMO,2026-08-03,0.04699830000131032,0.051059881482905044,0.016414592690493203,0.013234361624358367,0.01959482375662804,1.8632023278000802,12.324915540549398,0.0,screened out,,,,,,0.1728395061728395,26.56042604853325,3914,0.8333333333333333,12,True,spread > 10%,spread > 10%,129.25999450683594,2026-08-21,130.0,5.55,6.074999999999999,6.6,
DXCM,Dexcom,Health Care,2026-07-30,AMC,2026-07-30,0.08761350320498422,0.1092508461017617,0.09104993687209173,0.06770150869410894,0.11439836505007452,-0.037742295987915536,-0.18862654711455126,0.0,screened out,,,,,,0.4939271255060727,1259.2905897694743,79,0.8333333333333333,12,True,spread > 10%,spread > 10%,70.4800033569336,2026-07-31,70.0,4.65,6.175,7.699999999999999,
EBAY,eBay Inc.,Consumer Discretionary,2026-08-05,AMC,2026-08-05,0.09010245177000627,0.11159897579635294,0.06862413376477267,0.053020949466703014,0.08422731806284231,0.3129849052646144,1.7641663284662252,0.0,screened out,,,,,,0.4771573604060913,200.16952930027978,178,0.8333333333333333,12,True,spread > 10%,spread > 10%,109.31999969482422,2026-08-07,110.0,7.5,9.85,12.2,
ECL,Ecolab,Materials,2026-07-28,BMO,2026-07-27,0.07106482845257772,0.07752526740281206,0.038539877768238244,0.031975225155600986,0.0451045303808755,0.8439297830660005,6.349761252683182,0.0,screened out,,,,,,0.18181818181818174,39.72604916720128,81,0.8333333333333333,12,True,spread > 10%,spread > 10%,263.1400146484375,2026-08-21,260.0,17.0,18.7,20.4,
ED,Consolidated Edison,Utilities,2026-08-06,AMC,2026-08-06,0.050536394660276165,0.0744746868677754,0.014258004449434918,0.01114704985005075,0.017368959048819087,2.544422702314352,14.945375578100036,0.0,screened out,,,,,,0.9473684210526316,131.96998030163775,1420,0.8333333333333333,12,True,spread > 10%,spread > 10%,112.79000091552734,2026-08-21,115.0,3.0,5.7,8.4,
EG,Everest Group,Financials,2026-07-29,AMC,2026-07-29,0.06030993755256432,0.06763233615166153,0.04554945194929985,0.0365206994034847,0.054578204495115,0.32405407686779764,2.0951995586490892,0.0,screened out,,,,,,0.24282560706401768,99.21622900370934,26,0.8333333333333333,12,True,spread > 10%,spread > 10%,375.55999755859375,2026-08-21,380.0,19.9,22.65,25.4,
EIX,Edison International,Utilities,2026-07-30,AMC,2026-07-30,0.06654947313684802,0.07408337575611382,0.023793751767930877,0.016940644420960264,0.03064685911490149,1.7969306306096349,7.995749917827631,0.0,screened out,,,,,,0.22641509433962265,35.241611546018085,1472,0.8333333333333333,12,True,spread > 10%,spread > 10%,79.63999938964844,2026-08-21,80.0,4.7,5.300000000000001,5.9,
EOG,EOG Resources,Energy,2026-08-04,AMC,2026-08-04,0.06254725174525869,0.06735857880258626,0.02271797234793617,0.01779485927125425,0.027641085424618086,1.7532057345311822,10.368481016083427,0.0,screened out,,,,,,0.15384615384615385,24.159749461352433,3,0.8333333333333333,12,True,spread > 10%,spread > 10%,145.49000549316406,2026-08-07,147.0,8.4,9.100000000000001,9.8,
EMR,Emerson Electric,Industrials,2026-08-04,AMC,2026-08-04,0.07246377116827991,0.09385783694177209,0.05006153704211515,0.0433520425652964,0.056771031518933895,0.4474939334627,4.279115715094189,0.0,screened out,,,,,,0.5904761904761906,190.9993945515005,26,0.8333333333333333,12,True,spread > 10%,spread > 10%,144.89999389648438,2026-08-07,145.0,7.4,10.5,13.600000000000001,
EME,Emcor,Industrials,2026-07-30,BMO,2026-07-29,0.13178254129636552,0.14250978318778157,0.058629862073038705,0.04863981333509724,0.06861991081098018,1.2477034166001648,9.384586216937127,0.0,screened out,,,,,,0.1628021706956093,29.328363650679123,22,0.8333333333333333,12,True,spread > 10%,spread > 10%,769.0700073242188,2026-08-21,770.0,93.1,101.35,109.6,
ERIE,Erie Indemnity,Financials,2026-07-30,AMC,2026-07-30,0.10255453832668161,0.11980234704525991,0.0537787678744858,0.04466093825527959,0.06289659749369202,0.9069707689479521,6.8559108935155,0.0,screened out,,,,,,0.3363636363636365,70.72285505149537,6,0.8333333333333333,12,True,spread > 10%,spread > 10%; squeeze risk (12% of float short — no short premium),214.52000427246094,2026-08-21,210.0,18.3,22.0,25.700000000000003,
EQIX,Equinix,Real Estate,2026-07-29,AMC,2026-07-29,0.09917274941471685,0.10546175303613792,0.03544445877147984,0.02707683165254299,0.0438120858904167,1.7979761252417705,9.760733374881749,0.0,screened out,,,,,,0.12682926829268293,19.736928632302714,137,0.8124999999999999,12,True,spread > 10%,spread > 10%,1033.550048828125,2026-08-21,1030.0,96.0,102.5,109.0,
ES,Eversource Energy,Utilities,2026-07-30,AMC,2026-07-30,0.05226480643862801,0.06566603885878904,0.020883225734273057,0.016898286765431866,0.02486816470311425,1.502717113901242,10.092659924073258,0.0,screened out,,,,,,0.5128205128205128,85.40826892318577,2581,0.8333333333333333,12,True,spread > 10%,spread > 10%,74.62000274658203,2026-08-21,75.0,2.9000000000000004,3.9000000000000004,4.9,
ESS,Essex Property Trust,Real Estate,2026-07-29,AMC,2026-07-29,0.0675306929592453,0.08117325719343627,0.02337362291793972,0.01785875626857321,0.028888489567306233,1.889183811869154,10.261662622692404,0.0,screened out,,,,,,0.4040404040404041,61.791075456000115,9,0.8333333333333333,12,True,spread > 10%,spread > 10%,293.20001220703125,2026-08-21,280.0,15.799999999999999,19.8,23.8,
ETN,Eaton Corporation,Industrials,2026-07-31,BMO,2026-07-30,0.07708428594322714,0.08696071007970312,0.03611308623731256,0.02917795792491384,0.04304821454971128,1.134525015023018,7.571408512979401,0.0,screened out,,,,,,0.2562499999999999,48.21154473077447,109,0.8333333333333333,12,True,spread > 10%,spread > 10%,415.1300048828125,2026-07-31,415.0,27.9,31.999999999999996,36.099999999999994,
ETR,Entergy,Utilities,2026-07-29,BMO,2026-07-28,0.04749568095902146,0.06822106901386718,0.02785607962301625,0.018222611097898137,0.03748954814813436,0.7050382394720711,2.6127778386981,0.0,screened out,,,,,,0.8727272727272729,211.0571156742367,707,0.8333333333333333,12,True,spread > 10%,spread > 10%,115.80000305175781,2026-08-21,115.0,3.1,5.5,7.9,
EXE,Expand Energy,Energy,2026-07-28,AMC,2026-07-28,0.07712852655712045,0.08176168892980966,0.038268138052420575,0.03223697990621774,0.04429929619862341,1.0154763331173318,8.257696565124757,0.0,screened out,,,,,,0.1201413427561837,23.845167539325374,3639,0.8333333333333333,12,True,spread > 10%,spread > 10%,91.7300033569336,2026-08-21,90.0,6.65,7.075,7.5,
EW,Edwards Lifesciences,Health Care,2026-07-23,AMC,2026-07-23,0.10617990971610042,0.14316392321271967,0.06421729548292704,0.04551303981106365,0.08292155115479043,0.6534472359448656,2.8752433320367095,0.0,screened out,,,,,,0.696629213483146,176.27125560438353,1726,0.8333333333333333,12,True,spread > 10%,spread > 10%,83.81999969482422,2026-08-21,85.0,5.800000000000001,8.9,12.0,
EVRG,Evergy,Utilities,2026-08-06,BMO,2026-08-05,0.03433352507341256,0.051933063136254294,0.01649788771341969,0.012837160474761095,0.020158614952078286,1.0810861165872176,6.2441562428297175,0.0,screened out,,,,,,1.0252100840336134,197.35249946625703,108,0.8333333333333333,12,True,spread > 10%,spread > 10%,86.6500015258789,2026-08-21,85.0,1.45,2.975,4.5,
EXPD,Expeditors International,Industrials,2026-08-04,BMO,2026-08-03,0.07350437358589006,0.08854580910732703,0.05478215332809429,0.04617115718730831,0.06339314946888026,0.3417576550097809,2.7864833626787515,0.0,screened out,,,,,,0.4092664092664092,160.6800402337307,270,0.8333333333333333,12,True,spread > 10%,spread > 10%,176.17999267578125,2026-08-21,175.0,10.3,12.95,15.6,
EXC,Exelon,Utilities,2026-07-30,BMO,2026-07-29,0.056049070821050685,0.07719966358371132,0.02116117924102011,0.015613833698367541,0.026708524783672676,1.6486742625572481,8.0601292104813,0.0,screened out,,,,,,0.7547169811320755,121.2489021535884,1572,0.8333333333333333,12,True,spread > 10%,spread > 10%,47.279998779296875,2026-08-21,47.0,1.65,2.6500000000000004,3.6500000000000004,
EXPE,Expedia Group,Consumer Discretionary,2026-08-05,AMC,2026-08-05,0.12130740956082453,0.13042972675979855,0.09696372455674857,0.08182477921996037,0.11210266989353676,0.25105971450002096,2.0608348869197224,0.0,screened out,,,,,,0.15039999999999998,74.9460666899577,22,0.8333333333333333,12,True,spread > 10%,spread > 10%; squeeze risk (8% of float short — no short premium),257.6099853515625,2026-08-07,255.0,28.900000000000002,31.25,33.6,
EXR,Extra Space Storage,Real Estate,2026-07-28,AMC,2026-07-28,0.06876633286972161,0.08458258942975758,0.03905925861064384,0.030164504155173282,0.047954013066114395,0.7605642123217988,4.280341471036137,0.0,screened out,,,,,,0.4600000000000001,106.48141531610372,22,0.8333333333333333,12,True,spread > 10%,spread > 10%,145.4199981689453,2026-08-21,145.0,7.7,10.0,12.3,
FANG,Diamondback Energy,Energy,2026-08-03,AMC,2026-08-03,0.08929874694373124,0.09635505119814053,0.021889146935188928,0.019098404859464874,0.024679889010912982,3.0795900912965615,30.956692172469403,0.0,screened out,,,,,,0.1580381471389647,20.935606363233404,381,0.8333333333333333,12,True,spread > 10%,spread > 10%,205.49000549316406,2026-08-21,210.0,16.9,18.35,19.8,
FCX,Freeport-McMoRan,Materials,2026-07-23,BMO,2026-07-22,0.028582677165354328,0.03543307086614173,0.040535163150516466,0.03263082685334557,0.04843949944768736,-0.2948670994805124,-1.9379623364540415,0.0,screened out,,,,,,0.4793388429752067,114.62709446874076,6239,0.8333333333333333,12,True,spread > 10%,spread > 10%,63.5,2026-07-24,63.0,1.38,1.815,2.25,
FE,FirstEnergy,Utilities,2026-07-28,AMC,2026-07-28,0.05203071151077346,0.07678318591881131,0.021076645497361737,0.014090009804075102,0.02806328119064837,1.4686429117615698,5.678087815700415,0.0,screened out,,,,,,0.9514563106796114,159.9303587277558,737,0.8333333333333333,12,True,spread > 10%,spread > 10%,49.4900016784668,2026-08-21,49.0,1.35,2.575,3.8,
FICO,Fair Isaac,Information Technology,2026-07-29,AMC,2026-07-29,0.13501190352337006,0.1472404916533652,0.04511594164079697,0.03763151450849361,0.05260036877310033,1.9925542638188651,15.39338451856224,0.0,screened out,,,,,,0.18114829597789378,27.20608995978879,32,0.8333333333333333,12,True,spread > 10%,spread > 10%; squeeze risk (11% of float short — no short premium),1206.18994140625,2026-08-21,1210.0,148.1,162.85,177.6,
FISV,Fiserv,Financials,2026-08-06,BMO,2026-08-05,0.10606363559191093,0.11306783794232014,0.09310468955446294,0.06639568608535112,0.11981369302357475,0.13918682398771615,0.6218197268497953,0.0,screened out,,,,,,0.13207547169811323,108.09833346275057,429,0.8333333333333333,12,True,spread > 10%,spread > 10%,49.970001220703125,2026-08-07,50.0,4.95,5.300000000000001,5.65,
FIS,Fidelity National Information Services,Financials,2026-08-04,BMO,2026-08-03,0.0880369610239699,0.09740259517545606,0.048311733750923055,0.03912535134328041,0.057498116158565704,0.8222687158745954,5.542100144968984,0.0,screened out,,,,,,0.2127659574468085,47.15207335184031,19,0.8333333333333333,12,True,spread > 10%,spread > 10%,40.040000915527344,2026-08-07,40.0,3.15,3.525,3.9,
FFIV,"F5, Inc.",Information Technology,2026-07-27,AMC,2026-07-27,0.12445887876520502,0.1319315650678778,0.07042188408615455,0.059003355381098466,0.08184041279121063,0.7673324191801131,6.06503816468104,0.0,screened out,,,,,,0.12008281573498975,27.657668036708362,57,0.8333333333333333,12,True,spread > 10%,spread > 10%,388.0799865722656,2026-08-21,390.0,45.4,48.3,51.2,
FLEX,Flex Ltd.,Information Technology,2026-07-29,BMO,2026-07-28,0.2086915701930522,0.22901359575492244,0.0955406051906195,0.07169140428833545,0.11938980609290353,1.184323301874398,6.080466902906996,0.0,screened out,,,,,,0.19475655430711605,35.9201984029625,1331,0.8333333333333333,12,True,spread > 10%,spread > 10%,127.94000244140625,2026-08-21,130.0,24.1,26.700000000000003,29.3,
FIX,Comfort Systems USA,Industrials,2026-07-23,AMC,2026-07-23,0.18141604760445473,0.189880673546264,0.07773259287638278,0.06217953700939062,0.09328564874337493,1.3338478865996215,8.543704640160543,0.0,screened out,,,,,,0.09331727874774233,16.327823882815753,8,0.8333333333333333,12,True,OI < 500,OI < 500; wide market,1831.1500244140625,2026-08-21,1830.0,316.7,332.2,347.7,
FOX,Fox Corporation (Class B),Communication Services,2026-08-06,BMO,2026-08-05,0.10217568053717886,0.15656770947985615,0.05201270298731411,0.045301907505234926,0.0587234984693933,0.9644370445831182,9.579918237649558,0.0,screened out,,,,,,1.064676616915423,216.86124548172464,208,0.8333333333333333,12,True,spread > 10%,spread > 10%,49.18000030517578,2026-08-21,50.0,2.35,5.0249999999999995,7.699999999999999,
FRT,Federal Realty Investment Trust,Real Estate,2026-07-31,BMO,2026-07-30,0.04466073794940116,0.07129696282505298,0.02453584658224585,0.01949243632374236,0.029579256840749336,0.8202240464658633,5.114012038314613,0.0,screened out,,,,,,1.1928251121076234,264.7092537266887,693,0.8333333333333333,12,True,spread > 10%,spread > 10%,124.83000183105469,2026-08-21,125.0,2.25,5.575,8.9,
FSLR,First Solar,Information Technology,2026-07-30,AMC,2026-07-30,0.1109654244521356,0.1201923087610659,0.0671878153293593,0.054618410737447005,0.0797572199212716,0.651570659176451,4.463646900812688,0.0,screened out,,,,,,0.1663019693654267,42.1534409659198,587,0.8333333333333333,12,True,spread > 10%,spread > 10%; squeeze risk (8% of float short — no short premium),205.9199981689453,2026-07-31,205.0,20.95,22.85,24.75,
FTNT,Fortinet,Information Technology,2026-07-29,AMC,2026-07-29,0.13511284748006938,0.14583608934356695,0.11138704137147196,0.09116140468068323,0.13161267806226068,0.21300328850169092,1.5033886731796477,0.0,screened out,,,,,,0.15873015873015872,90.39306664157414,645,0.8333333333333333,12,True,spread > 10%,spread > 10%,151.5399932861328,2026-07-31,152.5,18.85,20.475,22.1,
GD,General Dynamics,Industrials,2026-07-29,BMO,2026-07-28,0.046360563670742046,0.05343251406119422,0.04352702253169491,0.037880732500327856,0.04917331256306196,0.0650984371141823,0.6431597214505075,0.0,screened out,,,,,,0.3050847457627118,499.1598881694959,31,0.8333333333333333,12,True,spread > 10%,spread > 10%,381.7900085449219,2026-07-31,375.0,15.0,17.7,20.4,
FTV,Fortive,Industrials,2026-07-29,BMO,2026-07-28,0.09196634936045298,0.14021775238813455,0.050086611890623536,0.04271995794661698,0.05745326583463009,0.8361463450808805,7.285949896560753,0.0,screened out,,,,,,1.0493273542600896,230.42839302630475,49,0.8333333333333333,12,True,spread > 10%,spread > 10%,60.619998931884766,2026-08-21,60.0,2.65,5.575,8.5,
GDDY,GoDaddy,Information Technology,2026-07-30,AMC,2026-07-30,0.10556950137006053,0.13581373689769952,0.07139199999873955,0.05729096904204077,0.08549303095543832,0.47873012903300655,3.106289596270735,0.0,screened out,,,,,,0.572972972972973,176.98330371814427,2,0.8333333333333333,12,True,spread > 10%,spread > 10%,87.62000274658203,2026-07-31,87.0,6.6,9.25,11.9,
FOXA,Fox Corporation (Class A),Communication Services,2026-08-06,BMO,2026-08-05,0.09212198195576876,0.13432564856604706,0.051391954955363556,0.04472478483021926,0.058059125080507853,0.7925370232710789,7.829349127728994,0.0,screened out,,,,,,0.916256157635468,207.23613372443108,1082,0.8333333333333333,12,True,spread > 10%,spread > 10%; squeeze risk (12% of float short — no short premium),55.09000015258789,2026-08-21,55.0,2.75,5.075,7.4,
GEHC,GE HealthCare,Health Care,2026-07-29,BMO,2026-07-28,0.050411355305472076,0.08065816848875532,0.06755077096381229,0.05598588328019525,0.07911565864742934,-0.25372642552846647,-1.8993591385107818,0.0,screened out,,,,,,1.2,352.95034307152514,286,0.8333333333333333,12,True,spread > 10%,spread > 10%,61.9900016784668,2026-07-31,62.0,1.25,3.125,5.0,
GEN,Gen Digital,Information Technology,2026-08-06,AMC,2026-08-06,0.08276824991060493,0.12564818661127974,0.07372759896607775,0.06162650352851477,0.08582869440364073,0.12262234321080769,0.9574751567151856,0.0,screened out,,,,,,1.0361445783132528,948.6028597671392,163,0.8333333333333333,12,True,spread > 10%,spread > 10%,25.06999969482422,2026-08-21,25.0,1.0,2.075,3.15,
GILD,Gilead Sciences,Health Care,2026-08-04,AMC,2026-08-04,0.06610117652189396,0.07871007146537663,0.04389330586815788,0.037650913511807424,0.050135698224508335,0.5059511972153967,4.559406939692576,0.0,screened out,,,,,,0.3815028901734105,113.55338960749435,41,0.8333333333333333,12,True,spread > 10%,spread > 10%,130.86000061035156,2026-08-07,131.0,7.0,8.65,10.3,
GNRC,Generac,Industrials,2026-07-29,BMO,2026-07-28,0.12992874109263658,0.14346793349168646,0.08585980589601358,0.0666922777436995,0.10502733404832766,0.513266187091032,2.946584812563502,0.0,screened out,,,,,,0.20840950639853756,61.44551638764076,30,0.8333333333333333,12,True,spread > 10%,spread > 10%,210.5,2026-07-31,215.0,24.5,27.35,30.200000000000003,
GLW,Corning Inc.,Information Technology,2026-07-28,BMO,2026-07-27,0.14113161825297715,0.15090350101510155,0.06562282750092548,0.05545498597557114,0.0757906690262798,1.1506482367128539,9.517464054344327,0.0,screened out,,,,,,0.13847900113507366,25.88276852217736,821,0.8333333333333333,12,True,spread > 10%,spread > 10%,156.05999755859375,2026-07-31,155.0,20.5,22.025,23.549999999999997,
GPN,Global Payments,Financials,2026-08-05,BMO,2026-08-04,0.11944515703951275,0.12715129620335228,0.05545138786457041,0.04309067423869813,0.0678121014904427,1.1540517133896646,6.635087346651349,0.0,screened out,,,,,,0.12903225806451624,24.084029627237477,1105,0.8333333333333333,12,True,spread > 10%,spread > 10%; squeeze risk (9% of float short — no short premium),77.86000061035156,2026-08-21,77.5,8.7,9.3,9.9,
GRMN,Garmin,Consumer Discretionary,2026-07-29,BMO,2026-07-28,0.09266971859387307,0.10787171737444101,0.0851960809208473,0.0699663790214297,0.10042578282026489,0.08772278715460251,0.6289167118967787,0.0,screened out,,,,,,0.32808988764044933,406.81658505966215,280,0.8333333333333333,12,True,spread > 10%,spread > 10%,240.10000610351562,2026-08-21,240.0,18.6,22.25,25.9,
GWW,W. W. Grainger,Industrials,2026-08-04,BMO,2026-08-03,0.06885027912294622,0.0734207968554838,0.04614080999751255,0.03931009530730008,0.05297152468772502,0.4921775132828821,4.260821444183389,0.0,screened out,,,,,,0.1327668613913967,40.252087860731145,4,0.8333333333333333,12,True,spread > 10%,spread > 10%,1367.4599609375,2026-08-21,1370.0,87.9,94.15,100.4,
HCA,HCA Healthcare,Health Care,2026-07-24,BMO,2026-07-23,0.09694555112881806,0.10889774236387782,0.04908738767825508,0.042897986503772544,0.05527678885273762,0.9749584509212612,9.909686017948161,0.0,screened out,,,,,,0.2465753424657534,49.94839071669041,325,0.8333333333333333,12,True,spread > 10%,spread > 10%,376.5,2026-08-21,375.0,32.0,36.5,41.0,
HONA,Honeywell Aerospace,Industrials,2026-08-05,AMC,2026-08-05,0.1245724235884198,0.14346250421453266,0.047715350431264576,0.03884873590188037,0.05658196496064878,1.6107410395711166,11.109090694286794,0.0,screened out,,,,,,0.3032786885245903,49.15638821553074,539,0.35,0,True,spread > 10%,spread > 10%; thin history (n=0); low-conf moves,195.8699951171875,2026-08-21,200.0,20.7,24.4,28.1,
HII,Huntington Ingalls Industries,Industrials,2026-07-30,BMO,2026-07-29,0.11024417570701255,0.12260963617335993,0.08160969057189078,0.06528893821790538,0.09793044292587619,0.35087113962155464,2.2485456156199004,0.0,screened out,,,,,,0.22432859399684046,86.3676116961535,74,0.8333333333333333,12,True,spread > 10%,spread > 10%,287.0899963378906,2026-08-21,290.0,28.1,31.650000000000002,35.2,
HLT,Hilton Worldwide,Consumer Discretionary,2026-07-28,BMO,2026-07-27,0.04981572979218346,0.054344432500563776,0.02949673351403123,0.02500437534167755,0.03398909168638491,0.6888558107116076,5.796693992553208,0.0,screened out,,,,,,0.18181818181818174,44.57604742267461,26,0.8333333333333333,12,True,spread > 10%,spread > 10%,320.17999267578125,2026-07-31,325.0,14.5,15.95,17.4,
HIG,Hartford (The),Financials,2026-07-23,AMC,2026-07-23,0.0567942074551498,0.06611338081466356,0.03745586494096441,0.03094122479668787,0.043970505085240946,0.5162967814163489,3.8043574498821853,0.0,screened out,,,,,,0.32817337461300317,96.38026995,474,0.8333333333333333,12,True,spread > 10%,spread > 10%,142.17999267578125,2026-08-21,140.0,6.75,8.075,9.4,
HBAN,Huntington Bancshares,Financials,2026-07-23,BMO,2026-07-22,0.06178161054987437,0.07183908203473764,0.031460167827856426,0.02535319518653177,0.03756714046918108,0.9638042265995098,6.3632119013569275,0.0,screened out,,,,,,0.3255813953488373,66.33900356964236,1653,0.8333333333333333,12,True,spread > 10%,spread > 10%,17.399999618530273,2026-08-21,17.0,0.8999999999999999,1.075,1.25,
HON,Honeywell Technologies,Industrials,2026-07-23,BMO,2026-07-22,0.08567831905608775,0.09217525320252093,0.04627953067939654,0.04052033409885957,0.052038727259933505,0.8513221244534226,8.767453320521945,0.0,screened out,,,,,,0.1516587677725118,32.980375357313555,73,0.8333333333333333,12,True,spread > 10%,spread > 10%,246.27000427246094,2026-07-24,250.0,19.5,21.1,22.7,
HOOD,Robinhood Markets,Financials,2026-07-29,AMC,2026-07-29,0.11813348871521089,0.12502460889026484,0.07516611690442891,0.06318315786484738,0.08714907594401045,0.5716321872182579,4.595441203696313,0.0,screened out,,,,,,0.11666666666666654,32.07606090221579,848,0.8333333333333333,12,True,spread > 10%,spread > 10%,101.58000183105469,2026-07-31,102.0,11.3,12.0,12.7,
HUBB,Hubbell Incorporated,Industrials,2026-07-28,BMO,2026-07-27,0.10626970695176902,0.12203611819509505,0.04360418375466711,0.03831877888456406,0.048889588624770164,1.4371447370665342,15.195077104441369,0.0,screened out,,,,,,0.2967244701348747,50.31925192337717,711,0.8333333333333333,12,True,spread > 10%,spread > 10%,488.3800048828125,2026-08-21,490.0,44.2,51.900000000000006,59.6,
HSIC,Henry Schein,Health Care,2026-08-04,BMO,2026-08-03,0.0857683674990857,0.13486336406752786,0.05321301221788311,0.04572395674614188,0.06070206768962434,0.6117931296184325,5.571188981818093,0.0,screened out,,,,,,1.1448275862068966,301.6093428830712,24,0.8333333333333333,12,True,spread > 10%,spread > 10%,84.52999877929688,2026-08-21,85.0,3.0999999999999996,7.25,11.4,
HSY,Hershey Company (The),Consumer Staples,2026-07-30,BMO,2026-07-29,0.05083071936229005,0.055187638164772054,0.03143613173476248,0.025891073866234054,0.0369811896032909,0.616952104386329,4.482568819437006,0.0,screened out,,,,,,0.17142857142857143,44.92922341177332,67,0.8333333333333333,12,True,spread > 10%,spread > 10%,172.13999938964844,2026-07-31,172.5,8.0,8.75,9.5,
HST,Host Hotels & Resorts,Real Estate,2026-08-05,AMC,2026-08-05,0.10016694873562523,0.19824708603925828,0.02838368783136242,0.022083849347312196,0.03468352631541265,2.5290322149381255,14.603140605559974,0.0,screened out,,,,,,1.9583333333333335,273.2674332932362,3846,0.8333333333333333,12,True,spread > 10%,spread > 10%,23.959999084472656,2026-08-21,24.28,0.05,2.4,4.75,
HWM,Howmet Aerospace,Industrials,2026-08-06,BMO,2026-08-05,0.08481660911424188,0.09509213260036153,0.059528322645183596,0.04842267192130102,0.07063397336906617,0.42481100332337934,2.9182862620601706,0.0,screened out,,,,,,0.24229979466119103,81.26706013626006,68,0.8333333333333333,12,True,spread > 10%,spread > 10%,287.0899963378906,2026-08-07,280.0,21.4,24.35,27.3,
HUM,Humana,Health Care,2026-07-29,BMO,2026-07-28,0.09607097591888467,0.11254752851711027,0.06236020495788467,0.05286577813899829,0.07185463177677105,0.54058146511492,4.550429940402135,0.0,screened out,,,,,,0.34300791556728233,97.75245198211178,33,0.8333333333333333,12,True,spread > 10%,spread > 10%,394.5,2026-07-31,395.0,31.4,37.9,44.4,
ICE,Intercontinental Exchange,Financials,2026-07-30,BMO,2026-07-29,0.047831853074947916,0.057258568644463194,0.02649350059183761,0.02080335855849382,0.0321836426251814,0.8054183858845911,4.806072042156685,0.0,screened out,,,,,,0.39416058394160575,88.35467102698483,4,0.8333333333333333,12,True,spread > 10%,spread > 10%,143.2100067138672,2026-07-31,142.0,5.5,6.85,8.2,
INCY,Incyte,Health Care,2026-07-28,BMO,2026-07-27,0.08955351599420248,0.1208329737338043,0.05429398143890952,0.043811969041438026,0.06477599383638101,0.6494188420307005,4.3110633504844955,0.0,screened out,,,,,,0.6985645933014355,177.4241102958991,214,0.8333333333333333,12,True,spread > 10%,spread > 10%,116.69000244140625,2026-08-21,115.0,6.8,10.450000000000001,14.100000000000001,
IEX,IDEX Corporation,Industrials,2026-07-29,BMO,2026-07-28,0.08325083205101003,0.10350103444179626,0.055182855865267305,0.047281921620603996,0.06308379010993062,0.5086358026535015,4.552868960268226,0.0,screened out,,,,,,0.4864864864864865,144.29399723569966,364,0.8333333333333333,12,True,spread > 10%,spread > 10%,222.22000122070312,2026-08-21,230.0,14.0,18.5,23.0,
IFF,International Flavors & Fragrances,Materials,2026-08-04,AMC,2026-08-04,0.09082283184066986,0.11386743096442191,0.06841448131207602,0.055390855385152885,0.08143810723899915,0.327538119106349,2.2051110956801496,0.0,screened out,,,,,,0.5074626865671642,205.67867406702996,342,0.8333333333333333,12,True,spread > 10%,spread > 10%,73.7699966430664,2026-08-21,75.0,5.0,6.7,8.4,
IDXX,Idexx Laboratories,Health Care,2026-08-04,BMO,2026-08-03,0.1107784173645314,0.1273720045680888,0.08120721141081319,0.06400022619015591,0.09841419663147047,0.3641450733251091,2.202504219320623,0.0,screened out,,,,,,0.29958158995815887,112.22800469840818,9,0.8333333333333333,12,True,spread > 10%,spread > 10%,539.364990234375,2026-08-21,540.0,50.8,59.74999999999999,68.69999999999999,
INVH,Invitation Homes,Real Estate,2026-07-29,AMC,2026-07-29,0.056046194635465445,0.07642662904836198,0.033606785284983794,0.02762814322493655,0.03958542734503104,0.667704725703355,4.810180428053596,0.0,screened out,,,,,,0.7272727272727274,181.6485816945897,1260,0.8333333333333333,12,True,spread > 10%,spread > 10%,29.440000534057617,2026-08-21,30.0,1.0499999999999998,1.65,2.25,
IQV,IQVIA,Health Care,2026-07-28,BMO,2026-07-27,0.10852787577232345,0.11817479806319664,0.07258909670766153,0.06000153806292858,0.08517665535239448,0.49509886049964724,3.6591002710873872,0.0,screened out,,,,,,0.17777777777777778,53.68530897232887,522,0.8333333333333333,12,True,spread > 10%,spread > 10%,207.32000732421875,2026-08-21,210.0,20.5,22.5,24.5,
IRM,Iron Mountain,Real Estate,2026-08-05,BMO,2026-08-04,0.07928542559646795,0.0891208328223589,0.04742544156286973,0.0398330045667078,0.05501787855903166,0.6717909835665505,5.377951184593356,0.0,screened out,,,,,,0.2481012658227849,61.74144478866625,0,0.8333333333333333,12,True,spread > 10%,spread > 10%,124.55000305175781,2026-08-07,121.0,8.649999999999999,9.875,11.1,
IR,Ingersoll Rand,Industrials,2026-07-30,AMC,2026-07-30,0.10052188643594785,0.12513343975212385,0.052438449172399565,0.04434559467423074,0.06053130367056839,0.9169500246940275,7.614585584222125,0.0,screened out,,,,,,0.48967551622418876,102.3701911378697,21,0.8333333333333333,12,True,spread > 10%,spread > 10%,84.30999755859375,2026-08-21,80.0,6.4,8.475000000000001,10.55,
IP,International Paper,Materials,2026-07-30,BMO,2026-07-29,0.08243207630119062,0.09100501223651446,0.06213362955877964,0.05075519058219361,0.07351206853536568,0.32669018189591265,2.2862968636212035,0.0,screened out,,,,,,0.2080000000000001,84.46888615779442,77,0.8333333333333333,12,True,spread > 10%,spread > 10%; squeeze risk (19% of float short — no short premium),37.90999984741211,2026-07-31,38.0,2.8,3.125,3.45,
ITW,Illinois Tool Works,Industrials,2026-07-28,BMO,2026-07-27,0.059405582255788014,0.06933660664505349,0.03366740712524441,0.028355031797848956,0.03897978245263986,0.7644834374918249,6.209283647034228,0.0,screened out,,,,,,0.3343465045592705,77.16960770447385,639,0.8333333333333333,12,True,spread > 10%,spread > 10%,276.9100036621094,2026-08-21,280.0,13.7,16.45,19.2,
IT,Gartner,Information Technology,2026-08-04,BMO,2026-08-03,0.14847781911515687,0.15259181410323427,0.08235735641457381,0.06129927284407215,0.10341543998507548,0.8028482892013092,4.024107165942286,0.0,screened out,,,,,,0.05541561712846355,12.44393889591194,178,0.8333333333333333,12,True,OI < 500,OI < 500; squeeze risk (25% of float short — no short premium),133.69000244140625,2026-08-21,135.0,19.299999999999997,19.849999999999998,20.4,
IVZ,Invesco,Financials,2026-07-28,BMO,2026-07-27,0.09312080775320597,0.10906040547672773,0.046577167246379995,0.03805870155238479,0.0550956329403752,0.9992801893817055,7.002473428471585,0.0,screened out,,,,,,0.3423423423423424,68.49312838424869,532,0.8333333333333333,12,True,spread > 10%,spread > 10%,29.799999237060547,2026-08-21,30.0,2.3,2.775,3.25,
JCI,Johnson Controls,Industrials,2026-07-29,BMO,2026-07-28,0.09770396158818774,0.10328704510751276,0.0537575029720178,0.04544358968124731,0.06207141626278829,0.8174944182032643,6.774400861867035,0.0,screened out,,,,,,0.1142857142857144,25.408570770572823,1039,0.8333333333333333,12,True,spread > 10%,spread > 10%,143.2899932861328,2026-08-21,145.0,13.2,14.0,14.8,
J,Jacobs Solutions,Industrials,2026-08-04,AMC,2026-08-04,0.08522727272727272,0.10757575757575757,0.05806863699332608,0.050556647368931305,0.06558062661772086,0.46769886706774305,4.633460547335392,0.0,screened out,,,,,,0.5244444444444443,164.5773747062751,113,0.8333333333333333,12,True,spread > 10%,spread > 10%,132.0,2026-08-21,130.0,8.3,11.25,14.2,
KDP,Keurig Dr Pepper,Consumer Staples,2026-08-06,BMO,2026-08-05,0.0716211659769376,0.10616784603640161,0.03867550101883758,0.03316392081998061,0.044187081217694546,0.851848433509711,7.6608091848246245,0.0,screened out,,,,,,0.9647058823529411,209.71912452457795,232,0.8333333333333333,12,True,spread > 10%,spread > 10%,29.670000076293945,2026-08-21,30.0,1.1,2.125,3.15,
KHC,Kraft Heinz,Consumer Staples,2026-08-05,BMO,2026-08-04,0.05934542443921244,0.06703469870210042,0.028263115559921052,0.02340039846531236,0.033125832654529744,1.0997481439508436,8.191940078904675,0.0,screened out,,,,,,0.2591362126245847,49.476853812562005,327,0.8333333333333333,12,True,spread > 10%,spread > 10%; squeeze risk (11% of float short — no short premium),25.360000610351562,2026-08-07,25.5,1.31,1.505,1.7,
KMB,Kimberly-Clark,Consumer Staples,2026-08-04,BMO,2026-08-03,0.05451495790786654,0.06243593469789844,0.029506635049817397,0.0244758931774556,0.034537376922179196,0.8475491297406992,6.370962253292647,0.0,screened out,,,,,,0.2905982905982906,63.34672528815708,99,0.8333333333333333,12,True,spread > 10%,spread > 10%; squeeze risk (13% of float short — no short premium),107.30999755859375,2026-08-07,107.0,5.0,5.85,6.7,
KLAC,KLA Corporation,Information Technology,2026-07-28,AMC,2026-07-28,0.21647693926251207,0.23224981023306468,0.05211449394893287,0.0405033971546221,0.06372559074324363,3.153872039410733,18.141861500723728,0.0,screened out,,,,,,0.1457233368532205,19.192791808932146,5152,0.8333333333333333,12,True,spread > 10%,spread > 10%,218.72999572753906,2026-08-21,218.0,43.900000000000006,47.35,50.8,
KIM,Kimco Realty,Real Estate,2026-08-04,BMO,2026-08-03,0.06507381565245587,0.09324009406919051,0.023151013228791935,0.01829076998887131,0.02801125646871256,1.8108409342329055,11.054644990781402,0.0,screened out,,,,,,0.8656716417910448,134.37211631079208,161,0.8333333333333333,12,True,spread > 10%,spread > 10%,25.739999771118164,2026-08-21,25.0,0.95,1.6749999999999998,2.4,
KKR,KKR & Co.,Financials,2026-07-30,BMO,2026-07-29,0.06434302304320383,0.08231738980426076,0.03358845355990207,0.026920928433852426,0.04025597868595172,0.9156292184888377,5.91149722043148,0.0,screened out,,,,,,0.5587044534412955,116.88908063444782,420,0.8333333333333333,12,True,spread > 10%,spread > 10%,95.97000122070312,2026-07-31,96.0,4.45,6.175000000000001,7.9,
KO,Coca-Cola Company (The),Consumer Staples,2026-07-28,BMO,2026-07-27,0.03437230581418716,0.0365898739312315,0.02583138322339426,0.02161869825287542,0.0300440681939131,0.33064131784695877,2.59835389281721,0.0,screened out,,,,,,0.12903225806451624,51.92806967797294,490,0.8333333333333333,12,True,spread > 10%,spread > 10%,81.16999816894531,2026-07-31,81.0,2.61,2.79,2.97,
KVUE,Kenvue,Consumer Staples,2026-08-06,BMO,2026-08-05,0.04682539777050114,0.05661375775642511,0.04352591950832875,0.033911325348607795,0.053140513668049706,0.0758049065808025,0.43981173521762684,0.0,screened out,,,,,,0.41807909604519766,593.3277450647164,187,0.8333333333333333,12,True,spread > 10%,spread > 10%,18.899999618530273,2026-08-07,19.0,0.7,0.8849999999999999,1.0699999999999998,
LII,Lennox International,Industrials,2026-07-29,BMO,2026-07-28,0.0991838452975732,0.11340608365795622,0.05666865726502822,0.04958037705144843,0.06375693747860801,0.750241669459535,7.68697954097837,0.0,screened out,,,,,,0.28678537956888467,66.90427124300165,6,0.8333333333333333,12,True,spread > 10%,spread > 10%; squeeze risk (10% of float short — no short premium),537.8900146484375,2026-08-21,530.0,45.7,53.35,61.0,
L,Loews Corporation,Financials,2026-08-03,BMO,2026-07-31,0.047997925554183515,0.06572688904717022,0.029112003999483525,0.02325460603897858,0.03496940195998847,0.648733132732293,4.132243912349257,0.0,screened out,,,,,,0.7387387387387387,187.74793108864347,19,0.8333333333333333,12,True,spread > 10%,spread > 10%,115.62999725341797,2026-08-21,115.0,3.5,5.55,7.6,
LDOS,Leidos,Industrials,2026-08-04,BMO,2026-08-03,0.10015408154275718,0.10876461344009829,0.06153040069438949,0.055927681603230125,0.06713311978554885,0.6277170376348533,8.83501538625686,0.0,screened out,,,,,,0.1719457013574661,44.58680119662917,307,0.8333333333333333,12,True,spread > 10%,spread > 10%,110.33000183105469,2026-08-21,110.0,10.1,11.05,12.0,
LH,Labcorp,Health Care,2026-07-30,BMO,2026-07-29,0.07336265825711716,0.08384303800813389,0.04763830508992226,0.04042616380753333,0.05485044637231119,0.5399930396062055,4.5712264538662275,0.0,screened out,,,,,,0.2857142857142856,81.48216348064982,75,0.8333333333333333,12,True,spread > 10%,spread > 10%,291.0199890136719,2026-08-21,300.0,18.3,21.35,24.4,
LHX,L3Harris,Industrials,2026-07-29,AMC,2026-07-29,0.044382151713712605,0.053725762600809995,0.02931233741786298,0.023420686024245567,0.035203988811480395,0.5141116547964564,3.2781087527486243,0.0,screened out,,,,,,0.42105263157894746,124.00432684390432,180,0.8333333333333333,12,True,spread > 10%,spread > 10%,299.6700134277344,2026-07-31,300.0,10.5,13.3,16.1,
LIN,Linde plc,Materials,2026-07-31,BMO,2026-07-30,0.05816479612495716,0.066953704198168,0.027798096011137967,0.023106576989946642,0.03248961503232929,1.0924021595454614,8.29538635356277,0.0,screened out,,,,,,0.3022071307300509,57.885170533964015,38,0.8124999999999999,12,True,spread > 10%,spread > 10%,506.32000732421875,2026-08-21,505.0,25.0,29.45,33.9,
LLY,Lilly (Eli),Health Care,2026-08-05,BMO,2026-08-04,0.08386248105566779,0.09090372506587217,0.07140692337323773,0.0601299615606817,0.08268388518579377,0.17443067274199667,1.4155446290532563,0.0,screened out,,,,,,0.1679235796882856,113.06188273106127,97,0.8333333333333333,12,True,spread > 10%,spread > 10%,1185.8699951171875,2026-08-07,1185.0,91.1,99.44999999999999,107.8,
LMT,Lockheed Martin,Industrials,2026-07-23,BMO,2026-07-22,0.018554669448470174,0.025149931100769997,0.047245031491958994,0.038899190050692596,0.05559087293322539,-0.607267285838763,-4.405735269918555,0.0,screened out,,,,,,0.7109004739336493,45.97545086606251,164,0.8333333333333333,12,True,spread > 10%,spread > 10%,568.5900268554688,2026-07-24,570.0,6.8,10.55,14.3,
LNT,Alliant Energy,Utilities,2026-07-30,AMC,2026-07-30,0.0426632636135282,0.08062349029328164,0.014376375115115778,0.010998622796718219,0.017754127433513338,1.9675953271886102,10.732721905661784,0.0,screened out,,,,,,1.7795275590551183,268.39450144461046,94,0.8333333333333333,12,True,spread > 10%,spread > 10%; squeeze risk (11% of float short — no short premium),74.41999816894531,2026-08-21,75.0,0.35,3.175,6.0,
LRCX,Lam Research,Information Technology,2026-07-29,AMC,2026-07-29,0.13712552432106306,0.14822690656370333,0.05669242261189185,0.04815205331002309,0.06523279191376061,1.418762825850725,12.070094337479967,0.0,screened out,,,,,,0.16191562143671612,27.604013787210246,2376,0.8333333333333333,12,True,spread > 10%,spread > 10%,319.7799987792969,2026-07-31,320.0,40.3,43.849999999999994,47.4,
LYB,LyondellBasell,Materials,2026-07-31,BMO,2026-07-30,0.11220025701615029,0.12151652384420608,0.02901279915371415,0.02290797964376084,0.03511761866366746,2.86726756083398,17.463750701011893,0.0,screened out,,,,,,0.16606498194945854,22.398248648159797,2137,0.8333333333333333,12,True,spread > 10%,spread > 10%,61.720001220703125,2026-08-21,62.5,6.35,6.925,7.5,
LYV,Live Nation Entertainment,Communication Services,2026-07-30,AMC,2026-07-30,0.0630466895031386,0.07099852421524618,0.04904409917735991,0.04070743991149023,0.057380758443229596,0.2855101951233853,2.1526272322281206,0.0,screened out,,,,,,0.25225225225225234,113.57662442595766,28,0.8333333333333333,12,True,spread > 10%,spread > 10%; squeeze risk (15% of float short — no short premium),176.05999755859375,2026-07-31,175.0,9.7,11.1,12.5,
MA,Mastercard,Financials,2026-07-30,BMO,2026-07-29,0.043561072162689216,0.04921835426173977,0.026702126671747192,0.022600800309160493,0.03080345303433389,0.6313708903485963,5.268155379754798,0.0,screened out,,,,,,0.2597402597402597,67.11311928839314,102,0.8333333333333333,12,True,spread > 10%,spread > 10%,530.2899780273438,2026-07-31,530.0,20.1,23.1,26.1,
MAA,Mid-America Apartment Communities,Real Estate,2026-07-29,AMC,2026-07-29,0.054802259887005655,0.07231638418079096,0.024633986164670114,0.019850810915696813,0.029417161413643415,1.2246606586798632,8.083262182552126,0.0,screened out,,,,,,0.6391752577319587,116.10955572057448,134,0.8333333333333333,12,True,spread > 10%,spread > 10%,132.75,2026-08-21,135.0,4.95,7.275,9.6,
MCHP,Microchip Technology,Information Technology,2026-08-06,AMC,2026-08-06,0.1370620800140152,0.14505224611348694,0.05469708928025221,0.04396704799432668,0.06542713056617774,1.5058386436570397,9.837704190649399,0.0,screened out,,,,,,0.11659192825112114,19.401850296563975,147,0.8333333333333333,12,True,spread > 10%,spread > 10%,81.3499984741211,2026-08-07,81.0,10.5,11.15,11.8,
MCD,McDonald's,Consumer Discretionary,2026-08-04,BMO,2026-08-03,0.051560124160563346,0.05384322928944438,0.028359962316911867,0.023716232411726133,0.033003692222097605,0.8180603903629502,6.402897676202055,0.0,screened out,,,,,,0.08856088560885617,19.68180346557184,351,0.8333333333333333,12,True,OI < 500,OI < 500; wide market,262.79998779296875,2026-08-07,265.0,12.95,13.55,14.15,
MAS,Masco,Industrials,2026-07-29,BMO,2026-07-28,0.09956038743988918,0.13059219651206244,0.05449702461703959,0.04644253853629941,0.06255151069777977,0.8268958376997269,7.170315426065859,0.0,screened out,,,,,,0.6233766233766235,137.72522567462912,309,0.8333333333333333,12,True,spread > 10%,spread > 10%,77.33999633789062,2026-08-21,75.0,5.3,7.700000000000001,10.100000000000001,
MAR,Marriott International,Consumer Discretionary,2026-08-03,BMO,2026-07-31,0.0622822178066011,0.06804400888122057,0.0355881004450086,0.028939497119377978,0.04223670377063921,0.7500854787920124,5.145619182713391,0.0,screened out,,,,,,0.1850220264317179,43.16899485059989,20,0.8333333333333333,12,True,spread > 10%,spread > 10%,364.4700012207031,2026-08-07,365.0,20.6,22.7,24.799999999999997,
MCK,McKesson Corporation,Health Care,2026-08-05,AMC,2026-08-05,0.08120171353562261,0.08781186049259264,0.05326452472087189,0.04192303867211017,0.06460601076963361,0.5244989786570542,3.1569320837716575,0.0,screened out,,,,,,0.16280806572068715,47.32148965167102,57,0.8124999999999999,12,True,spread > 10%,spread > 10%,824.489990234375,2026-08-21,820.0,61.5,66.95,72.4,
MDLZ,Mondelez International,Consumer Staples,2026-07-28,AMC,2026-07-28,0.039966694929095235,0.04912572918367955,0.03253094315588928,0.02742483553290816,0.0376370507788704,0.2285747369073686,1.8663256194700053,0.0,screened out,,,,,,0.4583333333333333,246.35126437620093,160,0.8333333333333333,12,True,spread > 10%,spread > 10%,60.04999923706055,2026-07-31,60.0,1.85,2.4000000000000004,2.95,
MLM,Martin Marietta Materials,Materials,2026-07-30,BMO,2026-07-29,0.08448077314993285,0.0974637491102039,0.03298686471750563,0.026624604825950644,0.039349124609060614,1.5610428233605416,10.372822577492846,0.0,screened out,,,,,,0.3073593073593072,50.42528856518221,39,0.8333333333333333,12,True,spread > 10%,spread > 10%,546.8699951171875,2026-08-21,550.0,39.1,46.2,53.3,
MET,MetLife,Financials,2026-08-05,AMC,2026-08-05,0.06402636634300962,0.07132050934411198,0.02922660635366628,0.023612646335564424,0.034840566371768134,1.1906876757512406,7.944369439492731,0.0,screened out,,,,,,0.22784810126582272,41.920651196077394,677,0.8333333333333333,12,True,spread > 10%,spread > 10%,92.54000091552734,2026-08-21,92.5,5.25,5.925,6.6,
MGM,MGM Resorts,Consumer Discretionary,2026-07-29,AMC,2026-07-29,0.07890642070589449,0.11446987792545257,0.058777750954540714,0.04439558337209231,0.07315991853698911,0.34245389495970135,1.793672824728925,0.0,screened out,,,,,,0.9014084507042254,353.3612271339115,8,0.8333333333333333,12,True,spread > 10%,spread > 10%; squeeze risk (15% of float short — no short premium),44.9900016784668,2026-07-31,45.0,1.95,3.5500000000000003,5.15,
MPWR,Monolithic Power Systems,Information Technology,2026-07-30,AMC,2026-07-30,0.1998711628102444,0.20971262561647844,0.07935919605742307,0.06603352057570795,0.0926848715391382,1.518563351695508,11.59026698514026,0.0,screened out,,,,,,0.09847806624888093,16.332756109473515,283,0.8333333333333333,12,True,OI < 500,OI < 500; wide market,1397.1500244140625,2026-08-21,1400.0,265.5,279.25,293.0,
MO,Altria,Consumer Staples,2026-07-30,BMO,2026-07-29,0.048071585904249405,0.05355160796259818,0.044103593601590454,0.03694807256982566,0.05125911463335525,0.08996981829879407,0.7106930316482463,0.0,screened out,,,,,,0.2279942279942279,276.2113250409591,806,0.8333333333333333,12,True,spread > 10%,spread > 10%,72.08000183105469,2026-07-31,72.0,3.0700000000000003,3.465,3.86,
MOS,Mosaic Company (The),Materials,2026-08-04,AMC,2026-08-04,0.09537701680923698,0.10323159466411531,0.04530897923856335,0.03667289943315353,0.05394505904397317,1.1050356554503826,7.4301301512266775,0.0,screened out,,,,,,0.16470588235294112,31.375617004326134,272,0.8333333333333333,12,True,spread > 10%,spread > 10%; squeeze risk (12% of float short — no short premium),22.280000686645508,2026-08-07,22.0,1.95,2.125,2.3,
MRK,Merck & Co.,Health Care,2026-08-04,BMO,2026-08-03,0.062270081744684944,0.06514408551751656,0.03613406210408558,0.02784300638472651,0.04442511782344465,0.7233069884397036,4.04000695510722,0.0,screened out,,,,,,0.09230769230769231,21.992666154621126,117,0.8333333333333333,12,True,OI < 500,OI < 500; wide market,130.47999572753906,2026-08-07,130.0,7.75,8.125,8.5,
MRNA,Moderna,Health Care,2026-07-31,BMO,2026-07-30,0.12364082678712243,0.13591722093619843,0.06298583668647817,0.0486676865362834,0.07730398683667294,0.9629941156861016,5.429153521757715,0.0,screened out,,,,,,0.198581560283688,40.47942017204481,37,0.8333333333333333,12,True,spread > 10%,spread > 10%; squeeze risk (14% of float short — no short premium),57.02000045776367,2026-07-31,57.0,6.35,7.05,7.75,
NCLH,Norwegian Cruise Line Holdings,Consumer Discretionary,2026-07-30,BMO,2026-07-29,0.090860506851164,0.10582576680312042,0.08382608235511148,0.06976460935424893,0.09788755535597403,0.08391689434146121,0.6411361337171356,0.0,screened out,,,,,,0.3294117647058824,425.4864050457697,738,0.8333333333333333,12,True,spread > 10%,spread > 10%; squeeze risk (21% of float short — no short premium),18.709999084472656,2026-07-31,18.5,1.42,1.7,1.98,
NDAQ,"Nasdaq, Inc.",Financials,2026-07-23,BMO,2026-07-22,0.03262552598694009,0.06359212692369677,0.02680312546811959,0.020489000917006433,0.03311725001923274,0.21722841710179772,1.1817930489833042,0.0,screened out,,,,,,1.8983050847457625,1063.7056257692798,82,0.8333333333333333,12,True,spread > 10%,spread > 10%,90.41999816894531,2026-07-24,90.0,0.15000000000000002,2.95,5.75,
MTD,Mettler Toledo,Health Care,2026-07-30,AMC,2026-07-30,0.08390458558995274,0.09084970788710767,0.05825576289009362,0.04512596372265084,0.07138556205753639,0.44027957797494915,2.503582176157663,0.0,screened out,,,,,,0.16554809843400448,54.155486030889605,7,0.8333333333333333,12,True,spread > 10%,spread > 10%,1331.8699951171875,2026-08-21,1340.0,102.5,111.75,121.0,
NEM,Newmont,Materials,2026-07-23,AMC,2026-07-23,0.0559543911707802,0.06841216128050107,0.058736476953065754,0.05010352426675512,0.06736942963937638,-0.04736555419400825,-0.4130129363770349,0.0,screened out,,,,,,0.44528301886792454,895.570524032261,1840,0.8333333333333333,12,True,spread > 10%,spread > 10%,94.72000122070312,2026-07-24,95.0,4.12,5.300000000000001,6.48,
NEE,NextEra Energy,Utilities,2026-07-24,BMO,2026-07-23,0.030738389262258203,0.04087314804075638,0.033237206141126026,0.02735670184389876,0.03911771043835329,-0.07518131542879335,-0.5445933801063653,0.0,screened out,,,,,,0.6594202898550725,811.16458466457,3173,0.8333333333333333,12,True,spread > 10%,spread > 10%,89.79000091552734,2026-07-24,90.0,1.85,2.76,3.67,
NI,NiSource,Utilities,2026-08-05,BMO,2026-08-04,0.0679144385026738,0.09946524064171122,0.0160170603068698,0.012952079823822576,0.019082040789917022,3.2401312851113473,21.70052313991118,0.0,screened out,,,,,,0.9291338582677163,121.58919481442462,2478,0.8333333333333333,12,True,spread > 10%,spread > 10%,46.75,2026-08-21,45.0,1.7,3.175,4.6499999999999995,
NRG,NRG Energy,Utilities,2026-08-04,BMO,2026-08-03,0.1028043879661419,0.12168682657216795,0.05451315729294288,0.03835895656552556,0.0706673580203602,0.8858637633790232,3.8312041725302146,0.0,screened out,,,,,,0.3673469387755101,78.20234996208352,11,0.8333333333333333,12,True,spread > 10%,spread > 10%,142.99000549316406,2026-08-07,140.0,12.0,14.7,17.4,
NSC,Norfolk Southern,Industrials,2026-07-23,BMO,2026-07-22,0.05666332145084187,0.06742217995416629,0.03346233546102048,0.02580106683908246,0.0411236040829585,0.6933462853137581,3.881130542715964,0.0,screened out,,,,,,0.379746835443038,92.7448385861228,168,0.8333333333333333,12,True,spread > 10%,spread > 10%,348.54998779296875,2026-08-21,340.0,16.0,19.75,23.5,
NUE,Nucor,Materials,2026-07-27,AMC,2026-07-27,0.08874144947806271,0.09371760552356156,0.0415352416855353,0.035801642919125076,0.04726884045194553,1.1365338415489954,10.551745661264942,0.0,screened out,,,,,,0.11214953271028048,21.08263416273212,737,0.8333333333333333,12,True,spread > 10%,spread > 10%,241.14999389648438,2026-08-21,240.0,20.2,21.4,22.6,
NWSA,News Corp (Class A),Communication Services,2026-08-05,AMC,2026-08-05,0.13862514282477245,0.24496771814240614,0.037545985552005806,0.02997514124253892,0.045116829861472696,2.6921428692492193,17.110779546581337,0.0,screened out,,,,,,1.534246575342466,210.4144478186803,12,0.8124999999999999,12,True,spread > 10%,spread > 10%,26.329999923706055,2026-08-21,25.0,0.85,3.65,6.45,
NXPI,NXP Semiconductors,Information Technology,2026-07-28,AMC,2026-07-28,0.1559738853446404,0.16444876697608327,0.07548138295447705,0.058478520591053254,0.09248424531790085,1.0663888132350265,6.067166154632131,0.0,screened out,,,,,,0.10867052023121361,21.057567797714654,2883,0.8333333333333333,12,True,spread > 10%,spread > 10%,277.2900085449219,2026-08-21,280.0,40.900000000000006,43.25,45.599999999999994,
OMC,Omnicom Group,Communication Services,2026-07-28,AMC,2026-07-28,0.08344030645289084,0.13222079330227318,0.050258773241638036,0.03900860776967099,0.061508938713605084,0.6602137511737514,3.7799846650705473,0.0,screened out,,,,,,1.1692307692307693,294.0218978961435,645,0.8333333333333333,12,True,spread > 10%,spread > 10%; squeeze risk (10% of float short — no short premium),77.9000015258789,2026-08-21,77.5,2.7,6.5,10.3,
ODFL,Old Dominion,Industrials,2026-07-29,BMO,2026-07-28,0.10792769830257798,0.13090026059188173,0.05327386123314616,0.04387739374625839,0.06267032872003393,1.025903431895923,7.4543287342745215,0.0,screened out,,,,,,0.4257028112449799,84.06568878272746,537,0.8333333333333333,12,True,spread > 10%,spread > 10%,230.7100067138672,2026-08-21,230.0,19.6,24.9,30.2,
O,Realty Income,Real Estate,2026-08-05,AMC,2026-08-05,0.04133189044415995,0.045580963293559575,0.02028118024392503,0.017098537312636372,0.023463823175213686,1.0379430559294198,8.476788246458238,0.0,screened out,,,,,,0.20560747663551412,40.369876445804714,6622,0.8333333333333333,12,True,spread > 10%,spread > 10%,64.72000122070312,2026-08-21,65.0,2.4,2.675,2.95,
ON,ON Semiconductor,Information Technology,2026-08-03,AMC,2026-08-03,0.160046604233675,0.18084988901274887,0.06523254577094703,0.048670313050153124,0.08179477849174094,1.4534778206518473,7.336794463301531,0.0,screened out,,,,,,0.2599653379549393,43.88227888642016,226,0.8333333333333333,12,True,spread > 10%,spread > 10%,90.12999725341797,2026-08-07,90.0,12.55,14.425,16.3,
OKE,Oneok,Energy,2026-08-03,AMC,2026-08-03,0.07535127906307797,0.07937358933334904,0.026114293977695338,0.021016659096561755,0.03121192885882892,1.8854419394771604,12.378705332343083,0.0,screened out,,,,,,0.10676156583629894,16.338572572207315,3731,0.8333333333333333,12,True,spread > 10%,spread > 10%,93.2300033569336,2026-08-21,95.0,6.6499999999999995,7.0249999999999995,7.3999999999999995,
ORLY,O’Reilly Automotive,Consumer Discretionary,2026-07-29,AMC,2026-07-29,0.08216234989957126,0.09058181331684181,0.03959871691830889,0.03368161499915405,0.04551581883746374,1.0748740437491957,9.218964414352579,0.0,screened out,,,,,,0.20494699646643114,39.56177058935277,3039,0.8333333333333333,12,True,spread > 10%,spread > 10%,86.11000061035156,2026-08-21,85.0,6.35,7.074999999999999,7.8,
PCAR,Paccar,Industrials,2026-07-28,BMO,2026-07-27,0.0780114722753346,0.11013384321223708,0.043987019917933426,0.03679398508256892,0.051180054753297934,0.7735111953681015,6.06221701122008,0.0,screened out,,,,,,0.8235294117647058,188.81932675642346,95,0.8333333333333333,12,True,spread > 10%,spread > 10%,130.75,2026-08-21,130.0,6.0,10.2,14.399999999999999,
PCG,PG&E Corporation,Utilities,2026-07-23,BMO,2026-07-22,0.0496009096116882,0.0980615684277054,0.013719780422571208,0.010768476031523077,0.01667108481361934,2.6152845077671114,15.58133254850105,0.0,screened out,,,,,,1.9540229885057472,270.11780237237167,3447,0.8333333333333333,12,True,spread > 10%,spread > 10%,17.540000915527344,2026-07-24,17.5,0.02,0.87,1.72,
PFE,Pfizer,Health Care,2026-08-04,BMO,2026-08-03,0.04838064729814268,0.05157936778066452,0.032111916994226414,0.027316552657336218,0.036907281331116606,0.5066259453411429,4.347950081102779,0.0,screened out,,,,,,0.1322314049586778,39.32354182245956,7864,0.8333333333333333,12,True,spread > 10%,spread > 10%,25.010000228881836,2026-08-07,25.0,1.13,1.21,1.29,
PEG,Public Service Enterprise Group,Utilities,2026-08-04,BMO,2026-08-03,0.05265137491221223,0.06644102072255353,0.016942642546731296,0.012284175458603983,0.02160110963485861,2.1076247266026473,9.82389926425292,0.0,screened out,,,,,,0.523809523809524,77.23402594751045,452,0.8333333333333333,12,True,spread > 10%,spread > 10%,79.7699966430664,2026-08-21,80.0,3.1,4.2,5.300000000000001,
OXY,Occidental Petroleum,Energy,2026-08-05,AMC,2026-08-05,0.07317708527186408,0.07690972425963413,0.03879444313423434,0.03219378303193286,0.04539510323653581,0.8862775016169421,6.675816279075188,0.0,screened out,,,,,,0.10201660735468558,21.71234527485543,921,0.8333333333333333,12,True,spread > 10%,spread > 10%,57.599998474121094,2026-08-07,58.0,4.0,4.215,4.43,
PFG,Principal Financial Group,Financials,2026-07-27,AMC,2026-07-27,0.08269660850947635,0.11554230372028246,0.03293032305231605,0.026860345540058166,0.03900030056457394,1.5112601652312108,10.507530104204925,0.0,screened out,,,,,,0.7943661971830986,131.99978623713142,16,0.8333333333333333,12,True,spread > 10%,spread > 10%,107.31999969482422,2026-08-21,105.0,5.35,8.875,12.4,
PG,Procter & Gamble,Consumer Staples,2026-07-29,BMO,2026-07-28,0.03857930157791472,0.04252568516084074,0.02565233236633711,0.021474369774235683,0.029830294958438537,0.5039295853090278,3.965378668750816,0.0,screened out,,,,,,0.20458553791887127,61.05659444739103,210,0.8333333333333333,12,True,spread > 10%,spread > 10%,146.97000122070312,2026-07-31,147.0,5.09,5.67,6.25,
PH,Parker Hannifin,Industrials,2026-08-06,BMO,2026-08-05,0.09076795244227338,0.09903803419078683,0.04778530076156898,0.039661419235421255,0.0559091822877167,0.89949526309716,6.780818530734085,0.0,screened out,,,,,,0.18222470653996625,38.48102164541892,31,0.8333333333333333,12,True,spread > 10%,spread > 10%,985.47998046875,2026-08-21,990.0,81.30000000000001,89.45,97.6,
PNR,Pentair,Industrials,2026-07-28,BMO,2026-07-27,0.10190107992746483,0.11922023580446478,0.052226662155117565,0.04210279805647328,0.06235052625376185,0.9511313900323571,6.288382893796997,0.0,screened out,,,,,,0.3399209486166008,69.73068494278829,1250,0.8333333333333333,12,True,spread > 10%,spread > 10%,62.06999969482422,2026-08-21,62.5,5.25,6.325,7.4,
PSKY,Paramount Skydance Corporation,Communication Services,2026-08-04,AMC,2026-08-04,0.12131920232835829,0.18021201899260986,0.054905898005540035,0.04553089123606091,0.06428090477501916,1.2095841564437597,9.078957798432915,0.0,screened out,,,,,,0.970873786407767,177.3524665419101,153,0.8333333333333333,12,True,spread > 10%,spread > 10%; squeeze risk (16% of float short — no short premium),8.489999771118164,2026-08-07,8.5,0.53,1.03,1.53,
PPG,PPG Industries,Materials,2026-07-28,AMC,2026-07-28,0.05296703296703297,0.05934065934065934,0.03965029789097909,0.034138171935480674,0.045162423846477506,0.3358546034803838,3.096215110332589,0.0,screened out,,,,,,0.24066390041493776,95.72355892379979,20,0.8333333333333333,12,True,spread > 10%,spread > 10%,113.75,2026-07-31,113.0,5.3,6.025,6.75,
PNW,Pinnacle West Capital,Utilities,2026-08-04,BMO,2026-08-03,0.05501280454530423,0.09295266974896231,0.015978891076062516,0.011481565219492174,0.02047621693263286,2.442842452798068,11.123468722884555,0.0,screened out,,,,,,1.379310344827586,194.3943705954786,25,0.8333333333333333,12,True,spread > 10%,spread > 10%; squeeze risk (10% of float short — no short premium),105.43000030517578,2026-08-21,105.0,1.8,5.800000000000001,9.8,
PODD,Insulet Corporation,Health Care,2026-08-05,BMO,2026-08-04,0.1310140128822019,0.14837731579430097,0.07795828625233095,0.06474871736615456,0.09116785513850734,0.6805655842426191,5.147497229830084,0.0,screened out,,,,,,0.26506024096385544,65.4530774151091,189,0.8333333333333333,12,True,spread > 10%,spread > 10%,158.3800048828125,2026-08-21,160.0,18.0,20.75,23.5,
PRU,Prudential Financial,Financials,2026-08-04,AMC,2026-08-04,0.06428207939076719,0.07552613948222152,0.034146515568801744,0.026081718195979698,0.042211312941623794,0.8825370120487216,4.788928575488355,0.0,screened out,,,,,,0.34983498349834985,74.62319376456246,1148,0.8124999999999999,12,True,spread > 10%,spread > 10%,117.83999633789062,2026-08-21,120.0,6.25,7.575,8.9,
PSA,Public Storage,Real Estate,2026-07-29,AMC,2026-07-29,0.058728292519226434,0.07174375194240634,0.025388379175965696,0.021443629875142613,0.02933312847678878,1.3131958173534168,10.831723306676944,0.0,screened out,,,,,,0.4432432432432433,78.07734404811123,85,0.8333333333333333,12,True,spread > 10%,spread > 10%,315.010009765625,2026-08-21,320.0,14.4,18.5,22.6,
PTC,PTC Inc.,Information Technology,2026-07-29,AMC,2026-07-29,0.1110128231863401,0.14506854982119344,0.0540228770593329,0.04403126101904624,0.06401449309961955,1.0549224556184893,7.309960136766523,0.0,screened out,,,,,,0.6135458167330677,119.51485814342443,134,0.8333333333333333,12,True,spread > 10%,spread > 10%,113.05000305175781,2026-08-21,115.0,8.7,12.549999999999999,16.4,
Q,Qnity Electronics,Information Technology,2026-08-04,BMO,2026-08-03,0.1914755466522112,0.205538722395029,0.05890858223165345,0.043979805188106916,0.07383735927519998,2.250384568741587,11.38055857528068,0.0,screened out,,,,,,0.1468926553672316,21.216712329933877,686,0.7,4,True,spread > 10%,spread > 10%; thin history (n=4),138.66000366210938,2026-08-21,140.0,24.6,26.55,28.5,
REG,Regency Centers,Real Estate,2026-07-29,AMC,2026-07-29,0.06189948239849442,0.11209657508981079,0.01979510621378914,0.016524308788068574,0.023065903639509704,2.1270093592817223,16.49780206318664,0.0,screened out,,,,,,1.6218905472636818,238.4412131941327,6,0.8333333333333333,12,True,spread > 10%,spread > 10%,81.18000030517578,2026-08-21,80.0,0.95,5.0249999999999995,9.1,
QCOM,Qualcomm,Information Technology,2026-07-29,AMC,2026-07-29,0.10680264119462825,0.11279293981156363,0.08078851088455137,0.06963769917046671,0.09193932259863603,0.322002844528867,2.989890804387175,0.0,screened out,,,,,,0.11217510259917926,46.0541908995894,1017,0.8333333333333333,12,True,spread > 10%,spread > 10%,171.11000061035156,2026-07-31,170.0,17.25,18.275,19.3,
PWR,Quanta Services,Industrials,2026-07-30,BMO,2026-07-29,0.1259559521834632,0.13459773882385867,0.05686202082919961,0.04524134053179353,0.06848270112660569,1.2151156491923811,7.620103140036488,0.0,screened out,,,,,,0.13721918639951425,25.01460394860629,122,0.8333333333333333,12,True,spread > 10%,spread > 10%,653.7999877929688,2026-08-21,650.0,76.7,82.35,88.0,
PSX,Phillips 66,Energy,2026-08-05,BMO,2026-08-04,0.06812252532153265,0.07971784878051694,0.03027086802336859,0.02583852074361786,0.034703215303119324,1.2504318432145134,10.94469384539183,0.0,screened out,,,,,,0.34042553191489366,61.26719032482997,130,0.8333333333333333,12,True,spread > 10%,spread > 10%,206.97999572753906,2026-08-07,205.0,11.7,14.1,16.5,
RCL,Royal Caribbean Group,Consumer Discretionary,2026-07-28,BMO,2026-07-27,0.0885642696999681,0.09703256640434751,0.058550350379433944,0.045594867583585774,0.07150583317528211,0.5126172452603575,2.9690780040650964,0.0,screened out,,,,,,0.19123505976095606,56.42912952448561,8,0.8333333333333333,12,True,spread > 10%,spread > 10%,283.4100036621094,2026-07-31,282.5,22.700000000000003,25.1,27.5,
PYPL,PayPal,Financials,2026-07-28,BMO,2026-07-27,0.07125,0.08642857142857142,0.07399602490618845,0.06069750579088578,0.08729454402149112,-0.037110438157588126,-0.26463890371984694,0.0,screened out,,,,,,0.42606516290726826,1105.494083055468,296,0.8333333333333333,12,True,spread > 10%,spread > 10%,56.0,2026-07-31,56.0,3.1399999999999997,3.9899999999999998,4.84,
REGN,Regeneron Pharmaceuticals,Health Care,2026-07-30,BMO,2026-07-29,0.06948812238826847,0.08068598758549496,0.05028157849140224,0.042476091247309306,0.05808706573549517,0.38197973240140826,3.1535643949520358,0.0,screened out,,,,,,0.3222958057395144,116.60468699997139,128,0.8333333333333333,12,True,spread > 10%,spread > 10%,651.9099731445312,2026-07-31,650.0,38.0,45.3,52.6,
ROK,Rockwell Automation,Industrials,2026-08-04,BMO,2026-08-03,0.1077824827045524,0.11353522347327474,0.061717272349002775,0.04987555353658991,0.07355899116141565,0.746390898402916,4.9855240212077785,0.0,screened out,,,,,,0.10674723061430004,24.976509275960705,123,0.8333333333333333,12,True,spread > 10%,spread > 10%,460.6499938964844,2026-08-21,460.0,47.0,49.65,52.3,
ROP,Roper Technologies,Information Technology,2026-07-23,BMO,2026-07-22,0.07673462597060371,0.09968461502236226,0.047748451515983135,0.038415531399993604,0.05708137163197267,0.6070599890536315,3.980392065865551,0.0,screened out,,,,,,0.5981651376146788,158.35127941900706,342,0.8333333333333333,12,True,spread > 10%,spread > 10%,355.1199951171875,2026-08-21,360.0,19.1,27.25,35.4,
RMD,ResMed,Health Care,2026-08-06,AMC,2026-08-06,0.09588826962596046,0.10526864382850008,0.0628142699792321,0.048394403618248774,0.07723413634021543,0.5265364010067045,2.939530567491094,0.0,screened out,,,,,,0.19565217391304338,56.72355507488494,396,0.8333333333333333,12,True,spread > 10%,spread > 10%; squeeze risk (12% of float short — no short premium),191.88999938964844,2026-08-21,190.0,16.6,18.4,20.2,
RL,Ralph Lauren Corporation,Consumer Discretionary,2026-08-06,BMO,2026-08-05,0.1025047748116554,0.11245930674874531,0.06633775490035185,0.05281625140585497,0.07985925839484873,0.5451951149934339,3.427995469378928,0.0,screened out,,,,,,0.1942257217847769,55.04756522103569,288,0.8333333333333333,12,True,spread > 10%,spread > 10%; squeeze risk (10% of float short — no short premium),371.69000244140625,2026-08-21,370.0,34.4,38.099999999999994,41.8,
RSG,Republic Services,Industrials,2026-08-06,AMC,2026-08-06,0.05300800339003106,0.06807101519934575,0.030457652207128115,0.025013278773900624,0.035902025640355606,0.7403837639732916,5.308329862096882,0.0,screened out,,,,,,0.5683297180043384,133.59447653068077,856,0.8333333333333333,12,True,spread > 10%,spread > 10%,217.4199981689453,2026-08-21,220.0,8.25,11.525,14.8,
RTX,RTX Corporation,Industrials,2026-07-23,BMO,2026-07-22,0.01637502361843982,0.019841269493875987,0.049490453773715484,0.04070700270731609,0.05827390484011488,-0.6691276323043812,-4.831897504314218,0.0,screened out,,,,,,0.4233576642335767,20.934324930603108,902,0.8333333333333333,12,True,spread > 10%,spread > 10%,209.16000366210938,2026-07-24,210.0,2.7,3.4250000000000003,4.15,
RVTY,Revvity,Health Care,2026-08-04,BMO,2026-08-03,0.11354599459140166,0.1316603361410027,0.051156244288187505,0.039405184574723424,0.06290730400165158,1.2195920785690004,6.8043824079103725,0.0,screened out,,,,,,0.31906614785992204,58.0683252026666,14,0.8333333333333333,12,True,spread > 10%,spread > 10%; squeeze risk (10% of float short — no short premium),113.16999816894531,2026-08-21,110.0,10.8,12.85,14.899999999999999,
SBUX,Starbucks,Consumer Discretionary,2026-07-29,AMC,2026-07-29,0.07194070405836335,0.0775118696925127,0.042907543134538866,0.031223324473137172,0.05459176179594056,0.67664468302903,3.1845431961053103,0.0,screened out,,,,,,0.15488215488215493,38.37794753913742,292,0.8333333333333333,12,True,spread > 10%,spread > 10%,103.20999908447266,2026-07-31,103.0,6.85,7.425,8.0,
SBAC,SBA Communications,Real Estate,2026-08-03,AMC,2026-08-03,0.07263368348115058,0.09551043418387518,0.035670903780516586,0.029829788521324764,0.04151201903970841,1.0362165177553766,8.110009195553326,0.0,screened out,,,,,,0.6299212598425199,123.78263154452213,707,0.8333333333333333,12,True,spread > 10%,spread > 10%,174.85000610351562,2026-08-21,175.0,8.7,12.700000000000001,16.700000000000003,
SHW,Sherwin-Williams,Materials,2026-07-28,BMO,2026-07-27,0.07599664890389185,0.08340310197503384,0.03472120894722622,0.029343952617417183,0.040098465277035256,1.1887673617413894,9.837471119838037,0.0,screened out,,,,,,0.19491525423728803,35.88794246126948,332,0.8333333333333333,12,True,spread > 10%,spread > 10%,310.5400085449219,2026-08-21,310.0,21.3,23.6,25.9,
SNDK,Sandisk,Information Technology,2026-08-05,AMC,2026-08-05,0.25165649963617615,0.2578974566290042,0.07802457188446821,0.06478204711234026,0.09126709665659616,2.2253493169921716,16.80394656122897,0.0,screened out,,,,,,0.049599012954965986,7.188720500474496,108,0.75,6,True,OI < 500,OI < 500; thin history (n=6),1610.3299560546875,2026-08-07,1610.0,395.20000000000005,405.25,415.3,
SOLV,Solventum,Health Care,2026-08-05,AMC,2026-08-05,0.08965562132994653,0.10163128194080581,0.05167990576473071,0.04521916414157055,0.05814064738789086,0.7348255575019373,7.533140915883696,0.0,screened out,,,,,,0.2671480144404332,63.07009852279643,52,0.8,9,True,spread > 10%,spread > 10%,77.23999786376953,2026-08-21,75.0,6.0,6.925,7.85,
SNA,Snap-on,Industrials,2026-07-23,BMO,2026-07-22,0.05273007715256744,0.0579145691507815,0.05334547737728129,0.04528840288776332,0.061402551866799264,-0.011536127427663431,-0.09788874721455629,0.0,screened out,,,,,,0.19664268585131883,1684.917161226168,23,0.8333333333333333,12,True,spread > 10%,spread > 10%,395.4100036621094,2026-08-21,400.0,18.8,20.85,22.9,
SLB,Schlumberger,Energy,2026-07-24,BMO,2026-07-23,0.029860227944716784,0.03303684793883559,0.026188776154197686,0.021879738263232792,0.03049781404516258,0.14019180464569422,1.0919682615451873,0.0,screened out,,,,,,0.2127659574468085,173.0443527719411,1942,0.8333333333333333,12,True,spread > 10%,spread > 10%,47.220001220703125,2026-07-24,47.0,1.26,1.4100000000000001,1.56,
SO,Southern Company,Utilities,2026-07-30,BMO,2026-07-29,0.032867495343186524,0.038302278037729176,0.02465843127885097,0.02056227732914878,0.02875458522855316,0.3329110425356336,2.5684426498709483,0.0,screened out,,,,,,0.33070866141732275,132.40931370371874,1516,0.8333333333333333,12,True,spread > 10%,spread > 10%,96.5999984741211,2026-07-31,97.0,2.6500000000000004,3.1750000000000003,3.7,
SPGI,S&P Global,Financials,2026-07-28,BMO,2026-07-27,0.055357142857142855,0.06261904761904762,0.03914762435677237,0.031244944355685582,0.04705030435785915,0.41406135791650694,2.6287435284255385,0.0,screened out,,,,,,0.2623655913978494,89.60049938236943,62,0.8333333333333333,12,True,spread > 10%,spread > 10%,420.0,2026-07-31,420.0,20.200000000000003,23.25,26.3,
SRE,Sempra,Utilities,2026-08-06,BMO,2026-08-05,0.06207191618640021,0.06902825162108299,0.029734833304460785,0.017803103110113877,0.04166656349880769,1.087515189704738,3.473360924732341,0.0,screened out,,,,,,0.22413793103448257,43.023889693946124,2720,0.8333333333333333,12,True,spread > 10%,spread > 10%,93.44000244140625,2026-08-21,95.0,5.15,5.8,6.449999999999999,
SW,Smurfit Westrock,Materials,2026-07-29,BMO,2026-07-28,0.11095859303558969,0.1372683625182553,0.05663547644343352,0.045835581160988834,0.06743537172587821,0.9591711768579029,6.446405673736114,0.0,screened out,,,,,,0.4742268041237113,96.86399136556358,367,0.7857142857142857,8,True,spread > 10%,spread > 10%,43.709999084472656,2026-08-21,45.0,3.7,4.85,6.0,
STX,Seagate Technology,Information Technology,2026-07-28,AMC,2026-07-28,0.15585311627726706,0.17134536492723776,0.08853378735769928,0.07265910506316091,0.10440846965223764,0.7603800868427821,5.4348458975460066,0.0,screened out,,,,,,0.19880576044959616,46.0261529596667,0,0.8333333333333333,12,True,spread > 10%,spread > 10%,913.3599853515625,2026-07-31,912.5,128.2,142.35,156.5,
SWK,Stanley Black & Decker,Industrials,2026-07-29,BMO,2026-07-28,0.10181900957702379,0.10982724628532904,0.04806376334614376,0.04004859698452887,0.05607892970775866,1.1184152569108574,8.595295526169883,0.0,screened out,,,,,,0.15730337078651693,29.795181939674066,200,0.8333333333333333,12,True,spread > 10%,spread > 10%,87.41000366210938,2026-08-21,87.5,8.2,8.899999999999999,9.6,
STE,Steris,Health Care,2026-08-05,AMC,2026-08-05,0.07334789235077858,0.08830231700482083,0.0598526380006921,0.05271465583020433,0.06699062017117988,0.22547467916001354,2.423026222533833,0.0,screened out,,,,,,0.4077669902912622,221.62493964326657,26,0.8333333333333333,12,True,spread > 10%,spread > 10%,210.63999938964844,2026-08-21,210.0,12.3,15.450000000000001,18.6,
SWKS,Skyworks Solutions,Information Technology,2026-07-28,AMC,2026-07-28,0.16785182396399462,0.1951380810615898,0.064383669263294,0.046050909757880794,0.08271642876870722,1.6070558867586815,7.233214782818866,0.0,screened out,,,,,,0.32512315270935965,52.7432951259745,1351,0.8333333333333333,12,True,spread > 10%,spread > 10%; squeeze risk (19% of float short — no short premium),60.470001220703125,2026-08-21,60.0,8.5,10.15,11.8,
SYK,Stryker Corporation,Health Care,2026-07-30,AMC,2026-07-30,0.08543123145033649,0.09248518634073125,0.037963105852121745,0.0328390285257866,0.04308718317845689,1.2503751875075249,11.872410561411783,0.0,screened out,,,,,,0.1651376146788991,29.72080654754167,564,0.8333333333333333,12,True,spread > 10%,spread > 10%,318.9700012207031,2026-08-21,320.0,25.0,27.25,29.5,
TECH,Bio-Techne,Health Care,2026-08-05,BMO,2026-08-04,0.02159676846173774,0.041800197022718207,0.07200557668939178,0.05956954785202981,0.08444160552675375,-0.7000681134060067,-5.194900194382768,0.0,screened out,,,,,,1.8709677419354838,80.15832657554066,343,0.8333333333333333,12,True,spread > 10%,spread > 10%; squeeze risk (10% of float short — no short premium),71.7699966430664,2026-08-21,70.0,0.1,1.55,3.0,
TDG,TransDigm Group,Industrials,2026-08-04,BMO,2026-08-03,0.0839491557212887,0.08913933904851264,0.04872103559751895,0.03977926764857496,0.057662803546462936,0.7230577037562745,5.049153479313371,0.0,screened out,,,,,,0.12365063788027474,29.466138465457977,8,0.8333333333333333,12,True,spread > 10%,spread > 10%,1213.8299560546875,2026-08-21,1210.0,95.6,101.89999999999999,108.19999999999999,
TAP,Molson Coors Beverage Company,Consumer Staples,2026-08-06,BMO,2026-08-05,0.08179320492297913,0.08991008785426714,0.03431925741938818,0.026469418970287983,0.04216909586848838,1.3833034591468523,7.750810607774526,0.0,screened out,,,,,,0.19847328244274803,34.195104296620954,2203,0.8333333333333333,12,True,spread > 10%,spread > 10%; squeeze risk (25% of float short — no short premium),40.040000915527344,2026-08-21,40.0,2.95,3.2750000000000004,3.6,
TER,Teradyne,Information Technology,2026-07-28,AMC,2026-07-28,0.17605351170568562,0.1851505016722408,0.11243701835224335,0.09597953764538845,0.12889449905909822,0.5657966947695477,4.954032718252697,0.0,screened out,,,,,,0.10334346504559278,28.599470002264603,67,0.8333333333333333,12,True,spread > 10%,spread > 10%,373.75,2026-07-31,375.0,62.4,65.8,69.2,
TKO,TKO Group Holdings,Communication Services,2026-08-03,AMC,2026-08-03,0.0989243756592753,0.10589088098739328,0.04415653177854137,0.0363923252900791,0.051920738267003635,1.2403112670943353,9.040263009729681,0.0,screened out,,,,,,0.14084507042253522,25.44012995395145,118,0.8235294117647058,11,True,spread > 10%,spread > 10%; squeeze risk (13% of float short — no short premium),179.42999267578125,2026-08-21,180.0,16.5,17.75,19.0,
TMO,Thermo Fisher Scientific,Health Care,2026-07-23,BMO,2026-07-22,0.02026838106574983,0.029703661906702337,0.045593198597261755,0.037064487834331736,0.054121909360191775,-0.5554516531119816,-3.805532518403215,0.0,screened out,,,,,,0.9310344827586208,74.51410719316807,62,0.8333333333333333,12,True,spread > 10%,spread > 10%,572.3200073242188,2026-07-24,570.0,6.2,11.6,17.0,
TMUS,T-Mobile US,Communication Services,2026-07-23,BMO,2026-07-22,0.02156437061075896,0.032859993311632696,0.049223031166459305,0.04146761650791135,0.05697844582500726,-0.5619048624243812,-4.570656880237319,0.0,screened out,,,,,,1.0476190476190477,81.6787398516719,262,0.8333333333333333,12,True,spread > 10%,spread > 10%,170.4199981689453,2026-07-24,170.0,1.75,3.675,5.6,
TPL,Texas Pacific Land Corporation,Energy,2026-08-05,AMC,2026-08-05,0.11303019945896646,0.12148984016691405,0.06166712813140279,0.052841256552566024,0.07049299971023956,0.8329084373463472,7.458403583760443,0.0,screened out,,,,,,0.14968814968814975,32.94055627630579,128,0.8333333333333333,12,True,spread > 10%,spread > 10%; squeeze risk (9% of float short — no short premium),425.54998779296875,2026-08-21,430.0,44.5,48.1,51.7,
TRGP,Targa Resources,Energy,2026-08-06,BMO,2026-08-05,0.0814132680621743,0.08754114845395086,0.031059882762721973,0.026834186698239896,0.035285578827204046,1.6211711320393776,15.271542868923211,0.0,screened out,,,,,,0.15053763440860216,24.339497157277368,1645,0.6874999999999999,12,True,spread > 10%,spread > 10%; low-conf moves,285.5799865722656,2026-08-21,290.0,21.5,23.25,25.0,
TSCO,Tractor Supply,Consumer Discretionary,2026-07-23,BMO,2026-07-22,0.03545514547559537,0.06431398481619625,0.05824792603637884,0.048803050140950696,0.06769280193180699,-0.39130630241750075,-3.0928122179816024,0.0,screened out,,,,,,1.627906976744186,253.2278961194798,1781,0.8333333333333333,12,True,spread > 10%,spread > 10%,30.31999969482422,2026-07-24,30.5,0.2,1.075,1.95,
TRMB,Trimble Inc.,Information Technology,2026-08-05,BMO,2026-08-04,0.125124134874365,0.15690169293769582,0.057905855848666414,0.04435988690565146,0.07145182479168137,1.1608200593972677,6.35960017048152,0.0,screened out,,,,,,0.5079365079365081,94.55034708990915,515,0.8333333333333333,12,True,spread > 10%,spread > 10%,50.349998474121094,2026-08-21,50.0,4.699999999999999,6.3,7.9,
TROW,T. Rowe Price,Financials,2026-07-31,BMO,2026-07-30,0.07177033683362928,0.08177468681649883,0.037338153660496275,0.030388651296630917,0.04428765602436163,0.9221715536931387,6.349848326426473,0.0,screened out,,,,,,0.27878787878787886,58.110459813514275,3743,0.8333333333333333,12,True,spread > 10%,spread > 10%; squeeze risk (13% of float short — no short premium),114.94999694824219,2026-08-21,115.0,7.1,8.25,9.4,
TSN,Tyson Foods,Consumer Staples,2026-08-03,BMO,2026-07-31,0.07929515418502203,0.08546255506607929,0.03820272352152833,0.03238295233870646,0.0440224947043502,1.075641390864108,9.049163185965323,0.0,screened out,,,,,,0.1555555555555554,30.017211352436977,415,0.8333333333333333,12,True,spread > 10%,spread > 10%,56.75,2026-08-21,57.5,4.15,4.5,4.85,
TT,Trane Technologies,Industrials,2026-07-30,BMO,2026-07-29,0.08776135738240591,0.0923474615686599,0.05200703772134398,0.04342889961335532,0.060585175829332635,0.6874900249584521,5.3418044219809335,0.0,screened out,,,,,,0.10451306413301661,25.653427220702866,241,0.8333333333333333,12,True,spread > 10%,spread > 10%,479.7099914550781,2026-08-21,480.0,39.9,42.099999999999994,44.3,
TTD,Trade Desk (The),Communication Services,2026-08-06,AMC,2026-08-06,0.16557473784465757,0.17510421915945798,0.1077093009848623,0.08087195858964656,0.13454664338007802,0.5372371404390398,2.7633266657854367,0.0,screened out,,,,,,0.11510791366906468,32.93669531222872,881,0.8333333333333333,12,True,spread > 10%,spread > 10%; squeeze risk (18% of float short — no short premium),16.790000915527344,2026-08-07,17.0,2.62,2.7800000000000002,2.94,
TXT,Textron,Industrials,2026-07-28,BMO,2026-07-27,0.08101727440931346,0.09979611284855829,0.05717581055597751,0.048807643695210706,0.06554397741674431,0.41698514846578627,3.651363623936567,0.0,screened out,,,,,,0.46357615894039733,157.53091802387178,116,0.8333333333333333,12,True,spread > 10%,spread > 10%,93.19000244140625,2026-08-21,92.5,5.800000000000001,7.550000000000001,9.3,
UBER,Uber,Industrials,2026-08-05,BMO,2026-08-04,0.09048033186259075,0.09650267953267498,0.05250298353366889,0.04400382109020941,0.06100214597712837,0.7233369567382376,5.726654825358884,0.0,screened out,,,,,,0.13311948676824378,31.715472170013914,261,0.8333333333333333,12,True,spread > 10%,spread > 10%,68.91000366210938,2026-08-07,69.0,5.82,6.235,6.65,
UDR,"UDR, Inc.",Real Estate,2026-07-27,AMC,2026-07-27,0.082320163061884,0.11904762042795532,0.02411782961771794,0.01892886473285399,0.02930679450258189,2.4132492171438287,14.375142672409694,0.0,screened out,,,,,,0.8923076923076925,126.20613364687262,2140,0.8333333333333333,12,True,spread > 10%,spread > 10%,39.47999954223633,2026-08-21,40.0,1.7999999999999998,3.25,4.7,
TYL,Tyler Technologies,Information Technology,2026-07-29,AMC,2026-07-29,0.1363825635083014,0.15338700526887844,0.06614634885258452,0.054312016037268006,0.07798068166790105,1.0618305601756968,7.606236372384735,0.0,screened out,,,,,,0.2493638676844785,48.42072382154767,26,0.8333333333333333,12,True,spread > 10%,spread > 10%; squeeze risk (10% of float short — no short premium),288.1600036621094,2026-08-21,290.0,34.4,39.3,44.2,
UHS,Universal Health Services,Health Care,2026-07-27,AMC,2026-07-27,0.10940701746917957,0.1308917792078402,0.05917195232025257,0.04897777036808865,0.06936613427241649,0.8489675121253896,6.3154905216498145,0.0,screened out,,,,,,0.39274924471299094,85.5369120154094,390,0.8333333333333333,12,True,spread > 10%,spread > 10%,151.27000427246094,2026-08-21,150.0,13.3,16.55,19.8,
V,Visa Inc.,Financials,2026-07-28,AMC,2026-07-28,0.04074232011185612,0.04308873645337663,0.02692201915367865,0.021670016896693838,0.032174021410663466,0.5133456327806323,3.372446705338775,0.0,screened out,,,,,,0.11518324607329834,33.95608168912029,148,0.8333333333333333,12,True,spread > 10%,spread > 10%,351.6000061035156,2026-07-31,352.5,13.5,14.325,15.149999999999999,
UNP,Union Pacific Corporation,Industrials,2026-07-23,BMO,2026-07-22,0.017743897211120623,0.028258799262155063,0.04196047337049248,0.0338505057563156,0.05007044098466936,-0.5771282879854611,-3.8268912383321485,0.0,screened out,,,,,,1.1851851851851851,86.84053420132354,419,0.8333333333333333,12,True,spread > 10%,spread > 10%,304.3299865722656,2026-07-24,305.0,2.2,5.4,8.6,
UPS,United Parcel Service,Industrials,2026-07-28,BMO,2026-07-27,0.0727432086853403,0.08150745069562226,0.0548227996466899,0.04368810730156951,0.0659574919918103,0.3268787649324728,2.062634108970168,0.0,screened out,,,,,,0.24096385542168683,97.81296834664226,320,0.8333333333333333,12,True,spread > 10%,spread > 10%,114.0999984741211,2026-07-31,114.0,7.3,8.3,9.3,
VICI,Vici Properties,Real Estate,2026-07-29,AMC,2026-07-29,0.06079027426108357,0.07028875461437788,0.019053897663674615,0.015891979314614876,0.022215816012734355,2.190437743190856,16.916736721916134,0.0,screened out,,,,,,0.3125000000000001,45.516554754702824,6810,0.8333333333333333,12,True,spread > 10%,spread > 10%,26.31999969482422,2026-08-21,27.5,1.3499999999999999,1.6,1.85,
VLTO,Veralto,Industrials,2026-07-28,AMC,2026-07-28,0.08551912568306011,0.1180327868852459,0.04511808879349253,0.03991683340213842,0.05031934418484664,0.8954509814120207,9.954898381598174,0.0,screened out,,,,,,0.7603833865814698,160.9545878293115,388,0.8235294117647058,11,True,spread > 10%,spread > 10%,91.5,2026-08-21,90.0,4.85,7.825,10.8,
VRSN,Verisign,Information Technology,2026-07-23,AMC,2026-07-23,0.09289701524350656,0.10704182826412278,0.049762568572831914,0.040922553296140696,0.05860258384952313,0.8668050687042727,6.253508067898739,0.0,screened out,,,,,,0.30452674897119336,65.58476629414005,173,0.8333333333333333,12,True,spread > 10%,spread > 10%,261.5799865722656,2026-08-21,260.0,20.6,24.3,28.0,
VRTX,Vertex Pharmaceuticals,Health Care,2026-08-03,AMC,2026-08-03,0.07049398689077489,0.08116848865384574,0.052297144793566605,0.04003961822382485,0.06455467136330836,0.34795096690339383,1.9025920685622852,0.0,screened out,,,,,,0.30284857571214385,117.32257395043848,26,0.8333333333333333,12,True,spread > 10%,spread > 10%,473.0899963378906,2026-08-07,475.0,28.3,33.35,38.4,
VRSK,Verisk Analytics,Industrials,2026-07-29,BMO,2026-07-28,0.09214681456088346,0.1113009276999435,0.056774527232655206,0.05002818311198182,0.0635208713533286,0.6230309445515391,6.719657732984481,0.0,screened out,,,,,,0.4157303370786517,108.30011054317333,49,0.8333333333333333,12,True,spread > 10%,spread > 10%,193.1699981689453,2026-08-21,195.0,14.1,17.8,21.5,
VMC,Vulcan Materials Company,Materials,2026-07-29,BMO,2026-07-28,0.08129342230899068,0.09347834243136736,0.039155470022055175,0.032208471805007195,0.046102468239103155,1.0761702582857615,7.773717217662498,0.0,screened out,,,,,,0.29977628635346765,57.83347059394012,308,0.8333333333333333,12,True,spread > 10%,spread > 10%,274.92999267578125,2026-08-21,270.0,19.0,22.35,25.700000000000003,
VLO,Valero Energy,Energy,2026-07-30,BMO,2026-07-29,0.06617309622544178,0.07174211917510767,0.026115168488409668,0.02049655647522848,0.031733780501590855,1.533895052402609,9.137174816011772,0.0,screened out,,,,,,0.16831683168316824,27.804847950322348,129,0.8333333333333333,12,True,spread > 10%,spread > 10%,305.260009765625,2026-07-31,305.0,18.5,20.2,21.9,
VRT,Vertiv,Industrials,2026-07-29,BMO,2026-07-28,0.12662807169442514,0.13386396150553517,0.07346193315620687,0.05355396974046254,0.09336989657195122,0.7237236518833183,3.422636546372864,0.0,screened out,,,,,,0.11428571428571443,27.21991857997559,426,0.8333333333333333,12,True,spread > 10%,spread > 10%,304.0400085449219,2026-07-31,305.0,36.3,38.5,40.7,
VTR,Ventas,Real Estate,2026-07-29,AMC,2026-07-29,0.060763890025143034,0.07659313868715509,0.03778499048985423,0.030934337339070375,0.04463564364063809,0.6081488770378,4.298824797611666,0.0,screened out,,,,,,0.5210084033613445,137.77203418904367,32,0.8333333333333333,12,True,spread > 10%,spread > 10%,97.91999816894531,2026-08-21,97.5,4.4,5.95,7.5,
VTRS,Viatris,Health Care,2026-08-06,BMO,2026-08-05,0.08969907050975325,0.11284721773807667,0.07268211674702643,0.06257261805175873,0.08279161544229413,0.2341284833785886,2.15727095869942,0.0,screened out,,,,,,0.5161290322580646,272.05982399771347,6942,0.8333333333333333,12,True,spread > 10%,spread > 10%,17.280000686645508,2026-08-21,17.0,1.15,1.5499999999999998,1.95,
VZ,Verizon,Communication Services,2026-07-24,BMO,2026-07-23,0.03674121431338495,0.039479689914382596,0.04663085332111566,0.03850676591404289,0.054754940728188435,-0.21208359494576148,-1.5601212440517682,0.0,screened out,,,,,,0.14906832298136646,55.380698908362085,4210,0.8333333333333333,12,True,spread > 10%,spread > 10%,43.81999969482422,2026-07-24,44.0,1.49,1.6099999999999999,1.73,
WAT,Waters Corporation,Health Care,2026-08-04,BMO,2026-08-03,0.10538427241461067,0.12604272780109763,0.07377678451019828,0.05960352919111281,0.08795003982928376,0.4284205135023637,2.858070047164626,0.0,screened out,,,,,,0.3920595533498761,130.71874265340182,14,0.8333333333333333,12,True,spread > 10%,spread > 10%,382.4100036621094,2026-08-21,380.0,32.4,40.3,48.2,
WEC,WEC Energy Group,Utilities,2026-07-29,BMO,2026-07-28,0.05142956709570926,0.07147838138725694,0.012357602855637084,0.009897293417464901,0.014817912293809268,3.161775361816955,20.352980236208833,0.0,screened out,,,,,,0.7796610169491526,102.62506470552934,288,0.8333333333333333,12,True,spread > 10%,spread > 10%,114.72000122070312,2026-08-21,115.0,3.6,5.8999999999999995,8.2,
WBD,Warner Bros. Discovery,Communication Services,2026-08-06,AMC,2026-08-06,0.10789980414947908,0.19614642968601734,0.05058286604756525,0.038527103824859715,0.06263862827027078,1.1331295076877663,6.0931350929487404,0.0,screened out,,,,,,1.635714285714286,307.9251211208425,57,0.8333333333333333,12,True,spread > 10%,spread > 10%,25.950000762939453,2026-08-07,26.0,0.51,2.8,5.09,
WDC,Western Digital,Information Technology,2026-08-05,AMC,2026-08-05,0.1952355407186931,0.21117679129113684,0.0714522416086774,0.06092792594583195,0.08197655727152285,1.7323921030769038,15.073728422975158,0.0,screened out,,,,,,0.16330275229357807,25.756706578446497,87,0.8333333333333333,12,True,spread > 10%,spread > 10%,558.2999877929688,2026-08-07,560.0,100.1,109.0,117.9,
WELL,Welltower,Real Estate,2026-07-27,AMC,2026-07-27,0.06456182879163301,0.07002630959844834,0.027049632260896433,0.022233270914323092,0.03186599360746978,1.3867913681386739,9.98173260152002,0.0,screened out,,,,,,0.1692789968652037,29.13442193307912,489,0.8333333333333333,12,True,spread > 10%,spread > 10%,247.0500030517578,2026-08-21,250.0,14.600000000000001,15.950000000000001,17.3,
WM,Waste Management,Industrials,2026-07-28,AMC,2026-07-28,0.06616934175114457,0.07375563570987452,0.040887816786015135,0.03439854622607014,0.047377087345960134,0.6183143770536674,4.992980658766755,0.0,screened out,,,,,,0.22929936305732493,60.01452815202924,1191,0.8333333333333333,12,True,spread > 10%,spread > 10%,237.27000427246094,2026-08-21,240.0,13.899999999999999,15.7,17.5,
WMB,Williams Companies,Energy,2026-08-03,AMC,2026-08-03,0.054817275747508304,0.06046511627906977,0.025199725371820487,0.02111862291086939,0.029280827832771583,1.175312426571424,9.300882034859638,0.0,screened out,,,,,,0.20606060606060608,38.13847168263862,202,0.8333333333333333,12,True,spread > 10%,spread > 10%,75.25,2026-08-07,75.0,3.6999999999999997,4.125,4.55,
WST,West Pharmaceutical Services,Health Care,2026-07-23,BMO,2026-07-22,0.06723303494248851,0.07679756711003918,0.10800550333019873,0.0855775394219333,0.13043346723846416,-0.37750361908002966,-2.329859085711839,0.0,screened out,,,,,,0.28451882845188287,46.916620679427126,324,0.8333333333333333,12,True,spread > 10%,spread > 10%,355.4800109863281,2026-08-21,360.0,20.5,23.9,27.3,
WTW,Willis Towers Watson,Financials,2026-07-30,BMO,2026-07-29,0.08721434416149838,0.10160557788993649,0.05326109565000961,0.04400722002752916,0.06251497127249006,0.63748685784842,4.7022982658870225,0.0,screened out,,,,,,0.3300198807157058,84.77087972049885,4,0.8333333333333333,12,True,spread > 10%,spread > 10%,288.3699951171875,2026-08-21,290.0,21.0,25.15,29.3,
WY,Weyerhaeuser,Real Estate,2026-07-30,AMC,2026-07-30,0.1068104934514362,0.17766497920634933,0.02305217300667904,0.019287676533641135,0.026816669479716948,3.6334240776559055,28.515012366414794,0.0,screened out,,,,,,1.3267326732673266,169.18793351794878,1163,0.8333333333333333,12,True,spread > 10%,spread > 10%,23.639999389648438,2026-08-21,24.0,0.8500000000000001,2.5250000000000004,4.2,
XEL,Xcel Energy,Utilities,2026-07-30,BMO,2026-07-29,0.056332799171789856,0.060666091415773685,0.024782332404288274,0.020016134269044472,0.029548530539532075,1.2731032032336944,8.483717433027296,0.0,screened out,,,,,,0.15384615384615385,27.468958072261067,2507,0.8333333333333333,12,True,spread > 10%,spread > 10%,80.7699966430664,2026-08-21,80.0,4.2,4.550000000000001,4.9,
XYL,Xylem Inc.,Industrials,2026-07-28,BMO,2026-07-27,0.0821425496225614,0.09241036832538156,0.052583008732705355,0.045055356288036724,0.060110661177373986,0.562150048128964,5.032579264637815,0.0,screened out,,,,,,0.25,69.4721121757597,65,0.8333333333333333,12,True,spread > 10%,spread > 10%,116.87000274658203,2026-08-21,115.0,8.4,9.600000000000001,10.8,
YUM,Yum! Brands,Consumer Discretionary,2026-07-30,BMO,2026-07-29,0.07667775242181644,0.08617765095195298,0.04666218645929493,0.03728486398151812,0.05603950893707174,0.6432524542909096,4.102231679536695,0.0,screened out,,,,,,0.2477876106194689,63.2998127837966,449,0.8333333333333333,12,True,spread > 10%,spread > 10%,147.3699951171875,2026-08-21,145.0,9.9,11.3,12.7,
XYZ,"Block, Inc.",Financials,2026-08-05,AMC,2026-08-05,0.11798928293963001,0.1261602859132886,0.08206494386921326,0.06531173531031056,0.09881815242811595,0.4377549947230733,2.7481680772236325,0.0,screened out,,,,,,0.13850415512465356,45.49006709708571,35,0.8333333333333333,12,True,spread > 10%,spread > 10%,76.48999786376953,2026-08-07,76.0,8.4,9.024999999999999,9.649999999999999,
ZBH,Zimmer Biomet,Health Care,2026-08-05,BMO,2026-08-04,0.08895705370063924,0.11600669071932893,0.06983538766655542,0.058895764270045434,0.08077501106306541,0.27381055182774183,2.2401435863962145,0.0,screened out,,,,,,0.6081504702194358,282.92134137762355,123,0.8333333333333333,12,True,spread > 10%,spread > 10%; squeeze risk (8% of float short — no short premium),89.6500015258789,2026-08-21,90.0,5.55,7.975,10.4,
WYNN,Wynn Resorts,Consumer Discretionary,2026-08-04,AMC,2026-08-04,0.07290482840484311,0.08525369728418931,0.05194818044732921,0.04195412310536667,0.061942237789291754,0.4034144752916236,2.6874010327697073,0.0,screened out,,,,,,0.3387668320340184,117.85156580748483,52,0.8333333333333333,12,True,spread > 10%,spread > 10%; squeeze risk (12% of float short — no short premium),96.7699966430664,2026-08-07,97.0,5.86,7.055,8.25,
ZBRA,Zebra Technologies,Information Technology,2026-08-04,BMO,2026-08-03,0.13212686665547077,0.14205097593298033,0.08120283653723923,0.06844193553868885,0.0939637375357896,0.6271213210006282,5.114390982810658,0.0,screened out,,,,,,0.15022091310751107,38.976134663609876,282,0.8333333333333333,12,True,spread > 10%,spread > 10%,256.95001220703125,2026-08-21,260.0,31.4,33.95,36.5,
ZTS,Zoetis,Health Care,2026-08-06,BMO,2026-08-05,0.11733941311263439,0.12471503336542857,0.07706834985989583,0.06411594286315099,0.09002075685664067,0.5225369860123925,3.9846952522168713,0.0,screened out,,,,,,0.1257142857142859,36.629875931038924,2358,0.8333333333333333,12,True,spread > 10%,spread > 10%,74.56999969482422,2026-08-21,75.0,8.2,8.75,9.3,
