ticker,name,sector,earnings_date,session,entry_by,implied_move_mid,implied_move_ask,fair_move,ci_low,ci_high,edge,z,score,structure,detail,entry_side,entry_price,max_gain,max_loss,spread_pct,spread_cost_pct_of_edge,open_interest,conf_mult,n_events,screened,screen_reason,flags,spot,expiry,atm_strike,straddle_bid,straddle_mid,straddle_ask,legs_json
LYB,LyondellBasell,Materials,2026-07-31,BMO,2026-07-30,0.11770516298827358,0.1218207281277237,0.026303637047464877,0.020373642311024683,0.03223363178390507,3.4748626502059303,19.75384479279661,16.461537327330507,iron fly,"short 60 straddle @ bid, long 55P / 65C @ ask",credit,335.00000000000006,335.00000000000006,164.99999999999994,0.06993006993006992,9.005462648655012,553,0.8333333333333333,12,False,,,60.744998931884766,2026-08-21,60.0,6.9,7.15,7.4,"[{""action"": ""SELL"", ""right"": ""CALL"", ""strike"": 60.0}, {""action"": ""SELL"", ""right"": ""PUT"", ""strike"": 60.0}, {""action"": ""BUY"", ""right"": ""CALL"", ""strike"": 65.0}, {""action"": ""BUY"", ""right"": ""PUT"", ""strike"": 55.0}]"
CSGP,CoStar Group,Real Estate,2026-07-28,AMC,2026-07-28,0.1617250657225548,0.1667789740263846,0.05251576143806646,0.04502483397405836,0.060006688902074556,2.079552905526894,18.684287765898592,15.570239804915492,iron fly,"short 30 straddle @ bid, long 25P / 35C @ ask",credit,305.0,305.0,194.99999999999997,0.06249999999999978,9.25545371237688,578,0.8333333333333333,12,False,,,29.68000030517578,2026-08-21,30.0,4.65,4.8,4.949999999999999,"[{""action"": ""SELL"", ""right"": ""CALL"", ""strike"": 30.0}, {""action"": ""SELL"", ""right"": ""PUT"", ""strike"": 30.0}, {""action"": ""BUY"", ""right"": ""CALL"", ""strike"": 35.0}, {""action"": ""BUY"", ""right"": ""PUT"", ""strike"": 25.0}]"
KLAC,KLA Corporation,Information Technology,2026-07-28,AMC,2026-07-28,0.22278419383542,0.22880538826340432,0.04920973572025898,0.036938437771982316,0.06148103366853565,3.527238168924016,18.127913319196267,15.106594432663554,no affordable structure,,,,,,0.05405405405405406,6.937880715133163,693,0.8333333333333333,12,False,,,207.60000610351562,2026-08-21,208.0,45.0,46.25,47.5,
EXE,Expand Energy,Energy,2026-07-28,AMC,2026-07-28,0.08251869179789607,0.08568142911419173,0.03332068030865837,0.028174950743218935,0.0384664098740978,1.4765008107128479,12.253300668594804,10.211083890495669,iron fly,"short 85 straddle @ bid, long 80P / 90C @ ask",credit,340.00000000000006,340.00000000000006,159.99999999999997,0.07665505226480833,12.8571754042845,1721,0.8333333333333333,12,False,,,86.94999694824219,2026-08-21,85.0,6.9,7.175000000000001,7.45,"[{""action"": ""SELL"", ""right"": ""CALL"", ""strike"": 85.0}, {""action"": ""SELL"", ""right"": ""PUT"", ""strike"": 85.0}, {""action"": ""BUY"", ""right"": ""CALL"", ""strike"": 90.0}, {""action"": ""BUY"", ""right"": ""PUT"", ""strike"": 80.0}]"
BLDR,Builders FirstSource,Industrials,2026-07-30,BMO,2026-07-29,0.16435153555863463,0.16916517885951515,0.04490214088779236,0.03230722507587034,0.05749705669971438,2.660216023314764,12.154614329795194,10.128845274829327,iron fly,"short 75 straddle @ bid, long 70P / 80C @ ask",credit,380.00000000000006,380.00000000000006,119.99999999999993,0.058577405857740676,8.059719874085784,915,0.8333333333333333,12,False,,squeeze risk (8% of float short — no short premium),72.70999908447266,2026-08-21,75.0,11.6,11.95,12.3,"[{""action"": ""SELL"", ""right"": ""CALL"", ""strike"": 75.0}, {""action"": ""SELL"", ""right"": ""PUT"", ""strike"": 75.0}, {""action"": ""BUY"", ""right"": ""CALL"", ""strike"": 80.0}, {""action"": ""BUY"", ""right"": ""PUT"", ""strike"": 70.0}]"
OKE,Oneok,Energy,2026-08-03,AMC,2026-08-03,0.07667236438991994,0.07854242205796676,0.02539367005362333,0.019976521527621773,0.03081081857962489,2.019349476779542,12.131617648280598,10.109681373567163,iron fly,"short 95 straddle @ bid, long 90P / 100C @ ask",credit,360.00000000000006,360.00000000000006,139.99999999999994,0.048780487804878,7.2937023543641315,3172,0.8333333333333333,12,False,,,93.58000183105469,2026-08-21,95.0,7.0,7.175,7.35,"[{""action"": ""SELL"", ""right"": ""CALL"", ""strike"": 95.0}, {""action"": ""SELL"", ""right"": ""PUT"", ""strike"": 95.0}, {""action"": ""BUY"", ""right"": ""CALL"", ""strike"": 100.0}, {""action"": ""BUY"", ""right"": ""PUT"", ""strike"": 90.0}]"
APH,Amphenol,Information Technology,2026-07-29,BMO,2026-07-28,0.14481201655539155,0.14813339308189136,0.05906207810908112,0.04923178131732737,0.06889237490083487,1.4518611805012986,11.179430635805403,9.316192196504502,iron fly,"short 150 straddle @ bid, long 140P / 160C @ ask",credit,770.0,770.0,229.99999999999997,0.045871559633027366,7.746656351431361,3020,0.8333333333333333,12,False,,,150.5399932861328,2026-08-21,150.0,21.3,21.799999999999997,22.299999999999997,"[{""action"": ""SELL"", ""right"": ""CALL"", ""strike"": 150.0}, {""action"": ""SELL"", ""right"": ""PUT"", ""strike"": 150.0}, {""action"": ""BUY"", ""right"": ""CALL"", ""strike"": 160.0}, {""action"": ""BUY"", ""right"": ""PUT"", ""strike"": 140.0}]"
HBAN,Huntington Bancshares,Financials,2026-07-23,BMO,2026-07-22,0.06644518468912275,0.06921373405116954,0.029365734488947158,0.023479423420141178,0.03525204555775314,1.2626774315531513,8.073141704722127,5.606348406057006,iron fly,"short 18 straddle @ bid, long 15P / 21C @ ask",credit,94.99999999999999,94.99999999999999,205.00000000000003,0.08333333333333341,14.933065873957718,2426,0.8333333333333333,12,False,,wide market,18.059999465942383,2026-08-21,18.0,1.15,1.2,1.25,"[{""action"": ""SELL"", ""right"": ""CALL"", ""strike"": 18.0}, {""action"": ""SELL"", ""right"": ""PUT"", ""strike"": 18.0}, {""action"": ""BUY"", ""right"": ""CALL"", ""strike"": 21.0}, {""action"": ""BUY"", ""right"": ""PUT"", ""strike"": 15.0}]"
COIN,Coinbase,Financials,2026-07-30,AMC,2026-07-30,0.13214486671980247,0.136508140620928,0.06840512990292155,0.054780199158841344,0.08203006064700176,0.9317976138242612,5.995542160095526,4.996285133412938,iron fly,"short 160 straddle @ bid, long 155P / 165C @ ask",credit,380.0,380.0,120.00000000000001,0.06603773584905653,13.690906549115132,1129,0.8333333333333333,12,False,,squeeze risk (11% of float short — no short premium),160.42999267578125,2026-07-31,160.0,20.5,21.2,21.9,"[{""action"": ""SELL"", ""right"": ""CALL"", ""strike"": 160.0}, {""action"": ""SELL"", ""right"": ""PUT"", ""strike"": 160.0}, {""action"": ""BUY"", ""right"": ""CALL"", ""strike"": 165.0}, {""action"": ""BUY"", ""right"": ""PUT"", ""strike"": 155.0}]"
BA,Boeing,Industrials,2026-07-28,BMO,2026-07-27,0.06811566302956522,0.07014362497615473,0.04016075692897436,0.033840129544968324,0.0464813843129804,0.6960751798087382,5.668267638933329,4.723556365777774,iron fly,"short 210 straddle @ bid, long 202.5P / 217.5C @ ask",credit,525.0000000000001,525.0000000000001,224.99999999999991,0.05954465849387038,14.50880886018532,503,0.8333333333333333,12,False,,,209.57000732421875,2026-07-31,210.0,13.85,14.274999999999999,14.7,"[{""action"": ""SELL"", ""right"": ""CALL"", ""strike"": 210.0}, {""action"": ""SELL"", ""right"": ""PUT"", ""strike"": 210.0}, {""action"": ""BUY"", ""right"": ""CALL"", ""strike"": 217.5}, {""action"": ""BUY"", ""right"": ""PUT"", ""strike"": 202.5}]"
HOOD,Robinhood Markets,Financials,2026-07-29,AMC,2026-07-29,0.1294319113416392,0.1339645463691674,0.0756797862372631,0.06337401443186613,0.08798555804266006,0.7102573590239571,5.598082316426163,4.665068597021802,iron fly,"short 99 straddle @ bid, long 91P / 107C @ ask",credit,574.0000000000002,574.0000000000002,225.9999999999998,0.07003891050583659,16.864951920418896,522,0.8333333333333333,12,False,,,99.27999877929688,2026-07-31,99.0,12.4,12.850000000000001,13.3,"[{""action"": ""SELL"", ""right"": ""CALL"", ""strike"": 99.0}, {""action"": ""SELL"", ""right"": ""PUT"", ""strike"": 99.0}, {""action"": ""BUY"", ""right"": ""CALL"", ""strike"": 107.0}, {""action"": ""BUY"", ""right"": ""PUT"", ""strike"": 91.0}]"
SWKS,Skyworks Solutions,Information Technology,2026-07-28,AMC,2026-07-28,0.1747491661090808,0.18227424981712737,0.06349774740093424,0.04544809311398769,0.08154740168788079,1.752052998127454,7.89931020005596,4.5669855622333,iron fly,"short 60 straddle @ bid, long 52.5P / 67.5C @ ask",credit,505.0,505.0,245.00000000000003,0.08612440191387563,13.52806785824028,1159,0.8333333333333333,12,False,,wide market; squeeze risk (19% of float short — no short premium),59.79999923706055,2026-08-21,60.0,10.0,10.45,10.9,"[{""action"": ""SELL"", ""right"": ""CALL"", ""strike"": 60.0}, {""action"": ""SELL"", ""right"": ""PUT"", ""strike"": 60.0}, {""action"": ""BUY"", ""right"": ""CALL"", ""strike"": 67.5}, {""action"": ""BUY"", ""right"": ""PUT"", ""strike"": 52.5}]"
CMG,Chipotle Mexican Grill,Consumer Discretionary,2026-07-29,AMC,2026-07-29,0.10129831244559996,0.1041666700260268,0.06808271282089551,0.05439837400494541,0.08176705163684561,0.4878712708185467,3.1107905943839835,2.592325495319986,iron fly,"short 33 straddle @ bid, long 29P / 36.5C @ ask",credit,229.99999999999997,229.99999999999997,170.00000000000003,0.05663189269746659,17.27114736952368,1784,0.8333333333333333,12,False,,,33.119998931884766,2026-07-31,33.0,3.26,3.355,3.45,"[{""action"": ""SELL"", ""right"": ""CALL"", ""strike"": 33.0}, {""action"": ""SELL"", ""right"": ""PUT"", ""strike"": 33.0}, {""action"": ""BUY"", ""right"": ""CALL"", ""strike"": 36.5}, {""action"": ""BUY"", ""right"": ""PUT"", ""strike"": 29.0}]"
NOW,ServiceNow,Information Technology,2026-07-22,AMC,2026-07-22,0.11859311251416631,0.12026343804253485,0.08427933187132443,0.06980623043385603,0.09875243330879283,0.40714348204885276,3.038501558347292,2.5320846319560766,iron fly,"short 105 straddle @ bid, long 96P / 114C @ ask",credit,683.0,683.0,217.0,0.028169014084507154,9.735596002983653,3567,0.8333333333333333,12,False,,,104.7699966430664,2026-07-24,105.0,12.25,12.425,12.600000000000001,"[{""action"": ""SELL"", ""right"": ""CALL"", ""strike"": 105.0}, {""action"": ""SELL"", ""right"": ""PUT"", ""strike"": 105.0}, {""action"": ""BUY"", ""right"": ""CALL"", ""strike"": 114.0}, {""action"": ""BUY"", ""right"": ""PUT"", ""strike"": 96.0}]"
MRSH,Marsh McLennan,Financials,2026-07-21,BMO,2026-07-20,0.06783664550191114,0.07085771068620678,0.03572770719538221,0.028146582015066424,0.04330883237569799,0.898712535090385,5.428061713120715,2.472295314680496,iron fly,"short 180 straddle @ bid, long 175P / 185C @ ask",credit,280.0000000000001,280.0000000000001,219.9999999999999,0.08906882591093114,18.817596243481788,663,0.8333333333333333,12,False,,wide market,182.05499267578125,2026-08-21,180.0,11.8,12.350000000000001,12.9,"[{""action"": ""SELL"", ""right"": ""CALL"", ""strike"": 180.0}, {""action"": ""SELL"", ""right"": ""PUT"", ""strike"": 180.0}, {""action"": ""BUY"", ""right"": ""CALL"", ""strike"": 185.0}, {""action"": ""BUY"", ""right"": ""PUT"", ""strike"": 175.0}]"
META,Meta Platforms,Communication Services,2026-07-29,AMC,2026-07-29,0.1004103157876035,0.10203608034545986,0.07292444535782393,0.06061072013073035,0.0852381705849175,0.37690887184554583,2.860701444376789,2.3839178703139905,iron fly,"short 645 straddle @ bid, long 627.5P / 662.5C @ ask",credit,1529.9999999999993,1529.9999999999993,220.00000000000063,0.032382420971472765,11.829820430899742,1929,0.8333333333333333,12,False,,,645.8499755859375,2026-07-31,645.0,63.8,64.85,65.9,"[{""action"": ""SELL"", ""right"": ""CALL"", ""strike"": 645.0}, {""action"": ""SELL"", ""right"": ""PUT"", ""strike"": 645.0}, {""action"": ""BUY"", ""right"": ""CALL"", ""strike"": 662.5}, {""action"": ""BUY"", ""right"": ""PUT"", ""strike"": 627.5}]"
AAPL,Apple Inc.,Information Technology,2026-07-30,AMC,2026-07-30,0.05258887348842954,0.053430907852873105,0.03516145876256997,0.027238247976836,0.04308466954830394,0.4956396958254581,2.8189297642915876,2.3491081369096563,iron fly,"short 327.5 straddle @ bid, long 317.5P / 337.5C @ ask",credit,754.9999999999998,754.9999999999998,245.0000000000002,0.03202328966521111,9.66333076579755,897,0.8333333333333333,12,False,,,326.5899963378906,2026-07-31,327.5,16.9,17.174999999999997,17.45,"[{""action"": ""SELL"", ""right"": ""CALL"", ""strike"": 327.5}, {""action"": ""SELL"", ""right"": ""PUT"", ""strike"": 327.5}, {""action"": ""BUY"", ""right"": ""CALL"", ""strike"": 337.5}, {""action"": ""BUY"", ""right"": ""PUT"", ""strike"": 317.5}]"
AMZN,Amazon,Consumer Discretionary,2026-07-30,AMC,2026-07-30,0.07730309042506277,0.078403134402651,0.058091155075672495,0.048771566116672556,0.06741074403467243,0.33072049134440223,2.6419637660093445,2.146595559882592,iron fly,"short 250 straddle @ bid, long 240P / 260C @ ask",credit,779.9999999999998,779.9999999999998,220.00000000000028,0.02846054333764576,11.451672698067204,6943,0.8124999999999999,12,False,,,249.99000549316406,2026-07-31,250.0,19.049999999999997,19.325,19.6,"[{""action"": ""SELL"", ""right"": ""CALL"", ""strike"": 250.0}, {""action"": ""SELL"", ""right"": ""PUT"", ""strike"": 250.0}, {""action"": ""BUY"", ""right"": ""CALL"", ""strike"": 260.0}, {""action"": ""BUY"", ""right"": ""PUT"", ""strike"": 240.0}]"
INTC,Intel,Information Technology,2026-07-23,AMC,2026-07-23,0.1362559275979402,0.13754379080775056,0.09873140492552143,0.07910091600809617,0.1183618938429467,0.3800667345990426,2.4498334432354816,1.9904896726288286,iron fly,"short 97 straddle @ bid, long 88P / 106C @ ask",credit,688.0000000000001,688.0000000000001,211.99999999999991,0.018903591682419525,6.864115080440415,1240,0.8124999999999999,12,False,,,97.05999755859375,2026-07-24,97.0,13.100000000000001,13.225000000000001,13.35,"[{""action"": ""SELL"", ""right"": ""CALL"", ""strike"": 97.0}, {""action"": ""SELL"", ""right"": ""PUT"", ""strike"": 97.0}, {""action"": ""BUY"", ""right"": ""CALL"", ""strike"": 106.0}, {""action"": ""BUY"", ""right"": ""PUT"", ""strike"": 88.0}]"
T,AT&T,Communication Services,2026-07-22,BMO,2026-07-21,0.049351829423608544,0.0500341127796953,0.03825255981737784,0.030970707400680343,0.04553441223407533,0.2901575648589247,1.9534622666517312,1.627885222209776,iron fly,"short 22 straddle @ bid, long 18.5P / 25.5C @ ask",credit,104.0,104.0,246.0,0.027649769585253482,12.29420277715836,8299,0.8333333333333333,12,False,,,21.985000610351562,2026-07-24,22.0,1.07,1.085,1.1,"[{""action"": ""SELL"", ""right"": ""CALL"", ""strike"": 22.0}, {""action"": ""SELL"", ""right"": ""PUT"", ""strike"": 22.0}, {""action"": ""BUY"", ""right"": ""CALL"", ""strike"": 25.5}, {""action"": ""BUY"", ""right"": ""PUT"", ""strike"": 18.5}]"
F,Ford Motor Company,Consumer Discretionary,2026-07-28,AMC,2026-07-28,0.07571428571428572,0.07785714285714286,0.05609943770697538,0.043087703855593705,0.06911117155835705,0.34964428894572386,1.9319784352566944,1.6099820293805787,iron fly,"short 14 straddle @ bid, long 11.5P / 16.5C @ ask",credit,93.0,93.0,157.0,0.05660377358490571,21.84933721697476,10371,0.8333333333333333,12,False,,,14.0,2026-07-31,14.0,1.03,1.06,1.09,"[{""action"": ""SELL"", ""right"": ""CALL"", ""strike"": 14.0}, {""action"": ""SELL"", ""right"": ""PUT"", ""strike"": 14.0}, {""action"": ""BUY"", ""right"": ""CALL"", ""strike"": 16.5}, {""action"": ""BUY"", ""right"": ""PUT"", ""strike"": 11.5}]"
PLTR,Palantir Technologies,Information Technology,2026-08-03,AMC,2026-08-03,0.13440859606700062,0.13644789890387923,0.10654112726687046,0.08555390728781409,0.12752834724592682,0.2615653646157328,1.7017474467741605,1.4181228723118002,iron fly,"short 135 straddle @ bid, long 127P / 143C @ ask",credit,580.0000000000002,580.0000000000002,219.99999999999974,0.03034482758620674,14.635723477469863,1479,0.8333333333333333,12,False,,,134.85000610351562,2026-08-07,135.0,17.85,18.125,18.4,"[{""action"": ""SELL"", ""right"": ""CALL"", ""strike"": 135.0}, {""action"": ""SELL"", ""right"": ""PUT"", ""strike"": 135.0}, {""action"": ""BUY"", ""right"": ""CALL"", ""strike"": 143.0}, {""action"": ""BUY"", ""right"": ""PUT"", ""strike"": 127.0}]"
FCX,Freeport-McMoRan,Materials,2026-07-23,BMO,2026-07-22,0.06709183760522125,0.07023809614944583,0.040535202087620126,0.03263086376770695,0.0484395404075333,0.6551499474505346,4.305861250095309,1.1142120894310799,iron fly,"short 59 straddle @ bid, long 54P / 64C @ ask",credit,283.0,283.0,217.0,0.09378960709759192,23.694707427372002,891,0.8333333333333333,12,False,,wide market,58.79999923706055,2026-07-24,59.0,3.76,3.945,4.13,"[{""action"": ""SELL"", ""right"": ""CALL"", ""strike"": 59.0}, {""action"": ""SELL"", ""right"": ""PUT"", ""strike"": 59.0}, {""action"": ""BUY"", ""right"": ""CALL"", ""strike"": 64.0}, {""action"": ""BUY"", ""right"": ""PUT"", ""strike"": 54.0}]"
BMY,Bristol Myers Squibb,Health Care,2026-07-30,BMO,2026-07-29,0.05742064326309353,0.05916569899178379,0.050326133211126875,0.043346140133503804,0.057306126288749946,0.14097069652071134,1.3026265186063366,1.0855220988386138,no trade,,,,,,0.060781476121563066,49.19453819665844,2233,0.8333333333333333,12,False,,,60.16999816894531,2026-07-31,60.0,3.3499999999999996,3.455,3.56,
GOOG,Alphabet Inc. (Class C),Communication Services,2026-07-22,AMC,2026-07-22,0.057204656855507345,0.05777385742123378,0.05008941566245534,0.0411026427213492,0.05907618860356148,0.14205079254668276,1.0147016256864556,0.8455846880720462,no trade,,,,,,0.019900497512437915,15.999473532457774,782,0.8333333333333333,12,False,,,351.3699951171875,2026-07-24,352.5,19.9,20.1,20.3,
SCHW,Charles Schwab Corporation,Financials,2026-07-21,BMO,2026-07-20,0.045007305711878234,0.0464685818713548,0.03718204864204852,0.026562596061202717,0.047801501222894324,0.21045793213718378,0.9443847867245713,0.786987322270476,no trade,,,,,,0.0649350649350649,37.34768446420801,1743,0.8333333333333333,12,False,,,102.6500015258789,2026-07-24,103.0,4.47,4.619999999999999,4.77,
GOOGL,Alphabet Inc. (Class A),Communication Services,2026-07-22,AMC,2026-07-22,0.056464673858384704,0.057530045063259885,0.050620825757701424,0.041589695118363544,0.0596519563970393,0.11544355535911423,0.8292954697402966,0.6910795581169137,no trade,,,,,,0.03773584905660377,36.461290112952,2889,0.8333333333333333,12,False,,,351.989990234375,2026-07-24,352.5,19.5,19.875,20.25,
BKR,Baker Hughes,Energy,2026-07-26,AMC,2026-07-24,0.09247506543779235,0.09700815688082139,0.04286285386717501,0.03548576562684123,0.050239942107508796,1.1574640299117154,8.618984655933343,0.6337488717598023,iron fly,"short 55 straddle @ bid, long 50P / 60C @ ask",credit,305.0,305.0,195.00000000000003,0.09803921568627452,18.27409542739975,8060,0.75,12,False,,single-source date; wide market,55.150001525878906,2026-08-21,55.0,4.85,5.1,5.35,"[{""action"": ""SELL"", ""right"": ""CALL"", ""strike"": 55.0}, {""action"": ""SELL"", ""right"": ""PUT"", ""strike"": 55.0}, {""action"": ""BUY"", ""right"": ""CALL"", ""strike"": 60.0}, {""action"": ""BUY"", ""right"": ""PUT"", ""strike"": 50.0}]"
TSLA,"Tesla, Inc.",Consumer Discretionary,2026-07-22,AMC,2026-07-22,0.06744324351552056,0.06778147442582909,0.0714136204194743,0.05717007697706142,0.08565716386188718,-0.05559691387486401,-0.35724502548679893,-0.2977041879056658,no trade,,,,,,0.010030090270812437,17.037723041946695,7102,0.8333333333333333,12,False,,,369.57000732421875,2026-07-24,370.0,24.8,24.925,25.05,
IBM,IBM,Information Technology,2026-07-22,AMC,2026-07-22,0.06431924882629107,0.0664319248826291,0.06483729943727486,0.05423947901817209,0.07543511985637763,-0.007990009076256452,-0.06264813299157854,-0.05220677749298211,no trade,,,,,,0.06569343065693421,815.6253507069631,1068,0.8333333333333333,12,False,,,213.0,2026-07-24,212.5,13.25,13.7,14.149999999999999,
ACGL,Arch Capital Group,Financials,2026-07-28,AMC,2026-07-28,0.06579593321736274,0.07217912076830092,0.03198902409026265,0.026596257102412372,0.03738179107811293,1.0568283993818617,8.034267906420876,0.0,screened out,,,,,,0.19402985074626866,37.76262140345342,145,0.8333333333333333,12,True,spread > 10%,spread > 10%,101.83000183105469,2026-08-21,100.0,6.05,6.699999999999999,7.35,
ABBV,AbbVie,Health Care,2026-07-31,BMO,2026-07-30,0.05376450200633629,0.05780917096461113,0.04290778700367755,0.03757612649795906,0.04823944750939604,0.2530243520069734,2.6096871570280924,0.0,screened out,,,,,,0.15045871559633006,74.50999602152805,53,0.8333333333333333,12,True,spread > 10%,spread > 10%,253.4199981689453,2026-07-31,252.5,12.600000000000001,13.625,14.649999999999999,
ADP,Automatic Data Processing,Industrials,2026-07-29,BMO,2026-07-28,0.06013947527677478,0.06464503857112598,0.03862237810250694,0.030871587778094893,0.046373168426918986,0.5571147669146553,3.557870950487044,0.0,screened out,,,,,,0.14983713355048864,41.87891385032532,4,0.8333333333333333,12,True,spread > 10%,spread > 10%,255.24000549316406,2026-07-31,257.5,14.2,15.35,16.5,
AES,AES Corporation,Utilities,2026-07-30,AMC,2026-07-30,0.02465383265628148,0.03174603109165013,0.032080821704434215,0.023678013582331445,0.040483629826536985,-0.23150869128536614,-1.1327676445538772,0.0,screened out,,,,,,0.5753424657534247,190.98448615950616,2772,0.8333333333333333,12,True,spread > 10%,spread > 10%,14.805000305175781,2026-07-31,15.0,0.26,0.365,0.47000000000000003,
AEE,Ameren,Utilities,2026-07-30,AMC,2026-07-30,0.05479079967691496,0.057960515360703437,0.01613559247182809,0.013878332924225882,0.0183928520194303,2.395648456824679,21.947194157031756,0.0,screened out,,,,,,0.11570247933884316,16.399941498031094,12,0.8333333333333333,12,True,spread > 10%,spread > 10%,110.41999816894531,2026-08-21,110.0,5.699999999999999,6.05,6.4,
AEP,American Electric Power,Utilities,2026-07-30,BMO,2026-07-29,0.05761159728487874,0.06180846861026726,0.027863460114791787,0.023575309961162305,0.03215161026842127,1.0676397348904507,8.890829665774259,0.0,screened out,,,,,,0.14569536423841076,28.21602778952263,563,0.8333333333333333,12,True,spread > 10%,spread > 10%,131.0500030517578,2026-08-21,130.0,7.0,7.550000000000001,8.100000000000001,
AJG,Arthur J. Gallagher & Co.,Financials,2026-07-30,AMC,2026-07-30,0.08828455793143687,0.09419647029291701,0.025753245613952112,0.02048055181072371,0.031025939417180515,2.428094433410277,15.199086625705387,0.0,screened out,,,,,,0.13392857142857142,18.90864638011789,386,0.8333333333333333,12,True,spread > 10%,spread > 10%,253.72500610351562,2026-08-21,250.0,20.9,22.4,23.9,
ALGN,Align Technology,Health Care,2026-07-29,AMC,2026-07-29,0.10768351711725785,0.11653812993061326,0.07878789298243125,0.054449030006305806,0.10312675595855669,0.3667520864058388,1.5215432178372483,0.0,screened out,,,,,,0.16445623342175053,61.28687701667149,204,0.8333333333333333,12,True,spread > 10%,spread > 10%,175.0500030517578,2026-07-31,175.0,17.3,18.85,20.4,
ALLE,Allegion,Industrials,2026-07-23,BMO,2026-07-22,0.09884141489297524,0.10789282651321107,0.055381031923307934,0.04586685703863476,0.06489520680798111,0.7847521337242608,5.854299241824264,0.0,screened out,,,,,,0.18315018315018314,41.653621076248506,39,0.8333333333333333,12,True,spread > 10%,spread > 10%,138.10000610351562,2026-08-21,140.0,12.4,13.65,14.9,
AMT,American Tower,Real Estate,2026-07-28,BMO,2026-07-27,0.07749850105916631,0.08138838721271519,0.031559757997539586,0.026122565911799546,0.03699695008327963,1.4556113853980797,10.828216509435219,0.0,screened out,,,,,,0.10038610038610044,16.9351005025567,1255,0.8333333333333333,12,True,spread > 10%,spread > 10%,167.10000610351562,2026-08-21,165.0,12.3,12.950000000000001,13.600000000000001,
AOS,A. O. Smith,Industrials,2026-07-30,BMO,2026-07-29,0.08614836213113557,0.09421150932567536,0.041629010896018726,0.034702965154564044,0.04855505663747341,1.0694309155295,8.237889652016975,0.0,screened out,,,,,,0.18719211822660103,36.22311184166394,1539,0.8333333333333333,12,True,spread > 10%,spread > 10%; squeeze risk (11% of float short — no short premium),58.90999984741211,2026-08-21,60.0,4.6,5.074999999999999,5.55,
APD,Air Products,Materials,2026-07-30,BMO,2026-07-29,0.07195578381199336,0.07684271058142617,0.04462601666709269,0.03301146891306697,0.05624056442111841,0.6124178043668793,3.0156860443200975,0.0,screened out,,,,,,0.13583138173302103,35.76266671810727,743,0.8333333333333333,12,True,spread > 10%,spread > 10%,296.7099914550781,2026-08-21,300.0,19.9,21.349999999999998,22.799999999999997,
AON,Aon plc,Financials,2026-07-29,BMO,2026-07-28,0.08311165295037874,0.09069231781318278,0.03729628274135235,0.025189172826561475,0.04940339265614322,1.2284165295172564,4.8497931276031085,0.0,screened out,,,,,,0.1824212271973466,33.092234454150564,151,0.35,0,True,spread > 10%,spread > 10%; thin history (n=0); low-conf moves,362.7650146484375,2026-08-21,360.0,27.4,30.15,32.9,
AMP,Ameriprise Financial,Financials,2026-07-23,BMO,2026-07-22,0.07562227042204715,0.0788523673998733,0.03413657197464706,0.028621482518921267,0.03965166143037285,1.2152860128489515,9.640473025326653,0.0,screened out,,,,,,0.08542713567839211,15.572098813385512,46,0.8333333333333333,12,True,OI < 500,OI < 500; wide market,526.2999877929688,2026-08-21,530.0,38.099999999999994,39.8,41.5,
AVB,AvalonBay Communities,Real Estate,2026-07-22,AMC,2026-07-22,0.055520798630765957,0.06985715508471961,0.028583864125987485,0.023111044135289593,0.03405668411668538,0.9423825409346359,6.30796834538711,0.0,screened out,,,,,,0.5164319248826291,106.44386020547705,104,0.8333333333333333,12,True,spread > 10%,spread > 10%,191.82000732421875,2026-08-21,190.0,7.8999999999999995,10.65,13.4,
ARES,Ares Management,Financials,2026-07-31,BMO,2026-07-30,0.08822559455555128,0.09647097722429439,0.04142286767737921,0.03366021080871466,0.04918552454604376,1.1298765513458346,7.727041885516756,0.0,screened out,,,,,,0.1869158878504673,35.23462506877395,7,0.8333333333333333,12,True,spread > 10%,spread > 10%; squeeze risk (15% of float short — no short premium),121.27999877929688,2026-07-31,120.0,9.7,10.7,11.7,
ARE,Alexandria Real Estate Equities,Real Estate,2026-08-03,AMC,2026-08-03,0.10885848695684373,0.11684810067844695,0.050521364860271305,0.03821736275809248,0.06282536696245013,1.1547020207770997,6.076466425971082,0.0,screened out,,,,,,0.14678899082568805,27.39118226770612,484,0.8333333333333333,12,True,spread > 10%,spread > 10%,50.064998626708984,2026-08-21,50.0,5.05,5.449999999999999,5.85,
AXON,Axon Enterprise,Industrials,2026-08-03,AMC,2026-08-03,0.17422462160238236,0.18218700909672408,0.10374712383219037,0.08782217641253007,0.11967207125185067,0.6793200155041256,5.671853021678911,0.0,screened out,,,,,,0.09140369967355812,22.595545376213316,34,0.8333333333333333,12,True,OI < 500,OI < 500; wide market,527.47998046875,2026-08-07,525.0,87.7,91.9,96.1,
AWK,American Water Works,Utilities,2026-07-29,AMC,2026-07-29,0.058891713491704314,0.0628178277244846,0.016111437615847084,0.012413168313470677,0.019809706918223494,2.655273656882045,14.825097114282116,0.0,screened out,,,,,,0.13333333333333341,18.354786884373354,743,0.8333333333333333,12,True,spread > 10%,spread > 10%,133.72000122070312,2026-08-21,135.0,7.35,7.875,8.4,
AVY,Avery Dennison,Materials,2026-07-30,BMO,2026-07-29,0.062213801925542114,0.07389862766790281,0.03268518647965916,0.026040240884703175,0.039330132074615144,0.9034250260208667,5.695136704229746,0.0,screened out,,,,,,0.3756345177664974,79.14238826250056,9,0.8333333333333333,12,True,spread > 10%,spread > 10%,158.3249969482422,2026-08-21,160.0,8.0,9.85,11.7,
AXP,American Express,Financials,2026-07-24,BMO,2026-07-23,0.04305689942225971,0.04547263305321157,0.037559711442017064,0.030852180573951116,0.04426724231008301,0.14635863187418113,1.050341214085294,0.0,screened out,,,,,,0.11221122112211217,87.88979527839372,51,0.8124999999999999,12,True,spread > 10%,spread > 10%,351.8599853515625,2026-07-24,352.5,14.3,15.15,16.0,
BG,Bunge Global,Consumer Staples,2026-07-29,BMO,2026-07-28,0.08744301588539202,0.09283050027643512,0.030807533305516194,0.02505308881532098,0.03656197779571141,1.8383647278159414,12.613560630924864,0.0,screened out,,,,,,0.12322274881516576,19.0251204567556,387,0.8333333333333333,12,True,spread > 10%,spread > 10%,120.6500015258789,2026-08-21,120.0,9.9,10.55,11.2,
BEN,Franklin Resources,Financials,2026-07-31,BMO,2026-07-30,0.08372093023255814,0.09147286821705426,0.04322451483257318,0.03480519252232465,0.05164383714282172,0.9368853660207568,6.16441609717738,0.0,screened out,,,,,,0.18518518518518517,38.284563746839694,292,0.8333333333333333,12,True,spread > 10%,spread > 10%,32.25,2026-08-21,32.0,2.45,2.7,2.95,
BIIB,Biogen,Health Care,2026-07-29,BMO,2026-07-28,0.07051763048363456,0.07851963110589096,0.04643248762968587,0.038792768641330404,0.05407220661804133,0.5187131700983912,4.040399801179759,0.0,screened out,,,,,,0.22695035460992904,66.44760772879947,20,0.8333333333333333,12,True,spread > 10%,spread > 10%,199.9499969482422,2026-07-31,200.0,12.5,14.1,15.7,
BAX,Baxter International,Health Care,2026-07-30,BMO,2026-07-29,0.09619737371305775,0.10411951037178015,0.08352002121376047,0.0689568998469854,0.09808314258053553,0.15178818581536244,1.1156464712411642,0.0,screened out,,,,,,0.164705882352941,124.98093208596234,126,0.8333333333333333,12,True,spread > 10%,spread > 10%; squeeze risk (12% of float short — no short premium),22.09000015258789,2026-07-31,22.0,1.9500000000000002,2.125,2.3,
BRO,Brown & Brown,Financials,2026-07-27,AMC,2026-07-27,0.08884536964160661,0.11169132183516259,0.04825170620595998,0.040700313457672305,0.05580309895424765,0.8412896999408607,6.889436266034726,0.0,screened out,,,,,,0.5142857142857143,112.5592038756187,1048,0.8333333333333333,12,True,spread > 10%,spread > 10%,68.94000244140625,2026-08-21,70.0,4.55,6.125,7.7,
BSX,Boston Scientific,Health Care,2026-07-29,BMO,2026-07-28,0.09881197063667968,0.10395247777962835,0.053962089098197635,0.04353395439739677,0.0643902237989985,0.8311368645655355,5.511974080590293,0.0,screened out,,,,,,0.10404624277456671,22.92316932225569,341,0.8333333333333333,12,True,spread > 10%,spread > 10%,43.77000045776367,2026-07-31,44.0,4.1,4.325,4.550000000000001,
BX,Blackstone Inc.,Financials,2026-07-23,BMO,2026-07-22,0.05502063436759917,0.058257142271575586,0.036428877518426106,0.029500748150432077,0.043357006886420135,0.5103576644591687,3.4391961108542537,0.0,screened out,,,,,,0.11764705882352937,34.816590279582705,199,0.8333333333333333,12,True,spread > 10%,spread > 10%,123.58999633789062,2026-07-24,124.0,6.4,6.800000000000001,7.2,
BXP,"BXP, Inc.",Real Estate,2026-07-28,AMC,2026-07-28,0.08063328242950478,0.09204712606107852,0.03485349208347837,0.030480500117169768,0.03922648404978697,1.3134922100883957,13.416758996928605,0.0,screened out,,,,,,0.2831050228310502,49.86411490879373,4685,0.8333333333333333,12,True,spread > 10%,spread > 10%; squeeze risk (9% of float short — no short premium),67.9000015258789,2026-08-21,67.5,4.7,5.475,6.25,
CARR,Carrier Global,Industrials,2026-07-28,BMO,2026-07-27,0.07354038987948361,0.08137972078034225,0.05099850964607526,0.04063562323223523,0.061361396059915294,0.4420105683449737,2.787801829860151,0.0,screened out,,,,,,0.21319796954314715,69.55347841162178,14,0.8333333333333333,12,True,spread > 10%,spread > 10%,66.97000122070312,2026-07-31,67.0,4.4,4.925000000000001,5.45,
CBOE,Cboe Global Markets,Financials,2026-07-31,BMO,2026-07-30,0.06695464657061723,0.07271418606056278,0.0372299376024466,0.03065039944559469,0.0438094757592985,0.798408777516115,5.789948489611738,0.0,screened out,,,,,,0.17204301075268813,38.752537467148365,5,0.8333333333333333,12,True,spread > 10%,spread > 10%,277.79998779296875,2026-07-31,277.5,17.0,18.6,20.2,
CB,Chubb Limited,Financials,2026-07-21,AMC,2026-07-21,0.06239895493937772,0.07119153495356277,0.02864027813247179,0.02327468479913144,0.03400587146581214,1.1787133019714289,8.06343632621072,0.0,screened out,,,,,,0.28181818181818197,52.09078581176125,1633,0.8333333333333333,12,True,spread > 10%,spread > 10%,352.57000732421875,2026-08-21,355.0,18.9,22.0,25.1,
CDNS,Cadence Design Systems,Information Technology,2026-07-27,AMC,2026-07-27,0.10623465819442267,0.11214500294418371,0.06204216971151509,0.05125883372714191,0.07282550569588828,0.7122975983656711,5.252279380126036,0.0,screened out,,,,,,0.11126961483594881,26.74818709087631,97,0.8333333333333333,12,True,spread > 10%,spread > 10%,329.92999267578125,2026-07-31,330.0,33.099999999999994,35.05,37.0,
CCI,Crown Castle,Real Estate,2026-07-22,AMC,2026-07-22,0.08443136951002245,0.09082768538199384,0.03594012380116717,0.02796418797053308,0.043916059631801264,1.3492231127840606,7.791735267199139,0.0,screened out,,,,,,0.15151515151515152,26.381322147817407,1069,0.8333333333333333,12,True,spread > 10%,spread > 10%,78.16999816894531,2026-08-21,77.5,6.1,6.6,7.1,
CBRE,CBRE Group,Real Estate,2026-07-29,BMO,2026-07-28,0.10061305888275064,0.10818608482016198,0.0402528376484779,0.031101218169645083,0.04940445712731072,1.4995271081604147,8.45289292378992,0.0,screened out,,,,,,0.15053763440860227,25.0927706444898,361,0.8333333333333333,12,True,spread > 10%,spread > 10%,138.64999389648438,2026-08-21,140.0,12.899999999999999,13.95,15.0,
CHTR,Charter Communications,Communication Services,2026-07-24,BMO,2026-07-23,0.14555589553235052,0.17033136711232505,0.09510902809390746,0.07646109317096811,0.11375696301684682,0.5304109236468436,3.4670168882656003,0.0,screened out,,,,,,0.3404255319148936,98.2240239602842,25,0.8333333333333333,12,True,spread > 10%,spread > 10%; squeeze risk (26% of float short — no short premium),129.16000366210938,2026-07-24,129.0,15.6,18.8,22.0,
CI,Cigna,Health Care,2026-07-30,BMO,2026-07-29,0.07061350928929963,0.07607240900991881,0.052758240843509,0.04254342670756627,0.06297305497945173,0.33843562939774213,2.2402083616583957,0.0,screened out,,,,,,0.15461346633416465,61.14609519529355,447,0.8124999999999999,12,True,spread > 10%,spread > 10%,283.94000244140625,2026-07-31,285.0,18.5,20.05,21.6,
CHD,Church & Dwight,Consumer Staples,2026-07-31,BMO,2026-07-30,0.07182659350831004,0.08230663028354389,0.03282881290010728,0.026790894397700223,0.038866731402514336,1.187913212910459,8.277613486758387,0.0,screened out,,,,,,0.29181494661921714,53.74683693168677,885,0.8333333333333333,12,True,spread > 10%,spread > 10%,97.80500030517578,2026-08-21,100.0,6.0,7.025,8.05,
CINF,Cincinnati Financial,Financials,2026-07-27,AMC,2026-07-27,0.06265247262009295,0.07152361918576983,0.03485061448796227,0.029043048703044777,0.04065818027287976,0.7977436995188049,6.135248863589908,0.0,screened out,,,,,,0.28318584070796454,63.81693283604285,1230,0.8333333333333333,12,True,spread > 10%,spread > 10%,180.36000061035156,2026-08-21,180.0,9.7,11.299999999999999,12.899999999999999,
CHRW,C.H. Robinson,Industrials,2026-07-29,AMC,2026-07-29,0.10228376913437662,0.10932944444292038,0.07757114191633344,0.06132008674975557,0.0938221970829113,0.3185801653493472,1.9489013308982295,0.0,screened out,,,,,,0.13776722090261276,57.02085210430048,870,0.8333333333333333,12,True,spread > 10%,spread > 10%,205.8000030517578,2026-08-21,210.0,19.6,21.05,22.5,
CL,Colgate-Palmolive,Consumer Staples,2026-07-31,BMO,2026-07-30,0.045681965286836684,0.048944962807325014,0.02843996941067474,0.024016672643239867,0.03286326617810961,0.6062592975114202,4.995672476143554,0.0,screened out,,,,,,0.14285714285714288,37.84941771154948,11,0.8333333333333333,12,True,spread > 10%,spread > 10%,91.94000244140625,2026-07-31,92.0,3.9,4.2,4.5,
CMCSA,Comcast,Communication Services,2026-07-23,BMO,2026-07-22,0.06476030090549328,0.06938603668445709,0.0525825135167475,0.04437077759613091,0.0607942494373641,0.23159386218513808,1.9005789358414618,0.0,screened out,,,,,,0.14285714285714268,75.97005320094057,5053,0.8333333333333333,12,True,spread > 10%,spread > 10%,23.780000686645508,2026-07-24,24.0,1.4300000000000002,1.54,1.65,
CLX,Clorox,Consumer Staples,2026-08-03,AMC,2026-08-03,0.09811046542712767,0.10382059833558484,0.04246246316112801,0.03545388616314345,0.04947104015911258,1.3105222383081692,10.175885878775963,0.0,screened out,,,,,,0.11640211640211656,20.522328478792506,2710,0.8333333333333333,12,True,spread > 10%,spread > 10%; squeeze risk (11% of float short — no short premium),96.31999969482422,2026-08-21,95.0,8.899999999999999,9.45,10.0,
CNC,Centene Corporation,Health Care,2026-07-28,BMO,2026-07-27,0.10176185256171073,0.10631835342268285,0.06763645673666835,0.057573663992644825,0.07769924948069187,0.5045414480818254,4.346219623309781,0.0,screened out,,,,,,0.08955223880597009,26.70445719857938,197,0.8333333333333333,12,True,OI < 500,OI < 500; wide market,65.83999633789062,2026-07-31,66.0,6.4,6.7,7.0,
CME,CME Group,Financials,2026-07-22,BMO,2026-07-21,0.048753620701901805,0.05099751119445795,0.019957172566367917,0.01474768886676213,0.025166656265973704,1.4429122181396594,7.084296651757055,0.0,screened out,,,,,,0.0920502092050209,15.584494879333823,46,0.8333333333333333,12,True,OI < 500,OI < 500; wide market,245.11000061035156,2026-07-24,245.0,11.4,11.95,12.5,
CNP,CenterPoint Energy,Utilities,2026-07-28,BMO,2026-07-27,0.0558399261414958,0.06165658511456828,0.01663095791499296,0.013999681787961954,0.01926223404202397,2.3575892878158027,19.097278754923266,0.0,screened out,,,,,,0.20833333333333334,29.670043544480606,638,0.8333333333333333,12,True,spread > 10%,spread > 10%; squeeze risk (9% of float short — no short premium),42.97999954223633,2026-08-21,43.0,2.15,2.4,2.65,
CMS,CMS Energy,Utilities,2026-07-28,BMO,2026-07-27,0.0589930036494234,0.08094388872827862,0.015073259332018678,0.012448706983201323,0.017697811680836034,2.913752317928361,21.44653138374227,0.0,screened out,,,,,,0.7441860465116278,99.95907499013565,49,0.8124999999999999,12,True,spread > 10%,spread > 10%,72.88999938964844,2026-08-21,75.0,2.7,4.3,5.8999999999999995,
COF,Capital One,Financials,2026-07-21,AMC,2026-07-21,0.05344877482053357,0.05756021903749769,0.034089298120315914,0.025818060836251815,0.04236053540438001,0.5679048196266661,2.9996848702190695,0.0,screened out,,,,,,0.1538461538461538,42.474745372821936,503,0.8333333333333333,12,True,spread > 10%,spread > 10%,206.74000549316406,2026-07-24,207.5,10.2,11.049999999999999,11.899999999999999,
CPT,Camden Property Trust,Real Estate,2026-07-30,AMC,2026-07-30,0.06468419772445891,0.08860849003350535,0.02466307953730277,0.01931972651853034,0.0300064325560752,1.622713746133139,9.599041068119957,0.0,screened out,,,,,,0.7397260273972603,119.55834016014275,42,0.8333333333333333,12,True,spread > 10%,spread > 10%,112.85600280761719,2026-08-21,110.0,4.6,7.3,10.0,
CRH,CRH plc,Materials,2026-07-30,BMO,2026-07-29,0.0725507853283224,0.08005603898297645,0.03768457656132845,0.029797922163850746,0.045571230958806164,0.9252116369213318,5.665841420675204,0.0,screened out,,,,,,0.20689655172413793,43.05173358428852,0,0.8,9,True,spread > 10%,spread > 10%,99.93000030517578,2026-07-31,102.0,6.5,7.25,8.0,
CTSH,Cognizant,Information Technology,2026-07-29,BMO,2026-07-28,0.1528897870366604,0.1680107549853411,0.03634183286061811,0.029332758102067112,0.043350907619169106,3.2069916402686363,21.31063845335486,0.0,screened out,,,,,,0.19780219780219774,25.94806241873781,859,0.8333333333333333,12,True,spread > 10%,spread > 10%; squeeze risk (13% of float short — no short premium),44.63999938964844,2026-08-21,45.0,6.15,6.825,7.5,
CSX,CSX Corporation,Industrials,2026-07-22,AMC,2026-07-22,0.044402314366373534,0.04789463122665011,0.03376699676848575,0.02749360388613231,0.040040389650839184,0.3149619040984295,2.172703557558739,0.0,screened out,,,,,,0.15730337078651693,65.67395525583851,1482,0.8333333333333333,12,True,spread > 10%,spread > 10%,50.11000061035156,2026-07-24,50.0,2.05,2.2249999999999996,2.4,
CTVA,Corteva,Materials,2026-07-30,AMC,2026-07-30,0.07460536849518083,0.08065445242722254,0.037742981563189976,0.02625077980119666,0.04923518332518329,0.976668652164514,4.1108602224753525,0.0,screened out,,,,,,0.16216216216216228,32.819816813284135,338,0.8333333333333333,12,True,spread > 10%,spread > 10%,86.79000091552734,2026-08-21,85.0,5.949999999999999,6.475,7.0,
CVNA,Carvana,Consumer Discretionary,2026-07-29,AMC,2026-07-29,0.15853848475565432,0.16438142645426568,0.11752549700587761,0.0897498442387788,0.14530114977297642,0.34897097901849844,1.8923855918293873,0.0,screened out,,,,,,0.07371007371007371,28.49312873404669,288,0.8333333333333333,12,True,OI < 500,OI < 500; squeeze risk (14% of float short — no short premium),64.18000030517578,2026-07-31,64.0,9.8,10.175,10.55,
CVX,Chevron Corporation,Energy,2026-07-31,BMO,2026-07-30,0.04863710702302527,0.05535930880669543,0.02595582080418874,0.02122885811333947,0.030682783495038012,0.8738419944391136,6.149474476355201,0.0,screened out,,,,,,0.2764227642276423,59.27531374378101,1409,0.8333333333333333,12,True,spread > 10%,spread > 10%,189.6699981689453,2026-07-31,190.0,7.95,9.225,10.5,
D,Dominion Energy,Utilities,2026-07-31,BMO,2026-07-30,0.05430153133770446,0.058915386941561704,0.02172489475561877,0.01742590510189764,0.0260238844093399,1.4995072219468546,9.711634780852004,0.0,screened out,,,,,,0.1699346405228759,28.326163090725345,1626,0.8333333333333333,12,True,spread > 10%,spread > 10%,70.44000244140625,2026-08-21,70.0,3.5,3.825,4.15,
DECK,Deckers Brands,Consumer Discretionary,2026-07-23,AMC,2026-07-23,0.09130225585168311,0.09802979049338607,0.11190829018876766,0.09537063253530512,0.1284459478422302,-0.18413322464605753,-1.596882349350017,0.0,screened out,,,,,,0.14736842105263143,65.29674299916562,200,0.8333333333333333,12,True,spread > 10%,spread > 10%,104.05000305175781,2026-07-24,104.0,8.8,9.5,10.2,
DHI,D. R. Horton,Consumer Discretionary,2026-07-21,BMO,2026-07-20,0.06284856099948563,0.06975499627415438,0.06152193666094915,0.048635418564087124,0.07440845475781117,0.021563435914697927,0.13193647341265666,0.0,screened out,,,,,,0.21978021978021975,1041.2043672118748,53,0.8124999999999999,12,True,spread > 10%,spread > 10%,144.79249572753906,2026-07-24,145.0,8.100000000000001,9.100000000000001,10.100000000000001,
DHR,Danaher Corporation,Health Care,2026-07-21,BMO,2026-07-20,0.06575029634321371,0.07195315448879991,0.04386918556933987,0.03788681497376794,0.049851556164911805,0.49878087522934367,4.687578464054638,0.0,screened out,,,,,,0.18867924528301888,56.69600789181549,74,0.8333333333333333,12,True,spread > 10%,spread > 10%,201.52000427246094,2026-07-24,202.5,12.0,13.25,14.5,
DGX,Quest Diagnostics,Health Care,2026-07-23,BMO,2026-07-22,0.07583417504385369,0.08088978671344393,0.05612883989321976,0.04990046441558808,0.06235721537085144,0.3510732662232395,4.054726247598569,0.0,screened out,,,,,,0.13333333333333341,51.31211046088306,1149,0.8333333333333333,12,True,spread > 10%,spread > 10%,207.69000244140625,2026-08-21,210.0,14.7,15.75,16.8,
DLR,Digital Realty,Real Estate,2026-07-23,AMC,2026-07-23,0.04649843899175532,0.05216898033221328,0.03109862720974549,0.02388929061594462,0.038307963803546355,0.4951926552302584,2.737616495364448,0.0,screened out,,,,,,0.24390243902439016,73.64429410861152,13,0.8333333333333333,12,True,spread > 10%,spread > 10%,176.35000610351562,2026-07-24,177.5,7.2,8.2,9.2,
DOW,Dow Inc.,Materials,2026-07-23,BMO,2026-07-22,0.06468922950799497,0.07110877136756699,0.04545213930452143,0.033040491399224214,0.05786378720981865,0.4232383887277203,1.9863804543028807,0.0,screened out,,,,,,0.19847328244274814,66.7412981035238,1812,0.8333333333333333,12,True,spread > 10%,spread > 10%,30.375999450683594,2026-07-24,30.5,1.77,1.965,2.16,
DOV,Dover Corporation,Industrials,2026-07-23,BMO,2026-07-22,0.0796489728899777,0.09204941178302811,0.04697433589066427,0.04068276283879843,0.05326590894253011,0.695584863091321,6.655857673924859,0.0,screened out,,,,,,0.3113772455089819,75.90253500481721,1723,0.8333333333333333,12,True,spread > 10%,spread > 10%,209.6699981689453,2026-08-21,210.0,14.1,16.7,19.299999999999997,
DTE,DTE Energy,Utilities,2026-07-28,BMO,2026-07-27,0.05137514106684318,0.061650169280211824,0.013043551901596957,0.010117412545847158,0.015969691257346756,2.9387385778373134,16.78859367297341,0.0,screened out,,,,,,0.4,53.61128216768329,300,0.8333333333333333,12,True,spread > 10%,spread > 10%,145.98500061035156,2026-08-21,145.0,6.0,7.5,9.0,
DPZ,Domino's,Consumer Discretionary,2026-07-20,BMO,2026-07-17,0.08268231115016397,0.09392953729926716,0.05215643354294254,0.04072117534908375,0.06359169173680132,0.5852754019710381,3.421170215677783,0.0,screened out,,,,,,0.27205882352941174,73.68978080710417,807,0.8333333333333333,12,True,spread > 10%,spread > 10%; squeeze risk (12% of float short — no short premium),328.9700012207031,2026-08-21,330.0,23.5,27.2,30.9,
DXCM,Dexcom,Health Care,2026-07-30,AMC,2026-07-30,0.10899722200942662,0.11626370347672174,0.08942833401309598,0.06629373933602756,0.1125629286901644,0.2188220121987842,1.0840685651154607,0.0,screened out,,,,,,0.1333333333333334,74.26565544917679,19,0.8333333333333333,12,True,spread > 10%,spread > 10%,75.69000244140625,2026-07-31,76.0,7.7,8.25,8.8,
ECL,Ecolab,Materials,2026-07-28,BMO,2026-07-27,0.07089427489035034,0.0766625754719799,0.038539896199447504,0.03197524761149355,0.04510454478740146,0.8395035244377919,6.316464800012219,0.0,screened out,,,,,,0.162729658792651,35.6570010924144,1406,0.8333333333333333,12,True,spread > 10%,spread > 10%,268.7099914550781,2026-08-21,270.0,17.5,19.05,20.6,
EFX,Equifax,Industrials,2026-07-21,BMO,2026-07-20,0.1257774309734265,0.1471568176951789,0.05526934252585068,0.04503230523504924,0.06550637981665212,1.275717879484411,8.827081858499195,0.0,screened out,,,,,,0.33995584988962474,60.64378482661151,155,0.8333333333333333,12,True,spread > 10%,spread > 10%,180.0800018310547,2026-08-21,175.0,18.8,22.65,26.5,
EG,Everest Group,Financials,2026-07-29,AMC,2026-07-29,0.06462845297073641,0.07095940346582895,0.04345501827406542,0.0346469332556888,0.05226310329244204,0.48724947169813065,3.080791551244,0.0,screened out,,,,,,0.19591836734693865,59.80088337852839,25,0.8333333333333333,12,True,spread > 10%,spread > 10%,379.0899963378906,2026-08-21,380.0,22.1,24.5,26.9,
EIX,Edison International,Utilities,2026-07-30,AMC,2026-07-30,0.07215894183085517,0.07765984771033739,0.02343786102412059,0.017174634494442086,0.02970108755379909,2.0787340942330146,9.969452145157554,0.0,screened out,,,,,,0.15246636771300442,22.581214490306852,607,0.8333333333333333,12,True,spread > 10%,spread > 10%,77.26000213623047,2026-08-21,77.5,5.15,5.575,6.0,
EQIX,Equinix,Real Estate,2026-07-29,AMC,2026-07-29,0.10532679346231286,0.10881638857935635,0.03616552416618043,0.027785252734554813,0.04454579559780604,1.9123535712723723,10.57687492023506,0.0,screened out,,,,,,0.06626224918338786,10.091182977287094,147,0.8124999999999999,12,True,OI < 500,OI < 500,1017.3099975585938,2026-08-21,1020.0,103.6,107.15,110.7,
EME,Emcor,Industrials,2026-07-30,BMO,2026-07-29,0.13443536157756852,0.14351428794723922,0.05990797230810175,0.04923621027098295,0.07057973434522055,1.244031243223833,8.950190395506223,0.0,screened out,,,,,,0.13506753376688332,24.363999487072487,6,0.8333333333333333,12,True,spread > 10%,spread > 10%,743.47998046875,2026-08-21,740.0,93.2,99.94999999999999,106.69999999999999,
EQR,Equity Residential,Real Estate,2026-07-22,AMC,2026-07-22,0.059567047667143366,0.0871712892689903,0.024805318094137198,0.020386604474592028,0.029224031713682368,1.4013821326976732,10.082262951757082,0.0,screened out,,,,,,0.926829268292683,158.81972468529122,403,0.8333333333333333,12,True,spread > 10%,spread > 10%,68.83000183105469,2026-08-21,70.0,2.2,4.1,6.0,
EQT,EQT Corporation,Energy,2026-07-21,AMC,2026-07-21,0.041764287220868834,0.045635123597437176,0.028593680358049604,0.02446556439929709,0.03272179631680212,0.4606125094040748,4.08889913075261,0.0,screened out,,,,,,0.18536585365853678,58.77992437077063,513,0.8333333333333333,12,True,spread > 10%,spread > 10%,49.084999084472656,2026-07-24,49.0,1.8599999999999999,2.05,2.24,
ES,Eversource Energy,Utilities,2026-07-30,AMC,2026-07-30,0.05231890734177132,0.057382027407104026,0.020527333484148612,0.01713227596372927,0.023922391004567955,1.5487434781615663,12.000998749174867,0.0,screened out,,,,,,0.1935483870967742,31.85196233447069,2079,0.8333333333333333,12,True,spread > 10%,spread > 10%,74.06500244140625,2026-08-21,75.0,3.5,3.875,4.25,
ETN,Eaton Corporation,Industrials,2026-07-31,BMO,2026-07-30,0.08392687972020564,0.08890770344247304,0.0443759129237434,0.034998055490981235,0.05375377035650556,0.8912710565397842,5.405127920719112,0.0,screened out,,,,,,0.11869436201780426,25.18686204511656,48,0.35,0,True,spread > 10%,spread > 10%; thin history (n=0); low-conf moves,401.5400085449219,2026-07-31,400.0,31.7,33.7,35.7,
ESS,Essex Property Trust,Real Estate,2026-07-29,AMC,2026-07-29,0.0718102336869916,0.0813395537971137,0.022948320472964988,0.01759781318407514,0.028298827761854835,2.1292152195447147,11.703830047129898,0.0,screened out,,,,,,0.2654028436018956,39.005104316654375,7,0.8333333333333333,12,True,spread > 10%,spread > 10%,293.8299865722656,2026-08-21,280.0,18.3,21.1,23.9,
ERIE,Erie Indemnity,Financials,2026-07-30,AMC,2026-07-30,0.11199502517757898,0.1195502451300347,0.05168435200975134,0.04278718625677554,0.06058151776272714,1.1669039239661698,8.687503512681625,0.0,screened out,,,,,,0.13492063492063486,25.054337998953088,410,0.8333333333333333,12,True,spread > 10%,spread > 10%; squeeze risk (12% of float short — no short premium),225.00999450683594,2026-08-21,230.0,23.5,25.2,26.9,
EW,Edwards Lifesciences,Health Care,2026-07-23,AMC,2026-07-23,0.08822491249889723,0.09528290549880901,0.0625956926239313,0.04410527045298227,0.08108611479488034,0.40944063082652876,1.7764012031787195,0.0,screened out,,,,,,0.1599999999999999,55.07770454461527,597,0.8333333333333333,12,True,spread > 10%,spread > 10%,85.01000213623047,2026-08-21,85.0,6.9,7.5,8.1,
EXC,Exelon,Utilities,2026-07-30,BMO,2026-07-29,0.05493907855305111,0.0630983476450884,0.020805276599131645,0.015847810917076884,0.025762742281186406,1.6406319709945176,8.824242746146751,0.0,screened out,,,,,,0.2970297029702968,47.80756098047489,115,0.8333333333333333,12,True,spread > 10%,spread > 10%,45.959999084472656,2026-08-21,46.0,2.1500000000000004,2.5250000000000004,2.9,
ETR,Entergy,Utilities,2026-07-29,BMO,2026-07-28,0.06499017188969616,0.07146685568626382,0.027861902459166074,0.018652208145383826,0.03707159677294832,1.3325819902264264,5.166685069118834,0.0,screened out,,,,,,0.1993127147766322,34.88815339850968,116,0.8333333333333333,12,True,spread > 10%,spread > 10%,111.94000244140625,2026-08-21,110.0,6.550000000000001,7.275,8.0,
EXR,Extra Space Storage,Real Estate,2026-07-28,AMC,2026-07-28,0.06959532920257493,0.0794405221141587,0.0386339232822323,0.029903507939004058,0.04736433862546054,0.8014046539917872,4.545045827434666,0.0,screened out,,,,,,0.28292682926829255,63.596549439088385,13,0.8333333333333333,12,True,spread > 10%,spread > 10%,147.27999877929688,2026-08-21,145.0,8.8,10.25,11.7,
FANG,Diamondback Energy,Energy,2026-08-03,AMC,2026-08-03,0.09545500836273463,0.104923735733837,0.021073956556809954,0.017873594294744333,0.024274318818875575,3.529524776489528,29.786239240599592,0.0,screened out,,,,,,0.1983914209115283,25.46005236873555,292,0.8333333333333333,12,True,spread > 10%,spread > 10%,195.3800048828125,2026-08-21,195.0,16.799999999999997,18.65,20.5,
FICO,Fair Isaac,Information Technology,2026-07-29,AMC,2026-07-29,0.1404385558055095,0.1502439504676059,0.041407179272338696,0.03482870323211255,0.047985655312564844,2.3916474938278856,19.293011236770976,0.0,screened out,,,,,,0.1396396396396397,19.80260197395529,138,0.8333333333333333,12,True,spread > 10%,spread > 10%; squeeze risk (11% of float short — no short premium),1264.6099853515625,2026-08-21,1260.0,165.2,177.6,190.0,
FFIV,"F5, Inc.",Information Technology,2026-07-27,AMC,2026-07-27,0.13145756029040298,0.13740531694250802,0.06671312171769628,0.0562005441047174,0.07722569933067515,0.9704903159333441,7.8930663372547,0.0,screened out,,,,,,0.09048938134810695,18.373027191905628,31,0.8333333333333333,12,True,OI < 500,OI < 500; wide market,411.9200134277344,2026-08-21,410.0,51.7,54.15,56.599999999999994,
FE,FirstEnergy,Utilities,2026-07-28,AMC,2026-07-28,0.054079108992358814,0.06695508732387283,0.020720714554468143,0.014323955407289417,0.02711747370164687,1.6099056019618483,6.683402849465795,0.0,screened out,,,,,,0.47619047619047616,77.1978301023302,32,0.8333333333333333,12,True,spread > 10%,spread > 10%,48.540000915527344,2026-08-21,49.0,2.0,2.625,3.25,
FIX,Comfort Systems USA,Industrials,2026-07-23,AMC,2026-07-23,0.18548344689012164,0.19473281808159065,0.07661943338512488,0.06096799839608469,0.09227086837416507,1.4208407540394568,8.914206256851328,0.0,screened out,,,,,,0.09973257826018576,16.992522861642417,24,0.8333333333333333,12,True,OI < 500,OI < 500; wide market,1713.6300048828125,2026-08-21,1720.0,302.0,317.85,333.70000000000005,
FRT,Federal Realty Investment Trust,Real Estate,2026-07-31,BMO,2026-07-30,0.049571970147574335,0.057336254628519705,0.02411051392853404,0.019231450126768287,0.028989577730299795,1.0560312523619604,6.688045825207819,0.0,screened out,,,,,,0.31325301204819267,60.988534309669035,693,0.8333333333333333,12,True,spread > 10%,spread > 10%,125.57499694824219,2026-08-21,125.0,5.25,6.225,7.199999999999999,
FSLR,First Solar,Information Technology,2026-07-30,AMC,2026-07-30,0.12042764743077694,0.12956017883351534,0.06347905296090103,0.051815599461065946,0.07514250646073611,0.8971241978822926,6.257607892347233,0.0,screened out,,,,,,0.15166835187057634,32.07289481944713,502,0.8333333333333333,12,True,spread > 10%,spread > 10%; squeeze risk (8% of float short — no short premium),205.30999755859375,2026-07-31,205.0,22.85,24.725,26.6,
FLEX,Flex Ltd.,Information Technology,2026-07-29,BMO,2026-07-28,0.22767074611162394,0.2360103338812805,0.09183184282216121,0.0688885930119544,0.11477509263236803,1.4792135180443269,7.587902319676052,0.0,screened out,,,,,,0.07326007326007326,12.278644140530941,282,0.8333333333333333,12,True,OI < 500,OI < 500,119.91000366210938,2026-08-21,120.0,26.3,27.3,28.3,
FTNT,Fortinet,Information Technology,2026-07-29,AMC,2026-07-29,0.1415564973409876,0.15153404781436117,0.10755448529527939,0.08779568994877279,0.127313280641786,0.3161375553270448,2.2054471375191484,0.0,screened out,,,,,,0.14096916299559467,58.688000345161655,80,0.8333333333333333,12,True,spread > 10%,spread > 10%,160.36000061035156,2026-07-31,160.0,21.1,22.700000000000003,24.3,
FTV,Fortive,Industrials,2026-07-29,BMO,2026-07-28,0.08933547443944628,0.12211913478419721,0.05136471302412316,0.043316347097884,0.059413078950362325,0.7392382665019536,6.046361245979964,0.0,screened out,,,,,,0.7339449541284403,172.67844585029076,50,0.8333333333333333,12,True,spread > 10%,spread > 10%,61.00600051879883,2026-08-21,60.0,3.45,5.449999999999999,7.449999999999999,
GEV,GE Vernova,Industrials,2026-07-22,BMO,2026-07-21,0.08256502595204511,0.08751985364518522,0.055872099310305914,0.042630330646300355,0.06911386797431147,0.4777505583509646,2.5834656723042864,0.0,screened out,,,,,,0.12002243409983177,37.12464923492017,115,0.8,9,True,spread > 10%,spread > 10%,1079.7550048828125,2026-07-24,1080.0,83.8,89.15,94.5,
GEHC,GE HealthCare,Health Care,2026-07-29,BMO,2026-07-28,0.07560082542687815,0.08276300888837188,0.06592917892643252,0.0545781309208217,0.07728022693204334,0.1466975117532982,1.091985704654248,0.0,screened out,,,,,,0.18947368421052638,148.1068081047775,45,0.8333333333333333,12,True,spread > 10%,spread > 10%,62.83000183105469,2026-07-31,63.0,4.3,4.75,5.2,
GD,General Dynamics,Industrials,2026-07-29,BMO,2026-07-28,0.046952157834652675,0.05126959763554029,0.042413852982619,0.03666916289517314,0.04815854307006486,0.10700053244145136,1.0124639292686946,0.0,screened out,,,,,,0.18390804597701146,190.2666278116113,14,0.8333333333333333,12,True,spread > 10%,spread > 10%,370.5899963378906,2026-07-31,370.0,15.8,17.4,19.0,
GDDY,GoDaddy,Information Technology,2026-07-30,AMC,2026-07-30,0.11808740424745992,0.1265222188365642,0.06768323763028128,0.05448815776565971,0.08087831749490285,0.7447067897743114,4.895611136827993,0.0,screened out,,,,,,0.14285714285714282,33.46871957299476,2,0.8333333333333333,12,True,spread > 10%,spread > 10%,94.84500122070312,2026-07-31,91.0,10.4,11.2,12.0,
GL,Globe Life,Financials,2026-07-22,AMC,2026-07-22,0.07053334150182053,0.07595898315580672,0.03315910010360376,0.02337541294125324,0.04294278726595428,1.1271186878245498,4.895784889798844,0.0,screened out,,,,,,0.15384615384615385,29.034123241067665,66,0.8333333333333333,12,True,spread > 10%,spread > 10%,184.30999755859375,2026-08-21,185.0,12.0,13.0,14.0,
GLW,Corning Inc.,Information Technology,2026-07-28,BMO,2026-07-27,0.16346906226858277,0.1719524866577707,0.06179026986048135,0.05208926786966786,0.07149127185129484,1.6455469872147495,13.432791836721949,0.0,screened out,,,,,,0.10379241516966073,16.686713498993132,139,0.8333333333333333,12,True,spread > 10%,spread > 10%,153.24000549316406,2026-07-31,152.5,23.75,25.05,26.35,
GNRC,Generac,Industrials,2026-07-29,BMO,2026-07-28,0.13747716166947113,0.14707948471623147,0.08713792094936396,0.06728868054209589,0.10698716135663203,0.5776961416070441,3.250238779075213,0.0,screened out,,,,,,0.13969335604770022,38.15044847478143,19,0.8333333333333333,12,True,spread > 10%,spread > 10%,213.49000549316406,2026-07-31,215.0,27.299999999999997,29.349999999999998,31.4,
GRMN,Garmin,Consumer Discretionary,2026-07-29,BMO,2026-07-28,0.09765225901723439,0.10418964874223753,0.08550722054649848,0.0705720161911103,0.10044242490188666,0.14203523858118489,1.0421739759107957,0.0,screened out,,,,,,0.13389121338912133,107.65531522613641,281,0.8333333333333333,12,True,spread > 10%,spread > 10%,244.74600219726562,2026-08-21,240.0,22.3,23.9,25.5,
GPC,Genuine Parts Company,Consumer Discretionary,2026-07-21,BMO,2026-07-20,0.0906714602681294,0.10210750030194754,0.06979349655621045,0.053368088442963244,0.08621890466945765,0.2991390995163025,1.6290126923309423,0.0,screened out,,,,,,0.25225225225225234,109.55129716304126,319,0.8124999999999999,12,True,spread > 10%,spread > 10%,122.41999816894531,2026-08-21,120.0,9.7,11.1,12.5,
GM,General Motors,Consumer Discretionary,2026-07-21,BMO,2026-07-20,0.06574349094142054,0.0692383806303827,0.06224527391506132,0.05203020519495299,0.07246034263516965,0.05620052425398298,0.43889229371081784,0.0,screened out,,,,,,0.1063189568706117,199.80976952704904,333,0.8333333333333333,12,True,spread > 10%,spread > 10%,75.82499694824219,2026-07-24,76.0,4.720000000000001,4.985,5.25,
HAL,Halliburton,Energy,2026-07-21,BMO,2026-07-20,0.04369484637998488,0.07144890189821632,0.0404453723903245,0.03379311568276025,0.047097629097888755,0.08034229375615116,0.6260320441953594,0.0,screened out,,,,,,1.270358306188925,1708.2183520497842,490,0.8333333333333333,12,True,spread > 10%,spread > 10%,35.130001068115234,2026-07-24,35.0,0.56,1.535,2.51,
HAS,Hasbro,Consumer Discretionary,2026-07-21,BMO,2026-07-20,0.1072435395604556,0.11521020249923229,0.06532215405207151,0.05174096579806852,0.07890334230607449,0.6417636729334811,3.9559460234791657,0.0,screened out,,,,,,0.14857142857142844,38.007631866954384,237,0.8333333333333333,12,True,spread > 10%,spread > 10%,81.58999633789062,2026-08-21,82.5,8.100000000000001,8.75,9.4,
HCA,HCA Healthcare,Health Care,2026-07-24,BMO,2026-07-23,0.09834340211370284,0.10414417891876349,0.04909184781482623,0.043464427649689594,0.05471926797996286,1.0032532180221203,11.216648150868558,0.0,screened out,,,,,,0.11796982167352531,23.55571062736174,166,0.8333333333333333,12,True,spread > 10%,spread > 10%,370.6400146484375,2026-08-21,370.0,34.3,36.449999999999996,38.599999999999994,
HIG,Hartford (The),Financials,2026-07-23,AMC,2026-07-23,0.0608540925266904,0.06975088967971531,0.03536142434402771,0.029067440443076353,0.04165540824497907,0.7209174589418996,5.190894043748999,0.0,screened out,,,,,,0.29239766081871355,69.79886992822146,474,0.8333333333333333,12,True,spread > 10%,spread > 10%,140.5,2026-08-21,140.0,7.3,8.55,9.8,
HII,Huntington Ingalls Industries,Industrials,2026-07-30,BMO,2026-07-29,0.11964070476811219,0.13408648645837962,0.08288782043824475,0.06588536347480392,0.09989027740168557,0.44340512436625157,2.7703347027102763,0.0,screened out,,,,,,0.24148606811145526,78.61032924987593,125,0.8333333333333333,12,True,spread > 10%,spread > 10%,269.9750061035156,2026-08-21,270.0,28.4,32.3,36.2,
HON,Honeywell Technologies,Industrials,2026-07-23,BMO,2026-07-22,0.04774958152678566,0.05172871332068446,0.04516638122559749,0.039308798493861284,0.0510239639573337,0.05719298803872681,0.5651869820063951,0.0,screened out,,,,,,0.16666666666666655,308.07768116692733,337,0.8333333333333333,12,True,spread > 10%,spread > 10%,226.17999267578125,2026-07-24,225.0,9.9,10.8,11.7,
HLT,Hilton Worldwide,Consumer Discretionary,2026-07-28,BMO,2026-07-27,0.052105880838569964,0.055352834837412594,0.032901026195534,0.028176093330803193,0.03762595906026481,0.5837159767874609,5.209162207200412,0.0,screened out,,,,,,0.12462908011869422,33.81388778196288,27,0.8333333333333333,12,True,spread > 10%,spread > 10%,323.3800048828125,2026-07-31,325.0,15.8,16.85,17.9,
HUBB,Hubbell Incorporated,Industrials,2026-07-28,BMO,2026-07-27,0.11613049218752408,0.12777445458077183,0.04488229217425359,0.038915177009852066,0.05084940733865511,1.5874456620141502,15.302485476022428,0.0,screened out,,,,,,0.20053238686779054,32.685632454094225,711,0.8333333333333333,12,True,spread > 10%,spread > 10%,485.2300109863281,2026-08-21,490.0,50.7,56.35,62.0,
HSY,Hershey Company (The),Consumer Staples,2026-07-30,BMO,2026-07-29,0.05881667789542451,0.06114605127742152,0.030705692680238206,0.02512929820551937,0.036282087154957045,0.9154975107686848,6.460633087403534,0.0,screened out,,,,,,0.07920792079207928,16.572691167996652,6,0.8333333333333333,12,True,OI < 500,OI < 500,171.72000122070312,2026-07-31,172.5,9.7,10.1,10.5,
HUM,Humana,Health Care,2026-07-29,BMO,2026-07-28,0.1029504080351538,0.11173885750156937,0.06073863602818218,0.05145804409025247,0.07001922796611189,0.694973986366532,5.8292194469874525,0.0,screened out,,,,,,0.17073170731707318,41.6398035361514,7,0.8333333333333333,12,True,spread > 10%,spread > 10%,398.25,2026-07-31,397.5,37.5,41.0,44.5,
IBKR,Interactive Brokers,Financials,2026-07-21,AMC,2026-07-21,0.060809336621318315,0.06708115160916729,0.04533095987045535,0.037329741371118046,0.053332178369792656,0.34145265829570626,2.4792583336586755,0.0,screened out,,,,,,0.20627802690582966,81.0396993017928,146,0.8333333333333333,12,True,spread > 10%,spread > 10%,91.68000030517578,2026-07-24,92.0,5.0,5.575,6.15,
IEX,IDEX Corporation,Industrials,2026-07-29,BMO,2026-07-28,0.08539670781915701,0.09488523091017446,0.056460971440422676,0.04787831351841324,0.0650436293624321,0.5124909409195548,4.320810648632207,0.0,screened out,,,,,,0.2222222222222222,65.58342229016726,364,0.8333333333333333,12,True,spread > 10%,spread > 10%,221.32000732421875,2026-08-21,230.0,16.8,18.9,21.0,
ICE,Intercontinental Exchange,Financials,2026-07-30,BMO,2026-07-29,0.057909602023642925,0.06285310463541732,0.027007148920399095,0.02099419223267607,0.03302010560812212,1.1442323361983067,6.586540691034759,0.0,screened out,,,,,,0.17073170731707302,31.994240685413235,4,0.8333333333333333,12,True,spread > 10%,spread > 10%,141.60000610351562,2026-07-31,142.0,7.5,8.2,8.899999999999999,
INCY,Incyte,Health Care,2026-07-28,BMO,2026-07-27,0.09468222961976985,0.11759619386565023,0.052672378579913776,0.042404199683356646,0.0629405574764709,0.7975688999143894,5.243366485437043,0.0,screened out,,,,,,0.4840182648401827,109.0885288983347,214,0.8333333333333333,12,True,spread > 10%,spread > 10%,115.6500015258789,2026-08-21,115.0,8.3,10.950000000000001,13.600000000000001,
INVH,Invitation Homes,Real Estate,2026-07-29,AMC,2026-07-29,0.06068162772081769,0.06816292428913767,0.033181472648139185,0.027367179541110547,0.03899576575516782,0.8287804270863401,6.061648095886267,0.0,screened out,,,,,,0.24657534246575327,54.40912277438521,1180,0.8333333333333333,12,True,spread > 10%,spread > 10%,30.075000762939453,2026-08-21,30.0,1.6,1.825,2.05,
IQV,IQVIA,Health Care,2026-07-28,BMO,2026-07-27,0.11595979580231043,0.12208874906881732,0.0709674938486658,0.0585937687048472,0.0833412189924844,0.6339846528833073,4.660046470532489,0.0,screened out,,,,,,0.10570824524312897,27.244452941401075,785,0.8333333333333333,12,True,spread > 10%,spread > 10%,203.9499969482422,2026-08-21,200.0,22.4,23.65,24.9,
IP,International Paper,Materials,2026-07-30,BMO,2026-07-29,0.09098428338435897,0.0978770321255983,0.05942445226294174,0.048220836509117695,0.07062806801676579,0.5310916620951097,3.610180896413092,0.0,screened out,,,,,,0.15151515151515152,43.680517267164575,94,0.8333333333333333,12,True,spread > 10%,spread > 10%; squeeze risk (19% of float short — no short premium),36.27000045776367,2026-07-31,36.0,3.05,3.3,3.55,
IR,Ingersoll Rand,Industrials,2026-07-30,AMC,2026-07-30,0.09664546407344007,0.10724528916536576,0.053716538602649515,0.04494197332141813,0.0624911038838809,0.7991751998084465,6.270135228356777,0.0,screened out,,,,,,0.21935483870967734,49.38313724688008,17,0.8333333333333333,12,True,spread > 10%,spread > 10%,80.19000244140625,2026-08-21,80.0,6.9,7.75,8.6,
IVZ,Invesco,Financials,2026-07-28,BMO,2026-07-27,0.09691555406273926,0.10787122539157067,0.04448273816116137,0.03618493771817288,0.05278053860414986,1.1787227600875942,8.098278251104896,0.0,screened out,,,,,,0.22608695652173924,41.789368510729574,531,0.8333333333333333,12,True,spread > 10%,spread > 10%,29.665000915527344,2026-08-21,30.0,2.55,2.875,3.2,
ITW,Illinois Tool Works,Industrials,2026-07-28,BMO,2026-07-27,0.06625075733732663,0.07140359401911871,0.03255427254992851,0.027143507499104415,0.0379650376007526,1.0350864002787286,7.981387936434615,0.0,screened out,,,,,,0.1555555555555554,30.58382329375279,196,0.8333333333333333,12,True,spread > 10%,spread > 10%,271.69500732421875,2026-08-21,270.0,16.6,18.0,19.4,
KEY,KeyCorp,Financials,2026-07-21,BMO,2026-07-20,0.07069408694142838,0.07497857705909071,0.02951249412159292,0.023692820605059013,0.03533216763812683,1.395395206185058,9.068950209656258,0.0,screened out,,,,,,0.12121212121212119,20.807792143477574,2277,0.8333333333333333,12,True,spread > 10%,spread > 10%,23.34000015258789,2026-08-21,23.0,1.55,1.65,1.75,
KKR,KKR & Co.,Financials,2026-07-30,BMO,2026-07-29,0.07322607329868473,0.07838283902394423,0.03410211697760327,0.02711177725654348,0.04109245669866306,1.1472588738926768,7.172936426828796,0.0,screened out,,,,,,0.14084507042253522,26.361166968591206,30,0.8333333333333333,12,True,spread > 10%,spread > 10%,96.95999908447266,2026-07-31,97.0,6.6,7.1,7.6,
KO,Coca-Cola Company (The),Consumer Staples,2026-07-28,BMO,2026-07-27,0.03939836775000786,0.04250395778903475,0.024533730086291047,0.019741271280505103,0.02932618889207699,0.6058857585631819,3.9751034702311343,0.0,screened out,,,,,,0.1576506955177744,41.784941002730925,796,0.8333333333333333,12,True,spread > 10%,spread > 10%,82.11000061035156,2026-07-31,82.0,2.98,3.2350000000000003,3.49,
KMI,Kinder Morgan,Energy,2026-07-22,AMC,2026-07-22,0.03175333521210629,0.03436109704111985,0.021822696102421997,0.017629729641616403,0.02601566256322759,0.45506013844834414,3.0353467412487087,0.0,screened out,,,,,,0.1642512077294686,52.519516623466636,1568,0.8333333333333333,12,True,spread > 10%,spread > 10%,32.595001220703125,2026-07-24,32.5,0.9500000000000001,1.0350000000000001,1.12,
L,Loews Corporation,Financials,2026-08-03,BMO,2026-07-31,0.05955237380643633,0.07416779155380349,0.027017588652292354,0.021380855819734465,0.03265432148485024,1.2042075839134336,7.397295896784497,0.0,screened out,,,,,,0.49084249084249076,89.84487020966591,6,0.8333333333333333,12,True,spread > 10%,spread > 10%,114.6050033569336,2026-08-21,115.0,5.15,6.825,8.5,
LHX,L3Harris,Industrials,2026-07-29,AMC,2026-07-29,0.05221513211521171,0.05595751359787193,0.02819920164252431,0.022209162857788685,0.03418924042725994,0.8516528509258025,5.1383334231874445,0.0,screened out,,,,,,0.14334470989761078,31.16582542505542,3,0.8333333333333333,12,True,spread > 10%,spread > 10%,280.57000732421875,2026-07-31,282.5,13.600000000000001,14.65,15.7,
LII,Lennox International,Industrials,2026-07-29,BMO,2026-07-28,0.10776265631836471,0.1161962555084976,0.057946768080753545,0.05017678274552174,0.06571675341598536,0.8596836353010864,8.216751977102378,0.0,screened out,,,,,,0.1565217391304348,33.85907383566632,6,0.8333333333333333,12,True,spread > 10%,spread > 10%; squeeze risk (10% of float short — no short premium),533.5800170898438,2026-08-21,530.0,53.0,57.5,62.0,
LIN,Linde plc,Materials,2026-07-31,BMO,2026-07-30,0.061712724838061055,0.06737623439598438,0.026193550959048854,0.0216695070433526,0.030717594874745107,1.3560274410500155,10.062098001614174,0.0,screened out,,,,,,0.18354430379746836,31.88987208550938,28,0.8124999999999999,12,True,spread > 10%,spread > 10%,512.0499877929688,2026-08-21,510.0,28.7,31.6,34.5,
LH,Labcorp,Health Care,2026-07-30,BMO,2026-07-29,0.06908652899750337,0.07388173795105758,0.04601668142075635,0.03901838033668573,0.05301498250482697,0.5013366210789181,4.224784886957377,0.0,screened out,,,,,,0.1388174807197943,41.57122354278137,289,0.8333333333333333,12,True,spread > 10%,spread > 10%,281.531005859375,2026-08-21,280.0,18.1,19.450000000000003,20.8,
LMT,Lockheed Martin,Industrials,2026-07-23,BMO,2026-07-22,0.0499524043528753,0.05377979879248657,0.046131897653725655,0.03768766419695313,0.05457613111049818,0.08281702885554491,0.5798467570437853,0.0,screened out,,,,,,0.15324165029469544,200.36056685691247,216,0.8333333333333333,12,True,spread > 10%,spread > 10%,509.4849853515625,2026-07-24,510.0,23.5,25.45,27.4,
LNT,Alliant Energy,Utilities,2026-07-30,AMC,2026-07-30,0.04867496004006567,0.0635478644967524,0.014020477504582792,0.011232612054884381,0.016808342954281203,2.4717048705477804,15.930892512147402,0.0,screened out,,,,,,0.6111111111111112,85.83538618104195,59,0.8333333333333333,12,True,spread > 10%,spread > 10%; squeeze risk (11% of float short — no short premium),73.95999908447266,2026-08-21,75.0,2.5,3.6,4.7,
LRCX,Lam Research,Information Technology,2026-07-29,AMC,2026-07-29,0.1613639275791511,0.17081757182116197,0.054548850495841,0.04521473352248613,0.06388296746919588,1.9581545002759326,14.666004634476705,0.0,screened out,,,,,,0.11717171717171711,17.70095477183905,174,0.8333333333333333,12,True,spread > 10%,spread > 10%,306.760009765625,2026-07-31,305.0,46.6,49.5,52.4,
LYV,Live Nation Entertainment,Communication Services,2026-07-30,AMC,2026-07-30,0.0663074987997853,0.070727998719771,0.05770631759070007,0.04352093997499591,0.07189169520640423,0.14905094568833466,0.7770870918064336,0.0,screened out,,,,,,0.13333333333333344,102.78820577146823,186,0.35,0,True,spread > 10%,spread > 10%; thin history (n=0); low-conf moves; squeeze risk (15% of float short — no short premium),180.97500610351562,2026-07-31,180.0,11.2,12.0,12.8,
LUV,Southwest Airlines,Industrials,2026-07-22,AMC,2026-07-22,0.07414684825520397,0.08024819281176887,0.06683717671741685,0.05459227701566916,0.07908207641916452,0.1093653546841443,0.7650593529558188,0.0,screened out,,,,,,0.1645746164574616,166.93895272924877,346,0.8333333333333333,12,True,spread > 10%,spread > 10%; squeeze risk (8% of float short — no short premium),48.349998474121094,2026-07-24,48.5,3.29,3.585,3.88,
LVS,Las Vegas Sands,Consumer Discretionary,2026-07-22,AMC,2026-07-22,0.07106211064978855,0.07553760456168,0.07572769652864196,0.06389264254386497,0.08756275051341895,-0.06161003295655209,-0.5052292004776348,0.0,screened out,,,,,,0.12596006144393246,191.85131420156495,704,0.8333333333333333,12,True,spread > 10%,spread > 10%; squeeze risk (13% of float short — no short premium),45.80500030517578,2026-07-24,46.0,3.05,3.255,3.46,
MAR,Marriott International,Consumer Discretionary,2026-08-03,BMO,2026-07-31,0.06554383800740578,0.07194832945511488,0.05307350817234587,0.0433691714879857,0.06277784485670604,0.23496336052564945,1.6468899664590013,0.0,screened out,,,,,,0.1954261954261954,102.71567043404227,15,0.35,0,True,spread > 10%,spread > 10%; thin history (n=0); low-conf moves,366.92999267578125,2026-08-07,365.0,21.7,24.049999999999997,26.4,
MA,Mastercard,Financials,2026-07-30,BMO,2026-07-29,0.04995296798857944,0.0526012971872427,0.03022133884676683,0.024555003508345042,0.03588767418518862,0.6529038717265022,4.462859043423711,0.0,screened out,,,,,,0.10603290676416827,26.843492543160362,191,0.8333333333333333,12,True,spread > 10%,spread > 10%,547.5150146484375,2026-07-31,550.0,25.9,27.35,28.8,
MAA,Mid-America Apartment Communities,Real Estate,2026-07-29,AMC,2026-07-29,0.05775484817759265,0.07102537963587446,0.024208677082640816,0.01958986487676886,0.02882748928851277,1.3857085614565288,9.308188113955579,0.0,screened out,,,,,,0.459546925566343,79.1180097467446,99,0.8333333333333333,12,True,spread > 10%,spread > 10%,133.7550048828125,2026-08-21,135.0,5.95,7.725,9.5,
MAS,Masco,Industrials,2026-07-29,BMO,2026-07-28,0.11678926635035217,0.13679184787997048,0.05577515726513107,0.047038970414592894,0.06451134411566924,1.093929843983878,8.950779503852107,0.0,screened out,,,,,,0.34254143646408836,65.56706909111738,494,0.8333333333333333,12,True,spread > 10%,spread > 10%,77.48999786376953,2026-08-21,75.0,7.5,9.05,10.6,
MCO,Moody's Corporation,Financials,2026-07-22,BMO,2026-07-21,0.07669242650208462,0.08708301331849608,0.03388998163041812,0.026930826197447643,0.040849137063388594,1.2629822387761034,7.8825101516827285,0.0,screened out,,,,,,0.2709677419354839,48.551370593737346,151,0.8333333333333333,12,True,spread > 10%,spread > 10%,505.2650146484375,2026-08-21,510.0,33.5,38.75,44.0,
MDLZ,Mondelez International,Consumer Staples,2026-07-28,AMC,2026-07-28,0.04894640745966672,0.053924008218276885,0.03058541950034311,0.025851287214704068,0.03531955178598215,0.6003183300826602,4.970592444163761,0.0,screened out,,,,,,0.2033898305084746,54.21931292191253,142,0.8333333333333333,12,True,spread > 10%,spread > 10%,60.27000045776367,2026-07-31,60.0,2.65,2.95,3.25,
MGM,MGM Resorts,Consumer Discretionary,2026-07-29,AMC,2026-07-29,0.06040992647633727,0.07982740284373138,0.05908890856145564,0.04500123926979602,0.07317657785311527,0.022356444670283592,0.12017719359117973,0.0,screened out,,,,,,0.6428571428571428,2939.774873398902,26,0.8333333333333333,12,True,spread > 10%,spread > 10%; squeeze risk (15% of float short — no short premium),46.349998474121094,2026-07-31,46.0,1.9,2.8,3.6999999999999997,
MLM,Martin Marietta Materials,Materials,2026-07-30,BMO,2026-07-29,0.0879664759754413,0.0975398296236926,0.030277684490439383,0.02409024306542968,0.036465125915449086,1.905323754305518,11.949035164734916,0.0,screened out,,,,,,0.21765913757700206,33.18964880982199,39,0.8333333333333333,12,True,spread > 10%,spread > 10%,553.6199951171875,2026-08-21,550.0,43.4,48.7,54.0,
MMM,3M,Industrials,2026-07-21,BMO,2026-07-20,0.057424376868923994,0.05962093773276261,0.058023180346892585,0.044833064820067686,0.07121329587371748,-0.010320073363587335,-0.0581819420613732,0.0,screened out,,,,,,0.07650273224043708,733.6500019306299,255,0.8333333333333333,12,True,OI < 500,OI < 500,159.33999633789062,2026-07-24,160.0,8.8,9.15,9.5,
MO,Altria,Consumer Staples,2026-07-30,BMO,2026-07-29,0.05418257405586816,0.058268033904332876,0.042158100128929045,0.03537455055315477,0.04894164970470332,0.28522333525859905,2.271755459678528,0.0,screened out,,,,,,0.15080346106304066,67.95240895008016,2513,0.8333333333333333,12,True,spread > 10%,spread > 10%,74.65499877929688,2026-07-31,75.0,3.74,4.045,4.35,
MPWR,Monolithic Power Systems,Information Technology,2026-07-30,AMC,2026-07-30,0.2142158259634579,0.22313364622576945,0.07552662046981158,0.06266779432019186,0.0883854466194313,1.8362956614625858,13.82273029376897,0.0,screened out,,,,,,0.08326014403653606,12.86015047900764,98,0.8333333333333333,12,True,OI < 500,OI < 500; wide market,1328.800048828125,2026-08-21,1320.0,272.8,284.65,296.5,
MRNA,Moderna,Health Care,2026-07-31,BMO,2026-07-30,0.13556899936883401,0.16389308665172123,0.061364233827482434,0.04725991717820202,0.07546855047676285,1.209251072049048,6.742675301652997,0.0,screened out,,,,,,0.41785492870427776,76.34034573454245,65,0.8333333333333333,12,True,spread > 10%,spread > 10%; squeeze risk (14% of float short — no short premium),59.4900016784668,2026-07-31,59.0,6.38,8.065,9.75,
MSCI,MSCI Inc.,Financials,2026-07-21,BMO,2026-07-20,0.08519496990955616,0.09063976121956538,0.05671129337509055,0.04728987093887764,0.06613271581130346,0.5022575723334952,3.8746463279535055,0.0,screened out,,,,,,0.12781954887218053,38.230958727683664,200,0.8333333333333333,12,True,spread > 10%,spread > 10%,624.4500122070312,2026-08-21,620.0,49.8,53.2,56.6,
MSFT,Microsoft,Information Technology,2026-07-29,AMC,2026-07-29,0.08606974884919019,0.08886623888400141,0.05447982929556959,0.04529148940460392,0.06366816918653526,0.5798461552116052,4.406197570001433,0.0,screened out,,,,,,0.06498194945848375,17.704951923441797,163,0.8333333333333333,12,True,OI < 500,OI < 500,402.2900085449219,2026-07-31,402.5,33.5,34.625,35.75,
MTD,Mettler Toledo,Health Care,2026-07-30,AMC,2026-07-30,0.08886652309593987,0.09594438776729793,0.05663416003109788,0.04371819436456946,0.0695501256976263,0.569132888121642,3.198289432663429,0.0,screened out,,,,,,0.1592920353982301,43.917752211461945,3,0.8333333333333333,12,True,spread > 10%,spread > 10%,1271.5699462890625,2026-08-21,1300.0,104.0,113.0,122.0,
NCLH,Norwegian Cruise Line Holdings,Consumer Discretionary,2026-07-30,BMO,2026-07-29,0.10357380777998336,0.1122904153654275,0.08597507770847737,0.07225079377140704,0.0996993616455477,0.20469571578846862,1.6434032232982718,0.0,screened out,,,,,,0.16831683168316844,99.05950656697851,460,0.8333333333333333,12,True,spread > 10%,spread > 10%; squeeze risk (21% of float short — no short premium),19.503000259399414,2026-07-31,19.5,1.85,2.0200000000000005,2.1900000000000004,
NDAQ,"Nasdaq, Inc.",Financials,2026-07-23,BMO,2026-07-22,0.043811906821236576,0.051703492521956204,0.02731678323135185,0.020679858015199996,0.03395370844750371,0.60384575483079,3.185232574468196,0.0,screened out,,,,,,0.36024844720496896,95.68386266058627,63,0.8333333333333333,12,True,spread > 10%,spread > 10%,91.87000274658203,2026-07-24,92.0,3.3,4.025,4.75,
NEE,NextEra Energy,Utilities,2026-07-24,BMO,2026-07-23,0.035827845644677794,0.03815580391953007,0.03370791855151418,0.02805821796556608,0.039357619137462274,0.0628910708302512,0.4808924864719282,0.0,screened out,,,,,,0.1299524564183834,219.62625812552952,405,0.8333333333333333,12,True,spread > 10%,spread > 10%,88.05999755859375,2026-07-24,88.0,2.95,3.1550000000000002,3.36,
NEM,Newmont,Materials,2026-07-23,AMC,2026-07-23,0.063592560912689,0.06913940102754028,0.0587365093105203,0.050103557084565896,0.06736946153647472,0.08267518208302735,0.7209023715698097,0.0,screened out,,,,,,0.1744493392070485,228.45062488109016,77,0.8333333333333333,12,True,spread > 10%,spread > 10%,89.23999786376953,2026-07-24,89.0,5.18,5.675,6.17,
NOC,Northrop Grumman,Industrials,2026-07-21,BMO,2026-07-20,0.08501583592140463,0.08911873260448028,0.04639520358295673,0.036723331612653135,0.05606707555326032,0.83242726307672,5.117541108580368,0.0,screened out,,,,,,0.09652076318742996,21.24717507015597,128,0.8333333333333333,12,True,OI < 500,OI < 500; wide market,524.02001953125,2026-08-21,525.0,42.4,44.55,46.7,
NSC,Norfolk Southern,Industrials,2026-07-23,BMO,2026-07-22,0.06715696008365472,0.07432036915924456,0.03234916711906885,0.024589507887678472,0.04010882635045923,1.0760027556959184,5.748920942681664,0.0,screened out,,,,,,0.2133333333333332,41.159800524428675,148,0.8333333333333333,12,True,spread > 10%,spread > 10%,335.0360107421875,2026-08-21,340.0,20.1,22.5,24.9,
NUE,Nucor,Materials,2026-07-27,AMC,2026-07-27,0.09557038784386672,0.1035887650552569,0.04153523479698944,0.03580164840904278,0.0472688211849361,1.3009473357014432,12.078208552061009,0.0,screened out,,,,,,0.16780045351473902,29.67837327835071,312,0.8333333333333333,12,True,spread > 10%,spread > 10%,230.72000122070312,2026-08-21,230.0,20.200000000000003,22.05,23.9,
NTRS,Northern Trust,Financials,2026-07-22,BMO,2026-07-21,0.07249152034407827,0.08261297790155335,0.04696928833415594,0.038020768785353806,0.05591780788295807,0.5433812798769326,3.655274189828976,0.0,screened out,,,,,,0.27924528301886814,79.31483072123274,65,0.8333333333333333,12,True,spread > 10%,spread > 10%,182.77999877929688,2026-08-21,185.0,11.399999999999999,13.25,15.100000000000001,
OMC,Omnicom Group,Communication Services,2026-07-28,AMC,2026-07-28,0.0861859703413066,0.09225540487238452,0.05207651131815874,0.04058593232362294,0.06356709031269454,0.6549874052575811,3.8043933821658813,0.0,screened out,,,,,,0.14084507042253522,35.58798471098004,197,0.8333333333333333,12,True,spread > 10%,spread > 10%; squeeze risk (10% of float short — no short premium),82.37999725341797,2026-08-21,82.5,6.6,7.1,7.6,
ODFL,Old Dominion,Industrials,2026-07-29,BMO,2026-07-28,0.10873317482434056,0.11434242590654861,0.0545519632318354,0.044473770813994284,0.06463015564967652,0.9932036975872963,6.889989583253989,0.0,screened out,,,,,,0.10317460317460324,20.70552103705252,540,0.8333333333333333,12,True,spread > 10%,spread > 10%,231.75999450683594,2026-08-21,230.0,23.9,25.2,26.5,
ON,ON Semiconductor,Information Technology,2026-08-03,AMC,2026-08-03,0.18973472409486072,0.20184545116474548,0.06152378340248876,0.045867501773772065,0.07718006503120546,2.0839248433994317,10.495157502146464,0.0,screened out,,,,,,0.1276595744680852,18.891877720393758,14,0.8333333333333333,12,True,spread > 10%,spread > 10%,86.69999694824219,2026-08-07,87.0,15.399999999999999,16.45,17.5,
NXPI,NXP Semiconductors,Information Technology,2026-07-28,AMC,2026-07-28,0.16618010785664897,0.17104574164524453,0.07164882137224073,0.055112799581828825,0.08818484316265263,1.319369735243586,7.3265080497574635,0.0,screened out,,,,,,0.058558558558558585,10.294229497020767,373,0.8333333333333333,12,True,OI < 500,OI < 500,267.17999267578125,2026-08-21,270.0,43.1,44.400000000000006,45.7,
ORLY,O’Reilly Automotive,Consumer Discretionary,2026-07-29,AMC,2026-07-29,0.0899089093783519,0.09582396920587505,0.043002981542286906,0.03685330014188535,0.04915266294268846,1.09075989975114,9.775244146920455,0.0,screened out,,,,,,0.13157894736842105,25.22094797142115,3034,0.8333333333333333,12,True,spread > 10%,spread > 10%,84.52999877929688,2026-08-21,85.0,7.1,7.6,8.1,
PCG,PG&E Corporation,Utilities,2026-07-23,BMO,2026-07-22,0.0413318023448125,0.046498277637914066,0.01336383288946582,0.011002408108379293,0.015725257670552346,2.0928104748595535,15.178865717450494,0.0,screened out,,,,,,0.25000000000000006,36.945658864153835,2205,0.8333333333333333,12,True,spread > 10%,spread > 10%,17.420000076293945,2026-07-24,17.5,0.63,0.72,0.81,
OTIS,Otis Worldwide,Industrials,2026-07-22,BMO,2026-07-21,0.07348938150926818,0.07961349663504053,0.046644511357139574,0.03777272646204122,0.05551629625223793,0.5755204496963742,3.877955337485287,0.0,screened out,,,,,,0.16666666666666674,45.625961988769426,110,0.8333333333333333,12,True,spread > 10%,spread > 10%,73.4800033569336,2026-08-21,72.5,4.949999999999999,5.3999999999999995,5.85,
PCAR,Paccar,Industrials,2026-07-28,BMO,2026-07-27,0.08203973176048229,0.1085819979182854,0.04287388571822738,0.03558246532826784,0.050165306108186924,0.9135128618772235,6.884111133802341,0.0,screened out,,,,,,0.6470588235294118,135.53781592853838,64,0.8333333333333333,12,True,spread > 10%,spread > 10%,124.33000183105469,2026-08-21,125.0,6.9,10.2,13.5,
PG,Procter & Gamble,Consumer Staples,2026-07-29,BMO,2026-07-28,0.04458897698280107,0.048947298041270355,0.024354645327934563,0.019596911043835815,0.02911237961203331,0.8308202144770267,5.4505606871631445,0.0,screened out,,,,,,0.19548872180451138,43.07847803237001,77,0.8333333333333333,12,True,spread > 10%,spread > 10%,149.13999938964844,2026-07-31,149.0,6.0,6.65,7.300000000000001,
PFG,Principal Financial Group,Financials,2026-07-27,AMC,2026-07-27,0.07741388710511109,0.10173121763668777,0.030835932416637818,0.024986626298112456,0.03668523853516318,1.5105090405290191,10.205365477400688,0.0,screened out,,,,,,0.6282420749279539,104.41562191477911,24,0.8333333333333333,12,True,spread > 10%,spread > 10%,112.05999755859375,2026-08-21,110.0,5.949999999999999,8.675,11.4,
PKG,Packaging Corporation of America,Materials,2026-07-22,AMC,2026-07-22,0.08881305223569926,0.0975631066431573,0.03672037710207995,0.028527146817563707,0.04491360738659619,1.4186312681050497,8.148431098954322,0.0,screened out,,,,,,0.19704433497536944,33.5941833857213,115,0.8333333333333333,12,True,spread > 10%,spread > 10%,228.57000732421875,2026-08-21,230.0,18.3,20.3,22.3,
PHM,PulteGroup,Consumer Discretionary,2026-07-22,BMO,2026-07-21,0.05539772864497119,0.06250000154817262,0.05280201405221542,0.042227936669931486,0.06337609143449935,0.049159386045177916,0.31460596530619045,0.0,screened out,,,,,,0.25641025641025633,547.230648779551,42,0.8333333333333333,12,True,spread > 10%,spread > 10%,123.19999694824219,2026-07-24,123.0,5.95,6.824999999999999,7.699999999999999,
PM,Philip Morris International,Consumer Staples,2026-07-22,BMO,2026-07-21,0.05500064685070797,0.059151639065855736,0.04291073242257637,0.03392475504236338,0.05189670980278936,0.28174570196268206,1.724290377718066,0.0,screened out,,,,,,0.15094339622641503,68.6686781750741,232,0.8333333333333333,12,True,spread > 10%,spread > 10%,192.72500610351562,2026-07-24,192.5,9.8,10.600000000000001,11.4,
PNR,Pentair,Industrials,2026-07-28,BMO,2026-07-27,0.09177266050533592,0.10384801057182748,0.053504771920056336,0.042699191873112344,0.06431035196700033,0.7152238428837188,4.538777723900611,0.0,screened out,,,,,,0.2631578947368421,63.10957051932342,1061,0.8333333333333333,12,True,spread > 10%,spread > 10%,62.11000061035156,2026-08-21,62.5,4.95,5.7,6.45,
PPG,PPG Industries,Materials,2026-07-28,AMC,2026-07-28,0.0581119039850657,0.06308057979048023,0.03694112708693032,0.03160383285563165,0.042278421318228995,0.5730950452138627,5.083562287711542,0.0,screened out,,,,,,0.1710037174721189,46.93900303537896,51,0.8333333333333333,12,True,spread > 10%,spread > 10%,115.7249984741211,2026-07-31,116.0,6.15,6.725,7.3,
PSA,Public Storage,Real Estate,2026-07-29,AMC,2026-07-29,0.06417569706415567,0.07098941304874504,0.024183505418411355,0.020118208800115722,0.028248802036706988,1.6536970531698647,12.607688349853804,0.0,screened out,,,,,,0.21234567901234555,34.075231709960214,65,0.8333333333333333,12,True,spread > 10%,spread > 10%,315.5400085449219,2026-08-21,320.0,18.1,20.25,22.4,
PYPL,PayPal,Financials,2026-07-28,BMO,2026-07-27,0.07180570260319186,0.07620556183132862,0.06671222935345854,0.05286267117368279,0.08056178753323429,0.0763499181349013,0.47133599730211173,0.0,screened out,,,,,,0.12254901960784313,172.76459548961492,887,0.8333333333333333,12,True,spread > 10%,spread > 10%,56.81999969482422,2026-07-31,57.0,3.83,4.08,4.33,
PWR,Quanta Services,Industrials,2026-07-30,BMO,2026-07-29,0.13904149487577552,0.1479736659507969,0.05574888037007312,0.04402981665238977,0.06746794408775647,1.4940679337914597,9.108903008133003,0.0,screened out,,,,,,0.12848209209778264,21.447690477791074,158,0.8333333333333333,12,True,spread > 10%,spread > 10%,632.5449829101562,2026-08-21,630.0,82.30000000000001,87.95,93.6,
PTC,PTC Inc.,Information Technology,2026-07-29,AMC,2026-07-29,0.10334054162282959,0.12657213625121763,0.05031411469087463,0.04122844974266519,0.05939977963908407,1.0539075815552859,7.479768310120928,0.0,screened out,,,,,,0.4496124031007752,87.62270427234144,63,0.8333333333333333,12,True,spread > 10%,spread > 10%,124.83000183105469,2026-08-21,125.0,10.0,12.9,15.8,
QCOM,Qualcomm,Information Technology,2026-07-29,AMC,2026-07-29,0.12417801250876627,0.13298496375052274,0.07765424621289532,0.062346756689582214,0.09296173573620843,0.5991142605173492,3.8951428837485285,0.0,screened out,,,,,,0.14184397163120568,37.860009809816724,668,0.35,0,True,spread > 10%,spread > 10%; thin history (n=0); low-conf moves,170.32000732421875,2026-07-31,170.0,19.65,21.15,22.65,
RCL,Royal Caribbean Group,Consumer Discretionary,2026-07-28,BMO,2026-07-27,0.09870030004722324,0.1034169515539047,0.061954622617272456,0.04876656347154224,0.07514268176300268,0.5931063071265709,3.570901500655758,0.0,screened out,,,,,,0.09557522123893815,25.671871287026573,46,0.8333333333333333,12,True,OI < 500,OI < 500; wide market,286.2200012207031,2026-07-31,285.0,26.9,28.25,29.6,
REG,Regency Centers,Real Estate,2026-07-29,AMC,2026-07-29,0.06421962550762782,0.08826394027114723,0.019369841086644066,0.01626338893675925,0.02247629323652888,2.3154441082074064,18.503257394794918,0.0,screened out,,,,,,0.7488151658767772,107.22153996472666,5,0.8333333333333333,12,True,spread > 10%,spread > 10%,82.13999938964844,2026-08-21,80.0,3.3,5.275,7.25,
REGN,Regeneron Pharmaceuticals,Health Care,2026-07-30,BMO,2026-07-29,0.0685114904818213,0.0754295888692365,0.05028605072287248,0.043042535936316226,0.05752956550942874,0.36243529760150806,3.2246394579631463,0.0,screened out,,,,,,0.20195439739413693,75.91694333760424,66,0.8333333333333333,12,True,spread > 10%,spread > 10%,672.1500244140625,2026-07-31,670.0,41.4,46.05,50.7,
ROL,"Rollins, Inc.",Industrials,2026-07-22,AMC,2026-07-22,0.08547486033519552,0.09162011173184356,0.0466342890426463,0.03880517823149176,0.05446339985380084,0.8328758106943617,6.358075312666374,0.0,screened out,,,,,,0.14379084967320258,31.643465542057488,378,0.8333333333333333,12,True,spread > 10%,spread > 10%,44.75,2026-08-21,45.0,3.55,3.8249999999999997,4.1,
RJF,Raymond James Financial,Financials,2026-07-22,AMC,2026-07-22,0.06713004144882803,0.07604110889778751,0.029310183241367856,0.022468138147739396,0.03615222833499632,1.290331687660073,7.084129030926407,0.0,screened out,,,,,,0.2654867256637168,47.123748587728535,152,0.8333333333333333,12,True,spread > 10%,spread > 10%,168.3300018310547,2026-08-21,170.0,9.8,11.3,12.8,
ROP,Roper Technologies,Information Technology,2026-07-23,BMO,2026-07-22,0.08695292778754032,0.10803660124474108,0.04403968705037023,0.035612718488710275,0.052466655612030184,0.9744220182148032,6.5263812160139,0.0,screened out,,,,,,0.48494453248811425,98.26185622442979,267,0.8333333333333333,12,True,spread > 10%,spread > 10%,362.8399963378906,2026-08-21,360.0,23.9,31.55,39.2,
SBAC,SBA Communications,Real Estate,2026-08-03,AMC,2026-08-03,0.0695169528776196,0.08737703958530843,0.030554265640580693,0.02340260191356404,0.03770592936759735,1.2751963243158608,6.982232648097322,0.0,screened out,,,,,,0.5138339920948617,91.6778999304267,65,0.35,0,True,spread > 10%,spread > 10%; thin history (n=0); low-conf moves,181.97000122070312,2026-08-21,180.0,9.4,12.65,15.9,
RTX,RTX Corporation,Industrials,2026-07-23,BMO,2026-07-22,0.05245024906655945,0.05784953941164646,0.04999475952558151,0.040740823774341565,0.05924869527682145,0.04911493853113759,0.34006670030053604,0.0,screened out,,,,,,0.20588235294117646,439.7730273317834,618,0.8333333333333333,12,True,spread > 10%,spread > 10%,194.47000122070312,2026-07-24,195.0,9.15,10.2,11.25,
SBUX,Starbucks,Consumer Discretionary,2026-07-29,AMC,2026-07-29,0.07394332774091883,0.07680565010508343,0.05307350817234587,0.0433691714879857,0.06277784485670604,0.39322479872259974,2.756165787424613,0.0,screened out,,,,,,0.07741935483870986,27.43025501260074,280,0.35,0,True,OI < 500,OI < 500; thin history (n=0); low-conf moves,104.80999755859375,2026-07-31,105.0,7.449999999999999,7.75,8.05,
SHW,Sherwin-Williams,Materials,2026-07-28,BMO,2026-07-27,0.07524954502788116,0.08652925095608512,0.03472118907061182,0.029343928381637553,0.04009844975958609,1.16725138286156,9.659405410888558,0.0,screened out,,,,,,0.299794661190965,55.66327901431083,120,0.8333333333333333,12,True,spread > 10%,spread > 10%,323.5899963378906,2026-08-21,320.0,20.700000000000003,24.35,28.0,
SO,Southern Company,Utilities,2026-07-30,BMO,2026-07-29,0.03518518518518519,0.039153439153439155,0.027789543970272702,0.02394961106656027,0.03162947687398514,0.2661303554611699,2.46833838473279,0.0,screened out,,,,,,0.22556390977443608,107.31331747820397,435,0.35,0,True,spread > 10%,spread > 10%; thin history (n=0); low-conf moves,94.5,2026-07-31,95.0,2.95,3.325,3.7,
SLB,Schlumberger,Energy,2026-07-24,BMO,2026-07-23,0.04537615925189501,0.047639578121942035,0.025468184546677045,0.020839618129531223,0.030096750963822867,0.7816801652560451,5.5123029644112655,0.0,screened out,,,,,,0.09976247030878858,22.738816012798804,116,0.8333333333333333,12,True,OI < 500,OI < 500; wide market,46.38999938964844,2026-07-24,46.5,2.0,2.105,2.21,
SNA,Snap-on,Industrials,2026-07-23,BMO,2026-07-22,0.06307868084153419,0.06812005689319676,0.05462358009860373,0.04588480077941976,0.0633623594177877,0.1547884764723905,1.239996653577419,0.0,screened out,,,,,,0.15984405458089662,119.25052592372256,1532,0.8333333333333333,12,True,spread > 10%,spread > 10%,406.635009765625,2026-08-21,410.0,23.6,25.65,27.7,
SPGI,S&P Global,Financials,2026-07-28,BMO,2026-07-27,0.061996140785316775,0.06846336410464839,0.039661284239474376,0.03143579309254699,0.047886775386401764,0.5631400236811495,3.479956593211358,0.0,screened out,,,,,,0.20863309352518,57.91148294198894,26,0.8333333333333333,12,True,spread > 10%,spread > 10%,448.4150085449219,2026-07-31,447.5,24.9,27.8,30.700000000000003,
STLD,Steel Dynamics,Materials,2026-07-20,AMC,2026-07-20,0.11410473067466699,0.11974488846466955,0.030943704125507905,0.025808829443059126,0.03607857880795668,2.6874942383063547,20.755944052479894,0.0,screened out,,,,,,0.09885931558935367,13.564425606671607,196,0.8333333333333333,12,True,OI < 500,OI < 500; wide market,230.49000549316406,2026-08-21,230.0,25.0,26.3,27.6,
SW,Smurfit Westrock,Materials,2026-07-29,BMO,2026-07-28,0.11242466547562749,0.12980992302340494,0.037343538487443095,0.029014915320186605,0.04567216165469959,2.010552026649288,11.553406897595774,0.0,screened out,,,,,,0.30927835051546393,46.310592941721254,309,0.35,0,True,spread > 10%,spread > 10%; thin history (n=0); low-conf moves,43.13999938964844,2026-08-21,45.0,4.1,4.85,5.6,
SWK,Stanley Black & Decker,Industrials,2026-07-29,BMO,2026-07-28,0.10628571428571428,0.11314285714285713,0.060270501428809686,0.0483498994587979,0.07219110339882147,0.76347818196364,4.947157613832368,0.0,screened out,,,,,,0.12903225806451607,29.80380805133639,118,0.35,0,True,spread > 10%,spread > 10%; thin history (n=0); low-conf moves,87.5,2026-08-21,87.5,8.7,9.299999999999999,9.899999999999999,
STX,Seagate Technology,Information Technology,2026-07-28,AMC,2026-07-28,0.19459156037711353,0.2093588353721106,0.09020306289464618,0.07459083580787058,0.10581528998142177,1.1572611187758584,8.569200129483946,0.0,screened out,,,,,,0.1517771373679154,28.292916080102273,104,0.8333333333333333,12,True,spread > 10%,spread > 10%,802.4500122070312,2026-07-31,800.0,144.3,156.15,168.0,
SYF,Synchrony Financial,Financials,2026-07-21,BMO,2026-07-20,0.09090908713064329,0.09397343838223801,0.03363112274322337,0.027305850067496286,0.039956395418950456,1.703123764994178,11.605418915869778,0.0,screened out,,,,,,0.06741573033707868,10.699930712858045,76,0.8333333333333333,12,True,OI < 500,OI < 500,73.42500305175781,2026-08-21,72.5,6.45,6.675000000000001,6.9,
SYK,Stryker Corporation,Health Care,2026-07-30,AMC,2026-07-30,0.09260710250756005,0.09527092779119545,0.04941519945557066,0.04657176887763339,0.052258630033507926,0.8740610890546612,19.46759079716517,0.0,screened out,,,,,,0.0575296108291032,12.33483637166436,413,0.35,0,True,OI < 500,OI < 500; thin history (n=0); low-conf moves,319.0899963378906,2026-08-21,320.0,28.7,29.549999999999997,30.4,
TEL,TE Connectivity,Information Technology,2026-07-22,BMO,2026-07-21,0.12157306798546505,0.12551065723195787,0.05571176204830881,0.04577031241637233,0.0656532116802453,1.182179552677701,8.49049714217762,0.0,screened out,,,,,,0.06477732793522273,11.95721582031787,443,0.8333333333333333,12,True,OI < 500,OI < 500,203.1699981689453,2026-08-21,200.0,23.9,24.7,25.5,
TDY,Teledyne Technologies,Information Technology,2026-07-22,BMO,2026-07-21,0.09606638100156287,0.1083539413622279,0.053559850947590276,0.045297662282844736,0.061822039612335816,0.7936267428295563,6.593454970305867,0.0,screened out,,,,,,0.25581395348837216,57.81493029453553,212,0.8333333333333333,12,True,spread > 10%,spread > 10%,626.6500244140625,2026-08-21,620.0,52.5,60.2,67.9,
TER,Teradyne,Information Technology,2026-07-28,AMC,2026-07-28,0.20418863256822384,0.21602348361216342,0.10872386049626456,0.0928023399980066,0.12464538099452252,0.8780480350515071,7.684420084175352,0.0,screened out,,,,,,0.11592076302274382,24.794174410260446,59,0.8333333333333333,12,True,spread > 10%,spread > 10%,333.760009765625,2026-07-31,335.0,64.2,68.15,72.1,
TKO,TKO Group Holdings,Communication Services,2026-08-03,AMC,2026-08-03,0.1036708829587644,0.11269763530082037,0.05770631759070007,0.04352093997499591,0.07189169520640423,0.7965257061468076,4.152740136469538,0.0,screened out,,,,,,0.1741424802110818,39.27700510066257,68,0.35,0,True,spread > 10%,spread > 10%; thin history (n=0); low-conf moves; squeeze risk (13% of float short — no short premium),182.7899932861328,2026-08-21,185.0,17.3,18.950000000000003,20.6,
TMUS,T-Mobile US,Communication Services,2026-07-23,BMO,2026-07-22,0.06108157859988365,0.06389286464422976,0.046397570009732714,0.03781521668426259,0.05497992333520284,0.3164822767026528,2.1927581742979068,0.0,screened out,,,,,,0.09205020920502105,38.29044401719758,196,0.8333333333333333,12,True,OI < 500,OI < 500; wide market,195.63999938964844,2026-07-24,195.0,11.399999999999999,11.95,12.5,
TMO,Thermo Fisher Scientific,Health Care,2026-07-23,BMO,2026-07-22,0.0627090312640485,0.0710702354325883,0.04561284892912251,0.03864890573111124,0.05257679212713379,0.37481066708838184,3.1462731181808357,0.0,screened out,,,,,,0.2666666666666666,97.81369904389234,72,0.8333333333333333,12,True,spread > 10%,spread > 10%,526.239990234375,2026-07-24,525.0,28.6,33.0,37.4,
TROW,T. Rowe Price,Financials,2026-07-31,BMO,2026-07-30,0.07597218784697488,0.0824105088509558,0.04205860237746084,0.03052875896378799,0.05358844579113369,0.8063412370471038,3.769665343953164,0.0,screened out,,,,,,0.16949152542372878,37.968978595722504,3740,0.35,0,True,spread > 10%,spread > 10%; thin history (n=0); low-conf moves; squeeze risk (13% of float short — no short premium),116.48999786376953,2026-08-21,115.0,8.100000000000001,8.850000000000001,9.600000000000001,
TSCO,Tractor Supply,Consumer Discretionary,2026-07-23,BMO,2026-07-22,0.08085808784454869,0.09075907819286078,0.058559108834729624,0.04940873640383164,0.0677094812656276,0.38079437091081925,3.1231921667454525,0.0,screened out,,,,,,0.2448979591836733,88.80218546286183,379,0.8333333333333333,12,True,spread > 10%,spread > 10%,30.299999237060547,2026-07-24,30.5,2.1500000000000004,2.45,2.75,
TSN,Tyson Foods,Consumer Staples,2026-08-03,BMO,2026-07-31,0.07974137931034483,0.08448275862068966,0.0328674334666727,0.028402900897103546,0.03733196603624186,1.4261516918016102,13.455753330756313,0.0,screened out,,,,,,0.11891891891891908,20.230340010877956,232,0.35,0,True,spread > 10%,spread > 10%; thin history (n=0); low-conf moves,58.0,2026-08-21,57.5,4.35,4.625,4.9,
TT,Trane Technologies,Industrials,2026-07-30,BMO,2026-07-29,0.09195377483663869,0.09825490458734913,0.0443759129237434,0.034998055490981235,0.05375377035650556,1.072155112496597,6.502102240810751,0.0,screened out,,,,,,0.1370499419279907,26.48765412050852,116,0.35,0,True,spread > 10%,spread > 10%; thin history (n=0); low-conf moves,468.1700134277344,2026-08-21,470.0,40.1,43.05,46.0,
UDR,"UDR, Inc.",Real Estate,2026-07-27,AMC,2026-07-27,0.06482064440298185,0.08181246380958875,0.023692493738356996,0.018667855027449613,0.02871713244926438,1.7359148057108222,10.490274211628746,0.0,screened out,,,,,,0.524271844660194,82.62865765672218,2075,0.8333333333333333,12,True,spread > 10%,spread > 10%,39.724998474121094,2026-08-21,40.0,1.9000000000000001,2.575,3.25,
VICI,Vici Properties,Real Estate,2026-07-29,AMC,2026-07-29,0.05030743603718403,0.05403391278067914,0.030554265640580693,0.02340260191356404,0.03770592936759735,0.6464946868291979,3.539828513560071,0.0,screened out,,,,,,0.14814814814814828,37.730416623509754,5986,0.35,0,True,spread > 10%,spread > 10%; thin history (n=0); low-conf moves,26.834999084472656,2026-08-21,27.5,1.25,1.35,1.4500000000000002,
WEC,WEC Energy Group,Utilities,2026-07-29,BMO,2026-07-28,0.05375388570374198,0.07374500022166255,0.018203546410017226,0.01403056884538341,0.022376523974651043,1.9529348014385683,10.918178718469985,0.0,screened out,,,,,,0.743801652892562,112.46651882981801,272,0.35,0,True,spread > 10%,spread > 10%; thin history (n=0); low-conf moves,112.55000305175781,2026-08-21,115.0,3.8000000000000003,6.050000000000001,8.3,
XYL,Xylem Inc.,Industrials,2026-07-28,BMO,2026-07-27,0.08166141415777009,0.09202453778185257,0.05386110726591443,0.04565173821271443,0.06207047631911443,0.5161480760988526,4.3400257780729365,0.0,screened out,,,,,,0.25380710659898453,74.55402319402779,81,0.8333333333333333,12,True,spread > 10%,spread > 10%,120.62000274658203,2026-08-21,120.0,8.600000000000001,9.850000000000001,11.1,
