ticker,name,sector,earnings_date,session,entry_by,implied_move_mid,implied_move_ask,fair_move,ci_low,ci_high,edge,z,score,structure,detail,entry_side,entry_price,max_gain,max_loss,spread_pct,spread_cost_pct_of_edge,open_interest,conf_mult,n_events,screened,screen_reason,flags,spot,expiry,atm_strike,straddle_bid,straddle_mid,straddle_ask,legs_json
OKE,Oneok,Energy,2026-08-03,AMC,2026-08-03,0.06874580888596768,0.07154035396263303,0.030193375442430212,0.025288886907304513,0.03509786397755591,1.27685072896356,10.074200061305945,7.849139614161137,iron fly,"short 90 straddle @ bid, long 85P / 95C @ ask",credit,310.00000000000006,310.00000000000006,189.99999999999994,0.08130081300813008,14.497373198286663,3475,0.8333333333333333,12,False,,wide market,89.45999908447266,2026-08-21,90.0,5.9,6.15,6.4,"[{""action"": ""SELL"", ""right"": ""CALL"", ""strike"": 90.0}, {""action"": ""SELL"", ""right"": ""PUT"", ""strike"": 90.0}, {""action"": ""BUY"", ""right"": ""CALL"", ""strike"": 95.0}, {""action"": ""BUY"", ""right"": ""PUT"", ""strike"": 85.0}]"
MPC,Marathon Petroleum,Energy,2026-08-04,BMO,2026-08-03,0.09556586975095957,0.0995677905948021,0.03799163649170668,0.031618436069633445,0.04436483691377991,1.515444939357139,11.577721153959128,7.838071970505556,no affordable structure,,,,,,0.08375209380234505,13.901777296180907,1374,0.8333333333333333,12,False,,wide market,312.3500061035156,2026-08-21,310.0,28.6,29.85,31.1,
APH,Amphenol,Information Technology,2026-07-29,BMO,2026-07-28,0.13464630335184327,0.13866559598921172,0.06235677747940553,0.052333103564569675,0.07238045139424139,1.1592889946295362,9.242744441336242,7.702287034446868,iron fly,"short 150 straddle @ bid, long 145P / 155C @ ask",credit,340.00000000000006,340.00000000000006,159.99999999999997,0.05970149253731339,11.119986163585875,3741,0.8333333333333333,12,False,,,149.27999877929688,2026-08-21,150.0,19.5,20.1,20.7,"[{""action"": ""SELL"", ""right"": ""CALL"", ""strike"": 150.0}, {""action"": ""SELL"", ""right"": ""PUT"", ""strike"": 150.0}, {""action"": ""BUY"", ""right"": ""CALL"", ""strike"": 155.0}, {""action"": ""BUY"", ""right"": ""PUT"", ""strike"": 145.0}]"
XOM,ExxonMobil,Energy,2026-07-31,BMO,2026-07-30,0.03925179189958165,0.040705561969936535,0.01785998955632329,0.014663215748494123,0.021056763364152457,1.1977499917229595,8.576063097106367,7.1467192475886385,iron fly,"short 155 straddle @ bid, long 150P / 160C @ ask",credit,338.0,338.0,162.0,0.07407407407407425,13.591842772547269,2205,0.8333333333333333,12,False,,,154.77000427246094,2026-07-31,155.0,5.85,6.075,6.300000000000001,"[{""action"": ""SELL"", ""right"": ""CALL"", ""strike"": 155.0}, {""action"": ""SELL"", ""right"": ""PUT"", ""strike"": 155.0}, {""action"": ""BUY"", ""right"": ""CALL"", ""strike"": 160.0}, {""action"": ""BUY"", ""right"": ""PUT"", ""strike"": 150.0}]"
GPN,Global Payments,Financials,2026-08-05,BMO,2026-08-04,0.11479895646289424,0.11896264918434636,0.05631832179158787,0.04392313623256507,0.06871350735061066,1.038394483552269,6.046604226928172,5.038836855773476,iron fly,"short 85 straddle @ bid, long 80P / 90C @ ask",credit,350.00000000000006,350.00000000000006,149.99999999999994,0.07253886010362687,14.239560650647457,1091,0.8333333333333333,12,False,,squeeze risk (9% of float short — no short premium),84.05999755859375,2026-08-21,85.0,9.3,9.65,10.0,"[{""action"": ""SELL"", ""right"": ""CALL"", ""strike"": 85.0}, {""action"": ""SELL"", ""right"": ""PUT"", ""strike"": 85.0}, {""action"": ""BUY"", ""right"": ""CALL"", ""strike"": 90.0}, {""action"": ""BUY"", ""right"": ""PUT"", ""strike"": 80.0}]"
UBER,Uber,Industrials,2026-08-05,BMO,2026-08-04,0.08345555844135207,0.08594895825418684,0.05233416611035374,0.04398841496786479,0.06067991725284269,0.5946668236840655,4.779099655673715,3.9825830463947622,iron fly,"short 68 straddle @ bid, long 62P / 74C @ ask",credit,384.0,384.0,216.0,0.05975395430579963,16.023703479045388,638,0.8333333333333333,12,False,,,68.18000030517578,2026-08-07,68.0,5.52,5.6899999999999995,5.859999999999999,"[{""action"": ""SELL"", ""right"": ""CALL"", ""strike"": 68.0}, {""action"": ""SELL"", ""right"": ""PUT"", ""strike"": 68.0}, {""action"": ""BUY"", ""right"": ""CALL"", ""strike"": 74.0}, {""action"": ""BUY"", ""right"": ""PUT"", ""strike"": 62.0}]"
HOOD,Robinhood Markets,Financials,2026-07-29,AMC,2026-07-29,0.10820700297845495,0.11134343784739567,0.07560572722387868,0.06346170626945533,0.08774974817830203,0.43120113980306723,3.440523955275811,2.8671032960631755,iron fly,"short 96 straddle @ bid, long 88P / 104C @ ask",credit,581.0,581.0,218.99999999999994,0.05797101449275342,19.241178735163132,1369,0.8333333333333333,12,False,,,95.6500015258789,2026-07-31,96.0,10.05,10.35,10.649999999999999,"[{""action"": ""SELL"", ""right"": ""CALL"", ""strike"": 96.0}, {""action"": ""SELL"", ""right"": ""PUT"", ""strike"": 96.0}, {""action"": ""BUY"", ""right"": ""CALL"", ""strike"": 104.0}, {""action"": ""BUY"", ""right"": ""PUT"", ""strike"": 88.0}]"
MSFT,Microsoft,Information Technology,2026-07-29,AMC,2026-07-29,0.07253919187164203,0.07337445271693108,0.05377417158142085,0.045397086541126154,0.06215125662171555,0.3489597280324175,2.870837515468439,2.392364596223699,iron fly,"short 390 straddle @ bid, long 377.5P / 402.5C @ ask",credit,1004.9999999999999,1004.9999999999999,245.0000000000001,0.02302922940655455,8.902317528794057,6648,0.8333333333333333,12,False,,,389.1000061035156,2026-07-31,390.0,27.9,28.225,28.55,"[{""action"": ""SELL"", ""right"": ""CALL"", ""strike"": 390.0}, {""action"": ""SELL"", ""right"": ""PUT"", ""strike"": 390.0}, {""action"": ""BUY"", ""right"": ""CALL"", ""strike"": 402.5}, {""action"": ""BUY"", ""right"": ""PUT"", ""strike"": 377.5}]"
COIN,Coinbase,Financials,2026-07-30,AMC,2026-07-30,0.09866260348695523,0.10120006832701307,0.07136649131094722,0.057486426959399886,0.08524655566249455,0.38247799036493957,2.520355560229953,2.1002963001916273,iron fly,"short 167.5 straddle @ bid, long 157.5P / 177.5C @ ask",credit,750.0000000000002,750.0000000000002,249.99999999999983,0.05143721633888036,18.592133734621406,5085,0.8333333333333333,12,False,,squeeze risk (11% of float short — no short premium),167.49000549316406,2026-07-31,167.5,16.1,16.525,16.95,"[{""action"": ""SELL"", ""right"": ""CALL"", ""strike"": 167.5}, {""action"": ""SELL"", ""right"": ""PUT"", ""strike"": 167.5}, {""action"": ""BUY"", ""right"": ""CALL"", ""strike"": 177.5}, {""action"": ""BUY"", ""right"": ""PUT"", ""strike"": 157.5}]"
OXY,Occidental Petroleum,Energy,2026-08-05,AMC,2026-08-05,0.0644456577522801,0.06735845584277864,0.03848089754267549,0.03199132952401316,0.04497046556133782,0.6747441423581553,5.12768131698979,2.052038191827347,iron fly,"short 55 straddle @ bid, long 50P / 60C @ ask",credit,265.99999999999994,265.99999999999994,234.00000000000003,0.09039548022598878,22.436549130317534,2116,0.8333333333333333,12,False,,wide market,54.93000030517578,2026-08-07,55.0,3.38,3.54,3.7,"[{""action"": ""SELL"", ""right"": ""CALL"", ""strike"": 55.0}, {""action"": ""SELL"", ""right"": ""PUT"", ""strike"": 55.0}, {""action"": ""BUY"", ""right"": ""CALL"", ""strike"": 60.0}, {""action"": ""BUY"", ""right"": ""PUT"", ""strike"": 50.0}]"
SBUX,Starbucks,Consumer Discretionary,2026-07-29,AMC,2026-07-29,0.06536420550180548,0.06753497247419016,0.043633575409757486,0.0318711698755297,0.05539598094398527,0.49802542853704623,2.3677108772459183,1.9730923977049317,iron fly,"short 104 straddle @ bid, long 98P / 110C @ ask",credit,403.0,403.0,196.99999999999997,0.06642066420664208,19.978868198387353,534,0.8333333333333333,12,False,,,103.6500015258789,2026-07-31,104.0,6.55,6.775,7.0,"[{""action"": ""SELL"", ""right"": ""CALL"", ""strike"": 104.0}, {""action"": ""SELL"", ""right"": ""PUT"", ""strike"": 104.0}, {""action"": ""BUY"", ""right"": ""CALL"", ""strike"": 110.0}, {""action"": ""BUY"", ""right"": ""PUT"", ""strike"": 98.0}]"
KO,Coca-Cola Company (The),Consumer Staples,2026-07-28,BMO,2026-07-27,0.03187819685652972,0.03247293933519632,0.025831420283587724,0.021618734646359834,0.030044105920815613,0.23408610546992967,1.83957444804307,1.5329787067025582,iron fly,"short 84 straddle @ bid, long 80P / 88C @ ask",credit,219.99999999999997,219.99999999999997,180.00000000000003,0.037313432835820934,19.671389259789834,1048,0.8333333333333333,12,False,,,84.06999969482422,2026-07-31,84.0,2.63,2.6799999999999997,2.73,"[{""action"": ""SELL"", ""right"": ""CALL"", ""strike"": 84.0}, {""action"": ""SELL"", ""right"": ""PUT"", ""strike"": 84.0}, {""action"": ""BUY"", ""right"": ""CALL"", ""strike"": 88.0}, {""action"": ""BUY"", ""right"": ""PUT"", ""strike"": 80.0}]"
AMZN,Amazon,Consumer Discretionary,2026-07-30,AMC,2026-07-30,0.06914732720603388,0.07022775419362816,0.05565435086813835,0.04627803310758777,0.06503066862868893,0.24244243491159184,1.8442846025763826,1.4984812395933107,iron fly,"short 232.5 straddle @ bid, long 225P / 240C @ ask",credit,600.0,600.0,150.0,0.03125,16.014657708393955,3023,0.8124999999999999,12,False,,,231.38999938964844,2026-07-31,232.5,15.75,16.0,16.25,"[{""action"": ""SELL"", ""right"": ""CALL"", ""strike"": 232.5}, {""action"": ""SELL"", ""right"": ""PUT"", ""strike"": 232.5}, {""action"": ""BUY"", ""right"": ""CALL"", ""strike"": 240.0}, {""action"": ""BUY"", ""right"": ""PUT"", ""strike"": 225.0}]"
CMG,Chipotle Mexican Grill,Consumer Discretionary,2026-07-29,AMC,2026-07-29,0.08734939558306325,0.09066264851897254,0.06840397802923802,0.05470002701200098,0.08210792904647506,0.27696368105561575,1.7717844369439222,1.4764870307866016,iron fly,"short 33 straddle @ bid, long 28P / 38C @ ask",credit,250.0,250.0,250.0,0.07586206896551716,34.9768267339172,2156,0.8333333333333333,12,False,,,33.20000076293945,2026-07-31,33.0,2.79,2.9,3.01,"[{""action"": ""SELL"", ""right"": ""CALL"", ""strike"": 33.0}, {""action"": ""SELL"", ""right"": ""PUT"", ""strike"": 33.0}, {""action"": ""BUY"", ""right"": ""CALL"", ""strike"": 38.0}, {""action"": ""BUY"", ""right"": ""PUT"", ""strike"": 28.0}]"
QCOM,Qualcomm,Information Technology,2026-07-29,AMC,2026-07-29,0.09350741371322252,0.09703599536277809,0.0802506250891607,0.06937326144884076,0.09112798872948064,0.1651923409859195,1.5619501988165494,1.3016251656804576,iron fly,"short 170 straddle @ bid, long 162.5P / 177.5C @ ask",credit,525.0000000000001,525.0000000000001,224.99999999999991,0.0754716981132075,53.234335246938905,1470,0.8333333333333333,12,False,,,170.0399932861328,2026-07-31,170.0,15.3,15.9,16.5,"[{""action"": ""SELL"", ""right"": ""CALL"", ""strike"": 170.0}, {""action"": ""SELL"", ""right"": ""PUT"", ""strike"": 170.0}, {""action"": ""BUY"", ""right"": ""CALL"", ""strike"": 177.5}, {""action"": ""BUY"", ""right"": ""PUT"", ""strike"": 162.5}]"
F,Ford Motor Company,Consumer Discretionary,2026-07-28,AMC,2026-07-28,0.06846048904002157,0.0701634862798231,0.05342119010470994,0.040563853236893314,0.06627852697252658,0.2815230979660573,1.4990946969540246,1.2492455807950205,iron fly,"short 14.5 straddle @ bid, long 12P / 17C @ ask",credit,94.0,94.0,156.0,0.04975124378109458,22.6472955571482,9916,0.8333333333333333,12,False,,,14.680000305175781,2026-07-31,14.5,0.98,1.005,1.03,"[{""action"": ""SELL"", ""right"": ""CALL"", ""strike"": 14.5}, {""action"": ""SELL"", ""right"": ""PUT"", ""strike"": 14.5}, {""action"": ""BUY"", ""right"": ""CALL"", ""strike"": 17.0}, {""action"": ""BUY"", ""right"": ""PUT"", ""strike"": 12.0}]"
PLTR,Palantir Technologies,Information Technology,2026-08-03,AMC,2026-08-03,0.12088497033045435,0.12240553599498838,0.10583544832483294,0.08565947051647956,0.12601142613318633,0.1421973662305566,0.9559619655419569,0.796634971284964,no trade,,,,,,0.02515723270440265,20.207494483426803,522,0.8333333333333333,12,False,,,131.52999877929688,2026-08-07,132.0,15.7,15.9,16.1,
AAPL,Apple Inc.,Information Technology,2026-07-30,AMC,2026-07-30,0.03932801002041057,0.04021845553030666,0.03445579635645711,0.02734382800469492,0.0415677647082193,0.14140476143835798,0.8779888664965125,0.7316573887470937,no trade,,,,,,0.045283018867924636,36.551989354816435,3948,0.8333333333333333,12,False,,,336.9100036621094,2026-07-31,337.5,12.95,13.25,13.55,
META,Meta Platforms,Communication Services,2026-07-29,AMC,2026-07-29,0.08250964083533283,0.08351996296801036,0.07360363378323805,0.06046248761172872,0.08674477995474737,0.12099955660236668,0.8685649249310285,0.7238041041091904,no trade,,,,,,0.024489795918367113,22.68855451759153,899,0.8333333333333333,12,False,,,593.8699951171875,2026-07-31,595.0,48.400000000000006,49.0,49.599999999999994,
CVX,Chevron Corporation,Energy,2026-07-31,BMO,2026-07-30,0.035394736842105264,0.03710526315789474,0.026562386773998706,0.021569840775841533,0.031554932772155875,0.33251341994433786,2.267288043307681,0.3160717532492198,iron fly,"short 190 straddle @ bid, long 185P / 195C @ ask",credit,332.00000000000006,332.00000000000006,167.99999999999991,0.09665427509293673,38.733209227431985,1612,0.8333333333333333,12,False,,wide market,190.0,2026-07-31,190.0,6.4,6.725,7.05,"[{""action"": ""SELL"", ""right"": ""CALL"", ""strike"": 190.0}, {""action"": ""SELL"", ""right"": ""PUT"", ""strike"": 190.0}, {""action"": ""BUY"", ""right"": ""CALL"", ""strike"": 195.0}, {""action"": ""BUY"", ""right"": ""PUT"", ""strike"": 185.0}]"
CVNA,Carvana,Consumer Discretionary,2026-07-29,AMC,2026-07-29,0.12687382704315336,0.13272954213745275,0.11784676221422014,0.09005149724583437,0.14564202718260588,0.07660002412729813,0.41622507639051,0.1334054732020865,no trade,,,,,,0.09230769230769231,129.7368570020868,1570,0.8333333333333333,12,False,,wide market; squeeze risk (14% of float short — no short premium),64.04000091552734,2026-07-31,64.0,7.75,8.125,8.5,
ABBV,AbbVie,Health Care,2026-07-31,BMO,2026-07-30,0.04709820492593213,0.051963721963735034,0.0404358935834012,0.03449374364545161,0.0463780435213508,0.16476231269106367,1.4369240604409776,0.0,screened out,,,,,,0.20661157024793386,146.0609325398041,310,0.8333333333333333,12,True,spread > 10%,spread > 10%,256.9100036621094,2026-07-31,257.5,10.850000000000001,12.100000000000001,13.350000000000001,
ABNB,Airbnb,Consumer Discretionary,2026-08-06,AMC,2026-08-06,0.08034863101565497,0.09022197974215493,0.04831766238422455,0.036542428615533265,0.06009289615291584,0.6629246335784726,3.4862058965818443,0.0,screened out,,,,,,0.2457627118644068,61.64876772918909,302,0.8333333333333333,12,True,spread > 10%,spread > 10%,146.86000061035156,2026-08-07,147.0,10.35,11.8,13.25,
ACGL,Arch Capital Group,Financials,2026-07-28,AMC,2026-07-28,0.0553523310746026,0.08182518506680383,0.03495038549828833,0.029302484902970927,0.04059828609360573,0.5837402158929962,4.629531453206277,0.0,screened out,,,,,,0.9565217391304348,259.51303411901085,386,0.8333333333333333,12,True,spread > 10%,spread > 10%,103.87999725341797,2026-08-21,105.0,3.0,5.75,8.5,
ADM,Archer Daniels Midland,Consumer Staples,2026-08-04,BMO,2026-08-03,0.07873542262020491,0.08294265894342198,0.029871738649526722,0.025231171931728413,0.03451230536732503,1.6357830571556764,13.494838278401618,0.0,screened out,,,,,,0.10687022900763375,17.220299336176595,1641,0.8333333333333333,12,True,spread > 10%,spread > 10%,83.19000244140625,2026-08-21,82.5,6.199999999999999,6.55,6.9,
AIG,American International Group,Financials,2026-08-06,AMC,2026-08-06,0.05242546498246858,0.0581101539564712,0.04131256147794256,0.03545301825407006,0.04717210470181506,0.26899575109762625,2.430615593614137,0.0,screened out,,,,,,0.21686746987951808,102.30789769185667,51,0.8333333333333333,12,True,spread > 10%,spread > 10%,79.16000366210938,2026-08-07,79.0,3.6999999999999997,4.1499999999999995,4.6,
ADP,Automatic Data Processing,Industrials,2026-07-29,BMO,2026-07-28,0.05020001652865955,0.05451408044909122,0.03956671200641979,0.03206772540653038,0.04706569860630921,0.2687436985037947,1.8172646255833333,0.0,screened out,,,,,,0.17187500000000008,81.14248795205171,68,0.8333333333333333,12,True,spread > 10%,spread > 10%,254.97999572753906,2026-07-31,252.5,11.7,12.8,13.9,
AEE,Ameren,Utilities,2026-07-30,AMC,2026-07-30,0.05842476107698115,0.07492641115215902,0.016630323437780457,0.013760661811859844,0.01949998506370107,2.513146409663499,18.665528644414962,0.0,screened out,,,,,,0.564885496183206,78.96577155855934,14,0.8333333333333333,12,True,spread > 10%,spread > 10%,112.11000061035156,2026-08-21,110.0,4.7,6.550000000000001,8.4,
AES,AES Corporation,Utilities,2026-07-30,AMC,2026-07-30,0.02427511812893085,0.03169251533499306,0.03257552648986269,0.02356032443699442,0.041590728542730965,-0.25480504094123785,-1.1799850178605515,0.0,screened out,,,,,,0.6111111111111112,178.72366957207137,4350,0.8333333333333333,12,True,spread > 10%,spread > 10%,14.829999923706055,2026-07-31,15.0,0.25,0.36,0.47000000000000003,
AFL,Aflac,Financials,2026-08-06,AMC,2026-08-06,0.04326011461453472,0.04701327524319298,0.03782948685764006,0.0309174059603949,0.04474156775488522,0.1435554168982307,1.0069171117499638,0.0,screened out,,,,,,0.1735159817351597,138.22198083428913,241,0.8333333333333333,12,True,spread > 10%,spread > 10%,126.55999755859375,2026-08-07,125.0,5.0,5.475,5.949999999999999,
AEP,American Electric Power,Utilities,2026-07-30,BMO,2026-07-29,0.05146343430245322,0.05689048737434828,0.027554058720684876,0.0228105684016674,0.032297549039702354,0.8677260879835295,6.4598541758890455,0.0,screened out,,,,,,0.2109090909090908,45.39686160631785,1332,0.8333333333333333,12,True,spread > 10%,spread > 10%,133.58999633789062,2026-08-21,135.0,6.15,6.875,7.6,
AIZ,Assurant,Financials,2026-08-04,AMC,2026-08-04,0.059594756712500536,0.07223606874242489,0.047224334175886916,0.03611833796175556,0.058330330390018274,0.26195017362320056,1.4275111585893885,0.0,screened out,,,,,,0.42424242424242425,204.3796320216058,5,0.8124999999999999,12,True,spread > 10%,spread > 10%,276.8699951171875,2026-08-21,280.0,13.0,16.5,20.0,
AJG,Arthur J. Gallagher & Co.,Financials,2026-07-30,AMC,2026-07-30,0.08209662121049968,0.0888064412132809,0.02567917742520262,0.020568238673281586,0.030790116177123655,2.1970113314426736,14.147028455009323,0.0,screened out,,,,,,0.16346153846153838,23.78633115075613,355,0.8333333333333333,12,True,spread > 10%,spread > 10%,253.36000061035156,2026-08-21,250.0,19.1,20.8,22.5,
AKAM,Akamai Technologies,Information Technology,2026-08-06,AMC,2026-08-06,0.15994683424066905,0.1825432014048633,0.11715235832211307,0.10015218295494242,0.13415253368928373,0.3652890691358649,3.226166739616951,0.0,screened out,,,,,,0.2825484764542937,105.6041308097726,14,0.8333333333333333,12,True,spread > 10%,spread > 10%; squeeze risk (14% of float short — no short premium),112.8499984741211,2026-08-07,112.0,15.5,18.05,20.6,
ALL,Allstate,Financials,2026-08-05,AMC,2026-08-05,0.06468404604677212,0.06927699606192755,0.029341128060746346,0.02351398771151701,0.03516826840997568,1.2045521192250563,7.773192505459588,0.0,screened out,,,,,,0.14201183431952677,25.99077991789714,597,0.8333333333333333,12,True,spread > 10%,spread > 10%,261.2699890136719,2026-08-21,260.0,15.7,16.9,18.1,
AMD,Advanced Micro Devices,Information Technology,2026-08-04,AMC,2026-08-04,0.12183048492334875,0.13072027155125476,0.08140225080293112,0.06720691387038898,0.09559758773547326,0.49664761995698886,3.6499890840878013,0.0,screened out,,,,,,0.14593698175787712,43.97810995863602,136,0.8333333333333333,12,True,spread > 10%,spread > 10%,494.95001220703125,2026-08-05,495.0,55.9,60.3,64.69999999999999,
ALGN,Align Technology,Health Care,2026-07-29,AMC,2026-07-29,0.1118714647937839,0.12020231855502314,0.07997166015124318,0.05565355295304806,0.10428976734943832,0.3988888636575944,1.6811666013592734,0.0,screened out,,,,,,0.14893617021276617,52.2313779321986,3,0.8333333333333333,12,True,spread > 10%,spread > 10%,168.0500030517578,2026-07-31,167.5,17.4,18.8,20.200000000000003,
ALB,Albemarle Corporation,Materials,2026-08-05,AMC,2026-08-05,0.1047942844553221,0.11792046792919202,0.03614676532912969,0.02932750565480794,0.042966025003451445,1.8991331174762474,12.901497334588393,0.0,screened out,,,,,,0.2505133470225874,38.24226611814041,12,0.8333333333333333,12,True,spread > 10%,spread > 10%,116.18000030517578,2026-08-07,116.0,10.649999999999999,12.174999999999999,13.7,
AME,Ametek,Industrials,2026-08-04,BMO,2026-08-03,0.07568279191158638,0.08308654329424157,0.040934941323304025,0.032848730355091296,0.049021152291516754,0.8488555123077849,5.50725741499985,0.0,screened out,,,,,,0.19565217391304338,42.614154586884716,5717,0.8333333333333333,12,True,spread > 10%,spread > 10%,243.1199951171875,2026-08-21,240.0,16.6,18.4,20.2,
ANET,Arista Networks,Information Technology,2026-08-04,AMC,2026-08-04,0.13337433083068098,0.139669716369341,0.07732004623110383,0.06494533618789448,0.08969475627431318,0.7249644475384183,5.805321570523585,0.0,screened out,,,,,,0.09440175631174526,22.46174608642676,145,0.8333333333333333,12,True,OI < 500,OI < 500; wide market,170.75999450683594,2026-08-07,170.0,21.700000000000003,22.775000000000002,23.85,
AMT,American Tower,Real Estate,2026-07-28,BMO,2026-07-27,0.07016912327305683,0.07676622033291687,0.03068967082775266,0.02520579371057998,0.03617354794492534,1.2864084684024342,9.226477029446647,0.0,screened out,,,,,,0.18803418803418795,33.420408092031295,1468,0.8333333333333333,12,True,spread > 10%,spread > 10%,166.74000549316406,2026-08-21,165.0,10.600000000000001,11.700000000000001,12.8,
AON,Aon plc,Financials,2026-07-29,BMO,2026-07-28,0.0744886537565328,0.08442955270393113,0.037521927638592946,0.030029726264352824,0.04501412901283307,0.9852032783070013,6.323449387738429,0.0,screened out,,,,,,0.26691042047531993,53.782955600031094,251,0.8333333333333333,12,True,spread > 10%,spread > 10%,367.1700134277344,2026-08-21,370.0,23.7,27.35,31.0,
AMGN,Amgen,Health Care,2026-08-04,AMC,2026-08-04,0.06405145211953846,0.07043001996546759,0.05415207293161267,0.0456843712794785,0.06261977458374685,0.18280702200315527,1.4982866530315324,0.0,screened out,,,,,,0.19917012448132781,128.86803757773097,11,0.8333333333333333,12,True,spread > 10%,spread > 10%,376.260009765625,2026-08-07,377.5,21.7,24.1,26.5,
AOS,A. O. Smith,Industrials,2026-07-30,BMO,2026-07-29,0.08368033496024106,0.10169763196124991,0.04185398118553023,0.034970536253684056,0.0487374261173764,0.9993399096086719,7.787474953081725,0.0,screened out,,,,,,0.430622009569378,86.15284563438333,1851,0.8333333333333333,12,True,spread > 10%,spread > 10%; squeeze risk (10% of float short — no short premium),62.439998626708984,2026-08-21,60.0,4.1,5.225,6.35,
APA,APA Corporation,Energy,2026-08-05,AMC,2026-08-05,0.08059872955433818,0.08578007645425993,0.04531138920313281,0.03669769465432253,0.05392508375194309,0.7787741883836485,5.250273867715818,0.0,screened out,,,,,,0.12857142857142853,29.366604841017725,15,0.7708333333333333,12,True,spread > 10%,spread > 10%; squeeze risk (9% of float short — no short premium),34.7400016784668,2026-08-07,34.5,2.62,2.8,2.98,
APD,Air Products,Materials,2026-07-30,BMO,2026-07-29,0.06681933453152053,0.07348417864080262,0.04330487448887845,0.03229544851465762,0.054314300463099284,0.5429979954954276,2.7373027495907123,0.0,screened out,,,,,,0.19948849104859326,56.68719670531066,145,0.8333333333333333,12,True,spread > 10%,spread > 10%,292.5799865722656,2026-08-21,290.0,17.6,19.55,21.5,
ARES,Ares Management,Financials,2026-07-31,BMO,2026-07-30,0.08805572802044984,0.10018785054771182,0.04438422523736593,0.03636643381098216,0.052402016663749704,0.9839419872607801,6.980650280153765,0.0,screened out,,,,,,0.27555555555555566,55.560820004395836,37,0.8333333333333333,12,True,spread > 10%,spread > 10%; squeeze risk (16% of float short — no short premium),127.76000213623047,2026-07-31,126.0,9.7,11.25,12.8,
APO,Apollo Global Management,Financials,2026-08-04,BMO,2026-08-03,0.06640373584879011,0.07646490794709164,0.03454898012548953,0.026960807326004824,0.04213715292497423,0.9220172522487516,5.380090308137733,0.0,screened out,,,,,,0.30303030303030304,63.169042548595996,9,0.8333333333333333,12,True,spread > 10%,spread > 10%,124.23999786376953,2026-08-07,123.0,7.0,8.25,9.5,
ATO,Atmos Energy,Utilities,2026-08-05,AMC,2026-08-05,0.04727303300579992,0.06396588442327822,0.01699751551823864,0.013546962059478926,0.020448068976998357,1.7811731046855115,11.244892645716439,0.0,screened out,,,,,,0.7062314540059348,110.27293868279266,110,0.7916666666666665,12,True,spread > 10%,spread > 10%,178.22000122070312,2026-08-21,180.0,5.449999999999999,8.425,11.4,
APP,AppLovin,Information Technology,2026-08-05,AMC,2026-08-05,0.15542848422070524,0.1688755315694958,0.13165465366576337,0.10303973952865463,0.16026956780287213,0.18057721389247194,1.0647783562523747,0.0,screened out,,,,,,0.17303195635229932,113.12478498333807,42,0.8333333333333333,12,True,spread > 10%,spread > 10%,412.7300109863281,2026-08-07,412.5,58.6,64.15,69.7,
APTV,Aptiv,Consumer Discretionary,2026-08-04,BMO,2026-08-03,0.10966057295623365,0.12010443704730352,0.06375645877186546,0.050704109911140764,0.07680880763259015,0.7199915909480344,4.507289329027317,0.0,screened out,,,,,,0.1904761904761905,45.50295448082665,291,0.8333333333333333,12,True,spread > 10%,spread > 10%,57.45000076293945,2026-08-21,57.5,5.7,6.300000000000001,6.9,
ARE,Alexandria Real Estate Equities,Real Estate,2026-08-03,AMC,2026-08-03,0.102159954511646,0.11091652204121566,0.050494961527348975,0.03809681160816056,0.06289311144653739,1.0231712515775329,5.340623838254848,0.0,screened out,,,,,,0.17142857142857149,33.89748850728043,695,0.8333333333333333,12,True,spread > 10%,spread > 10%,51.38999938964844,2026-08-21,52.5,4.8,5.25,5.7,
AVY,Avery Dennison,Materials,2026-07-30,BMO,2026-07-29,0.0757529294759973,0.08464699811892815,0.03529090665797329,0.028402553073768058,0.04217926024217852,1.1465282887222847,7.528087489945921,0.0,screened out,,,,,,0.23481781376518218,43.96255067588441,168,0.8333333333333333,12,True,spread > 10%,spread > 10%,163.02999877929688,2026-08-21,165.0,10.9,12.350000000000001,13.8,
BALL,Ball Corporation,Materials,2026-08-04,BMO,2026-08-03,0.07151693414181873,0.0780887605224183,0.048942326084010494,0.041260851808914464,0.056623800359106524,0.4612491858081788,3.766414707745063,0.0,screened out,,,,,,0.1837837837837839,58.22317148338231,418,0.8124999999999999,12,True,spread > 10%,spread > 10%,64.66999816894531,2026-08-21,65.0,4.199999999999999,4.625,5.05,
BA,Boeing,Industrials,2026-07-28,BMO,2026-07-27,0.0533096926713948,0.056501182033096925,0.041105085341499606,0.03503625800109296,0.04717391268190625,0.2969123462097146,2.5773388954159335,0.0,screened out,,,,,,0.1197339246119732,52.29974673391691,857,0.8333333333333333,12,True,spread > 10%,spread > 10%,211.5,2026-07-31,212.5,10.600000000000001,11.275,11.95,
AXON,Axon Enterprise,Industrials,2026-08-05,AMC,2026-08-05,0.1634695957843601,0.1783131679277595,0.11541252867406529,0.1002465150094431,0.1305785423386875,0.4163938496314557,4.061049829608479,0.0,screened out,,,,,,0.18160651920838192,61.77477335157482,34,0.8333333333333333,12,True,spread > 10%,spread > 10%,525.47998046875,2026-08-07,525.0,78.1,85.9,93.7,
AWK,American Water Works,Utilities,2026-07-29,AMC,2026-07-29,0.050906659663227084,0.05648038152416436,0.016606119999977676,0.012295446211450487,0.020916793788504865,2.0655360591935694,10.197842330221869,0.0,screened out,,,,,,0.21897810218978103,32.49932459173009,968,0.8333333333333333,12,True,spread > 10%,spread > 10%,134.55999755859375,2026-08-21,135.0,6.1,6.85,7.6,
BAX,Baxter International,Health Care,2026-07-30,BMO,2026-07-29,0.08568980235324652,0.09640102764740234,0.08470377606250737,0.0701614113236703,0.09924614080134443,0.011640877615792657,0.08689723555320195,0.0,screened out,,,,,,0.25,2172.604401070553,219,0.8333333333333333,12,True,spread > 10%,spread > 10%; squeeze risk (11% of float short — no short premium),23.34000015258789,2026-07-31,23.5,1.75,2.0,2.25,
BDX,Becton Dickinson,Health Care,2026-08-06,BMO,2026-08-05,0.07582431499394958,0.08306066040830991,0.059603144594627344,0.04762078604418593,0.07158550314506876,0.2721529293403157,1.7349716165024571,0.0,screened out,,,,,,0.19087136929460571,89.22100238417671,857,0.8333333333333333,12,True,spread > 10%,spread > 10%,158.9199981689453,2026-08-21,160.0,10.9,12.05,13.2,
BEN,Franklin Resources,Financials,2026-07-31,BMO,2026-07-30,0.0805237778959775,0.10535821406950327,0.04618589629268256,0.0375114425900339,0.05486034999533122,0.7434711537412612,5.073221965476115,0.0,screened out,,,,,,0.616822429906542,144.64745647642252,3051,0.8333333333333333,12,True,spread > 10%,spread > 10%,33.220001220703125,2026-08-21,33.0,1.85,2.675,3.5,
BIIB,Biogen,Health Care,2026-07-29,BMO,2026-07-28,0.054212051729231596,0.06295593104039798,0.04761625479849781,0.039997291588072664,0.05523521800892296,0.1385198596287305,1.1094912933641423,0.0,screened out,,,,,,0.32258064516129026,265.13488523042287,21,0.8333333333333333,12,True,spread > 10%,spread > 10%,200.13999938964844,2026-07-31,200.0,9.100000000000001,10.850000000000001,12.600000000000001,
BG,Bunge Global,Consumer Staples,2026-07-29,BMO,2026-07-28,0.0825531914893617,0.08936170212765958,0.03153794369909926,0.025814835131305454,0.03726105226689307,1.6175831968309162,11.42406103143418,0.0,screened out,,,,,,0.1649484536082474,26.692061425593817,394,0.8333333333333333,12,True,spread > 10%,spread > 10%,117.5,2026-08-21,115.0,8.9,9.7,10.5,
BLDR,Builders FirstSource,Industrials,2026-07-30,BMO,2026-07-29,0.14645214275612503,0.15676567393613383,0.045127100631224173,0.032574784557010336,0.05767941670543801,2.24532577337336,10.345355647476083,0.0,screened out,,,,,,0.14084507042253522,20.357319303742447,1974,0.8333333333333333,12,True,spread > 10%,spread > 10%,72.72000122070312,2026-08-21,75.0,9.9,10.65,11.4,
BKNG,Booking Holdings,Consumer Discretionary,2026-08-04,AMC,2026-08-04,0.07039991687272174,0.08565769353334964,0.037530512096954224,0.02851824698176896,0.046542777212139494,0.8758048568816362,4.674233239060418,0.0,screened out,,,,,,0.4334600760456273,92.83877675738425,376,0.8333333333333333,12,True,spread > 10%,spread > 10%,186.7899932861328,2026-08-07,185.0,10.3,13.15,16.0,
BMY,Bristol Myers Squibb,Health Care,2026-07-30,BMO,2026-07-29,0.04723465369458239,0.0508312009302105,0.05033476918493225,0.042743577395773946,0.05792596097409056,-0.061589941516566646,-0.5233839590387833,0.0,screened out,,,,,,0.15228426395939093,232.02666138236162,1502,0.8333333333333333,12,True,spread > 10%,spread > 10%,62.560001373291016,2026-07-31,63.0,2.73,2.955,3.18,
BRO,Brown & Brown,Financials,2026-07-27,AMC,2026-07-27,0.08931133820023779,0.09469153929663765,0.05121304168470896,0.043406504482515484,0.05901957888690243,0.7439178627600265,6.254601182273551,0.0,screened out,,,,,,0.12048192771084339,28.243788245004087,1107,0.8333333333333333,12,True,spread > 10%,spread > 10%,69.69999694824219,2026-08-21,70.0,5.85,6.225,6.6,
BSX,Boston Scientific,Health Care,2026-07-29,BMO,2026-07-28,0.08239947568237276,0.08789277406119761,0.053970726319398574,0.04293138900722566,0.06501006363157148,0.52674387212677,3.3004051016189324,0.0,screened out,,,,,,0.13333333333333333,38.646078367269745,863,0.8333333333333333,12,True,spread > 10%,spread > 10%,45.5099983215332,2026-07-31,46.0,3.5,3.75,4.0,
BXP,"BXP, Inc.",Real Estate,2026-07-28,AMC,2026-07-28,0.06357462878491997,0.08308048079847496,0.03527878358248332,0.030741449589443935,0.039816117575522704,0.8020640829715612,7.9923486494656295,0.0,screened out,,,,,,0.6136363636363636,137.87078543867122,447,0.8333333333333333,12,True,spread > 10%,spread > 10%; squeeze risk (9% of float short — no short premium),69.20999908447266,2026-08-21,70.0,3.05,4.4,5.75,
CARR,Carrier Global,Industrials,2026-07-28,BMO,2026-07-27,0.05949805121961365,0.07139766146353638,0.05194284074864462,0.04183175159146885,0.06205392990582039,0.1454523927085403,0.9576374601268471,0.0,screened out,,,,,,0.4000000000000001,315.004070095654,190,0.8333333333333333,12,True,spread > 10%,spread > 10%,69.33000183105469,2026-07-31,69.5,3.3,4.125,4.95,
BR,Broadridge Financial Solutions,Industrials,2026-08-04,BMO,2026-08-03,0.08574420804207504,0.09687131900936721,0.04886881449602733,0.041862519986776404,0.05587510900527825,0.7545792531767966,6.7452922948378164,0.0,screened out,,,,,,0.2595419847328244,60.349788285770195,228,0.8333333333333333,12,True,spread > 10%,spread > 10%,152.77999877929688,2026-08-21,155.0,11.4,13.100000000000001,14.8,
CAT,Caterpillar Inc.,Industrials,2026-08-04,BMO,2026-08-03,0.09819301612684532,0.10500640908258561,0.05243245343523879,0.04274999975558696,0.06211490711489063,0.8727526501907267,6.057011898627721,0.0,screened out,,,,,,0.13877551020408152,29.778449192846157,56,0.8333333333333333,12,True,spread > 10%,spread > 10%,873.280029296875,2026-08-07,875.0,79.80000000000001,85.75,91.7,
CBRE,CBRE Group,Real Estate,2026-07-29,BMO,2026-07-28,0.09626076959950454,0.10355851747527924,0.040678153254261856,0.03136218880923529,0.04999411769928842,1.3663996985757776,7.6465170652398164,0.0,screened out,,,,,,0.15162454873646206,26.25910169627819,1115,0.8333333333333333,12,True,spread > 10%,spread > 10%,143.8800048828125,2026-08-21,145.0,12.8,13.850000000000001,14.9,
CDNS,Cadence Design Systems,Information Technology,2026-07-27,AMC,2026-07-27,0.08062372989873799,0.08948348043706084,0.06533686179903425,0.05436014175843263,0.07631358183963588,0.2339700389456063,1.784836461539791,0.0,screened out,,,,,,0.21978021978021978,115.91322016436521,157,0.8333333333333333,12,True,spread > 10%,spread > 10%,338.6099853515625,2026-07-31,337.5,24.3,27.3,30.3,
CBOE,Cboe Global Markets,Financials,2026-07-31,BMO,2026-07-30,0.04933014934354509,0.05781147326576863,0.04019128155219469,0.03335661348692458,0.0470259496174648,0.2273843340745965,1.7136710736414962,0.0,screened out,,,,,,0.3438596491228069,185.60994897531606,389,0.8333333333333333,12,True,spread > 10%,spread > 10%,288.8699951171875,2026-07-31,290.0,11.8,14.25,16.7,
CEG,Constellation Energy,Utilities,2026-08-06,BMO,2026-08-05,0.09092592592592591,0.09888888888888889,0.045141349244873424,0.034109195102105305,0.056173503387641543,1.0142491849920083,5.3187720834105265,0.0,screened out,,,,,,0.1751527494908351,34.7844778316291,169,0.8333333333333333,12,True,spread > 10%,spread > 10%,270.0,2026-08-07,270.0,22.4,24.549999999999997,26.7,
CDW,CDW Corporation,Information Technology,2026-08-05,BMO,2026-08-04,0.12315271534939855,0.14053898104578422,0.07995404816043633,0.06535313515914976,0.0945549611617229,0.5402936834702788,3.7917773953242224,0.0,screened out,,,,,,0.28235294117647053,80.49445424014412,474,0.8333333333333333,12,True,spread > 10%,spread > 10%,138.0399932861328,2026-08-21,140.0,14.6,17.0,19.4,
CF,CF Industries,Materials,2026-08-05,AMC,2026-08-05,0.0801469368662182,0.09016530397449549,0.03750901869640958,0.029950337364367825,0.04506770002845134,1.1367377673863268,7.229403321288851,0.0,screened out,,,,,,0.2500000000000002,46.99275920732531,161,0.8124999999999999,12,True,spread > 10%,spread > 10%,119.77999877929688,2026-08-07,120.0,8.399999999999999,9.6,10.8,
CHD,Church & Dwight,Consumer Staples,2026-07-31,BMO,2026-07-30,0.06382978920762976,0.08105370058111716,0.03355924552094845,0.02755265569629821,0.039565835345598696,0.9020031057547386,6.458694520748257,0.0,screened out,,,,,,0.5396825396825398,113.79981510583653,899,0.8333333333333333,12,True,spread > 10%,spread > 10%,98.69999694824219,2026-08-21,100.0,4.6,6.3,8.0,
CINF,Cincinnati Financial,Financials,2026-07-27,AMC,2026-07-27,0.06242197398195433,0.07816316742088195,0.03781196634238364,0.031749266892330215,0.04387466579243706,0.6508523628929924,5.20233372125941,0.0,screened out,,,,,,0.5043478260869564,127.92514061326156,500,0.8333333333333333,12,True,spread > 10%,spread > 10%,184.22999572753906,2026-08-21,185.0,8.600000000000001,11.5,14.4,
CI,Cigna,Health Care,2026-07-30,BMO,2026-07-29,0.06305408801021546,0.06803656362955128,0.052766872904464926,0.041940850891374365,0.06359289491755549,0.1949559361680512,1.2178152661788422,0.0,screened out,,,,,,0.1580381471389647,96.86733616662947,288,0.8124999999999999,12,True,spread > 10%,spread > 10%,291.0199890136719,2026-07-31,290.0,16.9,18.35,19.8,
CHRW,C.H. Robinson,Industrials,2026-07-29,AMC,2026-07-29,0.09773013495272759,0.10776108722060285,0.0779628111232237,0.061554990384141556,0.09437063186230585,0.2535481153733765,1.544007740135108,0.0,screened out,,,,,,0.20527859237536655,101.4902407062658,200,0.8333333333333333,12,True,spread > 10%,spread > 10%,174.4600067138672,2026-08-21,175.0,15.3,17.05,18.8,
CLX,Clorox,Consumer Staples,2026-08-03,AMC,2026-08-03,0.09136638605283133,0.09855250630417763,0.043192904678370406,0.036215654015453735,0.050170155341287076,1.115310066159654,8.848633467856603,0.0,screened out,,,,,,0.15730337078651693,29.834340580400713,4922,0.8333333333333333,12,True,spread > 10%,spread > 10%; squeeze risk (11% of float short — no short premium),97.41000366210938,2026-08-21,95.0,8.2,8.899999999999999,9.6,
CL,Colgate-Palmolive,Consumer Staples,2026-07-31,BMO,2026-07-30,0.03886714361302,0.0456620987901214,0.030385526928670557,0.025590263370986206,0.035180790486354904,0.2791334408733434,2.266828467695618,0.0,screened out,,,,,,0.3496503496503494,160.22782990510913,77,0.8333333333333333,12,True,spread > 10%,spread > 10%,91.9800033569336,2026-07-31,92.0,2.95,3.5749999999999997,4.199999999999999,
CMS,CMS Energy,Utilities,2026-07-28,BMO,2026-07-27,0.04880840398339263,0.05520398795363029,0.015567976564752107,0.01233101676088906,0.018804936368615154,2.135179692774019,13.160784921978017,0.0,screened out,,,,,,0.2620689655172413,38.48075651789691,172,0.8124999999999999,12,True,spread > 10%,spread > 10%,74.2699966430664,2026-08-21,75.0,3.15,3.625,4.1,
CNP,CenterPoint Energy,Utilities,2026-07-28,BMO,2026-07-27,0.06475801201304641,0.08179959412174284,0.01712567304892849,0.013881986716620666,0.020369359381236317,2.7813411378362236,18.819823917123532,0.0,screened out,,,,,,0.5263157894736841,71.55467264177001,202,0.8333333333333333,12,True,spread > 10%,spread > 10%; squeeze risk (9% of float short — no short premium),44.0099983215332,2026-08-21,44.0,2.1,2.8499999999999996,3.5999999999999996,
CMI,Cummins,Industrials,2026-08-04,BMO,2026-08-03,0.10629456839328166,0.11044965102414911,0.04735063680661042,0.039256090804243346,0.05544518280897749,1.2448392579683814,9.33252373874793,0.0,screened out,,,,,,0.07818052594171998,14.098423769910235,448,0.8333333333333333,12,True,OI < 500,OI < 500,661.8400268554688,2026-08-21,660.0,67.6,70.35,73.1,
CNC,Centene Corporation,Health Care,2026-07-28,BMO,2026-07-27,0.09761235676133641,0.11157927271679541,0.06882022390548029,0.05877818693938707,0.0788622608715735,0.41836732317814135,3.674553040648774,0.0,screened out,,,,,,0.2861710631494804,97.0189740744978,684,0.8333333333333333,12,True,spread > 10%,spread > 10%,64.08000183105469,2026-07-31,64.0,5.36,6.255000000000001,7.15,
COP,ConocoPhillips,Energy,2026-08-06,BMO,2026-08-05,0.05584876187694984,0.0588337073219611,0.02341634906227133,0.01894116447844764,0.02789153364609502,1.3850328558235392,9.287970023300728,0.0,screened out,,,,,,0.10689388071262579,18.407174711715005,246,0.8333333333333333,12,True,spread > 10%,spread > 10%,115.58000183105469,2026-08-07,116.0,6.11,6.455,6.8,
COR,Cencora,Health Care,2026-08-05,BMO,2026-08-04,0.07874015902488121,0.085167927108545,0.05657134352590977,0.04639845084254246,0.06674423620927708,0.3918735903597214,2.7928687373193983,0.0,screened out,,,,,,0.16326530612244897,57.98927853373131,444,0.8333333333333333,12,True,spread > 10%,spread > 10%,311.1499938964844,2026-08-21,310.0,22.5,24.5,26.5,
CPAY,Corpay,Financials,2026-08-05,AMC,2026-08-05,0.08480156099292278,0.1029733240628348,0.06014922360046643,0.04977722239872757,0.0705212248022053,0.4098529609659864,3.046127260077377,0.0,screened out,,,,,,0.42857142857142844,147.42426067454846,107,0.8124999999999999,12,True,spread > 10%,spread > 10%,379.7099914550781,2026-08-21,380.0,25.3,32.199999999999996,39.099999999999994,
CPT,Camden Property Trust,Real Estate,2026-07-30,AMC,2026-07-30,0.06469337324454279,0.08419000627714474,0.0250883849825098,0.019580683570763986,0.030596086394255616,1.5786184837981136,9.215777901172103,0.0,screened out,,,,,,0.6027397260273973,98.45544153988419,44,0.8333333333333333,12,True,spread > 10%,spread > 10%,112.83999633789062,2026-08-21,110.0,5.1,7.3,9.5,
CRH,CRH plc,Materials,2026-07-30,BMO,2026-07-29,0.04666537012947423,0.06124829829493492,0.03609926299733915,0.02900806053445609,0.043190465460222205,0.2926959238174447,1.9096229407387086,0.0,screened out,,,,,,0.6250000000000001,276.03218447613733,177,0.8,9,True,spread > 10%,spread > 10%,102.86000061035156,2026-07-31,103.0,3.3,4.800000000000001,6.300000000000001,
CRL,Charles River Laboratories,Health Care,2026-08-05,BMO,2026-08-04,0.13731609264799172,0.1515826996763545,0.06860435804015466,0.05497031085810479,0.08223840522220453,1.001565156656951,6.458900860292025,0.0,screened out,,,,,,0.20779220779220775,41.525969646342084,137,0.8333333333333333,12,True,spread > 10%,spread > 10%; squeeze risk (8% of float short — no short premium),224.3000030517578,2026-08-21,220.0,27.6,30.8,34.0,
CSGP,CoStar Group,Real Estate,2026-07-28,AMC,2026-07-28,0.1628385323132124,0.17140898138232885,0.05294107704385041,0.04528580461364857,0.060596349474052257,2.075844720316803,18.398375754408097,0.0,screened out,,,,,,0.10526315789473684,15.597174744601705,2436,0.8333333333333333,12,True,spread > 10%,spread > 10%,29.170000076293945,2026-08-21,30.0,4.5,4.75,5.0,
CTSH,Cognizant,Information Technology,2026-07-29,BMO,2026-07-28,0.12911796171114104,0.14027630408123967,0.04123060004441156,0.03329703378066244,0.04916416630816067,2.131605205164649,14.197454078974644,0.0,screened out,,,,,,0.1728395061728395,25.39237077661121,3953,0.8333333333333333,12,True,spread > 10%,spread > 10%; squeeze risk (12% of float short — no short premium),47.04999923706055,2026-08-21,47.5,5.55,6.074999999999999,6.6,
CTVA,Corteva,Materials,2026-07-30,AMC,2026-07-30,0.06822333723543432,0.07935601569644661,0.03642187818125312,0.025534799476118662,0.04730895688638758,0.8731416566691467,3.7435891691145136,0.0,screened out,,,,,,0.32635983263598317,70.01363328673177,908,0.8333333333333333,12,True,spread > 10%,spread > 10%,87.58000183105469,2026-08-21,90.0,5.0,5.975,6.949999999999999,
DDOG,Datadog,Information Technology,2026-08-06,BMO,2026-08-05,0.15782577584241558,0.1679504482549479,0.11575551586766003,0.09042580252005483,0.14108522921526523,0.36344065040367735,2.1286164767728937,0.0,screened out,,,,,,0.1283018867924527,48.132207495782836,42,0.8333333333333333,12,True,spread > 10%,spread > 10%,251.86000061035156,2026-08-07,252.5,37.2,39.75,42.3,
DASH,DoorDash,Consumer Discretionary,2026-08-05,AMC,2026-08-05,0.1197320637014114,0.12935944368193258,0.05774048533036159,0.04479142832376941,0.07068954233695378,1.073624130735404,6.135458883213763,0.0,screened out,,,,,,0.1608154020385051,31.06028345623539,189,0.8333333333333333,12,True,spread > 10%,spread > 10%,184.3699951171875,2026-08-07,185.0,20.3,22.075000000000003,23.85,
CVS,CVS Health,Health Care,2026-08-05,BMO,2026-08-04,0.07261604578463303,0.07892033271770406,0.051789792813808494,0.03897535907542548,0.0646042265521915,0.40213045542965986,2.082879848795934,0.0,screened out,,,,,,0.1736334405144694,60.541730112495024,464,0.8333333333333333,12,True,spread > 10%,spread > 10%,107.06999969482422,2026-08-07,107.0,7.1,7.7749999999999995,8.45,
DD,DuPont,Materials,2026-08-04,BMO,2026-08-03,0.08323806402651251,0.10145755443574916,0.04732671594186215,0.03976916194094435,0.05488426994277995,0.7587965353177086,6.0897988555157765,0.0,screened out,,,,,,0.43776824034334766,101.46926462515188,75,0.8124999999999999,12,True,spread > 10%,spread > 10%,139.9600067138672,2026-08-21,140.0,9.1,11.649999999999999,14.2,
D,Dominion Energy,Utilities,2026-07-31,BMO,2026-07-30,0.048740574407554735,0.054077133649257814,0.021415448031718604,0.0166611193180118,0.026169776745425408,1.2759539905662796,7.365894129766148,0.0,screened out,,,,,,0.21897810218978103,39.05972231054158,1708,0.8333333333333333,12,True,spread > 10%,spread > 10%,70.2699966430664,2026-08-21,70.0,3.05,3.425,3.8,
DIS,Walt Disney Company (The),Communication Services,2026-08-05,BMO,2026-08-04,0.07320227509883283,0.07759958491042349,0.06440836473367097,0.055911118183323644,0.07290561128401829,0.1365336692140026,1.3263444172431094,0.0,screened out,,,,,,0.1201413427561837,100.00806533146249,1328,0.8333333333333333,12,True,spread > 10%,spread > 10%,96.6500015258789,2026-08-07,97.0,6.65,7.075,7.5,
DOC,Healthpeak Properties,Real Estate,2026-08-04,AMC,2026-08-04,0.06771758299295517,0.0799289504179143,0.047143255647894004,0.0361769905693484,0.05810952072643961,0.43642143637104264,2.404470230891724,0.0,screened out,,,,,,0.36065573770491793,118.70490072561661,1299,0.8333333333333333,12,True,spread > 10%,spread > 10%,22.520000457763672,2026-08-21,22.5,1.25,1.525,1.7999999999999998,
DTE,DTE Energy,Utilities,2026-07-28,BMO,2026-07-27,0.05603477714736396,0.07675066445638944,0.013538279115660136,0.009999738264275793,0.01707681996704448,3.1389881733599987,15.391517058825107,0.0,screened out,,,,,,0.7393939393939395,97.49456199224092,273,0.8333333333333333,12,True,spread > 10%,spread > 10%,147.22999572753906,2026-08-21,145.0,5.2,8.25,11.3,
DVA,DaVita,Health Care,2026-08-04,AMC,2026-08-04,0.11721890857847309,0.12568236768161195,0.09580209220918409,0.08001822357694963,0.11158596084141856,0.22355269989850873,1.7389774648038927,0.0,screened out,,,,,,0.1444043321299639,79.03564149968781,147,0.8333333333333333,12,True,spread > 10%,spread > 10%; squeeze risk (14% of float short — no short premium),236.30999755859375,2026-08-21,240.0,25.7,27.7,29.7,
DUK,Duke Energy,Utilities,2026-08-04,BMO,2026-08-03,0.04385624404018334,0.0489016526465761,0.016110988702543464,0.01289919904774944,0.019322778357337488,1.7221323811902178,11.071185557760215,0.0,screened out,,,,,,0.23008849557522118,36.36952368968146,3925,0.8333333333333333,12,True,spread > 10%,spread > 10%,128.8300018310547,2026-08-21,130.0,5.0,5.65,6.3,
DVN,Devon Energy,Energy,2026-08-04,AMC,2026-08-04,0.06811862860041885,0.07205746086642947,0.03420187157791707,0.026059052857114712,0.04234469029871943,0.991663773288963,5.338165724970869,0.0,screened out,,,,,,0.11564625850340131,23.226467456174706,735,0.8333333333333333,12,True,spread > 10%,spread > 10%,43.15999984741211,2026-08-07,43.0,2.77,2.94,3.11,
DXCM,Dexcom,Health Care,2026-07-30,AMC,2026-07-30,0.0848439384894257,0.1008586578026908,0.09061210118190793,0.06749826228276981,0.11372594008104606,-0.06365775230068202,-0.31982905734282335,0.0,screened out,,,,,,0.3775100401606425,555.2797369650274,21,0.8333333333333333,12,True,spread > 10%,spread > 10%,73.37000274658203,2026-07-31,73.0,5.050000000000001,6.2250000000000005,7.4,
ED,Consolidated Edison,Utilities,2026-08-06,AMC,2026-08-06,0.04753363228699552,0.06816143497757847,0.014396762107384158,0.011263270205347179,0.017530254009421136,2.301689083451294,13.55299906618005,0.0,screened out,,,,,,0.8679245283018867,124.50060961565976,1388,0.8333333333333333,12,True,spread > 10%,spread > 10%,111.5,2026-08-21,110.0,3.0,5.3,7.6,
EG,Everest Group,Financials,2026-07-29,AMC,2026-07-29,0.06523860954155987,0.0729439571252087,0.04641638025724557,0.03735316041931587,0.055479600095175274,0.40550833951288473,2.6615893117613583,0.0,screened out,,,,,,0.23622047244094505,81.87497312095907,28,0.8333333333333333,12,True,spread > 10%,spread > 10%,389.3399963378906,2026-08-21,380.0,22.4,25.4,28.400000000000002,
EBAY,eBay Inc.,Consumer Discretionary,2026-08-05,AMC,2026-08-05,0.08877307730124706,0.10732267554329869,0.05955946960200288,0.04579916907959424,0.07331977012441152,0.4904947591786777,2.720882408518628,0.0,screened out,,,,,,0.417910447761194,126.99286190888051,32,0.8333333333333333,12,True,spread > 10%,spread > 10%,113.20999908447266,2026-08-07,113.0,7.95,10.05,12.15,
ECL,Ecolab,Materials,2026-07-28,BMO,2026-07-27,0.06632765744024793,0.0714864752411561,0.037218782840196925,0.03125925020706587,0.04317831547332798,0.7821017340903723,6.259875729185385,0.0,screened out,,,,,,0.1555555555555554,35.44498282251783,1519,0.8333333333333333,12,True,spread > 10%,spread > 10%,271.3800048828125,2026-08-21,270.0,16.6,18.0,19.4,
EIX,Edison International,Utilities,2026-07-30,AMC,2026-07-30,0.06675991913462641,0.07629705043957304,0.02393252182663449,0.017056882386402634,0.030808161266866342,1.789506246697719,7.982907316046169,0.0,screened out,,,,,,0.2857142857142857,44.53752459604604,826,0.8333333333333333,12,True,spread > 10%,spread > 10%,78.63999938964844,2026-08-21,77.5,4.5,5.25,6.0,
EOG,EOG Resources,Energy,2026-08-04,AMC,2026-08-04,0.05915472984406477,0.06485639055192642,0.02240442709267456,0.017592410237625887,0.027216443947723233,1.640314327136097,9.787826897731282,0.0,screened out,,,,,,0.19277108433734935,31.029190406579588,89,0.8333333333333333,12,True,spread > 10%,spread > 10%,140.30999755859375,2026-08-07,140.0,7.5,8.3,9.1,
EMR,Emerson Electric,Industrials,2026-08-04,AMC,2026-08-04,0.06162089626220996,0.07032819682100051,0.049892734019743326,0.043336649549611264,0.05644881848987539,0.23506753985110582,2.2926508647687496,0.0,screened out,,,,,,0.2826086956521739,148.48533604458802,10,0.8333333333333333,12,True,spread > 10%,spread > 10%,149.3000030517578,2026-08-07,149.0,7.9,9.2,10.5,
EME,Emcor,Industrials,2026-07-30,BMO,2026-07-29,0.12298889262874452,0.13194210703466847,0.06029964918210787,0.04947113450248801,0.07112816386172773,1.0396286594854323,7.419534144643189,0.0,screened out,,,,,,0.14559386973180075,28.56379791389644,6,0.8333333333333333,12,True,spread > 10%,spread > 10%,742.75,2026-08-21,740.0,84.7,91.35,98.0,
ERIE,Erie Indemnity,Financials,2026-07-30,AMC,2026-07-30,0.09966704874917835,0.11478139240564715,0.05464571635111651,0.045493411645079015,0.063798021057154,0.8238766989307109,6.304350811582311,0.0,screened out,,,,,,0.3032967032967034,67.14303132050121,410,0.8333333333333333,12,True,spread > 10%,spread > 10%; squeeze risk (11% of float short — no short premium),228.25999450683594,2026-08-21,230.0,19.299999999999997,22.75,26.2,
EQIX,Equinix,Real Estate,2026-07-29,AMC,2026-07-29,0.08869973589274502,0.09381059843476101,0.035295394380683257,0.02686842340050117,0.043722365360865344,1.513068275596017,8.121898632713632,0.0,screened out,,,,,,0.11523963381798588,19.140251138052783,106,0.8124999999999999,12,True,spread > 10%,spread > 10%,1046.7900390625,2026-08-21,1050.0,87.5,92.85,98.19999999999999,
ETN,Eaton Corporation,Industrials,2026-07-31,BMO,2026-07-30,0.06647601602004373,0.07349989695801061,0.03594426339440317,0.029162546825163227,0.04272597996364311,0.8494193437942206,5.769851005348987,0.0,screened out,,,,,,0.21132075471698092,46.01033569273861,6,0.8333333333333333,12,True,spread > 10%,spread > 10%,398.6400146484375,2026-07-31,397.5,23.700000000000003,26.5,29.299999999999997,
ES,Eversource Energy,Utilities,2026-07-30,AMC,2026-07-30,0.048199221881458275,0.05556299189112551,0.02102202911308813,0.01701456804349733,0.02502949018267893,1.2927958867419636,8.691360850948875,0.0,screened out,,,,,,0.3055555555555557,54.190806772636776,2545,0.8333333333333333,12,True,spread > 10%,spread > 10%,74.69000244140625,2026-08-21,75.0,3.05,3.6,4.15,
EVRG,Evergy,Utilities,2026-08-06,BMO,2026-08-05,0.04747204303177789,0.07572227722860277,0.016636631757799395,0.012953386837693329,0.02031987667790546,1.8534647952114822,10.72930634425278,0.0,screened out,,,,,,1.1901840490797544,183.23241383626225,108,0.8333333333333333,12,True,spread > 10%,spread > 10%,85.83999633789062,2026-08-21,85.0,1.65,4.075,6.5,
ETR,Entergy,Utilities,2026-07-29,BMO,2026-07-28,0.06087376819584741,0.07427918285269466,0.027552450105843326,0.01788742051353837,0.03721747969814829,1.2093776764679558,4.418465650446587,0.0,screened out,,,,,,0.44043321299638977,80.4614908728277,710,0.8333333333333333,12,True,spread > 10%,spread > 10%,113.76000213623047,2026-08-21,115.0,5.4,6.925,8.45,
EXE,Expand Energy,Energy,2026-07-28,AMC,2026-07-28,0.07568224326953138,0.0795492192030111,0.0366281260922545,0.03062011346541628,0.04263613871909272,1.0662330111814098,8.330834118226266,0.0,screened out,,,,,,0.10218978102189784,19.803166544139195,4448,0.8333333333333333,12,True,spread > 10%,spread > 10%,90.51000213623047,2026-08-21,90.0,6.5,6.85,7.2,
EXC,Exelon,Utilities,2026-07-30,BMO,2026-07-29,0.05302226763720976,0.06468716651739591,0.021299954357028954,0.01573008712725647,0.02686982158680144,1.4893136740320052,7.299153646350094,0.0,screened out,,,,,,0.43999999999999984,73.54380985496437,1603,0.8333333333333333,12,True,spread > 10%,spread > 10%,47.150001525878906,2026-08-21,47.0,1.9500000000000002,2.5,3.05,
ESS,Essex Property Trust,Real Estate,2026-07-29,AMC,2026-07-29,0.052291180621274407,0.06433191300117312,0.02337360198280431,0.01785873534933425,0.028888468616274372,1.2371896577919153,6.720156849875428,0.0,screened out,,,,,,0.46052631578947373,83.27621430848635,584,0.8333333333333333,12,True,spread > 10%,spread > 10%,290.67999267578125,2026-08-21,300.0,11.7,15.2,18.7,
EXPD,Expeditors International,Industrials,2026-08-04,BMO,2026-08-03,0.07674798810003226,0.09279794758863216,0.05645193546549062,0.04700246339637673,0.06590140753460451,0.3595280209116786,2.7526851094092666,0.0,screened out,,,,,,0.4182509505703422,158.1584338354015,402,0.8333333333333333,12,True,spread > 10%,spread > 10%,171.33999633789062,2026-08-21,170.0,10.4,13.15,15.9,
EXPE,Expedia Group,Consumer Discretionary,2026-08-05,AMC,2026-08-05,0.11746955696943573,0.12537270759123262,0.09759611714286423,0.08273205684714033,0.11246017743858813,0.2036294107631366,1.7135156864952434,0.0,screened out,,,,,,0.13455657492354733,79.53480314193118,56,0.8333333333333333,12,True,spread > 10%,spread > 10%; squeeze risk (9% of float short — no short premium),278.3699951171875,2026-08-07,285.0,30.5,32.7,34.9,
EXR,Extra Space Storage,Real Estate,2026-07-28,AMC,2026-07-28,0.0660867249558129,0.079573811681489,0.039059249618975375,0.030164497872558677,0.047954001365392074,0.6919609465233378,3.8942528559771503,0.0,screened out,,,,,,0.4081632653061225,99.80278629497938,214,0.8333333333333333,12,True,spread > 10%,spread > 10%,148.2899932861328,2026-08-21,150.0,7.8,9.8,11.8,
FANG,Diamondback Energy,Energy,2026-08-03,AMC,2026-08-03,0.08529111205164547,0.09295199037963757,0.02157558247888392,0.01889594987100091,0.024255215086766934,2.953131375948719,30.47351433932701,0.0,screened out,,,,,,0.17964071856287425,24.04713067398608,353,0.8333333333333333,12,True,spread > 10%,spread > 10%,195.8000030517578,2026-08-21,195.0,15.2,16.7,18.2,
FE,FirstEnergy,Utilities,2026-07-28,AMC,2026-07-28,0.052210057095159065,0.059813463468240485,0.021215437984086188,0.014206272247970879,0.028224603720201497,1.4609464642833254,5.6672513317920945,0.0,screened out,,,,,,0.2912621359223301,49.062750833192766,957,0.8333333333333333,12,True,spread > 10%,spread > 10%,49.31999969482422,2026-08-21,49.0,2.2,2.575,2.95,
FICO,Fair Isaac,Information Technology,2026-07-29,AMC,2026-07-29,0.12908314807716634,0.14040623124183005,0.04629594960348126,0.038792982590670703,0.05379891661629182,1.7882168782095749,14.14108223889558,0.0,screened out,,,,,,0.17543859649122806,27.354671672487857,90,0.8333333333333333,12,True,spread > 10%,spread > 10%; squeeze risk (11% of float short — no short premium),1280.5699462890625,2026-08-21,1280.0,150.8,165.3,179.8,
FFIV,"F5, Inc.",Information Technology,2026-07-27,AMC,2026-07-27,0.13518482487288894,0.14535739102379533,0.07160189204883885,0.06016482346327557,0.08303896063440214,0.8880063222446815,7.124892720339428,0.0,screened out,,,,,,0.15049864007252942,31.997788397262067,32,0.8333333333333333,12,True,spread > 10%,spread > 10%,407.9599914550781,2026-08-21,410.0,51.0,55.15,59.3,
FIS,Fidelity National Information Services,Financials,2026-08-04,BMO,2026-08-03,0.08167284551580832,0.09036144610259644,0.049178689118065416,0.039957834476773306,0.058399543759357526,0.6607365299984465,4.516339586664572,0.0,screened out,,,,,,0.2127659574468085,53.47792680281211,30,0.8333333333333333,12,True,spread > 10%,spread > 10%,43.15999984741211,2026-08-07,43.0,3.15,3.525,3.9,
FISV,Fiserv,Financials,2026-08-06,BMO,2026-08-05,0.10131905679333685,0.1108774583776139,0.09397161917909957,0.06722814303097746,0.12071509532722169,0.07818783669390501,0.3521036679843767,0.0,screened out,,,,,,0.18867924528301902,260.1832662248284,99,0.8333333333333333,12,True,spread > 10%,spread > 10%,52.310001373291016,2026-08-07,52.0,4.8,5.300000000000001,5.800000000000001,
FLEX,Flex Ltd.,Information Technology,2026-07-29,BMO,2026-07-28,0.19944860912265774,0.21797191407357414,0.09672061315330377,0.07285287237051255,0.12058835393609499,1.0621106775504867,5.516072963606549,0.0,screened out,,,,,,0.18574514038876894,36.062817688845584,2377,0.8333333333333333,12,True,spread > 10%,spread > 10%,116.06999969482422,2026-08-21,115.0,21.0,23.15,25.3,
FOX,Fox Corporation (Class B),Communication Services,2026-08-06,BMO,2026-08-05,0.11759495844337531,0.18500294717451515,0.04944782698885311,0.04427327398195828,0.05462237999574794,1.3781623097387965,16.878243116988664,0.0,screened out,,,,,,1.1464435146443517,197.8307444272232,214,0.8333333333333333,12,True,spread > 10%,spread > 10%,50.810001373291016,2026-08-21,50.0,2.55,5.975,9.4,
FRT,Federal Realty Investment Trust,Real Estate,2026-07-31,BMO,2026-07-30,0.04444269741261319,0.057421538249925,0.024535856324154143,0.019492447564491807,0.02957926508381648,0.8113367157624698,5.058603963061924,0.0,screened out,,,,,,0.5840707964601769,130.3957848423904,693,0.8333333333333333,12,True,spread > 10%,spread > 10%,127.12999725341797,2026-08-21,125.0,4.0,5.65,7.3,
FOXA,Fox Corporation (Class A),Communication Services,2026-08-06,BMO,2026-08-05,0.08077330595515737,0.10858050964463778,0.04882706264685893,0.04369613808642231,0.053957987207295555,0.6542732979730772,7.9795181047119605,0.0,screened out,,,,,,0.6885245901639345,174.08747201432064,1104,0.8333333333333333,12,True,spread > 10%,spread > 10%; squeeze risk (15% of float short — no short premium),56.63999938964844,2026-08-21,55.0,3.0,4.575,6.15,
FSLR,First Solar,Information Technology,2026-07-30,AMC,2026-07-30,0.09716756460224882,0.10348345630139498,0.0683678232920436,0.05577987881962411,0.0809557677644631,0.4212470124605652,2.9321505623121547,0.0,screened out,,,,,,0.12999999999999973,43.86075299161189,610,0.8333333333333333,12,True,spread > 10%,spread > 10%; squeeze risk (10% of float short — no short premium),205.8300018310547,2026-07-31,205.0,18.700000000000003,20.0,21.299999999999997,
FTNT,Fortinet,Information Technology,2026-07-29,AMC,2026-07-29,0.1284617362694936,0.1374852298771847,0.11084917738279855,0.09089699798006352,0.1308013567855336,0.1588875921548168,1.1313177880755307,0.0,screened out,,,,,,0.14048531289910599,102.46658268955669,665,0.8333333333333333,12,True,spread > 10%,spread > 10%,152.3800048828125,2026-07-31,152.5,18.200000000000003,19.575000000000003,20.950000000000003,
FTV,Fortive,Industrials,2026-07-29,BMO,2026-07-28,0.09972981854117534,0.14462810338242157,0.05175638584473044,0.043551259788383784,0.0599615119010771,0.9269084754172281,7.49321228236426,0.0,screened out,,,,,,0.9003984063745019,187.17978813541723,49,0.8333333333333333,12,True,spread > 10%,spread > 10%,62.91999816894531,2026-08-21,60.0,3.45,6.275,9.1,
GD,General Dynamics,Industrials,2026-07-29,BMO,2026-07-28,0.04484247145790168,0.05062445201837611,0.04335817998546554,0.03786529834064732,0.04885106163028376,0.034233251324979494,0.34631511728796915,0.0,screened out,,,,,,0.25787965616045844,779.0896421421302,27,0.8333333333333333,12,True,spread > 10%,spread > 10%,389.1400146484375,2026-07-31,390.0,15.2,17.45,19.7,
GEHC,GE HealthCare,Health Care,2026-07-29,BMO,2026-07-28,0.06217277595562319,0.06789921584627269,0.0671129473343815,0.055782652734821934,0.07844324193394106,-0.07360981114634335,-0.5587960298281004,0.0,screened out,,,,,,0.18421052631578952,231.83162897028163,74,0.8333333333333333,12,True,spread > 10%,spread > 10%,61.119998931884766,2026-07-31,61.0,3.45,3.8000000000000003,4.15,
GILD,Gilead Sciences,Health Care,2026-08-04,AMC,2026-08-04,0.05857339679549073,0.0685718641359898,0.04390641728316255,0.03761480209837029,0.05019803246795482,0.33405092967931005,2.9876590336350066,0.0,screened out,,,,,,0.3413996075866579,136.33982828018492,44,0.8333333333333333,12,True,spread > 10%,spread > 10%,130.52000427246094,2026-08-07,131.0,6.34,7.645,8.95,
GEN,Gen Digital,Information Technology,2026-08-06,AMC,2026-08-06,0.10284218487429723,0.1271503376627675,0.07490756894723724,0.06278792698786766,0.08702721090660683,0.3729211389403966,2.9539654630178793,0.0,screened out,,,,,,0.47272727272727283,174.03606229590713,255,0.8333333333333333,12,True,spread > 10%,spread > 10%,26.739999771118164,2026-08-21,27.0,2.1,2.75,3.4000000000000004,
GDDY,GoDaddy,Information Technology,2026-07-30,AMC,2026-07-30,0.10164920265272796,0.11409604379387832,0.07257200796142384,0.05845243712421787,0.0866915787986298,0.4006668067770746,2.6392680872550915,0.0,screened out,,,,,,0.2448979591836735,85.61239330885476,208,0.8333333333333333,12,True,spread > 10%,spread > 10%,96.41000366210938,2026-07-31,95.0,8.6,9.8,11.0,
GLW,Corning Inc.,Information Technology,2026-07-28,BMO,2026-07-27,0.11666434102116167,0.12904575837916238,0.06508496000849923,0.055190570057308944,0.07497934995968951,0.7924930891242289,6.680971240462981,0.0,screened out,,,,,,0.21225710014947685,48.009173878845694,93,0.8333333333333333,12,True,spread > 10%,spread > 10%,143.36000061035156,2026-07-31,144.0,14.95,16.725,18.5,
GNRC,Generac,Industrials,2026-07-29,BMO,2026-07-28,0.11845702538880598,0.12756910426486798,0.08752958817896382,0.06752358617201162,0.10753559018591602,0.35333694414976147,1.9812356069123542,0.0,screened out,,,,,,0.15384615384615377,58.92553472333764,43,0.8333333333333333,12,True,spread > 10%,spread > 10%,197.5399932861328,2026-07-31,200.0,21.6,23.4,25.2,
GRMN,Garmin,Consumer Discretionary,2026-07-29,BMO,2026-07-28,0.09279498447941961,0.1022806940039825,0.08582850906863389,0.07087368714123059,0.10078333099603719,0.08116738233463769,0.5970137879143073,0.0,screened out,,,,,,0.2044444444444445,272.32449596755373,282,0.8333333333333333,12,True,spread > 10%,spread > 10%,242.47000122070312,2026-08-21,240.0,20.2,22.5,24.8,
GWW,W. W. Grainger,Industrials,2026-08-04,BMO,2026-08-03,0.06483434230368444,0.07026698840630852,0.0459719826395798,0.039294668823793295,0.052649296455366305,0.4103012004504022,3.620318111807826,0.0,screened out,,,,,,0.16758544652701218,57.603038001257765,16,0.8333333333333333,12,True,spread > 10%,spread > 10%,1398.949951171875,2026-08-21,1400.0,83.1,90.69999999999999,98.3,
HII,Huntington Ingalls Industries,Industrials,2026-07-30,BMO,2026-07-29,0.10945359930615785,0.11864700780572421,0.08327946324022799,0.0661202425418985,0.10043868393855748,0.314292804582901,1.9549123687978094,0.0,screened out,,,,,,0.16798732171156908,70.24803780655178,75,0.8333333333333333,12,True,spread > 10%,spread > 10%,288.25,2026-08-21,290.0,28.9,31.55,34.2,
HLT,Hilton Worldwide,Consumer Discretionary,2026-07-28,BMO,2026-07-27,0.04004835954530516,0.0513828009260519,0.030222792732737952,0.025652257052056635,0.03479332841341927,0.32510452953356467,2.755135788614829,0.0,screened out,,,,,,0.5660377358490566,230.71323206005044,52,0.8333333333333333,12,True,spread > 10%,spread > 10%,330.8500061035156,2026-07-31,330.0,9.5,13.25,17.0,
HONA,Honeywell Aerospace,Industrials,2026-08-05,AMC,2026-08-05,0.11597021196059479,0.1304368437184604,0.047208898161319145,0.03913943213514359,0.0552783641874947,1.456532909628795,10.92073496304407,0.0,screened out,,,,,,0.2494887525562373,42.07782242234589,329,0.35,0,True,spread > 10%,spread > 10%; thin history (n=0); low-conf moves,210.8300018310547,2026-08-21,210.0,21.4,24.45,27.5,
HST,Host Hotels & Resorts,Real Estate,2026-08-05,AMC,2026-08-05,0.06708049844054957,0.10812975868028887,0.02838367161672556,0.02208383462235672,0.0346835086110944,1.3633481723703869,7.87224388531683,0.0,screened out,,,,,,1.2238805970149256,212.1582755434975,6991,0.8333333333333333,12,True,spread > 10%,spread > 10%,24.969999313354492,2026-08-21,25.28,0.65,1.675,2.7,
HSIC,Henry Schein,Health Care,2026-08-04,BMO,2026-08-03,0.08509632369768734,0.1181893384690102,0.053001333220817515,0.045674852950341696,0.06032781349129333,0.6055506253616988,5.614283841166338,0.0,screened out,,,,,,0.7777777777777777,206.2191904694428,24,0.8333333333333333,12,True,spread > 10%,spread > 10%,84.61000061035156,2026-08-21,85.0,4.4,7.2,10.0,
HSY,Hershey Company (The),Consumer Staples,2026-07-30,BMO,2026-07-29,0.04495254947695524,0.049947277196616936,0.03143613999193429,0.025891084283227672,0.0369811957006409,0.4299640314774308,3.1239777030199334,0.0,screened out,,,,,,0.22222222222222232,73.90613202710249,153,0.8333333333333333,12,True,spread > 10%,spread > 10%,180.19000244140625,2026-07-31,180.0,7.199999999999999,8.1,9.0,
HUBB,Hubbell Incorporated,Industrials,2026-07-28,BMO,2026-07-27,0.11075186952037527,0.12310225932183144,0.04527395818989457,0.03915008376863777,0.05139783261115137,1.4462599239908247,13.70316982168323,0.0,screened out,,,,,,0.22302810516772434,37.72383556684077,101,0.8333333333333333,12,True,spread > 10%,spread > 10%,497.9599914550781,2026-08-21,500.0,49.0,55.15,61.3,
HUM,Humana,Health Care,2026-07-29,BMO,2026-07-28,0.09130263821924985,0.10074773872468948,0.06192240406010153,0.0526625626980944,0.07118224542210866,0.4744685644089663,4.066344835329101,0.0,screened out,,,,,,0.20689655172413793,64.2956108128815,59,0.8333333333333333,12,True,spread > 10%,spread > 10%,381.1499938964844,2026-07-31,380.0,31.2,34.8,38.4,
IDXX,Idexx Laboratories,Health Care,2026-08-04,BMO,2026-08-03,0.10607694840905317,0.12153901207545753,0.0807693757206294,0.06379697977881679,0.097741771662442,0.3133312900171388,1.9109962593778635,0.0,screened out,,,,,,0.29152542372881335,122.19317796113278,16,0.8333333333333333,12,True,spread > 10%,spread > 10%,556.2000122070312,2026-08-21,560.0,50.400000000000006,59.0,67.6,
HWM,Howmet Aerospace,Industrials,2026-08-06,BMO,2026-08-05,0.07484198033368175,0.08161422449380608,0.05935948667976283,0.04840725307937775,0.07031172028014791,0.2608259356662748,1.811718466830805,0.0,screened out,,,,,,0.1809744779582366,87.48260211183933,3,0.8333333333333333,12,True,spread > 10%,spread > 10%,287.94000244140625,2026-08-07,287.5,19.6,21.55,23.5,
IFF,International Flavors & Fragrances,Materials,2026-08-04,AMC,2026-08-04,0.07787957959640304,0.10340313929606454,0.0683110087278071,0.05521880210016671,0.08140321535544748,0.1400736286404874,0.9366702477260509,0.0,screened out,,,,,,0.6554621848739496,533.4873943073327,593,0.8333333333333333,12,True,spread > 10%,spread > 10%; squeeze risk (8% of float short — no short premium),76.4000015258789,2026-08-21,77.5,4.0,5.95,7.9,
IEX,IDEX Corporation,Industrials,2026-07-29,BMO,2026-07-28,0.08265201201206114,0.10141625257696152,0.05685263231699158,0.04811321426394476,0.0655920503700384,0.45379393431109233,3.783373768883146,0.0,screened out,,,,,,0.4540540540540542,145.46272652040815,305,0.8333333333333333,12,True,spread > 10%,spread > 10%,223.8300018310547,2026-08-21,230.0,14.3,18.5,22.700000000000003,
ICE,Intercontinental Exchange,Financials,2026-07-30,BMO,2026-07-29,0.04202245800806367,0.04706515296903131,0.02693311967040557,0.021081911220929103,0.032784328119882036,0.5602521550534841,3.3050430830699473,0.0,screened out,,,,,,0.24,66.83785396186268,3,0.8333333333333333,12,True,spread > 10%,spread > 10%,148.72999572753906,2026-07-31,148.0,5.5,6.25,7.0,
INCY,Incyte,Health Care,2026-07-28,BMO,2026-07-27,0.08664927872474677,0.09674434032374639,0.05385614574872572,0.043608722630098906,0.06410356886735254,0.6089023364022844,4.101292464997816,0.0,screened out,,,,,,0.23300970873786409,61.56814358897225,211,0.8333333333333333,12,True,spread > 10%,spread > 10%,118.87000274658203,2026-08-21,120.0,9.1,10.3,11.5,
IQV,IQVIA,Health Care,2026-07-28,BMO,2026-07-27,0.11255979674795002,0.12100178150404628,0.07215126101747774,0.05979829165158945,0.08450423038336602,0.5600530768365064,4.192318288684538,0.0,screened out,,,,,,0.1499999999999999,41.783175774568356,522,0.8333333333333333,12,True,spread > 10%,spread > 10%,213.22000122070312,2026-08-21,210.0,22.200000000000003,24.0,25.8,
IRM,Iron Mountain,Real Estate,2026-08-05,BMO,2026-08-04,0.07087172337505579,0.07874635930561755,0.047425411403360304,0.039832965564018635,0.05501785724270197,0.4943828904778717,3.9577224597667233,0.0,screened out,,,,,,0.2222222222222222,67.17163825225953,6,0.8333333333333333,12,True,spread > 10%,spread > 10%,126.98999786376953,2026-08-07,127.0,8.0,9.0,10.0,
INVH,Invitation Homes,Real Estate,2026-07-29,AMC,2026-07-29,0.05568680549221151,0.0725615950353059,0.03360678390609105,0.027628158493547345,0.03958540931863476,0.6570108478044092,4.733154147005209,0.0,screened out,,,,,,0.6060606060606061,152.85120512474427,1263,0.8333333333333333,12,True,spread > 10%,spread > 10%,29.6299991607666,2026-08-21,30.0,1.15,1.65,2.15,
IR,Ingersoll Rand,Industrials,2026-07-30,AMC,2026-07-30,0.09036144187439778,0.09922040676404462,0.05410819923356127,0.045176869547072215,0.06303952892005033,0.6700138454866558,5.2021543711214795,0.0,screened out,,,,,,0.1960784313725488,48.8726759005435,74,0.8333333333333333,12,True,spread > 10%,spread > 10%,84.66000366210938,2026-08-21,85.0,6.9,7.6499999999999995,8.399999999999999,
IP,International Paper,Materials,2026-07-30,BMO,2026-07-29,0.07427493542403811,0.07899080433985005,0.062030147157290653,0.05058311947079539,0.07347717484378591,0.19740059999693677,1.3709166320246973,0.0,screened out,,,,,,0.12698412698412695,77.02654897869627,691,0.8333333333333333,12,True,spread > 10%,spread > 10%; squeeze risk (18% of float short — no short premium),42.40999984741211,2026-07-31,42.0,2.95,3.1500000000000004,3.35,
IVZ,Invesco,Financials,2026-07-28,BMO,2026-07-27,0.083859181295796,0.09133178160928278,0.047444088639418125,0.038891172784468256,0.055997004494367994,0.7675369830188499,5.456569845873625,0.0,screened out,,,,,,0.1782178217821783,41.04122641675056,530,0.8333333333333333,12,True,spread > 10%,spread > 10%,30.110000610351562,2026-08-21,30.0,2.3,2.525,2.75,
IT,Gartner,Information Technology,2026-08-04,BMO,2026-08-03,0.14445575070087466,0.14988131880231595,0.08251445285723247,0.06152584166522622,0.10350306404923872,0.7506721028716483,3.782240120139351,0.0,screened out,,,,,,0.07511737089201885,17.518419181777606,115,0.8333333333333333,12,True,OI < 500,OI < 500; squeeze risk (24% of float short — no short premium),147.4499969482422,2026-08-21,145.0,20.5,21.3,22.1,
ITW,Illinois Tool Works,Industrials,2026-07-28,BMO,2026-07-27,0.0635489064481213,0.06951758826921557,0.03349858638112034,0.028339627774435862,0.03865754498780482,0.8970623334702027,7.465167514228101,0.0,screened out,,,,,,0.18784530386740342,39.72458068856733,794,0.8333333333333333,12,True,spread > 10%,spread > 10%,284.82000732421875,2026-08-21,280.0,16.4,18.1,19.8,
JCI,Johnson Controls,Industrials,2026-07-29,BMO,2026-07-28,0.08926703434328945,0.09833321751877978,0.05358868742429268,0.045428183247984914,0.061749191600600446,0.6657813175476874,5.603252988233232,0.0,screened out,,,,,,0.20312499999999997,50.821767029027264,1096,0.8333333333333333,12,True,spread > 10%,spread > 10%,143.38999938964844,2026-08-21,145.0,11.5,12.8,14.1,
J,Jacobs Solutions,Industrials,2026-08-04,AMC,2026-08-04,0.07801523577103489,0.09095615165722551,0.05973841853713941,0.05138795474759412,0.06808888232668471,0.3059474569540667,2.8050620369477612,0.0,screened out,,,,,,0.33175355450236965,141.61016899803428,115,0.8333333333333333,12,True,spread > 10%,spread > 10%,135.22999572753906,2026-08-21,135.0,8.8,10.55,12.3,
KKR,KKR & Co.,Financials,2026-07-30,BMO,2026-07-29,0.05633179331614573,0.061005610228839054,0.034028061259216855,0.027199461465169536,0.04085666105326417,0.6554511550636074,4.185991838191766,0.0,screened out,,,,,,0.16593886462882101,41.91062644371525,182,0.8333333333333333,12,True,spread > 10%,spread > 10%,101.62999725341797,2026-07-31,102.0,5.25,5.725,6.2,
KMB,Kimberly-Clark,Consumer Staples,2026-08-04,BMO,2026-08-03,0.05137293498364857,0.06101938129062188,0.029506622832070784,0.024475880044347,0.03453736561979456,0.7410645493394542,5.570522452836793,0.0,screened out,,,,,,0.3755458515283843,88.23112228622661,44,0.8333333333333333,12,True,spread > 10%,spread > 10%; squeeze risk (13% of float short — no short premium),111.44000244140625,2026-08-07,111.0,4.65,5.7250000000000005,6.800000000000001,
KDP,Keurig Dr Pepper,Consumer Staples,2026-08-06,BMO,2026-08-05,0.07304116662355291,0.10956174993532936,0.03867547821731741,0.03316389932742056,0.04418705710721427,0.8885653129648399,7.991007139926043,0.0,screened out,,,,,,0.9999999999999998,212.54096749099287,243,0.8333333333333333,12,True,spread > 10%,spread > 10%,30.1200008392334,2026-08-21,30.0,1.1,2.2,3.3,
KHC,Kraft Heinz,Consumer Staples,2026-08-05,BMO,2026-08-04,0.054729215773438984,0.060640733853496845,0.028263122307625326,0.0234003985598635,0.033125846055387154,0.9364178938812138,6.975297620268621,0.0,screened out,,,,,,0.2160278745644598,44.67238875048782,691,0.8333333333333333,12,True,spread > 10%,spread > 10%; squeeze risk (11% of float short — no short premium),26.219999313354492,2026-08-07,26.0,1.28,1.435,1.5899999999999999,
KIM,Kimco Realty,Real Estate,2026-08-04,BMO,2026-08-03,0.07391963843956897,0.08529189050719496,0.02315098874506423,0.01829075195388969,0.02801122553623877,2.1929365632527715,13.387228697709903,0.0,screened out,,,,,,0.3076923076923076,44.80029363025165,172,0.8333333333333333,12,True,spread > 10%,spread > 10%,26.3799991607666,2026-08-21,25.0,1.6500000000000001,1.9500000000000002,2.25,
KLAC,KLA Corporation,Information Technology,2026-07-28,AMC,2026-07-28,0.2062844210960562,0.22128245409588862,0.049265208373283124,0.03767158435375358,0.060858832392812666,3.187223152149006,17.35745636450887,0.0,screened out,,,,,,0.1454112038140644,19.103436757529018,320,0.8333333333333333,12,True,spread > 10%,spread > 10%,203.36000061035156,2026-08-21,204.0,38.9,41.95,45.0,
KVUE,Kenvue,Consumer Staples,2026-08-06,BMO,2026-08-05,0.0639117058139865,0.08726899589058398,0.04352593467488733,0.03391133602468452,0.05314053332509014,0.4683591815171501,2.717368165057872,0.0,screened out,,,,,,0.7309236947791166,229.15287253273476,185,0.8333333333333333,12,True,spread > 10%,spread > 10%,19.479999542236328,2026-08-07,19.0,0.7899999999999999,1.2449999999999999,1.7,
L,Loews Corporation,Financials,2026-08-03,BMO,2026-07-31,0.0457651422144488,0.07254934986990962,0.02997891328184952,0.024087042714641647,0.03587078384905739,0.526577757645302,3.4338213593186437,0.0,screened out,,,,,,1.1705069124423964,339.3363642427637,21,0.8333333333333333,12,True,spread > 10%,spread > 10%,118.54000091552734,2026-08-21,120.0,2.25,5.425,8.6,
LH,Labcorp,Health Care,2026-07-30,BMO,2026-07-29,0.06922999990170983,0.07802901667578806,0.047200469189273786,0.04022293156644249,0.054178006812105085,0.4667227061684,4.046276507155803,0.0,screened out,,,,,,0.2541966426858512,79.8838331050877,84,0.8333333333333333,12,True,spread > 10%,spread > 10%,301.1700134277344,2026-08-21,300.0,18.200000000000003,20.85,23.5,
LHX,L3Harris,Industrials,2026-07-29,AMC,2026-07-29,0.042012651701710896,0.04580202812970834,0.029143531237672056,0.023405293731687933,0.03488176874365618,0.441577252910372,2.8742387831651057,0.0,screened out,,,,,,0.180392156862745,58.89099318926097,9,0.8333333333333333,12,True,spread > 10%,spread > 10%,303.4800109863281,2026-07-31,302.5,11.6,12.75,13.899999999999999,
LII,Lennox International,Industrials,2026-07-29,BMO,2026-07-28,0.0961907414787737,0.10395542621352749,0.05833841200869957,0.05041166187433575,0.06626516214306338,0.6488405866177759,6.119979137293754,0.0,screened out,,,,,,0.16144349477682796,41.02619227644907,7,0.8333333333333333,12,True,spread > 10%,spread > 10%; squeeze risk (9% of float short — no short premium),547.3499755859375,2026-08-21,550.0,48.400000000000006,52.650000000000006,56.9,
LDOS,Leidos,Industrials,2026-08-04,BMO,2026-08-03,0.0978686411367672,0.10352327373578042,0.0632001599122142,0.05675896508141706,0.06964135474301134,0.548550530136442,6.897963297888399,0.0,screened out,,,,,,0.11555555555555562,32.62117288834955,385,0.8333333333333333,12,True,spread > 10%,spread > 10%,114.94999694824219,2026-08-21,115.0,10.6,11.25,11.9,
LIN,Linde plc,Materials,2026-07-31,BMO,2026-07-30,0.056506647905014744,0.0633111133595453,0.027367712658647327,0.022666048036855298,0.032069377280439355,1.064719423570842,7.942816516230103,0.0,screened out,,,,,,0.24083769633507837,46.70359707380756,94,0.8124999999999999,12,True,spread > 10%,spread > 10%,507.0199890136719,2026-08-21,505.0,25.2,28.65,32.099999999999994,
LLY,Lilly (Eli),Health Care,2026-08-05,BMO,2026-08-04,0.08024850955631127,0.08317119200633302,0.07187733128216023,0.06030140248354513,0.08345326008077533,0.11646478973028798,0.9267940622989571,0.0,screened out,,,,,,0.07284079084287201,69.82726575174138,270,0.8333333333333333,12,True,OI < 500,OI < 500,1197.530029296875,2026-08-07,1200.0,92.6,96.1,99.6,
LNT,Alliant Energy,Utilities,2026-07-30,AMC,2026-07-30,0.03990261041285932,0.07439469737990721,0.01451518150310328,0.011114903421182695,0.017915459585023864,1.7490259356611093,9.568784701387036,0.0,screened out,,,,,,1.7288135593220337,271.7257197619807,110,0.8333333333333333,12,True,spread > 10%,spread > 10%; squeeze risk (11% of float short — no short premium),73.93000030517578,2026-08-21,75.0,0.4,2.95,5.5,
LRCX,Lam Research,Information Technology,2026-07-29,AMC,2026-07-29,0.11565104658313202,0.12225232944962658,0.053843183124377345,0.04532030155656535,0.06236606469218934,1.1479236529530392,9.29415212196544,0.0,screened out,,,,,,0.11415863602668637,21.360657033225863,125,0.8333333333333333,12,True,spread > 10%,spread > 10%,291.6099853515625,2026-07-31,292.5,31.8,33.725,35.65,
LYB,LyondellBasell,Materials,2026-07-31,BMO,2026-07-30,0.11216308631530368,0.11941317174252862,0.028909324520819298,0.02273591741074145,0.035082731630897146,2.8798238345046236,17.283490172166157,0.0,screened out,,,,,,0.1292775665399239,17.416835638303304,346,0.8333333333333333,12,True,spread > 10%,spread > 10%,58.619998931884766,2026-08-21,57.5,6.15,6.575,7.0,
LYV,Live Nation Entertainment,Communication Services,2026-07-30,AMC,2026-07-30,0.056298775605465194,0.06075808456431392,0.04647921054254471,0.03967879543271627,0.05327962565237315,0.2112678969435626,1.8505862335448484,0.0,screened out,,,,,,0.15841584158415822,90.82497911618212,207,0.8333333333333333,12,True,spread > 10%,spread > 10%; squeeze risk (16% of float short — no short premium),179.39999389648438,2026-07-31,180.0,9.3,10.1,10.899999999999999,
MA,Mastercard,Financials,2026-07-30,BMO,2026-07-29,0.036704064079886564,0.04205107588411696,0.03213911114256418,0.026248430457615324,0.03802979182751304,0.14203731139523276,0.993169380139837,0.0,screened out,,,,,,0.29135802469135813,234.26361137325247,10,0.8333333333333333,12,True,spread > 10%,spread > 10%,551.7100219726562,2026-07-31,552.5,17.3,20.25,23.200000000000003,
MCHP,Microchip Technology,Information Technology,2026-08-06,AMC,2026-08-06,0.12195121712345584,0.12965339925756883,0.05587712664434392,0.045128536850850574,0.06662571643783725,1.1824890513728692,7.878294360930141,0.0,screened out,,,,,,0.12631578947368413,23.313774213957274,46,0.8333333333333333,12,True,spread > 10%,spread > 10%,77.9000015258789,2026-08-07,78.0,8.9,9.5,10.1,
MAR,Marriott International,Consumer Discretionary,2026-08-03,BMO,2026-07-31,0.05899859067519325,0.06604709487090217,0.03631415099406382,0.02958736208299715,0.04304093990513049,0.6246721749005669,4.321880510849188,0.0,screened out,,,,,,0.2389380530973451,62.143956780844675,43,0.8333333333333333,12,True,spread > 10%,spread > 10%,383.05999755859375,2026-08-07,385.0,19.9,22.599999999999998,25.299999999999997,
MAA,Mid-America Apartment Communities,Real Estate,2026-07-29,AMC,2026-07-29,0.047579796797209375,0.05844447480602097,0.024633974907377947,0.01985080056888605,0.029417149245869842,0.9314705392088017,6.148085612802463,0.0,screened out,,,,,,0.45669291338582674,94.69852996310698,134,0.8333333333333333,12,True,spread > 10%,spread > 10%,133.4600067138672,2026-08-21,135.0,4.9,6.35,7.8,
MCK,McKesson Corporation,Health Care,2026-08-05,AMC,2026-08-05,0.07687692655540528,0.0844646262689839,0.05327763532693486,0.04188692787027369,0.06466834278359603,0.44294929915066333,2.655221526273227,0.0,screened out,,,,,,0.19739862280030593,64.30447118195447,216,0.8124999999999999,12,True,spread > 10%,spread > 10%,850.0599975585938,2026-08-21,850.0,58.900000000000006,65.35,71.8,
MAS,Masco,Industrials,2026-07-29,BMO,2026-07-28,0.09271808354431046,0.1219812660582955,0.056166817818699415,0.04727387064806776,0.06505976498933107,0.6507626236471985,5.2675565541019465,0.0,screened out,,,,,,0.6312292358803986,160.1213087046704,300,0.8333333333333333,12,True,spread > 10%,spread > 10%,81.16000366210938,2026-08-21,80.0,5.15,7.525,9.9,
MDLZ,Mondelez International,Consumer Staples,2026-07-28,AMC,2026-07-28,0.035437614387476675,0.046151311760434736,0.032530967562952234,0.027424858734697515,0.037637076391206954,0.08935014978880199,0.7295493879208585,0.0,screened out,,,,,,0.6046511627906976,737.1860442460835,111,0.8333333333333333,12,True,spread > 10%,spread > 10%,60.66999816894531,2026-07-31,61.0,1.5,2.15,2.8,
MCD,McDonald's,Consumer Discretionary,2026-08-04,BMO,2026-08-03,0.046274058368656425,0.04876786989750617,0.02908602553501201,0.024364109313574956,0.03380794175644906,0.5909378307103009,4.665093967485664,0.0,screened out,,,,,,0.10778443113772454,29.017998196608968,466,0.8333333333333333,12,True,spread > 10%,spread > 10%,270.6700134277344,2026-08-07,270.0,11.85,12.524999999999999,13.2,
MGM,MGM Resorts,Consumer Discretionary,2026-07-29,AMC,2026-07-29,0.07451404010474516,0.11879049871770968,0.059410173769798166,0.04530289227685161,0.07351745526274472,0.25423030057900986,1.372136446312945,0.0,screened out,,,,,,1.188405797101449,586.2930408821032,9,0.8333333333333333,12,True,spread > 10%,spread > 10%; squeeze risk (16% of float short — no short premium),46.29999923706055,2026-07-31,46.5,1.4,3.45,5.5,
MET,MetLife,Financials,2026-08-05,AMC,2026-08-05,0.06250656421258623,0.07143607338581283,0.029666205703155576,0.02389117912114479,0.03544123228516636,1.1069955773258,7.287967054003031,0.0,screened out,,,,,,0.28571428571428575,54.38131359413967,881,0.8333333333333333,12,True,spread > 10%,spread > 10%,95.19000244140625,2026-08-21,95.0,5.1,5.949999999999999,6.8,
MLM,Martin Marietta Materials,Materials,2026-07-30,BMO,2026-07-29,0.0792790547302964,0.09090431854411052,0.03288337029262433,0.026452525260161352,0.039314215325087304,1.4109163393169135,9.2461735394279,0.0,screened out,,,,,,0.29327453142227117,50.11355670129839,38,0.8333333333333333,12,True,spread > 10%,spread > 10%,572.030029296875,2026-08-21,570.0,38.7,45.35,52.0,
MOS,Mosaic Company (The),Materials,2026-08-04,AMC,2026-08-04,0.08728737630622219,0.09623992772224498,0.04487859641825673,0.036232365246568046,0.05352482758994541,0.9449667162655171,6.286102143831682,0.0,screened out,,,,,,0.2051282051282053,42.220273441836525,71,0.8333333333333333,12,True,spread > 10%,spread > 10%; squeeze risk (12% of float short — no short premium),22.34000015258789,2026-08-07,22.5,1.75,1.9500000000000002,2.1500000000000004,
MO,Altria,Consumer Staples,2026-07-30,BMO,2026-07-29,0.043627384094224744,0.048154754141738636,0.0441036468477746,0.0369481169687129,0.051259176726836296,-0.010798715924642047,-0.08530162758953215,0.0,screened out,,,,,,0.20754716981132082,1901.2068501132496,3567,0.8333333333333333,12,True,spread > 10%,spread > 10%,72.88999938964844,2026-07-31,73.0,2.8499999999999996,3.1799999999999997,3.51,
MPWR,Monolithic Power Systems,Information Technology,2026-07-30,AMC,2026-07-30,0.1859485678014517,0.19580608223911902,0.07882134368669334,0.06576912187412562,0.09187356549926107,1.3591144112003208,10.518841343416062,0.0,screened out,,,,,,0.10602409638554229,18.403378822002566,51,0.8333333333333333,12,True,spread > 10%,spread > 10%,1339.0799560546875,2026-08-21,1340.0,235.8,249.00000000000003,262.20000000000005,
MNST,Monster Beverage,Consumer Staples,2026-08-06,AMC,2026-08-06,0.08024755956217697,0.08706597965569528,0.05123775382678111,0.04222193618516379,0.06025357146839844,0.5661802785787404,4.1237487833453885,0.0,screened out,,,,,,0.1699346405228759,47.00769219697958,1641,0.8333333333333333,12,True,spread > 10%,spread > 10%,95.33000183105469,2026-08-21,95.0,7.0,7.65,8.3,
MRNA,Moderna,Health Care,2026-07-31,BMO,2026-07-30,0.1059680008415237,0.11684342756062835,0.06254800099629437,0.048464440124944275,0.07663156186764447,0.6941868509563036,3.9512075326665164,0.0,screened out,,,,,,0.20525869380831213,50.09408916568455,568,0.8333333333333333,12,True,spread > 10%,spread > 10%; squeeze risk (14% of float short — no short premium),55.630001068115234,2026-07-31,56.0,5.29,5.895,6.5,
MRK,Merck & Co.,Health Care,2026-08-04,BMO,2026-08-03,0.05697461236594443,0.06118079180235643,0.036604454558758395,0.028014425320541478,0.04519448379697531,0.5564939582554724,3.0391508016692943,0.0,screened out,,,,,,0.14765100671140935,41.297465402336535,82,0.8333333333333333,12,True,spread > 10%,spread > 10%,130.75999450683594,2026-08-07,131.0,6.9,7.45,8.0,
MTD,Mettler Toledo,Health Care,2026-07-30,AMC,2026-07-30,0.08104527971785223,0.08837901694070498,0.05781792719990982,0.04492271731131171,0.07071313708850793,0.4017327089162518,2.30846765924422,0.0,screened out,,,,,,0.18097876269621418,63.147422567317165,7,0.8333333333333333,12,True,spread > 10%,spread > 10%,1336.2900390625,2026-08-21,1340.0,98.5,108.3,118.1,
MSI,Motorola Solutions,Information Technology,2026-08-05,AMC,2026-08-05,0.07420953493600309,0.07975460352422589,0.07035149989412721,0.06127003569109938,0.07943296409715504,0.05483941419418029,0.5444560039139502,0.0,screened out,,,,,,0.14944356120826696,287.4555844120405,353,0.8333333333333333,12,True,spread > 10%,spread > 10%,423.79998779296875,2026-08-21,420.0,29.1,31.45,33.8,
NCLH,Norwegian Cruise Line Holdings,Consumer Discretionary,2026-07-30,BMO,2026-07-29,0.08986519911604915,0.09635546349665271,0.08353827350094323,0.06975726076232226,0.09731928623956419,0.07573684911065925,0.5883883878574193,0.0,screened out,,,,,,0.14444444444444446,205.1632902118415,3961,0.8333333333333333,12,True,spread > 10%,spread > 10%; squeeze risk (20% of float short — no short premium),20.030000686645508,2026-07-31,20.0,1.67,1.7999999999999998,1.93,
NI,NiSource,Utilities,2026-08-05,BMO,2026-08-04,0.0507531091530498,0.06548788277812877,0.016155867673321517,0.013068360159229872,0.01924337518741316,2.141466009706142,14.36104186890204,0.0,screened out,,,,,,0.5806451612903226,85.17889285313447,2217,0.8333333333333333,12,True,spread > 10%,spread > 10%,45.810001373291016,2026-08-21,45.0,1.65,2.325,3.0,
NRG,NRG Energy,Utilities,2026-08-04,BMO,2026-08-03,0.09157509157509157,0.10036630036630036,0.054651941042456166,0.038475203371612345,0.07082867871329998,0.6756054739931704,2.925231940177538,0.0,screened out,,,,,,0.1919999999999999,47.618952686274525,2,0.8333333333333333,12,True,spread > 10%,spread > 10%,136.5,2026-08-07,136.0,11.3,12.5,13.7,
NUE,Nucor,Materials,2026-07-27,AMC,2026-07-27,0.08674251572281357,0.09279431914533544,0.0402141298701412,0.03508565966097541,0.045342600079306995,1.1570158549475285,11.627400935704093,0.0,screened out,,,,,,0.13953488372093023,26.013382203648014,743,0.8333333333333333,12,True,spread > 10%,spread > 10%,247.86000061035156,2026-08-21,250.0,20.0,21.5,23.0,
ODFL,Old Dominion,Industrials,2026-07-29,BMO,2026-07-28,0.09921947160598264,0.10539312761702155,0.05494365018898802,0.044708704280207255,0.0651785960977688,0.8058405523604713,5.544132156022295,0.0,screened out,,,,,,0.12444444444444432,27.887256807252577,621,0.8333333333333333,12,True,spread > 10%,spread > 10%,226.77000427246094,2026-08-21,230.0,21.1,22.5,23.9,
O,Realty Income,Real Estate,2026-08-05,AMC,2026-08-05,0.04007633587786259,0.0450381679389313,0.020132126586258195,0.016890135404487343,0.023374117768029046,0.9906658000659471,7.884197456132023,0.0,screened out,,,,,,0.24761904761904777,49.757119858919744,6756,0.8333333333333333,12,True,spread > 10%,spread > 10%,65.5,2026-08-21,65.0,2.3,2.625,2.95,
NWSA,News Corp (Class A),Communication Services,2026-08-05,AMC,2026-08-05,0.15207035033988409,0.21253205589670543,0.03498108730432523,0.028946479666175907,0.041015694942474555,3.34721622621151,24.866836173029586,0.0,screened out,,,,,,0.7951807228915662,103.27455137959106,11,0.8124999999999999,12,True,spread > 10%,spread > 10%,27.290000915527344,2026-08-21,25.0,2.5,4.15,5.8,
NXPI,NXP Semiconductors,Information Technology,2026-07-28,AMC,2026-07-28,0.14439420951586998,0.15280008199738893,0.07494352523627641,0.05821411762854223,0.0916729328440106,0.9267069311276002,5.32045121140917,0.0,screened out,,,,,,0.11642949547218645,24.206737683616534,763,0.8333333333333333,12,True,spread > 10%,spread > 10%,267.6700134277344,2026-08-21,270.0,36.4,38.650000000000006,40.900000000000006,
OMC,Omnicom Group,Communication Services,2026-07-28,AMC,2026-07-28,0.0822108930825715,0.10192937297322517,0.047693894384156194,0.03797997529110106,0.05740781347721133,0.723719443423806,4.553979203256472,0.0,screened out,,,,,,0.47970479704797025,114.25373372082294,217,0.8333333333333333,12,True,spread > 10%,spread > 10%; squeeze risk (10% of float short — no short premium),82.41000366210938,2026-08-21,82.5,5.15,6.7749999999999995,8.399999999999999,
ON,ON Semiconductor,Information Technology,2026-08-03,AMC,2026-08-03,0.1490902949629802,0.15891733888709378,0.06641255373363132,0.04983178113233022,0.08299332633493242,1.2449113395180416,6.390522064769095,0.0,screened out,,,,,,0.13182674199623368,23.771921627257004,10,0.8333333333333333,12,True,spread > 10%,spread > 10%; squeeze risk (8% of float short — no short premium),89.04000091552734,2026-08-07,89.0,12.399999999999999,13.274999999999999,14.15,
PCAR,Paccar,Industrials,2026-07-28,BMO,2026-07-27,0.0768135477552977,0.09067745637454655,0.043818202518415325,0.03677858323588933,0.05085782180094132,0.7530054484324301,6.00697747398846,0.0,screened out,,,,,,0.3609756097560975,84.03554210277939,635,0.8333333333333333,12,True,spread > 10%,spread > 10%,133.44000244140625,2026-08-21,133.6,8.4,10.25,12.1,
ORLY,O’Reilly Automotive,Consumer Discretionary,2026-07-29,AMC,2026-07-29,0.07671928779064381,0.08499834762416653,0.04032475249083066,0.03432946932530435,0.04632003565635697,0.902535863253936,7.779988893342929,0.0,screened out,,,,,,0.2158273381294964,45.49617004487604,3314,0.8333333333333333,12,True,spread > 10%,spread > 10%,90.58999633789062,2026-08-21,90.0,6.2,6.95,7.7,
PG,Procter & Gamble,Consumer Staples,2026-07-29,BMO,2026-07-28,0.03498620621118829,0.03720648468228293,0.025652346174786518,0.02147436967610926,0.029830322673463777,0.36385989697799825,2.863174320496955,0.0,screened out,,,,,,0.12692307692307694,47.574711050639785,343,0.8333333333333333,12,True,spread > 10%,spread > 10%,148.6300048828125,2026-07-31,149.0,4.87,5.2,5.53,
PEG,Public Service Enterprise Group,Utilities,2026-08-04,BMO,2026-08-03,0.0533392254618548,0.06880444467860561,0.017081415053218772,0.012400416287991933,0.02176241381844561,2.122646765251671,9.926943404663795,0.0,screened out,,,,,,0.5798816568047338,85.30696720211895,554,0.8333333333333333,12,True,spread > 10%,spread > 10%,79.20999908447266,2026-08-21,80.0,3.0,4.225,5.45,
PFE,Pfizer,Health Care,2026-08-04,BMO,2026-08-03,0.046209971482548,0.0535062827692661,0.03212503068603033,0.027280445532741143,0.036969615839319514,0.4384413180542906,3.7260693235129354,0.0,screened out,,,,,,0.31578947368421045,103.60442961211494,2565,0.8333333333333333,12,True,spread > 10%,spread > 10%,24.670000076293945,2026-08-07,24.5,0.9600000000000001,1.1400000000000001,1.32,
PFG,Principal Financial Group,Financials,2026-07-27,AMC,2026-07-27,0.0655943924876138,0.07188426573985074,0.03379726937175201,0.027692834200255024,0.039901704543249,0.9408192941894307,6.675669712337216,0.0,screened out,,,,,,0.19178082191780826,39.56253041709474,24,0.8333333333333333,12,True,spread > 10%,spread > 10%,111.29000091552734,2026-08-21,110.0,6.6,7.3,8.0,
PH,Parker Hannifin,Industrials,2026-08-06,BMO,2026-08-05,0.09054906789262447,0.10006988711175947,0.04761650629157366,0.03964606534990596,0.055586947233241354,0.9016319118029933,6.903303261462233,0.0,screened out,,,,,,0.21029082774049213,44.35243956606576,31,0.8333333333333333,12,True,spread > 10%,spread > 10%,987.3099975585938,2026-08-21,990.0,80.0,89.4,98.8,
PNR,Pentair,Industrials,2026-07-28,BMO,2026-07-27,0.08665716957192672,0.11396011340965706,0.053896441456076,0.042934099269293105,0.0648587836428589,0.6078458471613518,3.8300345343987034,0.0,screened out,,,,,,0.6301369863013698,166.68093420378082,1304,0.8333333333333333,12,True,spread > 10%,spread > 10%,63.18000030517578,2026-08-21,62.5,3.75,5.475,7.199999999999999,
PODD,Insulet Corporation,Health Care,2026-08-05,BMO,2026-08-04,0.12606060606060607,0.13636363636363635,0.07752045056214715,0.06454547095481544,0.09049543016947886,0.6261593572594742,4.794540351467895,0.0,screened out,,,,,,0.16346153846153838,42.451575184415745,203,0.8333333333333333,12,True,spread > 10%,spread > 10%,165.0,2026-08-21,165.0,19.1,20.8,22.5,
PSKY,Paramount Skydance Corporation,Communication Services,2026-08-04,AMC,2026-08-04,0.10896637971322073,0.12577833544040337,0.05436731414193806,0.0450751613420708,0.06365946694180533,1.0042626977808684,7.530457574605902,0.0,screened out,,,,,,0.3085714285714286,61.58330935255115,310,0.8333333333333333,12,True,spread > 10%,spread > 10%; squeeze risk (16% of float short — no short premium),8.029999732971191,2026-08-07,8.0,0.74,0.875,1.01,
PNW,Pinnacle West Capital,Utilities,2026-08-04,BMO,2026-08-03,0.05124312147222848,0.07591573551441255,0.016117651845372314,0.011597797311255981,0.02063750637948865,2.1793168113965287,9.959789974209867,0.0,screened out,,,,,,0.9629629629629629,140.482756838758,25,0.8333333333333333,12,True,spread > 10%,spread > 10%; squeeze risk (10% of float short — no short premium),105.37999725341797,2026-08-21,105.0,2.8,5.4,8.0,
PPG,PPG Industries,Materials,2026-07-28,AMC,2026-07-28,0.04515911154616469,0.04937958926075953,0.039546832370578176,0.03396612063684528,0.04512754410431107,0.14191475875984208,1.2888494039129552,0.0,screened out,,,,,,0.1869158878504673,150.40155995638855,13,0.8333333333333333,12,True,spread > 10%,spread > 10%,118.47000122070312,2026-07-31,119.0,4.85,5.35,5.85,
PRU,Prudential Financial,Financials,2026-08-04,AMC,2026-08-04,0.06255640362770858,0.07383706657696751,0.03501346210470216,0.02691418842467859,0.04311273578472573,0.7866386203296223,4.358296218949636,0.0,screened out,,,,,,0.36065573770491804,81.91327669077225,1173,0.8124999999999999,12,True,spread > 10%,spread > 10%,121.88999938964844,2026-08-21,120.0,6.25,7.625,9.0,
PSA,Public Storage,Real Estate,2026-07-29,AMC,2026-07-29,0.06157027552753303,0.07160052091422386,0.02523930933310662,0.02123522254043665,0.029243396125776592,1.4394596030712603,11.628560689547133,0.0,screened out,,,,,,0.3258145363408519,55.21595728015398,155,0.8333333333333333,12,True,spread > 10%,spread > 10%,324.0199890136719,2026-08-21,320.0,16.700000000000003,19.950000000000003,23.2,
PSX,Phillips 66,Energy,2026-08-05,BMO,2026-08-04,0.05966701743328704,0.06399768805344497,0.029957271279846237,0.025636009407316807,0.03427853315237567,0.9917373941006451,8.811317571911493,0.0,screened out,,,,,,0.1451612903225807,29.15319840022517,9,0.8333333333333333,12,True,spread > 10%,spread > 10%,207.82000732421875,2026-08-07,207.5,11.5,12.4,13.3,
PPL,PPL Corporation,Utilities,2026-08-07,BMO,2026-08-06,0.04720911078141974,0.0597056401059132,0.015189639996902923,0.011980239457437387,0.01839904053636846,2.107980886383443,12.78623632445408,0.0,screened out,,,,,,0.5294117647058824,78.05581427995504,534,0.8333333333333333,12,True,spread > 10%,spread > 10%,36.0099983215332,2026-08-21,36.0,1.25,1.7,2.15,
PTC,PTC Inc.,Information Technology,2026-07-29,AMC,2026-07-29,0.10582221944639514,0.13257727115548373,0.05520288502201719,0.045192729101223336,0.06521304094281104,0.9169690026923207,6.480792058745275,0.0,screened out,,,,,,0.5056603773584907,105.71080008591943,63,0.8333333333333333,12,True,spread > 10%,spread > 10%,125.20999908447266,2026-08-21,125.0,9.9,13.25,16.6,
Q,Qnity Electronics,Information Technology,2026-08-04,BMO,2026-08-03,0.18425208524541553,0.1992930717960617,0.06103258986898462,0.04605903998910174,0.0760061397488675,2.0189131026708775,10.546470712773228,0.0,screened out,,,,,,0.16326530612244897,24.413322753346,3434,0.7,4,True,spread > 10%,spread > 10%; thin history (n=4),132.97000122070312,2026-08-21,135.0,22.5,24.5,26.5,
PYPL,PayPal,Financials,2026-07-28,BMO,2026-07-27,0.08881754997511976,0.0955947927443056,0.07486295376231578,0.06152996854218712,0.08819593898244443,0.18640189187710615,1.3413508086193626,0.0,screened out,,,,,,0.15261044176706826,97.1327678111877,1354,0.8333333333333333,12,True,spread > 10%,spread > 10%,56.06999969482422,2026-07-31,56.0,4.6,4.9799999999999995,5.359999999999999,
PWR,Quanta Services,Industrials,2026-07-30,BMO,2026-07-29,0.12897400564497433,0.13784096853306632,0.05669319526830387,0.0452259346803288,0.06816045585627893,1.2749468438777756,8.078222856109242,0.0,screened out,,,,,,0.1375,24.53476335388157,152,0.8333333333333333,12,True,spread > 10%,spread > 10%,620.280029296875,2026-08-21,620.0,74.5,80.0,85.5,
RCL,Royal Caribbean Group,Consumer Discretionary,2026-07-28,BMO,2026-07-27,0.08277602705443651,0.0967086256675595,0.05927641451709355,0.04624274663816384,0.07231008239602325,0.3964411938337866,2.310715886549956,0.0,screened out,,,,,,0.33663366336633666,118.57726242067051,66,0.8333333333333333,12,True,spread > 10%,spread > 10%,305.0400085449219,2026-07-31,305.0,21.0,25.25,29.5,
REGN,Regeneron Pharmaceuticals,Health Care,2026-07-30,BMO,2026-07-29,0.06242786855956131,0.07179579601447747,0.05029466970157542,0.04243995460197875,0.0581493848011721,0.24124224157308324,1.97969085564837,0.0,screened out,,,,,,0.3001200480192077,154.41809805582034,159,0.8333333333333333,12,True,spread > 10%,spread > 10%,667.1699829101562,2026-07-31,670.0,35.4,41.65,47.9,
REG,Regency Centers,Real Estate,2026-07-29,AMC,2026-07-29,0.062241926499110305,0.09958708239857648,0.019795110639904204,0.016524325388560076,0.02306589589124833,2.144308088566032,16.632042468334767,0.0,screened out,,,,,,1.2,175.96210760938177,6,0.8333333333333333,12,True,spread > 10%,spread > 10%,82.33999633789062,2026-08-21,80.0,2.05,5.125,8.2,
RL,Ralph Lauren Corporation,Consumer Discretionary,2026-08-06,BMO,2026-08-05,0.09883139379563198,0.10870137320265248,0.0669701773293135,0.053723564264243684,0.08021679039438331,0.47575230851856376,3.082549088031248,0.0,screened out,,,,,,0.1997336884154461,61.95607388345876,35,0.8333333333333333,12,True,spread > 10%,spread > 10%; squeeze risk (10% of float short — no short premium),379.94000244140625,2026-08-21,380.0,33.8,37.55,41.3,
ROK,Rockwell Automation,Industrials,2026-08-04,BMO,2026-08-03,0.10472103004291845,0.11051502145922747,0.061548466929679815,0.04986015471095008,0.07323677914840955,0.7014401051217739,4.733784985420231,0.0,screened out,,,,,,0.11065573770491802,26.841081457738674,440,0.8333333333333333,12,True,spread > 10%,spread > 10%,466.0,2026-08-21,470.0,46.1,48.8,51.5,
RSG,Republic Services,Industrials,2026-08-06,AMC,2026-08-06,0.05163670039264827,0.06500691745860183,0.03028882914016337,0.024997870859535455,0.035579787420791285,0.7048100523693519,5.170978553612354,0.0,screened out,,,,,,0.5178571428571429,125.26042440318047,858,0.8333333333333333,12,True,spread > 10%,spread > 10%,216.89999389648438,2026-08-21,220.0,8.3,11.200000000000001,14.100000000000001,
RMD,ResMed,Health Care,2026-08-06,AMC,2026-08-06,0.09454402120782315,0.10340752319605657,0.06237643418337121,0.04819114992786768,0.07656171843887473,0.5157009605564697,2.9062498000026333,0.0,screened out,,,,,,0.18750000000000008,55.108280154777546,696,0.8333333333333333,12,True,spread > 10%,spread > 10%; squeeze risk (11% of float short — no short premium),203.0800018310547,2026-08-21,200.0,17.4,19.2,21.0,
RVTY,Revvity,Health Care,2026-08-04,BMO,2026-08-03,0.11520310942127508,0.13602294847331275,0.050718386892298885,0.03920192020817553,0.06223485357642224,1.2714269218756955,7.1761263814594,0.0,screened out,,,,,,0.3614457831325301,64.5729352178953,14,0.8333333333333333,12,True,spread > 10%,spread > 10%; squeeze risk (10% of float short — no short premium),108.06999969482422,2026-08-21,110.0,10.2,12.45,14.7,
SBAC,SBA Communications,Real Estate,2026-08-03,AMC,2026-08-03,0.06792769803916472,0.09095649119103506,0.03567086131551567,0.02982974601433077,0.041511976616700565,0.9042909403933674,7.077477470208907,0.0,screened out,,,,,,0.6780383795309168,142.78395212253912,707,0.8333333333333333,12,True,spread > 10%,spread > 10%,172.61000061035156,2026-08-21,175.0,7.75,11.725,15.7,
SHW,Sherwin-Williams,Materials,2026-07-28,BMO,2026-07-27,0.07470895841591692,0.08708406195720378,0.03340012524071542,0.028627994787321476,0.03817225569410937,1.2367867748245807,11.093871199536515,0.0,screened out,,,,,,0.3312883435582823,59.915047654823965,612,0.8333333333333333,12,True,spread > 10%,spread > 10%,327.2699890136719,2026-08-21,330.0,20.4,24.45,28.5,
SNDK,Sandisk,Information Technology,2026-08-05,AMC,2026-08-05,0.237281244090969,0.2433834323663055,0.08547052083586217,0.07235489049580368,0.09858615117592065,1.7761764146335859,14.834256370393968,0.0,screened out,,,,,,0.05143422354104854,8.039205853834474,66,0.75,6,True,OI < 500,OI < 500; thin history (n=6),1278.22998046875,2026-08-07,1280.0,295.5,303.3,311.1,
SOLV,Solventum,Health Care,2026-08-05,AMC,2026-08-05,0.07797937001131279,0.08698893865803815,0.05115450293651015,0.045002136928803026,0.05730686894421728,0.5243891648814578,5.587890837443755,0.0,screened out,,,,,,0.2310756972111554,67.17325846649453,103,0.8,9,True,spread > 10%,spread > 10%,80.47000122070312,2026-08-21,80.0,5.55,6.275,7.0,
SO,Southern Company,Utilities,2026-07-30,BMO,2026-07-29,0.032131010490654345,0.04042288416566192,0.024354828758814527,0.02022712743230471,0.028482530085324344,0.3192870624896286,2.4144078554134722,0.0,screened out,,,,,,0.5161290322580646,213.26337168937908,1375,0.8333333333333333,12,True,spread > 10%,spread > 10%,96.4800033569336,2026-07-31,96.0,2.3,3.0999999999999996,3.9,
SPG,Simon Property Group,Real Estate,2026-08-10,AMC,2026-08-10,0.055035179784920035,0.057840894832778704,0.0305919624259912,0.02650840338625721,0.034675521465725195,0.7990078249495254,7.671354096362919,0.0,screened out,,,,,,0.10196078431372554,22.95700280907393,897,0.8333333333333333,12,True,spread > 10%,spread > 10%,231.6699981689453,2026-08-21,230.0,12.1,12.75,13.4,
STE,Steris,Health Care,2026-08-05,AMC,2026-08-05,0.07326007530743596,0.08470696207422283,0.05941483243331123,0.05251144801904796,0.0663182168475745,0.2330267091077804,2.570342632349543,0.0,screened out,,,,,,0.3125,165.354799057803,27,0.8333333333333333,12,True,spread > 10%,spread > 10%,218.39999389648438,2026-08-21,220.0,13.5,16.0,18.5,
STX,Seagate Technology,Information Technology,2026-07-28,AMC,2026-07-28,0.14131140084945246,0.1547142578377721,0.09349776105871148,0.07769216624968478,0.10930335586773818,0.511388072284604,3.8769791011482413,0.0,screened out,,,,,,0.18969250757903858,56.06290191241662,134,0.8333333333333333,12,True,spread > 10%,spread > 10%,816.989990234375,2026-07-31,815.0,104.5,115.45,126.4,
SW,Smurfit Westrock,Materials,2026-07-29,BMO,2026-07-28,0.0963266118047859,0.10481133926945616,0.05650245804085628,0.04560257022176494,0.06740234585994762,0.7048216156389732,4.682491811930134,0.0,screened out,,,,,,0.17616580310880822,42.61096175434731,1350,0.7857142857142857,8,True,spread > 10%,spread > 10%,50.09000015258789,2026-08-21,50.0,4.4,4.825,5.25,
SPGI,S&P Global,Financials,2026-07-28,BMO,2026-07-27,0.04444899301286696,0.05206557237824313,0.03958724304766281,0.03152350871752958,0.04765097737779604,0.122811026758055,0.7726964332296754,0.0,screened out,,,,,,0.34271099744245503,313.32665891452746,31,0.8333333333333333,12,True,spread > 10%,spread > 10%,439.8299865722656,2026-07-31,440.0,16.200000000000003,19.55,22.9,
SRE,Sempra,Utilities,2026-08-06,BMO,2026-08-05,0.06657534246575343,0.07671232876712329,0.029431217015584862,0.017467933560528438,0.04139450047064129,1.2620655622395585,3.9791677055696333,0.0,screened out,,,,,,0.30452674897119336,54.58190859800608,902,0.8333333333333333,12,True,spread > 10%,spread > 10%,91.25,2026-08-21,90.0,5.15,6.075,7.0,
SWK,Stanley Black & Decker,Industrials,2026-07-29,BMO,2026-07-28,0.09928852269090703,0.10512902402566625,0.04973355397649968,0.04087989601603671,0.058587211936962647,0.9964091594544658,7.17326648352513,0.0,screened out,,,,,,0.11764705882352919,23.571809189988205,430,0.8333333333333333,12,True,spread > 10%,spread > 10%,94.16999816894531,2026-08-21,95.0,8.8,9.35,9.899999999999999,
TAP,Molson Coors Beverage Company,Consumer Staples,2026-08-06,BMO,2026-08-05,0.08691952120495831,0.09603695349918472,0.03431925922550686,0.026469409221407267,0.042169109229606455,1.5326747478383138,8.587743169316449,0.0,screened out,,,,,,0.2097902097902098,34.66687028208401,2251,0.8333333333333333,12,True,spread > 10%,spread > 10%; squeeze risk (26% of float short — no short premium),41.130001068115234,2026-08-21,40.0,3.2,3.575,3.95,
SYY,Sysco,Consumer Staples,2026-08-04,BMO,2026-08-03,0.05827090276363919,0.06243311010389913,0.03787475808352844,0.030630495441186636,0.04511902072587025,0.5385155103863473,3.608331215001328,0.0,screened out,,,,,,0.14285714285714288,40.81366753902966,1828,0.8333333333333333,12,True,spread > 10%,spread > 10%,84.08999633789062,2026-08-21,85.0,4.55,4.9,5.25,
TDG,TransDigm Group,Industrials,2026-08-04,BMO,2026-08-03,0.08124266165986088,0.0861405446116037,0.0485522181742038,0.03976386152623035,0.05734057482217725,0.6733048399223456,4.767224869154479,0.0,screened out,,,,,,0.12057416267942578,29.96522793514106,8,0.8333333333333333,12,True,spread > 10%,spread > 10%,1286.27001953125,2026-08-21,1290.0,98.2,104.5,110.8,
SWKS,Skyworks Solutions,Information Technology,2026-07-28,AMC,2026-07-28,0.1497477964320193,0.16708701496625308,0.06454075018414712,0.046277461086070115,0.08280403928222413,1.3202053896919412,5.979281710147768,0.0,screened out,,,,,,0.23157894736842116,40.69902501676456,1951,0.8333333333333333,12,True,spread > 10%,spread > 10%; squeeze risk (22% of float short — no short premium),63.439998626708984,2026-08-21,62.5,8.399999999999999,9.5,10.6,
SYK,Stryker Corporation,Health Care,2026-07-30,AMC,2026-07-30,0.08121993464739391,0.08671378763085565,0.03797618148056815,0.032802870071615746,0.04314949288952056,1.138707249673139,10.712905077142198,0.0,screened out,,,,,,0.13528336380255937,25.408770428725543,839,0.8333333333333333,12,True,spread > 10%,spread > 10%,336.739990234375,2026-08-21,340.0,25.5,27.35,29.2,
TECH,Bio-Techne,Health Care,2026-08-05,BMO,2026-08-04,0.02338732108021229,0.03141580443610606,0.07156776050160041,0.059366326180126314,0.0837691948230745,-0.6732142948682975,-5.060720693613588,0.0,screened out,,,,,,0.6865671641791045,33.326733638422525,331,0.8333333333333333,12,True,spread > 10%,spread > 10%,71.62000274658203,2026-08-21,70.0,1.1,1.675,2.25,
TKO,TKO Group Holdings,Communication Services,2026-08-03,AMC,2026-08-03,0.0921469973955919,0.10007656096969328,0.041440759297697354,0.035350318393250715,0.04753120020214399,1.2235837122007567,10.670018109660328,0.0,screened out,,,,,,0.17210682492581586,31.27648144116859,139,0.8235294117647058,11,True,spread > 10%,spread > 10%; squeeze risk (12% of float short — no short premium),182.86000061035156,2026-08-21,185.0,15.4,16.849999999999998,18.299999999999997,
TER,Teradyne,Information Technology,2026-07-28,AMC,2026-07-28,0.15906443751690444,0.1687725956752132,0.11189914450384127,0.09571512416414778,0.12808316484353477,0.4214982448900142,3.7349829187551893,0.0,screened out,,,,,,0.12206572769953052,41.16653385623999,63,0.8333333333333333,12,True,spread > 10%,spread > 10%,334.7699890136719,2026-07-31,335.0,50.0,53.25,56.5,
TPL,Texas Pacific Land Corporation,Energy,2026-08-05,AMC,2026-08-05,0.1091725090340096,0.11724068522128053,0.06002707771857091,0.051224347348780286,0.06882980808836153,0.8187210369601967,7.155141885297158,0.0,screened out,,,,,,0.14780600461893761,32.83388087688369,229,0.8333333333333333,12,True,spread > 10%,spread > 10%; squeeze risk (9% of float short — no short premium),396.6199951171875,2026-08-21,400.0,40.1,43.3,46.5,
TRMB,Trimble Inc.,Information Technology,2026-08-05,BMO,2026-08-04,0.09234355312405373,0.11475703689202793,0.059085863811350704,0.045521354987828555,0.07265037263487285,0.5628704933364121,3.1422482876230484,0.0,screened out,,,,,,0.48543689320388345,134.7867770200932,254,0.8333333333333333,12,True,spread > 10%,spread > 10%,55.77000045776367,2026-08-21,55.0,3.9000000000000004,5.15,6.4,
TRGP,Targa Resources,Energy,2026-08-06,BMO,2026-08-05,0.0780899673296368,0.08369451043941935,0.030746281637839018,0.026631673935105522,0.034860889340572514,1.539818253454511,14.746404023474415,0.0,screened out,,,,,,0.14354066985645933,23.675989851181036,266,0.6874999999999999,12,True,spread > 10%,spread > 10%; low-conf moves,267.6400146484375,2026-08-21,270.0,19.4,20.9,22.4,
TT,Trane Technologies,Industrials,2026-07-30,BMO,2026-07-29,0.08410228888151568,0.08937807822094654,0.0518382137232177,0.04341347782120857,0.06026294962522683,0.6223994393511922,4.908122842523008,0.0,screened out,,,,,,0.12546125461254615,32.703800208412275,243,0.8333333333333333,12,True,spread > 10%,spread > 10%,483.3399963378906,2026-08-21,480.0,38.1,40.650000000000006,43.2,
TROW,T. Rowe Price,Financials,2026-07-31,BMO,2026-07-30,0.06501132505259329,0.0721415994132003,0.03820507050677124,0.031221089265390196,0.04518905174815228,0.7016412792922623,4.919099098143062,0.0,screened out,,,,,,0.21935483870967734,53.198587280581556,697,0.8333333333333333,12,True,spread > 10%,spread > 10%; squeeze risk (13% of float short — no short premium),119.20999908447266,2026-08-21,120.0,6.9,7.75,8.6,
TSN,Tyson Foods,Consumer Staples,2026-08-03,BMO,2026-07-31,0.078240818178745,0.08647669377650762,0.03820273079252201,0.03238295919830545,0.04402250238673857,1.0480425497242265,8.816980522942835,0.0,screened out,,,,,,0.21052631578947367,41.140204916964024,668,0.8333333333333333,12,True,spread > 10%,spread > 10%,60.709999084472656,2026-08-21,60.0,4.25,4.75,5.25,
TTD,Trade Desk (The),Communication Services,2026-08-06,AMC,2026-08-06,0.16498882206175222,0.18008949391147192,0.10717076253488819,0.08041627447465008,0.1339252505951263,0.539494710677663,2.769614762308013,0.0,screened out,,,,,,0.18305084745762715,52.235138893595916,925,0.8333333333333333,12,True,spread > 10%,spread > 10%; squeeze risk (18% of float short — no short premium),17.8799991607666,2026-08-07,18.0,2.6799999999999997,2.9499999999999997,3.2199999999999998,
TTWO,Take-Two Interactive,Communication Services,2026-08-07,BMO,2026-08-06,0.10637425835059837,0.11149825923453857,0.05159706833429269,0.04290680873743646,0.06028732793114892,1.0616337668917404,8.07829109619391,0.0,screened out,,,,,,0.09633911368015415,18.708520398417352,63,0.8333333333333333,12,True,OI < 500,OI < 500; wide market,243.9499969482422,2026-08-07,245.0,24.7,25.95,27.2,
TYL,Tyler Technologies,Information Technology,2026-07-29,AMC,2026-07-29,0.1237811808142323,0.14119285586482763,0.06732635681526881,0.055473484119445096,0.07917922951109253,0.838524861130763,6.104216614303512,0.0,screened out,,,,,,0.28132992327365713,61.68356862086756,34,0.8333333333333333,12,True,spread > 10%,spread > 10%; squeeze risk (10% of float short — no short premium),315.8800048828125,2026-08-21,310.0,33.6,39.099999999999994,44.599999999999994,
TXT,Textron,Industrials,2026-07-28,BMO,2026-07-27,0.0746385124831041,0.08530115712354754,0.05884560727151837,0.04963897436157443,0.06805224018146232,0.268378659747974,2.198435358197801,0.0,screened out,,,,,,0.2857142857142856,135.03081918862253,472,0.8333333333333333,12,True,spread > 10%,spread > 10%,96.12999725341797,2026-08-21,95.0,6.15,7.175,8.2,
UDR,"UDR, Inc.",Real Estate,2026-07-27,AMC,2026-07-27,0.05538579003428564,0.08021390280827577,0.024117813133092414,0.018928847156213482,0.029306779109971346,1.296468163537181,7.72274078788091,0.0,screened out,,,,,,0.896551724137931,158.80856540509112,2190,0.8333333333333333,12,True,spread > 10%,spread > 10%,39.27000045776367,2026-08-21,40.0,1.2,2.175,3.15,
UHS,Universal Health Services,Health Care,2026-07-27,AMC,2026-07-27,0.10388550783771722,0.11989203623567364,0.05896029000783866,0.04892868523664819,0.06899189477902913,0.7619572058398261,5.739476433135002,0.0,screened out,,,,,,0.3081570996978853,71.25854551699433,51,0.8333333333333333,12,True,spread > 10%,spread > 10%,159.30999755859375,2026-08-21,160.0,14.0,16.55,19.1,
V,Visa Inc.,Financials,2026-07-28,AMC,2026-07-28,0.036962458403774004,0.03875541347559886,0.032359029225111746,0.025317659729566663,0.03940039872065683,0.1422610408562515,0.8378703658579759,0.0,screened out,,,,,,0.09701492537313437,77.89649855527422,175,0.8333333333333333,12,True,OI < 500,OI < 500; wide market,362.5299987792969,2026-07-31,362.5,12.75,13.4,14.05,
UPS,United Parcel Service,Industrials,2026-07-28,BMO,2026-07-27,0.06551571668825232,0.06817175925669498,0.05465398653779973,0.04367271813484677,0.06563525494075269,0.19873628327076215,1.2676489500135268,0.0,screened out,,,,,,0.08108108108108104,48.906436297940765,464,0.8333333333333333,12,True,OI < 500,OI < 500; wide market,112.94999694824219,2026-07-31,113.0,7.1,7.3999999999999995,7.699999999999999,
VICI,Vici Properties,Real Estate,2026-07-29,AMC,2026-07-29,0.047663551401869154,0.05233644859813084,0.01905388795810914,0.015891962822747033,0.022215813093471246,1.5015131560897017,11.596145733957675,0.0,screened out,,,,,,0.19607843137254904,32.666565305443164,7161,0.8333333333333333,12,True,spread > 10%,spread > 10%,26.75,2026-08-21,27.5,1.15,1.275,1.4,
VLO,Valero Energy,Energy,2026-07-30,BMO,2026-07-29,0.05279900431807778,0.056734333832468675,0.025801629088565314,0.020294130415259723,0.031309127761870906,1.0463438233625753,6.282314013409725,0.0,screened out,,,,,,0.14906832298136646,29.153423108250493,283,0.8333333333333333,12,True,spread > 10%,spread > 10%,304.92999267578125,2026-07-31,305.0,14.9,16.1,17.3,
VRSK,Verisk Analytics,Industrials,2026-07-29,BMO,2026-07-28,0.08613180917727616,0.10355172564009607,0.0584443175085452,0.05085950744900801,0.0660291275680824,0.47374138066857807,4.678335916669054,0.0,screened out,,,,,,0.40449438202247195,125.83239154519143,33,0.8333333333333333,12,True,spread > 10%,spread > 10%,206.66000366210938,2026-08-21,210.0,14.2,17.799999999999997,21.4,
VLTO,Veralto,Industrials,2026-07-28,AMC,2026-07-28,0.07345142224928278,0.10076368395208468,0.04688611687762173,0.040771327623010736,0.053000906132232725,0.5665921415714509,5.567828088048591,0.0,screened out,,,,,,0.7436823104693141,205.62354786207487,36,0.8235294117647058,11,True,spread > 10%,spread > 10%,94.27999877929688,2026-08-21,95.0,4.35,6.925,9.5,
VST,Vistra Corp.,Utilities,2026-08-07,BMO,2026-08-06,0.09342373204059103,0.09963076023408855,0.02571210438096364,0.021309074462745745,0.030115134299181532,2.6334533594130383,19.70897850353512,0.0,screened out,,,,,,0.13287904599659292,18.333714335443254,3,0.7916666666666665,12,True,spread > 10%,spread > 10%,157.0800018310547,2026-08-07,157.5,13.7,14.675,15.65,
VRT,Vertiv,Industrials,2026-07-29,BMO,2026-07-28,0.11230875978623688,0.11769818943542161,0.07329311038665594,0.053538569254027134,0.09304765151928474,0.532323559387163,2.5311879397650654,0.0,screened out,,,,,,0.09597523219814225,27.627014965141754,53,0.8333333333333333,12,True,OI < 500,OI < 500; wide market,287.6000061035156,2026-07-31,287.5,30.75,32.3,33.849999999999994,
VTR,Ventas,Real Estate,2026-07-29,AMC,2026-07-29,0.06442912756643274,0.0799120962064282,0.037784984960410356,0.03093431935130621,0.044635650569514504,0.705151600137967,4.984498603828901,0.0,screened out,,,,,,0.4806201550387596,116.22043065101929,31,0.8333333333333333,12,True,spread > 10%,spread > 10%,100.11000061035156,2026-08-21,97.5,4.9,6.45,8.0,
VRTX,Vertex Pharmaceuticals,Health Care,2026-08-03,AMC,2026-08-03,0.06722338204592902,0.08079331941544886,0.052310244404849784,0.04000349243466148,0.0646169963750381,0.28509019238489,1.5530236773362638,0.0,screened out,,,,,,0.40372670807453415,181.98634916559112,44,0.8333333333333333,12,True,spread > 10%,spread > 10%,479.0,2026-08-07,480.0,25.700000000000003,32.2,38.7,
VMC,Vulcan Materials Company,Materials,2026-07-29,BMO,2026-07-28,0.08172519525500935,0.09139161619915025,0.03905200529851192,0.03203641884241999,0.04606759175460384,1.0927272397487742,7.795493732495812,0.0,screened out,,,,,,0.23655913978494625,45.30442160051866,469,0.8333333333333333,12,True,spread > 10%,spread > 10%,284.489990234375,2026-08-21,280.0,20.5,23.25,26.0,
VTRS,Viatris,Health Care,2026-08-06,BMO,2026-08-05,0.09072866340991534,0.10206974633615476,0.07224429749454206,0.06236939225157977,0.08211920273750435,0.25585916890907195,2.3989661444119292,0.0,screened out,,,,,,0.25000000000000006,122.71000236807848,3683,0.8333333333333333,12,True,spread > 10%,spread > 10%,17.635000228881836,2026-08-21,18.0,1.4,1.6,1.8,
WDC,Western Digital,Information Technology,2026-08-05,AMC,2026-08-05,0.17372268169042812,0.1839652906687077,0.07091438623073308,0.06066352793892136,0.0811652445225448,1.449752312953668,12.85347116410662,0.0,screened out,,,,,,0.11791907514450854,19.925646918822963,173,0.8333333333333333,12,True,spread > 10%,spread > 10%,497.9200134277344,2026-08-07,500.0,81.4,86.5,91.6,
WBD,Warner Bros. Discovery,Communication Services,2026-08-06,BMO,2026-08-05,0.041337024193675555,0.05577531494074884,0.05227676795050143,0.03850794021315845,0.0660455956878444,-0.20926587824220955,-1.0182693738496582,0.0,screened out,,,,,,0.6985645933014356,263.9603096382305,73,0.8333333333333333,12,True,spread > 10%,spread > 10%,25.280000686645508,2026-08-07,26.0,0.6799999999999999,1.045,1.4100000000000001,
WELL,Welltower,Real Estate,2026-07-27,AMC,2026-07-27,0.06523314906535768,0.07207860297962361,0.02690056688399159,0.02202486560447122,0.03177626816351196,1.4249730255378985,10.075891550204139,0.0,screened out,,,,,,0.20987654320987648,35.71611159340881,447,0.8333333333333333,12,True,spread > 10%,spread > 10%,248.33999633789062,2026-08-21,250.0,14.5,16.2,17.9,
WEC,WEC Energy Group,Utilities,2026-07-29,BMO,2026-07-28,0.04722368664919632,0.07204357777179718,0.012496369509476161,0.010013528897320472,0.01497921012163185,2.7789924996524773,17.92564912478342,0.0,screened out,,,,,,1.0511627906976744,142.94159852741714,291,0.8333333333333333,12,True,spread > 10%,spread > 10%,113.81999969482422,2026-08-21,115.0,2.55,5.375,8.2,
WMB,Williams Companies,Energy,2026-08-03,AMC,2026-08-03,0.053679897596476706,0.06003672757500684,0.024886117540824648,0.02091610149717396,0.028856133584475335,1.1570217816586716,9.295203876654815,0.0,screened out,,,,,,0.236842105263158,44.15418862159662,27,0.8333333333333333,12,True,spread > 10%,spread > 10%,70.79000091552734,2026-08-07,70.0,3.3499999999999996,3.8,4.25,
WAT,Waters Corporation,Health Care,2026-08-04,BMO,2026-08-03,0.10425646208873414,0.11853447886057628,0.07333894882001449,0.05940028277977369,0.08727761486025529,0.4215701720050034,2.842731498896474,0.0,screened out,,,,,,0.2739018087855297,92.36199980085543,139,0.8333333333333333,12,True,spread > 10%,spread > 10%,371.20001220703125,2026-08-21,370.0,33.4,38.7,44.0,
WM,Waste Management,Industrials,2026-07-28,AMC,2026-07-28,0.060949980546486586,0.064733082787303,0.040718992802774245,0.03438314334734147,0.04705484225820702,0.49684401187678623,4.092274299558892,0.0,screened out,,,,,,0.12413793103448281,37.39908588489135,1195,0.8333333333333333,12,True,spread > 10%,spread > 10%,237.89999389648438,2026-08-21,240.0,13.6,14.5,15.4,
WY,Weyerhaeuser,Real Estate,2026-07-30,AMC,2026-07-30,0.07528230913789914,0.10037641218386553,0.02305218567813449,0.019287684339649128,0.02681668701661985,2.26573411254908,17.781405877509076,0.0,screened out,,,,,,0.6666666666666667,96.09053696875736,1185,0.8333333333333333,12,True,spread > 10%,spread > 10%,23.90999984741211,2026-08-21,24.0,1.2,1.7999999999999998,2.4,
XEL,Xcel Energy,Utilities,2026-07-30,BMO,2026-07-29,0.05358691672729881,0.059472185038389434,0.024478721979280655,0.019680980814612323,0.029276463143948987,1.1891223231611516,7.7755470978266015,0.0,screened out,,,,,,0.21965317919075153,40.437192083107966,2511,0.8333333333333333,12,True,spread > 10%,spread > 10%,80.70999908447266,2026-08-21,80.0,3.8499999999999996,4.324999999999999,4.8,
WTW,Willis Towers Watson,Financials,2026-07-30,BMO,2026-07-29,0.08409330811579577,0.09714511821628273,0.05412802680472964,0.04483966836649156,0.06341638524296772,0.5536001047880024,4.134584682925646,0.0,screened out,,,,,,0.31041257367387026,87.11288217185502,11,0.8333333333333333,12,True,spread > 10%,spread > 10%,302.6400146484375,2026-08-21,300.0,21.5,25.45,29.4,
WYNN,Wynn Resorts,Consumer Discretionary,2026-08-04,AMC,2026-08-04,0.0724674044248041,0.08074222915151183,0.052580601060457935,0.04286143309164636,0.06229976902926951,0.3782155959282402,2.6223363227729557,0.0,screened out,,,,,,0.22837370242214536,83.21925424719757,318,0.8333333333333333,12,True,spread > 10%,spread > 10%; squeeze risk (12% of float short — no short premium),99.69999694824219,2026-08-07,100.0,6.4,7.2250000000000005,8.05,
XYL,Xylem Inc.,Industrials,2026-07-28,BMO,2026-07-27,0.08239014396037185,0.09154460440041316,0.05425280060854157,0.045886669519301905,0.06261893169778124,0.5186339329254891,4.3103339948959585,0.0,screened out,,,,,,0.22222222222222215,65.06982784816346,131,0.8333333333333333,12,True,spread > 10%,spread > 10%,120.16000366210938,2026-08-21,120.0,8.8,9.9,11.0,
XYZ,"Block, Inc.",Financials,2026-08-05,AMC,2026-08-05,0.11170605906732999,0.1175529326824244,0.0829318734938499,0.0661441922559369,0.09971955473176289,0.346961721244775,2.196670028954907,0.0,screened out,,,,,,0.10468319559228641,40.639715763028995,69,0.8333333333333333,12,True,spread > 10%,spread > 10%,81.23999786376953,2026-08-07,81.0,8.600000000000001,9.075000000000001,9.55,
YUM,Yum! Brands,Consumer Discretionary,2026-07-30,BMO,2026-07-29,0.06901217719480074,0.07983761675476948,0.04729458430713554,0.03819214297171849,0.05639702564255259,0.45919830369221726,3.0577804370498005,0.0,screened out,,,,,,0.31372549019607854,99.6928123292817,347,0.8333333333333333,12,True,spread > 10%,spread > 10%,147.8000030517578,2026-08-21,150.0,8.6,10.2,11.8,
ZBRA,Zebra Technologies,Information Technology,2026-08-04,BMO,2026-08-03,0.12793378611628375,0.14059488459455705,0.08238284449992353,0.06960340362086596,0.0951622853789811,0.552917805798785,4.568125266825635,0.0,screened out,,,,,,0.19793205317577556,55.59094073140251,281,0.8333333333333333,12,True,spread > 10%,spread > 10%,264.5899963378906,2026-08-21,260.0,30.5,33.85,37.2,
ZBH,Zimmer Biomet,Health Care,2026-08-05,BMO,2026-08-04,0.08471814951508556,0.0993809061619273,0.06939755339004694,0.05869251602257825,0.08010259075751563,0.22076565205302925,1.8341716446051375,0.0,screened out,,,,,,0.34615384615384615,191.41235141468448,127,0.8333333333333333,12,True,spread > 10%,spread > 10%; squeeze risk (8% of float short — no short premium),92.06999969482422,2026-08-21,90.0,6.45,7.800000000000001,9.15,
ZTS,Zoetis,Health Care,2026-08-06,BMO,2026-08-05,0.11440457890640979,0.1222048911045741,0.07663051230245824,0.06391269855229852,0.08934832605261796,0.4929376754635085,3.806569644017339,0.0,screened out,,,,,,0.13636363636363646,41.299827630146225,2591,0.8333333333333333,12,True,spread > 10%,spread > 10%,76.91999816894531,2026-08-21,75.0,8.2,8.8,9.4,
