ticker,name,sector,earnings_date,session,entry_by,implied_move_mid,implied_move_ask,fair_move,ci_low,ci_high,edge,z,score,structure,detail,entry_side,entry_price,max_gain,max_loss,spread_pct,spread_cost_pct_of_edge,open_interest,conf_mult,n_events,screened,screen_reason,flags,spot,expiry,atm_strike,straddle_bid,straddle_mid,straddle_ask,legs_json
LYB,LyondellBasell,Materials,2026-07-31,BMO,2026-07-30,0.11855755070428685,0.12185081600162814,0.026303637047464877,0.020373642311024683,0.03223363178390507,3.5072683481128455,19.938064196926874,16.61505349743906,iron fly,"short 60 straddle @ bid, long 55P / 65C @ ask",credit,325.0,325.0,175.0,0.0555555555555556,7.139567671008556,553,0.8333333333333333,12,False,,,60.72999954223633,2026-08-21,60.0,7.0,7.2,7.4,"[{""action"": ""SELL"", ""right"": ""CALL"", ""strike"": 60.0}, {""action"": ""SELL"", ""right"": ""PUT"", ""strike"": 60.0}, {""action"": ""BUY"", ""right"": ""CALL"", ""strike"": 65.0}, {""action"": ""BUY"", ""right"": ""PUT"", ""strike"": 55.0}]"
APH,Amphenol,Information Technology,2026-07-29,BMO,2026-07-28,0.1458374912039683,0.15082054898998087,0.05906207810908112,0.04923178131732737,0.06889237490083487,1.4692238382574787,11.313124290987657,9.427603575823047,iron fly,"short 150 straddle @ bid, long 145P / 155C @ ask",credit,309.99999999999994,309.99999999999994,190.00000000000003,0.06833712984054685,11.484953187289863,3020,0.8333333333333333,12,False,,,150.50999450683594,2026-08-21,150.0,21.2,21.950000000000003,22.700000000000003,"[{""action"": ""SELL"", ""right"": ""CALL"", ""strike"": 150.0}, {""action"": ""SELL"", ""right"": ""PUT"", ""strike"": 150.0}, {""action"": ""BUY"", ""right"": ""CALL"", ""strike"": 155.0}, {""action"": ""BUY"", ""right"": ""PUT"", ""strike"": 145.0}]"
CLX,Clorox,Consumer Staples,2026-08-03,AMC,2026-08-03,0.09866029608135633,0.10281441381109765,0.04246246316112801,0.03545388616314345,0.04947104015911258,1.3234708666565123,10.276428823037271,6.760808436208781,iron fly,"short 95 straddle @ bid, long 90P / 100C @ ask",credit,365.0000000000001,365.0000000000001,134.9999999999999,0.08421052631578936,14.783907186022631,2710,0.8333333333333333,12,False,,wide market; squeeze risk (11% of float short — no short premium),96.29000091552734,2026-08-21,95.0,9.100000000000001,9.5,9.9,"[{""action"": ""SELL"", ""right"": ""CALL"", ""strike"": 95.0}, {""action"": ""SELL"", ""right"": ""PUT"", ""strike"": 95.0}, {""action"": ""BUY"", ""right"": ""CALL"", ""strike"": 100.0}, {""action"": ""BUY"", ""right"": ""PUT"", ""strike"": 90.0}]"
SWKS,Skyworks Solutions,Information Technology,2026-07-28,AMC,2026-07-28,0.1730769252850705,0.17892976816910666,0.06349774740093424,0.04544809311398769,0.08154740168788079,1.7257175627386747,7.780574195145243,6.483811829287702,iron fly,"short 60 straddle @ bid, long 52.5P / 67.5C @ ask",credit,505.0,505.0,245.00000000000003,0.06763285024154583,10.68239969864477,1159,0.8333333333333333,12,False,,squeeze risk (19% of float short — no short premium),59.79999923706055,2026-08-21,60.0,10.0,10.35,10.7,"[{""action"": ""SELL"", ""right"": ""CALL"", ""strike"": 60.0}, {""action"": ""SELL"", ""right"": ""PUT"", ""strike"": 60.0}, {""action"": ""BUY"", ""right"": ""CALL"", ""strike"": 67.5}, {""action"": ""BUY"", ""right"": ""PUT"", ""strike"": 52.5}]"
Q,Qnity Electronics,Information Technology,2026-08-04,BMO,2026-08-03,0.2121414743019569,0.2192004725711989,0.05768937033553205,0.044943448296364194,0.0704352923746999,2.677306114941155,15.530129231536819,5.435545231037886,iron fly,"short 135 straddle @ bid, long 125P / 145C @ ask",credit,790.0,790.0,209.99999999999997,0.06654991243432569,9.140695513965282,3154,0.35,0,False,,thin history (n=0); low-conf moves,134.5800018310547,2026-08-21,135.0,27.6,28.55,29.5,"[{""action"": ""SELL"", ""right"": ""CALL"", ""strike"": 135.0}, {""action"": ""SELL"", ""right"": ""PUT"", ""strike"": 135.0}, {""action"": ""BUY"", ""right"": ""CALL"", ""strike"": 145.0}, {""action"": ""BUY"", ""right"": ""PUT"", ""strike"": 125.0}]"
MPC,Marathon Petroleum,Energy,2026-08-04,BMO,2026-08-03,0.1094161310048182,0.11353905768036206,0.027324272225341468,0.020327141232247357,0.034321403218435576,3.00435664315121,15.03600923230027,5.262603231305094,no affordable structure,,,,,,0.07536231884057955,10.044666394067841,1360,0.35,0,False,,thin history (n=0); low-conf moves,315.30999755859375,2026-08-21,320.0,33.2,34.5,35.8,
OKE,Oneok,Energy,2026-08-03,AMC,2026-08-03,0.07722317431095704,0.08069688111387206,0.02539367005362333,0.019976521527621773,0.03081081857962489,2.0410403123253285,12.26192937804264,5.126815916424957,iron fly,"short 95 straddle @ bid, long 90P / 100C @ ask",credit,305.00000000000006,305.00000000000006,194.99999999999994,0.08996539792387548,13.404360518935526,3172,0.8333333333333333,12,False,,wide market,93.55999755859375,2026-08-21,95.0,6.9,7.2250000000000005,7.550000000000001,"[{""action"": ""SELL"", ""right"": ""CALL"", ""strike"": 95.0}, {""action"": ""SELL"", ""right"": ""PUT"", ""strike"": 95.0}, {""action"": ""BUY"", ""right"": ""CALL"", ""strike"": 100.0}, {""action"": ""BUY"", ""right"": ""PUT"", ""strike"": 90.0}]"
SMCI,Supermicro,Information Technology,2026-08-04,AMC,2026-08-04,0.19765002161475032,0.2056231647372137,0.05768937033553205,0.044943448296364194,0.0704352923746999,2.426108145489909,14.07301646191121,4.75823327294977,iron fly,"short 24 straddle @ bid, long 20P / 27.5C @ ask",credit,245.99999999999994,245.99999999999994,154.00000000000006,0.08067940552017001,11.393406717659765,563,0.35,0,False,,thin history (n=0); low-conf moves; wide market; squeeze risk (20% of float short — no short premium),23.829999923706055,2026-08-07,24.0,4.52,4.71,4.9,"[{""action"": ""SELL"", ""right"": ""CALL"", ""strike"": 24.0}, {""action"": ""SELL"", ""right"": ""PUT"", ""strike"": 24.0}, {""action"": ""BUY"", ""right"": ""CALL"", ""strike"": 27.5}, {""action"": ""BUY"", ""right"": ""PUT"", ""strike"": 20.0}]"
ADM,Archer Daniels Midland,Consumer Staples,2026-08-04,BMO,2026-08-03,0.08521069401220312,0.08871250335517036,0.0328674334666727,0.028402900897103546,0.03733196603624186,1.5925569788893323,15.025788628444378,4.682694401330281,iron fly,"short 85 straddle @ bid, long 80P / 90C @ ask",credit,340.0,340.0,160.0,0.08219178082191776,13.380172753744391,2578,0.35,0,False,,thin history (n=0); low-conf moves; wide market,85.66999816894531,2026-08-21,85.0,7.0,7.3,7.6,"[{""action"": ""SELL"", ""right"": ""CALL"", ""strike"": 85.0}, {""action"": ""SELL"", ""right"": ""PUT"", ""strike"": 85.0}, {""action"": ""BUY"", ""right"": ""CALL"", ""strike"": 90.0}, {""action"": ""BUY"", ""right"": ""PUT"", ""strike"": 80.0}]"
BA,Boeing,Industrials,2026-07-28,BMO,2026-07-27,0.0677869022800119,0.07041245131198419,0.04016075692897436,0.033840129544968324,0.0464813843129804,0.6878890604550929,5.601606570177131,4.668005475147608,iron fly,"short 210 straddle @ bid, long 202.5P / 217.5C @ ask",credit,535.0,535.0,215.00000000000003,0.07746478873239435,19.007711706502587,503,0.8333333333333333,12,False,,,209.47999572753906,2026-07-31,210.0,13.65,14.2,14.75,"[{""action"": ""SELL"", ""right"": ""CALL"", ""strike"": 210.0}, {""action"": ""SELL"", ""right"": ""PUT"", ""strike"": 210.0}, {""action"": ""BUY"", ""right"": ""CALL"", ""strike"": 217.5}, {""action"": ""BUY"", ""right"": ""PUT"", ""strike"": 202.5}]"
CSGP,CoStar Group,Real Estate,2026-07-28,AMC,2026-07-28,0.16088274767191652,0.16846361012766126,0.05251576143806646,0.04502483397405836,0.060006688902074556,2.0635135674772753,18.54017813209359,4.448995625066068,iron fly,"short 30 straddle @ bid, long 25P / 35C @ ask",credit,280.0,280.0,220.00000000000003,0.09424083769633511,13.991092156767508,578,0.8333333333333333,12,False,,wide market,29.68000030517578,2026-08-21,30.0,4.55,4.775,5.0,"[{""action"": ""SELL"", ""right"": ""CALL"", ""strike"": 30.0}, {""action"": ""SELL"", ""right"": ""PUT"", ""strike"": 30.0}, {""action"": ""BUY"", ""right"": ""CALL"", ""strike"": 35.0}, {""action"": ""BUY"", ""right"": ""PUT"", ""strike"": 25.0}]"
KEY,KeyCorp,Financials,2026-07-21,BMO,2026-07-20,0.07182675908746944,0.07504288262869942,0.02951249412159292,0.023692820605059013,0.03533216763812683,1.4337746173379884,9.318385614965864,4.0565111507936225,iron fly,"short 23 straddle @ bid, long 20P / 26C @ ask",credit,140.0,140.0,160.0,0.08955223880597009,15.201131551374225,2277,0.8333333333333333,12,False,,wide market,23.31999969482422,2026-08-21,23.0,1.6,1.675,1.75,"[{""action"": ""SELL"", ""right"": ""CALL"", ""strike"": 23.0}, {""action"": ""SELL"", ""right"": ""PUT"", ""strike"": 23.0}, {""action"": ""BUY"", ""right"": ""CALL"", ""strike"": 26.0}, {""action"": ""BUY"", ""right"": ""PUT"", ""strike"": 20.0}]"
CMG,Chipotle Mexican Grill,Consumer Discretionary,2026-07-29,AMC,2026-07-29,0.10141865051835783,0.10534258640150856,0.06808271282089551,0.05439837400494541,0.08176705163684561,0.4896387984003932,3.1220607972137118,2.601717331011426,iron fly,"short 33 straddle @ bid, long 29P / 36.5C @ ask",credit,225.0,225.0,175.0,0.07738095238095244,23.54177595819937,1784,0.8333333333333333,12,False,,,33.130001068115234,2026-07-31,33.0,3.23,3.3600000000000003,3.49,"[{""action"": ""SELL"", ""right"": ""CALL"", ""strike"": 33.0}, {""action"": ""SELL"", ""right"": ""PUT"", ""strike"": 33.0}, {""action"": ""BUY"", ""right"": ""CALL"", ""strike"": 36.5}, {""action"": ""BUY"", ""right"": ""PUT"", ""strike"": 29.0}]"
NOW,ServiceNow,Information Technology,2026-07-22,AMC,2026-07-22,0.1189111782510804,0.12034384304928619,0.08427933187132443,0.06980623043385603,0.09875243330879283,0.41091742911098306,3.0666664302781834,2.5555553585651527,iron fly,"short 105 straddle @ bid, long 96P / 114C @ ask",credit,675.0,675.0,225.0,0.024096385542168728,8.273684183603072,3567,0.8333333333333333,12,False,,,104.69999694824219,2026-07-24,105.0,12.3,12.450000000000001,12.600000000000001,"[{""action"": ""SELL"", ""right"": ""CALL"", ""strike"": 105.0}, {""action"": ""SELL"", ""right"": ""PUT"", ""strike"": 105.0}, {""action"": ""BUY"", ""right"": ""CALL"", ""strike"": 114.0}, {""action"": ""BUY"", ""right"": ""PUT"", ""strike"": 96.0}]"
AAPL,Apple Inc.,Information Technology,2026-07-30,AMC,2026-07-30,0.0520530334383291,0.05312471353853,0.03516145876256997,0.027238247976836,0.04308466954830394,0.48040028116639244,2.732256239280084,2.27688019940007,iron fly,"short 327.5 straddle @ bid, long 320P / 335C @ ask",credit,574.9999999999998,574.9999999999998,175.00000000000017,0.04117647058823546,12.688930674282856,897,0.8333333333333333,12,False,,,326.5899963378906,2026-07-31,327.5,16.65,17.0,17.35,"[{""action"": ""SELL"", ""right"": ""CALL"", ""strike"": 327.5}, {""action"": ""SELL"", ""right"": ""PUT"", ""strike"": 327.5}, {""action"": ""BUY"", ""right"": ""CALL"", ""strike"": 335.0}, {""action"": ""BUY"", ""right"": ""PUT"", ""strike"": 320.0}]"
META,Meta Platforms,Communication Services,2026-07-29,AMC,2026-07-29,0.09886196858964509,0.10033289842770558,0.07292444535782393,0.06061072013073035,0.0852381705849175,0.35567666102294704,2.6995510425034914,2.249625868752909,iron fly,"short 645 straddle @ bid, long 635P / 655C @ ask",credit,755.0000000000005,755.0000000000005,244.99999999999957,0.029757243539545675,11.342099435738707,1929,0.8333333333333333,12,False,,,645.8499755859375,2026-07-31,645.0,62.900000000000006,63.85,64.8,"[{""action"": ""SELL"", ""right"": ""CALL"", ""strike"": 645.0}, {""action"": ""SELL"", ""right"": ""PUT"", ""strike"": 645.0}, {""action"": ""BUY"", ""right"": ""CALL"", ""strike"": 655.0}, {""action"": ""BUY"", ""right"": ""PUT"", ""strike"": 635.0}]"
AMZN,Amazon,Consumer Discretionary,2026-07-30,AMC,2026-07-30,0.07780311041487559,0.07900315839042638,0.058091155075672495,0.048771566116672556,0.06741074403467243,0.3393279977567204,2.7107249122104617,2.202463991171,iron fly,"short 250 straddle @ bid, long 240P / 260C @ ask",credit,764.9999999999998,764.9999999999998,235.00000000000023,0.030848329048843263,12.17583902662493,6943,0.8124999999999999,12,False,,,249.99000549316406,2026-07-31,250.0,19.15,19.45,19.75,"[{""action"": ""SELL"", ""right"": ""CALL"", ""strike"": 250.0}, {""action"": ""SELL"", ""right"": ""PUT"", ""strike"": 250.0}, {""action"": ""BUY"", ""right"": ""CALL"", ""strike"": 260.0}, {""action"": ""BUY"", ""right"": ""PUT"", ""strike"": 240.0}]"
INTC,Intel,Information Technology,2026-07-23,AMC,2026-07-23,0.1359983549559781,0.13805893609167474,0.09873140492552143,0.07910091600809617,0.1183618938429467,0.3774579127945073,2.4330175045531997,1.9768267224494744,iron fly,"short 97 straddle @ bid, long 88P / 106C @ ask",credit,677.9999999999999,677.9999999999999,222.00000000000006,0.03030303030303033,11.058490882739887,1240,0.8124999999999999,12,False,,,97.05999755859375,2026-07-24,97.0,13.0,13.2,13.4,"[{""action"": ""SELL"", ""right"": ""CALL"", ""strike"": 97.0}, {""action"": ""SELL"", ""right"": ""PUT"", ""strike"": 97.0}, {""action"": ""BUY"", ""right"": ""CALL"", ""strike"": 106.0}, {""action"": ""BUY"", ""right"": ""PUT"", ""strike"": 88.0}]"
F,Ford Motor Company,Consumer Discretionary,2026-07-28,AMC,2026-07-28,0.07541100909651254,0.07719799983339672,0.05609943770697538,0.043087703855593705,0.06911117155835705,0.34423823444376445,1.9021069886241735,1.585089157186811,iron fly,"short 14 straddle @ bid, long 11.5P / 16.5C @ ask",credit,93.0,93.0,157.0,0.04739336492890999,18.506942815149277,10371,0.8333333333333333,12,False,,,13.989999771118164,2026-07-31,14.0,1.03,1.0550000000000002,1.08,"[{""action"": ""SELL"", ""right"": ""CALL"", ""strike"": 14.0}, {""action"": ""SELL"", ""right"": ""PUT"", ""strike"": 14.0}, {""action"": ""BUY"", ""right"": ""CALL"", ""strike"": 16.5}, {""action"": ""BUY"", ""right"": ""PUT"", ""strike"": 11.5}]"
QCOM,Qualcomm,Information Technology,2026-07-29,AMC,2026-07-29,0.12682009788129323,0.13181070358495522,0.07765424621289532,0.062346756689582214,0.09296173573620843,0.6331379681879313,4.116348105432565,1.4407218369013977,iron fly,"short 170 straddle @ bid, long 162.5P / 177.5C @ ask",credit,500.0,500.0,250.0,0.07870370370370366,20.301105479963795,668,0.35,0,False,,thin history (n=0); low-conf moves,170.32000732421875,2026-07-31,170.0,20.75,21.6,22.45,"[{""action"": ""SELL"", ""right"": ""CALL"", ""strike"": 170.0}, {""action"": ""SELL"", ""right"": ""PUT"", ""strike"": 170.0}, {""action"": ""BUY"", ""right"": ""CALL"", ""strike"": 177.5}, {""action"": ""BUY"", ""right"": ""PUT"", ""strike"": 162.5}]"
PLTR,Palantir Technologies,Information Technology,2026-08-03,AMC,2026-08-03,0.13477937840097853,0.13681868123785718,0.10654112726687046,0.08555390728781409,0.12752834724592682,0.26504554493191396,1.724389542282775,1.4369912852356457,iron fly,"short 135 straddle @ bid, long 127P / 143C @ ask",credit,639.9999999999999,639.9999999999999,160.00000000000014,0.030261348005502106,14.443549122030609,1479,0.8333333333333333,12,False,,,134.85000610351562,2026-08-07,135.0,17.9,18.174999999999997,18.45,"[{""action"": ""SELL"", ""right"": ""CALL"", ""strike"": 135.0}, {""action"": ""SELL"", ""right"": ""PUT"", ""strike"": 135.0}, {""action"": ""BUY"", ""right"": ""CALL"", ""strike"": 143.0}, {""action"": ""BUY"", ""right"": ""PUT"", ""strike"": 127.0}]"
FCX,Freeport-McMoRan,Materials,2026-07-23,BMO,2026-07-22,0.06710324780685732,0.07025004143024606,0.040535202087620126,0.03263086376770695,0.0484395404075333,0.6554314361578415,4.307711286597409,1.114690816662823,iron fly,"short 59 straddle @ bid, long 54P / 64C @ ask",credit,288.99999999999994,288.99999999999994,211.00000000000003,0.09378960709759192,23.68855923121391,891,0.8333333333333333,12,False,,wide market,58.790000915527344,2026-07-24,59.0,3.76,3.945,4.13,"[{""action"": ""SELL"", ""right"": ""CALL"", ""strike"": 59.0}, {""action"": ""SELL"", ""right"": ""PUT"", ""strike"": 59.0}, {""action"": ""BUY"", ""right"": ""CALL"", ""strike"": 64.0}, {""action"": ""BUY"", ""right"": ""PUT"", ""strike"": 54.0}]"
GOOG,Alphabet Inc. (Class C),Communication Services,2026-07-22,AMC,2026-07-22,0.0579873076333812,0.05976605940127632,0.05008941566245534,0.0411026427213492,0.05907618860356148,0.1576758655790378,1.1263151318356015,0.9385959431963345,iron fly,"short 352.5 straddle @ bid, long 342.5P / 362.5C @ ask",credit,750.0,750.0,250.0,0.06134969325153374,45.043709750479366,782,0.8333333333333333,12,False,,,351.3699951171875,2026-07-24,352.5,19.75,20.375,21.0,"[{""action"": ""SELL"", ""right"": ""CALL"", ""strike"": 352.5}, {""action"": ""SELL"", ""right"": ""PUT"", ""strike"": 352.5}, {""action"": ""BUY"", ""right"": ""CALL"", ""strike"": 362.5}, {""action"": ""BUY"", ""right"": ""PUT"", ""strike"": 342.5}]"
GOOGL,Alphabet Inc. (Class A),Communication Services,2026-07-22,AMC,2026-07-22,0.057814144051226604,0.05951873797902689,0.050620825757701424,0.041589695118363544,0.0596519563970393,0.14210195479536983,1.020797626913496,0.8506646890945799,no trade,,,,,,0.05896805896805893,47.39381348757009,2889,0.8333333333333333,12,False,,,351.989990234375,2026-07-24,352.5,19.75,20.35,20.95,
MO,Altria,Consumer Staples,2026-07-30,BMO,2026-07-29,0.05411197162919959,0.05665684158205799,0.042158100128929045,0.03537455055315477,0.04894164970470332,0.2835486291771425,2.258416709956468,0.5590140371179301,iron fly,"short 75 straddle @ bid, long 70P / 80C @ ask",credit,280.0,280.0,220.00000000000003,0.09405940594059414,42.57817147860093,2513,0.8333333333333333,12,False,,wide market,74.66000366210938,2026-07-31,75.0,3.85,4.04,4.23,"[{""action"": ""SELL"", ""right"": ""CALL"", ""strike"": 75.0}, {""action"": ""SELL"", ""right"": ""PUT"", ""strike"": 75.0}, {""action"": ""BUY"", ""right"": ""CALL"", ""strike"": 80.0}, {""action"": ""BUY"", ""right"": ""PUT"", ""strike"": 70.0}]"
PFE,Pfizer,Health Care,2026-08-04,BMO,2026-08-03,0.052727272727272734,0.05454545454545455,0.04941519945557066,0.04657176887763339,0.052258630033507926,0.06702539518594822,1.4928281133182035,0.5224898396613712,no trade,,,,,,0.06896551724137936,109.79115913383492,3329,0.35,0,False,,thin history (n=0); low-conf moves,24.75,2026-08-07,25.0,1.26,1.3050000000000002,1.35,
BMY,Bristol Myers Squibb,Health Care,2026-07-30,BMO,2026-07-29,0.05801196823224608,0.060671542707076836,0.050326133211126875,0.043346140133503804,0.057306126288749946,0.15272055551885522,1.4111999902470815,0.48859598516195885,iron fly,"short 60 straddle @ bid, long 55P / 65C @ ask",credit,267.00000000000006,267.00000000000006,232.99999999999997,0.09169054441260739,69.20717052923365,2233,0.8333333333333333,12,False,,wide market,60.15999984741211,2026-07-31,60.0,3.33,3.49,3.65,"[{""action"": ""SELL"", ""right"": ""CALL"", ""strike"": 60.0}, {""action"": ""SELL"", ""right"": ""PUT"", ""strike"": 60.0}, {""action"": ""BUY"", ""right"": ""CALL"", ""strike"": 65.0}, {""action"": ""BUY"", ""right"": ""PUT"", ""strike"": 55.0}]"
TSLA,"Tesla, Inc.",Consumer Discretionary,2026-07-22,AMC,2026-07-22,0.06636090460253327,0.06683442787696521,0.0714136204194743,0.05717007697706142,0.08565716386188718,-0.07075283100425428,-0.4546312943245147,-0.37885941193709555,no trade,,,,,,0.014271151885830842,18.743317122419047,7102,0.8333333333333333,12,False,,,369.57000732421875,2026-07-24,370.0,24.35,24.525000000000002,24.700000000000003,
IBM,IBM,Information Technology,2026-07-22,AMC,2026-07-22,0.0625586854460094,0.06384976525821597,0.06483729943727486,0.05423947901817209,0.07543511985637763,-0.03514356722197911,-0.27555398900154654,-0.22962832416795542,no trade,,,,,,0.041275797373358396,113.32150308526428,1068,0.8333333333333333,12,False,,,213.0,2026-07-24,212.5,13.05,13.325000000000001,13.600000000000001,
ACGL,Arch Capital Group,Financials,2026-07-28,AMC,2026-07-28,0.0564666591044531,0.08789158243214873,0.03198902409026265,0.026596257102412372,0.03738179107811293,0.7651885517083142,5.817150473006388,0.0,screened out,,,,,,1.1130434782608696,256.7643753939269,145,0.8333333333333333,12,True,spread > 10%,spread > 10%,101.83000183105469,2026-08-21,100.0,2.55,5.75,8.95,
ABBV,AbbVie,Health Care,2026-07-31,BMO,2026-07-30,0.05357565608335353,0.057423631382157926,0.04290778700367755,0.03757612649795906,0.04823944750939604,0.24862314802582713,2.56429324369938,0.0,screened out,,,,,,0.14364640883977894,72.14140462476074,53,0.8333333333333333,12,True,spread > 10%,spread > 10%,253.3800048828125,2026-07-31,252.5,12.600000000000001,13.575000000000001,14.55,
ADP,Automatic Data Processing,Industrials,2026-07-29,BMO,2026-07-28,0.05955179310794637,0.06503682668367827,0.03862237810250694,0.030871587778094893,0.046373168426918986,0.5418986617005058,3.4606971867744223,0.0,screened out,,,,,,0.18421052631578952,52.41459041551209,4,0.8333333333333333,12,True,spread > 10%,spread > 10%,255.24000549316406,2026-07-31,257.5,13.8,15.200000000000001,16.6,
AES,AES Corporation,Utilities,2026-07-30,AMC,2026-07-30,0.02466216184432878,0.03175675634749185,0.032080821704434215,0.023678013582331445,0.040483629826536985,-0.23124905990422395,-1.1314972731201494,0.0,screened out,,,,,,0.5753424657534247,191.26350680437437,2772,0.8333333333333333,12,True,spread > 10%,spread > 10%,14.800000190734863,2026-07-31,15.0,0.26,0.365,0.47000000000000003,
AEE,Ameren,Utilities,2026-07-30,AMC,2026-07-30,0.05977178146572542,0.07788444251594526,0.01613559247182809,0.013878332924225882,0.0183928520194303,2.704343771081468,24.775236801627297,0.0,screened out,,,,,,0.6060606060606063,83.01669539818404,12,0.8333333333333333,12,True,spread > 10%,spread > 10%,110.41999816894531,2026-08-21,110.0,4.6,6.6000000000000005,8.600000000000001,
AEP,American Electric Power,Utilities,2026-07-30,BMO,2026-07-29,0.05723006352802524,0.06180846861026726,0.027863460114791787,0.023575309961162305,0.03215161026842127,1.0539467565136929,8.776800621719078,0.0,screened out,,,,,,0.16000000000000011,31.181032534248477,563,0.8333333333333333,12,True,spread > 10%,spread > 10%,131.0500030517578,2026-08-21,130.0,6.9,7.500000000000001,8.100000000000001,
AIZ,Assurant,Financials,2026-08-04,AMC,2026-08-04,0.06098667704488102,0.07260318695819168,0.04205860237746084,0.03052875896378799,0.05358844579113369,0.4500405053298612,2.1039505588600362,0.0,screened out,,,,,,0.38095238095238093,122.74370338685854,4,0.35,0,True,spread > 10%,spread > 10%; thin history (n=0); low-conf moves,275.4700012207031,2026-08-21,280.0,13.6,16.8,20.0,
AJG,Arthur J. Gallagher & Co.,Financials,2026-07-30,AMC,2026-07-30,0.08791295307913408,0.09303792343800737,0.025753245613952112,0.02048055181072371,0.031025939417180515,2.413664995743536,15.108763008123105,0.0,screened out,,,,,,0.11659192825112114,16.48968622236191,386,0.8333333333333333,12,True,spread > 10%,spread > 10%,253.66000366210938,2026-08-21,250.0,21.0,22.3,23.6,
ALGN,Align Technology,Health Care,2026-07-29,AMC,2026-07-29,0.1088260478028521,0.11710939527341038,0.07878789298243125,0.054449030006305806,0.10312675595855669,0.38125343480271773,1.5817049159450822,0.0,screened out,,,,,,0.15223097112860884,55.15217242922672,204,0.8333333333333333,12,True,spread > 10%,spread > 10%,175.0500030517578,2026-07-31,175.0,17.6,19.05,20.5,
ALLE,Allegion,Industrials,2026-07-23,BMO,2026-07-22,0.09628610388657793,0.10786939457970009,0.055381031923307934,0.04586685703863476,0.06489520680798111,0.7386115885293659,5.510087933382325,0.0,screened out,,,,,,0.24060150375939857,56.63498503815457,39,0.8333333333333333,12,True,spread > 10%,spread > 10%,138.1300048828125,2026-08-21,140.0,11.7,13.3,14.9,
AMD,Advanced Micro Devices,Information Technology,2026-08-04,AMC,2026-08-04,0.1727664450515733,0.17673808746655198,0.06621567227198662,0.04541994521610403,0.08701139932786921,1.609147338139529,6.566515805259627,0.0,screened out,,,,,,0.04597701149425287,7.454929347522473,351,0.35,0,True,OI < 500,OI < 500; thin history (n=0); low-conf moves,503.57000732421875,2026-08-07,505.0,85.0,87.0,89.0,
AME,Ametek,Industrials,2026-08-04,BMO,2026-08-03,0.08460524396059532,0.09013221969671463,0.03999060875711351,0.031652596710314,0.048328620803913015,1.1156278083800308,6.857523850511796,0.0,screened out,,,,,,0.1306532663316582,24.776514302588996,4368,0.8333333333333333,12,True,spread > 10%,spread > 10%,235.2100067138672,2026-08-21,240.0,18.6,19.9,21.2,
AMGN,Amgen,Health Care,2026-08-04,AMC,2026-08-04,0.06933574723062856,0.07359200102102358,0.04941519945557066,0.04657176887763339,0.052258630033507926,0.40312592065865327,8.978652134716354,0.0,screened out,,,,,,0.12277227722772269,42.732296706460886,62,0.35,0,True,spread > 10%,spread > 10%; thin history (n=0); low-conf moves,364.1700134277344,2026-08-07,365.0,23.7,25.25,26.799999999999997,
AMT,American Tower,Real Estate,2026-07-28,BMO,2026-07-27,0.07841494188580587,0.08380222796956353,0.031559757997539586,0.026122565911799546,0.03699695008327963,1.4846496570702203,11.044230684564624,0.0,screened out,,,,,,0.13740458015267182,22.995475150004776,1255,0.8333333333333333,12,True,spread > 10%,spread > 10%,167.05999755859375,2026-08-21,165.0,12.2,13.1,14.0,
AOS,A. O. Smith,Industrials,2026-07-30,BMO,2026-07-29,0.0810971452679841,0.09850543299566657,0.041629010896018726,0.034702965154564044,0.04855505663747341,0.9480920522120787,7.303209204692171,0.0,screened out,,,,,,0.4293193717277488,88.21439373657216,1539,0.8333333333333333,12,True,spread > 10%,spread > 10%; squeeze risk (11% of float short — no short premium),58.880001068115234,2026-08-21,60.0,3.75,4.775,5.800000000000001,
ANET,Arista Networks,Information Technology,2026-08-04,AMC,2026-08-04,0.15411868355083677,0.1603188604752957,0.06621567227198662,0.04541994521610403,0.08701139932786921,1.3275257693946065,5.41729072286062,0.0,screened out,,,,,,0.08045977011494244,14.106858989825605,92,0.35,0,True,OI < 500,OI < 500; thin history (n=0); low-conf moves; wide market,169.35000610351562,2026-08-07,170.0,25.05,26.1,27.15,
APD,Air Products,Materials,2026-07-30,BMO,2026-07-29,0.07096382582172046,0.07821191254460404,0.04462601666709269,0.03301146891306697,0.05624056442111841,0.5901895602985628,2.9062290609525707,0.0,screened out,,,,,,0.2042755344418053,55.03940498870245,743,0.8333333333333333,12,True,spread > 10%,spread > 10%,296.6300048828125,2026-08-21,300.0,18.9,21.049999999999997,23.2,
AON,Aon plc,Financials,2026-07-29,BMO,2026-07-28,0.08048955316790851,0.0893103261178163,0.03729628274135235,0.025189172826561475,0.04940339265614322,1.1581119417744417,4.572230347974879,0.0,screened out,,,,,,0.21917808219178078,40.843274254521724,151,0.35,0,True,spread > 10%,spread > 10%; thin history (n=0); low-conf moves,362.7799987792969,2026-08-21,360.0,26.0,29.2,32.4,
AMP,Ameriprise Financial,Financials,2026-07-23,BMO,2026-07-22,0.07867432310613776,0.08836608754674893,0.03413657197464706,0.028621482518921267,0.03965166143037285,1.3046931356953035,10.349710971751904,0.0,screened out,,,,,,0.24637681159420297,43.52157077710443,46,0.8333333333333333,12,True,spread > 10%,spread > 10%,526.219970703125,2026-08-21,530.0,36.3,41.4,46.5,
APO,Apollo Global Management,Financials,2026-08-04,BMO,2026-08-03,0.09303112482016174,0.10571718729563834,0.03729628274135235,0.025189172826561475,0.04940339265614322,1.4943806187154745,5.899820362656378,0.0,screened out,,,,,,0.2727272727272727,45.522915297897256,11,0.35,0,True,spread > 10%,spread > 10%; thin history (n=0); low-conf moves,118.23999786376953,2026-08-07,118.0,9.5,11.0,12.5,
APTV,Aptiv,Consumer Discretionary,2026-08-04,BMO,2026-08-03,0.123015177649003,0.1308672102648968,0.07316628911260463,0.05621857782857077,0.09011400039663849,0.6813095093517694,3.7696143436449945,0.0,screened out,,,,,,0.12765957446808515,31.50334078225419,178,0.35,0,True,spread > 10%,spread > 10%; thin history (n=0); low-conf moves,57.310001373291016,2026-08-21,57.5,6.6,7.05,7.5,
AVB,AvalonBay Communities,Real Estate,2026-07-22,AMC,2026-07-22,0.05577564743669996,0.07037114396219155,0.028583864125987485,0.023111044135289593,0.03405668411668538,0.9512983685781875,6.367647675282878,0.0,screened out,,,,,,0.5233644859813085,107.35225681017793,104,0.8333333333333333,12,True,spread > 10%,spread > 10%,191.83999633789062,2026-08-21,190.0,7.8999999999999995,10.7,13.5,
ARES,Ares Management,Financials,2026-07-31,BMO,2026-07-30,0.0907066900675875,0.10225117789437135,0.04142286767737921,0.03366021080871466,0.04918552454604376,1.1897733100965846,8.136666072444479,0.0,screened out,,,,,,0.25454545454545463,46.84899533716981,7,0.8333333333333333,12,True,spread > 10%,spread > 10%; squeeze risk (15% of float short — no short premium),121.2699966430664,2026-07-31,120.0,9.6,11.0,12.4,
ARE,Alexandria Real Estate Equities,Real Estate,2026-08-03,AMC,2026-08-03,0.1088911105509955,0.11588411765060072,0.050521364860271305,0.03821736275809248,0.06282536696245013,1.1553477593520964,6.079864539683815,0.0,screened out,,,,,,0.12844036697247727,23.96106755941038,484,0.8333333333333333,12,True,spread > 10%,spread > 10%,50.04999923706055,2026-08-21,50.0,5.1,5.45,5.800000000000001,
AXON,Axon Enterprise,Industrials,2026-08-03,AMC,2026-08-03,0.17526731520283184,0.18351407367911438,0.10374712383219037,0.08782217641253007,0.11967207125185067,0.6893703529200912,5.75576639879225,0.0,screened out,,,,,,0.09410492157923206,23.061343428305634,34,0.8333333333333333,12,True,OI < 500,OI < 500; wide market,527.47998046875,2026-08-07,525.0,88.1,92.44999999999999,96.8,
AWK,American Water Works,Utilities,2026-07-29,AMC,2026-07-29,0.058922561613428924,0.06359895539227249,0.016111437615847084,0.012413168313470677,0.019809706918223494,2.6571883290832568,14.835787237031388,0.0,screened out,,,,,,0.15873015873015872,21.84662929713178,743,0.8333333333333333,12,True,spread > 10%,spread > 10%,133.64999389648438,2026-08-21,135.0,7.25,7.875,8.5,
AVY,Avery Dennison,Materials,2026-07-30,BMO,2026-07-29,0.057464005840658965,0.07388229322370439,0.03268518647965916,0.026040240884703175,0.039330132074615144,0.7581054915021003,4.77905115087217,0.0,screened out,,,,,,0.5714285714285714,132.5187220896141,9,0.8333333333333333,12,True,spread > 10%,spread > 10%,158.36000061035156,2026-08-21,160.0,6.5,9.1,11.7,
AXP,American Express,Financials,2026-07-24,BMO,2026-07-23,0.042409002672727,0.04546358745484971,0.037559711442017064,0.030852180573951116,0.04426724231008301,0.12910885213258483,0.9265483474502215,0.0,screened out,,,,,,0.1440536013400335,125.98066961944559,51,0.8124999999999999,12,True,spread > 10%,spread > 10%,351.92999267578125,2026-07-24,352.5,13.85,14.925,16.0,
BALL,Ball Corporation,Materials,2026-08-04,BMO,2026-08-03,0.07550200803212852,0.09718875502008033,0.037343538487443095,0.029014915320186605,0.04567216165469959,1.0218225452179994,5.871786198795945,0.0,screened out,,,,,,0.5744680851063831,113.66675470333304,584,0.35,0,True,spread > 10%,spread > 10%; thin history (n=0); low-conf moves,62.25,2026-08-21,62.5,3.35,4.7,6.050000000000001,
BG,Bunge Global,Consumer Staples,2026-07-29,BMO,2026-07-28,0.08672919068199468,0.09461366256217603,0.030807533305516194,0.02505308881532098,0.03656197779571141,1.8151942520651443,12.454581187777434,0.0,screened out,,,,,,0.18181818181818185,28.198276839690617,387,0.8333333333333333,12,True,spread > 10%,spread > 10%,120.48999786376953,2026-08-21,120.0,9.5,10.45,11.4,
BEN,Franklin Resources,Financials,2026-07-31,BMO,2026-07-30,0.08842693268627481,0.1008377302562783,0.04322451483257318,0.03480519252232465,0.05164383714282172,1.0457588252589927,6.880769803857753,0.0,screened out,,,,,,0.28070175438596484,54.91209611915554,292,0.8333333333333333,12,True,spread > 10%,spread > 10%,32.22999954223633,2026-08-21,32.0,2.45,2.85,3.25,
BIIB,Biogen,Health Care,2026-07-29,BMO,2026-07-28,0.06876719284751598,0.08602150668925636,0.04643248762968587,0.038792768641330404,0.05407220661804133,0.48101461623070085,3.746755378149419,0.0,screened out,,,,,,0.5018181818181819,154.50675236999334,20,0.8333333333333333,12,True,spread > 10%,spread > 10%,199.9499969482422,2026-07-31,200.0,10.3,13.750000000000002,17.200000000000003,
BAX,Baxter International,Health Care,2026-07-30,BMO,2026-07-29,0.09515179107557871,0.10647938525124284,0.08352002121376047,0.0689568998469854,0.09808314258053553,0.13926923979159422,1.0236319453408087,0.0,screened out,,,,,,0.23809523809523808,194.76991567461152,126,0.8333333333333333,12,True,spread > 10%,spread > 10%; squeeze risk (12% of float short — no short premium),22.06999969482422,2026-07-31,22.0,1.85,2.1,2.35,
BKNG,Booking Holdings,Consumer Discretionary,2026-08-04,AMC,2026-08-04,0.08860406949232745,0.09529116907665407,0.05307350817234587,0.0433691714879857,0.06277784485670604,0.6694594449005143,4.692331775862194,0.0,screened out,,,,,,0.15094339622641523,37.641395665572745,437,0.35,0,True,spread > 10%,spread > 10%; thin history (n=0); low-conf moves,179.4499969482422,2026-08-07,180.0,14.7,15.9,17.1,
BKR,Baker Hughes,Energy,2026-07-26,AMC,2026-07-24,0.09428830201500397,0.10063463003524463,0.04286285386717501,0.03548576562684123,0.050239942107508796,1.1997672461844942,8.933992952112984,0.0,screened out,,,,,,0.1346153846153848,24.681663451905514,8060,0.75,12,True,spread > 10%,spread > 10%; single-source date,55.150001525878906,2026-08-21,55.0,4.85,5.2,5.550000000000001,
BLDR,Builders FirstSource,Industrials,2026-07-30,BMO,2026-07-29,0.15887208369792466,0.1719394845215635,0.04490214088779236,0.03230722507587034,0.05749705669971438,2.5381850521322815,11.597050816902268,0.0,screened out,,,,,,0.1645021645021645,22.931310662160115,915,0.8333333333333333,12,True,spread > 10%,spread > 10%; squeeze risk (8% of float short — no short premium),72.69999694824219,2026-08-21,75.0,10.6,11.55,12.5,
BR,Broadridge Financial Solutions,Industrials,2026-08-04,BMO,2026-08-03,0.08932142126634927,0.10331955444988161,0.060270501428809686,0.0483498994587979,0.07219110339882147,0.48200892889291713,3.1233035846220716,0.0,screened out,,,,,,0.3134328358208955,96.36963828900153,27,0.35,0,True,spread > 10%,spread > 10%; thin history (n=0); low-conf moves,150.02000427246094,2026-08-21,150.0,11.3,13.4,15.5,
BRO,Brown & Brown,Financials,2026-07-27,AMC,2026-07-27,0.08812010131800165,0.11169132183516259,0.04825170620595998,0.040700313457672305,0.05580309895424765,0.8262587636148125,6.766345875359059,0.0,screened out,,,,,,0.534979423868313,118.24514355754239,1048,0.8333333333333333,12,True,spread > 10%,spread > 10%,68.94000244140625,2026-08-21,70.0,4.449999999999999,6.074999999999999,7.7,
BSX,Boston Scientific,Health Care,2026-07-29,BMO,2026-07-28,0.09881197063667967,0.10509481270028358,0.053962089098197635,0.04353395439739677,0.0643902237989985,0.8311368645655351,5.511974080590291,0.0,screened out,,,,,,0.12716763005780346,28.01720694942355,341,0.8333333333333333,12,True,spread > 10%,spread > 10%,43.77000045776367,2026-07-31,44.0,4.05,4.324999999999999,4.6,
BX,Blackstone Inc.,Financials,2026-07-23,BMO,2026-07-22,0.0546072321549259,0.05784321628262522,0.036428877518426106,0.029500748150432077,0.043357006886420135,0.4990094637778776,3.3627229032075157,0.0,screened out,,,,,,0.11851851851851862,35.602607523145984,199,0.8333333333333333,12,True,spread > 10%,spread > 10%,123.61000061035156,2026-07-24,124.0,6.35,6.75,7.15,
BXP,"BXP, Inc.",Real Estate,2026-07-28,AMC,2026-07-28,0.08063328242950478,0.09351988007805578,0.03485349208347837,0.030480500117169768,0.03922648404978697,1.3134922100883957,13.416758996928605,0.0,screened out,,,,,,0.31963470319634707,56.298194251863904,4685,0.8333333333333333,12,True,spread > 10%,spread > 10%; squeeze risk (9% of float short — no short premium),67.9000015258789,2026-08-21,67.5,4.6,5.475,6.35,
CARR,Carrier Global,Industrials,2026-07-28,BMO,2026-07-27,0.0727829166269421,0.08062107687907434,0.05099850964607526,0.04063562323223523,0.061361396059915294,0.4271577175891712,2.6941235165322452,0.0,screened out,,,,,,0.21538461538461554,71.96119921020993,14,0.8333333333333333,12,True,spread > 10%,spread > 10%,66.9800033569336,2026-07-31,67.0,4.35,4.875,5.4,
CAT,Caterpillar Inc.,Industrials,2026-08-04,BMO,2026-08-03,0.10557676881728441,0.11361795833268305,0.05267036685558679,0.04158091744727027,0.06375981626390331,1.0044813643838477,6.114356291058192,0.0,screened out,,,,,,0.15232876712328758,30.397793904866877,26,0.35,0,True,spread > 10%,spread > 10%; thin history (n=0); low-conf moves,864.2999877929688,2026-08-07,860.0,84.3,91.25,98.19999999999999,
CBOE,Cboe Global Markets,Financials,2026-07-31,BMO,2026-07-30,0.06757485560339982,0.07368534786540937,0.0372299376024466,0.03065039944559469,0.0438094757592985,0.8150676567064427,5.910756345340396,0.0,screened out,,,,,,0.18085106382978716,40.27357900138407,5,0.8333333333333333,12,True,spread > 10%,spread > 10%,278.2099914550781,2026-07-31,277.5,17.1,18.8,20.5,
CB,Chubb Limited,Financials,2026-07-21,AMC,2026-07-21,0.06297336418708133,0.07233426967435018,0.02864027813247179,0.02327468479913144,0.03400587146581214,1.1987692960175325,8.200636976003283,0.0,screened out,,,,,,0.29729729729729737,54.52993926837556,1633,0.8333333333333333,12,True,spread > 10%,spread > 10%,352.5299987792969,2026-08-21,355.0,18.9,22.2,25.5,
CDNS,Cadence Design Systems,Information Technology,2026-07-27,AMC,2026-07-27,0.10487073248293938,0.11123571913652817,0.06204216971151509,0.05125883372714191,0.07282550569588828,0.6903137490285943,5.090176743764697,0.0,screened out,,,,,,0.1213872832369943,29.723092449114837,97,0.8333333333333333,12,True,spread > 10%,spread > 10%,329.92999267578125,2026-07-31,330.0,32.5,34.6,36.7,
CCI,Crown Castle,Real Estate,2026-07-22,AMC,2026-07-22,0.08474034246788564,0.09337426415329286,0.03594012380116717,0.02796418797053308,0.043916059631801264,1.3578199935174866,7.841382073693819,0.0,screened out,,,,,,0.20377358490566047,35.384766385465056,1069,0.8333333333333333,12,True,spread > 10%,spread > 10%,78.18000030517578,2026-08-21,77.5,5.949999999999999,6.625,7.3,
CBRE,CBRE Group,Real Estate,2026-07-29,BMO,2026-07-28,0.09955273759989432,0.1060453074433657,0.0402528376484779,0.031101218169645083,0.04940445712731072,1.4731855793440873,8.304404696186953,0.0,screened out,,,,,,0.1304347826086957,21.897405725104576,361,0.8333333333333333,12,True,spread > 10%,spread > 10%,138.6199951171875,2026-08-21,140.0,12.899999999999999,13.799999999999999,14.7,
CHTR,Charter Communications,Communication Services,2026-07-24,BMO,2026-07-23,0.12697429184736958,0.15716939783546355,0.09510902809390746,0.07646109317096811,0.11375696301684682,0.33503931637277823,2.1899755761266855,0.0,screened out,,,,,,0.47560975609756084,189.5173768007071,25,0.8333333333333333,12,True,spread > 10%,spread > 10%; squeeze risk (26% of float short — no short premium),129.16000366210938,2026-07-24,129.0,12.5,16.4,20.299999999999997,
CI,Cigna,Health Care,2026-07-30,BMO,2026-07-29,0.07096569636804927,0.07818553148241655,0.052758240843509,0.04254342670756627,0.06297305497945173,0.3451111188211725,2.2843954564129962,0.0,screened out,,,,,,0.20347394540942934,79.3063600197875,447,0.8124999999999999,12,True,spread > 10%,spread > 10%,283.94000244140625,2026-07-31,285.0,18.1,20.150000000000002,22.200000000000003,
CHD,Church & Dwight,Consumer Staples,2026-07-31,BMO,2026-07-30,0.06749156292268768,0.08334185421513705,0.03282881290010728,0.026790894397700223,0.038866731402514336,1.0558636441729858,7.3574660557656095,0.0,screened out,,,,,,0.46969696969696956,91.45432074560732,885,0.8333333333333333,12,True,spread > 10%,spread > 10%,97.79000091552734,2026-08-21,100.0,5.05,6.6,8.149999999999999,
CINF,Cincinnati Financial,Financials,2026-07-27,AMC,2026-07-27,0.06514748259168958,0.07651363912896308,0.03485061448796227,0.029043048703044777,0.04065818027287976,0.8693352627739787,6.685841813893211,0.0,screened out,,,,,,0.3489361702127661,75.0318910744122,1230,0.8333333333333333,12,True,spread > 10%,spread > 10%,180.36000061035156,2026-08-21,180.0,9.7,11.75,13.8,
CHRW,C.H. Robinson,Industrials,2026-07-29,AMC,2026-07-29,0.10204081481339235,0.10981535308488892,0.07757114191633344,0.06132008674975557,0.0938221970829113,0.31544814595421805,1.9297413283887426,0.0,screened out,,,,,,0.1523809523809525,63.54427624924249,870,0.8333333333333333,12,True,spread > 10%,spread > 10%,205.8000030517578,2026-08-21,210.0,19.4,21.0,22.6,
CL,Colgate-Palmolive,Consumer Staples,2026-07-31,BMO,2026-07-30,0.04568693556028994,0.049494180190314103,0.02843996941067474,0.024016672643239867,0.03286326617810961,0.6064340611822765,4.997112556425887,0.0,screened out,,,,,,0.1666666666666668,44.14973157593991,11,0.8333333333333333,12,True,spread > 10%,spread > 10%,91.93000030517578,2026-07-31,92.0,3.85,4.2,4.550000000000001,
CMCSA,Comcast,Communication Services,2026-07-23,BMO,2026-07-22,0.06223717229878575,0.06602186520884704,0.0525825135167475,0.04437077759613091,0.0607942494373641,0.18360968573636646,1.5067959825638353,0.0,screened out,,,,,,0.12162162162162143,78.40138104315857,5053,0.8333333333333333,12,True,spread > 10%,spread > 10%,23.780000686645508,2026-07-24,24.0,1.3900000000000001,1.48,1.5699999999999998,
CMI,Cummins,Industrials,2026-08-04,BMO,2026-08-03,0.12198364307810845,0.12636254308604056,0.0443759129237434,0.034998055490981235,0.05375377035650556,1.7488706156361897,10.606054493679654,0.0,screened out,,,,,,0.0717948717948719,11.284700632842341,103,0.35,0,True,OI < 500,OI < 500; thin history (n=0); low-conf moves,639.4299926757812,2026-08-21,640.0,75.2,78.0,80.80000000000001,
CNC,Centene Corporation,Health Care,2026-07-28,BMO,2026-07-27,0.10100243575154871,0.10479951980235881,0.06763645673666835,0.057573663992644825,0.07769924948069187,0.4933135268274834,4.249500093387863,0.0,screened out,,,,,,0.07518796992481203,22.76021362428299,197,0.8333333333333333,12,True,OI < 500,OI < 500,65.83999633789062,2026-07-31,66.0,6.4,6.65,6.9,
CME,CME Group,Financials,2026-07-22,BMO,2026-07-21,0.04916160079145747,0.058341152806459906,0.019957172566367917,0.01474768886676213,0.025166656265973704,1.4633549982077736,7.184665001659772,0.0,screened out,,,,,,0.37344398340248963,62.86411049894324,46,0.8333333333333333,12,True,spread > 10%,spread > 10%,245.11000061035156,2026-07-24,245.0,9.8,12.05,14.3,
CNP,CenterPoint Energy,Utilities,2026-07-28,BMO,2026-07-27,0.050593159224960736,0.06280530110684782,0.01663095791499296,0.013999681787961954,0.01926223404202397,2.0421073448421474,16.54176722530716,0.0,screened out,,,,,,0.48275862068965536,71.91607970536859,638,0.8333333333333333,12,True,spread > 10%,spread > 10%; squeeze risk (9% of float short — no short premium),42.9900016784668,2026-08-21,43.0,1.65,2.175,2.7,
CMS,CMS Energy,Utilities,2026-07-28,BMO,2026-07-27,0.05694292201424817,0.07958287895967213,0.015073259332018678,0.012448706983201323,0.017697811680836034,2.777744465212629,20.445452237874022,0.0,screened out,,,,,,0.7951807228915662,108.14492162141502,49,0.8124999999999999,12,True,spread > 10%,spread > 10%,72.87999725341797,2026-08-21,75.0,2.5,4.15,5.8,
COF,Capital One,Financials,2026-07-21,AMC,2026-07-21,0.05295739117735462,0.05658460975114603,0.034089298120315914,0.025818060836251815,0.04236053540438001,0.5534902182627821,2.9235466510542687,0.0,screened out,,,,,,0.13698630136986303,38.44817346221733,503,0.8333333333333333,12,True,spread > 10%,spread > 10%,206.77000427246094,2026-07-24,207.5,10.2,10.95,11.7,
COIN,Coinbase,Financials,2026-07-30,AMC,2026-07-30,0.13494982851338316,0.1446113635801612,0.06840512990292155,0.054780199158841344,0.08203006064700176,0.9728027518535495,6.259384898247784,0.0,screened out,,,,,,0.14318706697459577,29.037730333214242,1129,0.8333333333333333,12,True,spread > 10%,spread > 10%; squeeze risk (11% of float short — no short premium),160.42999267578125,2026-07-31,160.0,20.1,21.65,23.2,
CPT,Camden Property Trust,Real Estate,2026-07-30,AMC,2026-07-30,0.06468190643736751,0.08860535128406509,0.02466307953730277,0.01931972651853034,0.0300064325560752,1.6226208426055024,9.598491504292523,0.0,screened out,,,,,,0.7397260273972603,119.56095018196982,42,0.8333333333333333,12,True,spread > 10%,spread > 10%,112.86000061035156,2026-08-21,110.0,4.6,7.3,10.0,
CRH,CRH plc,Materials,2026-07-30,BMO,2026-07-29,0.0725362703488057,0.07903952217318139,0.03768457656132845,0.029797922163850746,0.045571230958806164,0.9248264666251211,5.6634827021602225,0.0,screened out,,,,,,0.17931034482758632,37.319573987031895,0,0.8,9,True,spread > 10%,spread > 10%,99.94999694824219,2026-07-31,102.0,6.6,7.25,7.9,
CTSH,Cognizant,Information Technology,2026-07-29,BMO,2026-07-28,0.14560932098729562,0.18145161538416837,0.03634183286061811,0.029332758102067112,0.043350907619169106,3.006658705017749,19.9794149166844,0.0,screened out,,,,,,0.4923076923076922,65.60468262127443,859,0.8333333333333333,12,True,spread > 10%,spread > 10%; squeeze risk (13% of float short — no short premium),44.63999938964844,2026-08-21,45.0,4.9,6.5,8.1,
CSX,CSX Corporation,Industrials,2026-07-22,AMC,2026-07-22,0.043404509549151656,0.04689682640942824,0.03376699676848575,0.02749360388613231,0.040040389650839184,0.28541219838835236,1.9688606486682907,0.0,screened out,,,,,,0.1609195402298851,72.47340553016146,1482,0.8333333333333333,12,True,spread > 10%,spread > 10%,50.11000061035156,2026-07-24,50.0,2.0,2.175,2.35,
CTVA,Corteva,Materials,2026-07-30,AMC,2026-07-30,0.07864715482835709,0.08469693596899994,0.037742981563189976,0.02625077980119666,0.04923518332518329,1.0837557493089043,4.561596597617119,0.0,screened out,,,,,,0.15384615384615394,29.580263614787135,338,0.8333333333333333,12,True,spread > 10%,spread > 10%,86.77999877929688,2026-08-21,85.0,6.3,6.825,7.3500000000000005,
CVNA,Carvana,Consumer Discretionary,2026-07-29,AMC,2026-07-29,0.1559089506573008,0.15980667442373328,0.11752549700587761,0.0897498442387788,0.14530114977297642,0.3265968205137951,1.7710559176464717,0.0,screened out,,,,,,0.05,20.309395823676745,288,0.8333333333333333,12,True,OI < 500,OI < 500; squeeze risk (14% of float short — no short premium),64.13999938964844,2026-07-31,64.0,9.75,10.0,10.25,
CVX,Chevron Corporation,Energy,2026-07-31,BMO,2026-07-30,0.04796794938563892,0.05165779164607268,0.02595582080418874,0.02122885811333947,0.030682783495038012,0.8480613557748815,5.968048794757476,0.0,screened out,,,,,,0.15384615384615385,33.525537948594646,1409,0.8333333333333333,12,True,spread > 10%,spread > 10%,189.7100067138672,2026-07-31,190.0,8.4,9.100000000000001,9.8,
DD,DuPont,Materials,2026-08-04,BMO,2026-08-03,0.09465930018416208,0.10976058931860037,0.037343538487443095,0.029014915320186605,0.04567216165469959,1.5348240691222022,8.81969068780812,0.0,screened out,,,,,,0.3190661478599221,52.69506567615857,308,0.35,0,True,spread > 10%,spread > 10%; thin history (n=0); low-conf moves,135.75,2026-08-21,135.0,10.8,12.850000000000001,14.9,
D,Dominion Energy,Utilities,2026-07-31,BMO,2026-07-30,0.053297327564950155,0.05685048273594683,0.02172489475561877,0.01742590510189764,0.0260238844093399,1.4532835792525862,9.412265008224631,0.0,screened out,,,,,,0.13333333333333333,22.507959348299096,1626,0.8333333333333333,12,True,spread > 10%,spread > 10%,70.36000061035156,2026-08-21,70.0,3.5,3.75,4.0,
DECK,Deckers Brands,Consumer Discretionary,2026-07-23,AMC,2026-07-23,0.09707804605077272,0.10668973377857201,0.11190829018876766,0.09537063253530512,0.1284459478422302,-0.13252140760062714,-1.1492825214745495,0.0,screened out,,,,,,0.19801980198019803,129.62278487613332,200,0.8333333333333333,12,True,spread > 10%,spread > 10%,104.04000091552734,2026-07-24,104.0,9.1,10.1,11.1,
DHI,D. R. Horton,Consumer Discretionary,2026-07-21,BMO,2026-07-20,0.06526694135087767,0.0711375127951365,0.06152193666094915,0.048635418564087124,0.07440845475781117,0.06087267230496094,0.3724511132127409,0.0,screened out,,,,,,0.1798941798941798,313.51477129236304,53,0.8124999999999999,12,True,spread > 10%,spread > 10%,144.7899932861328,2026-07-24,145.0,8.600000000000001,9.450000000000001,10.3,
DHR,Danaher Corporation,Health Care,2026-07-21,BMO,2026-07-20,0.07011088437774209,0.08154741161666455,0.04386918556933987,0.03788681497376794,0.049851556164911805,0.5981806698217463,5.6217448677856465,0.0,screened out,,,,,,0.3262411347517729,87.16300970012394,1162,0.8333333333333333,12,True,spread > 10%,spread > 10%,201.11000061035156,2026-07-24,200.0,11.8,14.1,16.4,
DGX,Quest Diagnostics,Health Care,2026-07-23,BMO,2026-07-22,0.07319657002767098,0.08523547957169582,0.05612883989321976,0.04990046441558808,0.06235721537085144,0.3040812916661219,3.5119916933187536,0.0,screened out,,,,,,0.3289473684210528,141.072180649544,1149,0.8333333333333333,12,True,spread > 10%,spread > 10%,207.66000366210938,2026-08-21,210.0,12.7,15.200000000000001,17.700000000000003,
DLR,Digital Realty,Real Estate,2026-07-23,AMC,2026-07-23,0.04822695035460993,0.05617021276595744,0.03109862720974549,0.02388929061594462,0.038307963803546355,0.5507742521668891,3.044893057335395,0.0,screened out,,,,,,0.32941176470588224,92.75002980930017,13,0.8333333333333333,12,True,spread > 10%,spread > 10%,176.25,2026-07-24,177.5,7.1,8.5,9.899999999999999,
DOC,Healthpeak Properties,Real Estate,2026-08-04,AMC,2026-08-04,0.07178106479508625,0.08524001444416492,0.030554265640580693,0.02340260191356404,0.03770592936759735,1.3492976607413572,7.3879684243005075,0.0,screened out,,,,,,0.3749999999999999,65.2922367251389,1042,0.35,0,True,spread > 10%,spread > 10%; thin history (n=0); low-conf moves,22.290000915527344,2026-08-21,22.5,1.3,1.6,1.9,
DOW,Dow Inc.,Materials,2026-07-23,BMO,2026-07-22,0.060421466884829994,0.06881791051187722,0.04545213930452143,0.033040491399224214,0.05786378720981865,0.32934264061844637,1.5457004882273162,0.0,screened out,,,,,,0.2779291553133514,112.1819745342782,1812,0.8333333333333333,12,True,spread > 10%,spread > 10%,30.3700008392334,2026-07-24,30.5,1.58,1.835,2.09,
DOV,Dover Corporation,Industrials,2026-07-23,BMO,2026-07-22,0.07871010645267046,0.09206697300221452,0.04697433589066427,0.04068276283879843,0.05326590894253011,0.6755980677592376,6.464609600329636,0.0,screened out,,,,,,0.33939393939393925,84.17546707080626,1723,0.8333333333333333,12,True,spread > 10%,spread > 10%,209.6300048828125,2026-08-21,210.0,13.7,16.5,19.299999999999997,
DTE,DTE Energy,Utilities,2026-07-28,BMO,2026-07-27,0.05070229636677718,0.06714628437762384,0.013043551901596957,0.010117412545847158,0.015969691257346756,2.887154108733953,16.493898970238163,0.0,screened out,,,,,,0.6486486486486487,87.33157859817119,300,0.8333333333333333,12,True,spread > 10%,spread > 10%,145.9499969482422,2026-08-21,145.0,5.0,7.4,9.8,
DUK,Duke Energy,Utilities,2026-08-04,BMO,2026-08-03,0.05005959536261328,0.05403257912155084,0.027789543970272702,0.02394961106656027,0.03162947687398514,0.8013823982201187,7.4327595247380644,0.0,screened out,,,,,,0.15873015873015872,35.680059187506004,672,0.35,0,True,spread > 10%,spread > 10%; thin history (n=0); low-conf moves,125.8499984741211,2026-08-21,125.0,5.800000000000001,6.300000000000001,6.800000000000001,
DVN,Devon Energy,Energy,2026-08-04,AMC,2026-08-04,0.08063042709972167,0.08519872325268041,0.027324272225341468,0.020327141232247357,0.034321403218435576,1.9508719000736,9.763597130657121,0.0,screened out,,,,,,0.11331444759206809,17.139844971839583,1092,0.35,0,True,spread > 10%,spread > 10%; thin history (n=0); low-conf moves,43.779998779296875,2026-08-07,44.0,3.33,3.5300000000000002,3.7300000000000004,
DXCM,Dexcom,Health Care,2026-07-30,AMC,2026-07-30,0.10833663278512706,0.11758488192532085,0.08942833401309598,0.06629373933602756,0.1125629286901644,0.21143521212485217,1.0474735366881207,0.0,screened out,,,,,,0.17073170731707324,97.8221177028752,19,0.8333333333333333,12,True,spread > 10%,spread > 10%,75.69000244140625,2026-07-31,76.0,7.5,8.2,8.9,
ECL,Ecolab,Materials,2026-07-28,BMO,2026-07-27,0.07165457076994153,0.07854085419458527,0.038539896199447504,0.03197524761149355,0.04510454478740146,0.8592310264439359,6.464895471696925,0.0,screened out,,,,,,0.19220779220779236,41.59052452702997,1406,0.8333333333333333,12,True,spread > 10%,spread > 10%,268.6499938964844,2026-08-21,270.0,17.4,19.25,21.1,
EFX,Equifax,Industrials,2026-07-21,BMO,2026-07-20,0.12355619598934833,0.14660150894915935,0.05526934252585068,0.04503230523504924,0.06550637981665212,1.235528601259521,8.548999960902464,0.0,screened out,,,,,,0.37303370786516843,67.49560652148007,155,0.8333333333333333,12,True,spread > 10%,spread > 10%,180.0800018310547,2026-08-21,175.0,18.1,22.25,26.4,
EG,Everest Group,Financials,2026-07-29,AMC,2026-07-29,0.06411778840114589,0.07176970553543902,0.04345501827406542,0.0346469332556888,0.05226310329244204,0.4754979044482949,3.0064884863869086,0.0,screened out,,,,,,0.23868312757201662,74.0647753155284,25,0.8333333333333333,12,True,spread > 10%,spread > 10%,378.989990234375,2026-08-21,380.0,21.4,24.3,27.200000000000003,
EIX,Edison International,Utilities,2026-07-30,AMC,2026-07-30,0.072168284789644,0.07896440129449837,0.02343786102412059,0.017174634494442086,0.02970108755379909,2.0791327210010127,9.971363929112202,0.0,screened out,,,,,,0.18834080717488788,27.89270430955125,607,0.8333333333333333,12,True,spread > 10%,spread > 10%,77.25,2026-08-21,77.5,5.05,5.574999999999999,6.1,
EQIX,Equinix,Real Estate,2026-07-29,AMC,2026-07-29,0.10399976433329633,0.10842319476335147,0.03616552416618043,0.027785252734554813,0.04454579559780604,1.8756603624882595,10.373931549531175,0.0,screened out,,,,,,0.08506616257088846,13.041880970900856,147,0.8124999999999999,12,True,OI < 500,OI < 500; wide market,1017.3099975585938,2026-08-21,1020.0,101.30000000000001,105.80000000000001,110.30000000000001,
EME,Emcor,Industrials,2026-07-30,BMO,2026-07-29,0.13473918531855292,0.14569304427462482,0.05990797230810175,0.04923621027098295,0.07057973434522055,1.2491027508926598,8.986677388478071,0.0,screened out,,,,,,0.16259351620947643,29.276176385225877,6,0.8333333333333333,12,True,spread > 10%,spread > 10%,744.030029296875,2026-08-21,740.0,92.1,100.25,108.4,
EOG,EOG Resources,Energy,2026-08-04,AMC,2026-08-04,0.07406620080259783,0.08150825925644738,0.027324272225341468,0.020327141232247357,0.034321403218435576,1.7106376408410358,8.561288294264475,0.0,screened out,,,,,,0.20095693779904303,31.84318097422574,16,0.35,0,True,spread > 10%,spread > 10%; thin history (n=0); low-conf moves,141.08999633789062,2026-08-07,142.0,9.4,10.45,11.5,
EQR,Equity Residential,Real Estate,2026-07-22,AMC,2026-07-22,0.054869183612682275,0.09156976338010553,0.024805318094137198,0.020386604474592028,0.029224031713682368,1.2119927430259703,8.719698393247162,0.0,screened out,,,,,,1.337748344370861,244.15077126249298,403,0.8333333333333333,12,True,spread > 10%,spread > 10%,68.80000305175781,2026-08-21,70.0,1.25,3.7750000000000004,6.300000000000001,
EMR,Emerson Electric,Industrials,2026-08-04,AMC,2026-08-04,0.0702884746763652,0.08127104884454726,0.0443759129237434,0.034998055490981235,0.05375377035650556,0.5839330403669791,3.5412714876790936,0.0,screened out,,,,,,0.3125,84.76640999858577,12,0.35,0,True,spread > 10%,spread > 10%; thin history (n=0); low-conf moves,136.5800018310547,2026-08-07,137.0,8.1,9.6,11.1,
EQT,EQT Corporation,Energy,2026-07-21,AMC,2026-07-21,0.04209989871803616,0.04607543394806863,0.028593680358049604,0.02446556439929709,0.03272179631680212,0.4723497706787622,4.1930918663897225,0.0,screened out,,,,,,0.18886198547215483,58.86970170436995,513,0.8333333333333333,12,True,spread > 10%,spread > 10%,49.04999923706055,2026-07-24,49.0,1.87,2.065,2.26,
ES,Eversource Energy,Utilities,2026-07-30,AMC,2026-07-30,0.053679943770179775,0.06009452824586164,0.020527333484148612,0.01713227596372927,0.023922391004567955,1.6150470937509687,12.51477628494776,0.0,screened out,,,,,,0.23899371069182393,38.697311737076966,2079,0.8333333333333333,12,True,spread > 10%,spread > 10%,74.05000305175781,2026-08-21,75.0,3.5,3.975,4.45,
ETN,Eaton Corporation,Industrials,2026-07-31,BMO,2026-07-30,0.08382950024415735,0.08993298540309301,0.0443759129237434,0.034998055490981235,0.05375377035650556,0.8890766346195945,5.39181981304118,0.0,screened out,,,,,,0.1456166419019314,30.94007705493295,48,0.35,0,True,spread > 10%,spread > 10%; thin history (n=0); low-conf moves,401.4100036621094,2026-07-31,400.0,31.200000000000003,33.65,36.099999999999994,
ESS,Essex Property Trust,Real Estate,2026-07-29,AMC,2026-07-29,0.07283123227021897,0.08338155096356845,0.022948320472964988,0.01759781318407514,0.028298827761854835,2.173706431197009,11.948388499929555,0.0,screened out,,,,,,0.2897196261682243,42.30033217078664,7,0.8333333333333333,12,True,spread > 10%,spread > 10%,293.8299865722656,2026-08-21,280.0,18.3,21.4,24.5,
ERIE,Erie Indemnity,Financials,2026-07-30,AMC,2026-07-30,0.11688369691152092,0.12888316389483295,0.05168435200975134,0.04278718625677554,0.06058151776272714,1.2614910000123123,9.39169649594986,0.0,screened out,,,,,,0.20532319391634976,36.80855076501345,410,0.8333333333333333,12,True,spread > 10%,spread > 10%; squeeze risk (12% of float short — no short premium),225.00999450683594,2026-08-21,230.0,23.6,26.3,29.0,
EW,Edwards Lifesciences,Health Care,2026-07-23,AMC,2026-07-23,0.0888235294117647,0.09647058823529411,0.0625956926239313,0.04410527045298227,0.08108611479488034,0.41900385934552453,1.8178922750665376,0.0,screened out,,,,,,0.172185430463576,58.31253934809242,597,0.8333333333333333,12,True,spread > 10%,spread > 10%,85.0,2026-08-21,85.0,6.9,7.55,8.2,
EXC,Exelon,Utilities,2026-07-30,BMO,2026-07-29,0.059290688735470984,0.07288947055553313,0.020805276599131645,0.015847810917076884,0.025762742281186406,1.8497909389940825,9.949217474661214,0.0,screened out,,,,,,0.45871559633027514,70.66979962114881,115,0.8333333333333333,12,True,spread > 10%,spread > 10%,45.959999084472656,2026-08-21,46.0,2.1,2.7249999999999996,3.3499999999999996,
ETR,Entergy,Utilities,2026-07-29,BMO,2026-07-28,0.06456080567930719,0.07774103936470209,0.027861902459166074,0.018652208145383826,0.03707159677294832,1.3171714772143217,5.1069354491546815,0.0,screened out,,,,,,0.4083044982698961,71.8290331802685,116,0.8333333333333333,12,True,spread > 10%,spread > 10%,111.91000366210938,2026-08-21,110.0,5.75,7.225,8.7,
EXPD,Expeditors International,Industrials,2026-08-04,BMO,2026-08-03,0.08569656885854585,0.10148277891143588,0.060270501428809686,0.0483498994587979,0.07219110339882147,0.42186586849238217,2.7335908119342776,0.0,screened out,,,,,,0.3684210526315789,124.17343025235449,213,0.35,0,True,spread > 10%,spread > 10%; thin history (n=0); low-conf moves,177.3699951171875,2026-08-21,175.0,12.4,15.2,18.0,
EXE,Expand Energy,Energy,2026-07-28,AMC,2026-07-28,0.08481886439156563,0.08970673115311348,0.03332068030865837,0.028174950743218935,0.0384664098740978,1.5455321921961322,12.826183708513199,0.0,screened out,,,,,,0.11525423728813566,18.982676180110914,1721,0.8333333333333333,12,True,spread > 10%,spread > 10%,86.94999694824219,2026-08-21,85.0,6.949999999999999,7.375,7.8,
EXR,Extra Space Storage,Real Estate,2026-07-28,AMC,2026-07-28,0.06959532920257493,0.0794405221141587,0.0386339232822323,0.029903507939004058,0.04736433862546054,0.8014046539917872,4.545045827434666,0.0,screened out,,,,,,0.28292682926829255,63.596549439088385,13,0.8333333333333333,12,True,spread > 10%,spread > 10%,147.27999877929688,2026-08-21,145.0,8.8,10.25,11.7,
FANG,Diamondback Energy,Energy,2026-08-03,AMC,2026-08-03,0.09545500836273463,0.10338826643041499,0.021073956556809954,0.017873594294744333,0.024274318818875575,3.529524776489528,29.786239240599592,0.0,screened out,,,,,,0.16621983914209104,21.33139522785948,292,0.8333333333333333,12,True,spread > 10%,spread > 10%,195.3800048828125,2026-08-21,195.0,17.1,18.65,20.2,
FICO,Fair Isaac,Information Technology,2026-07-29,AMC,2026-07-29,0.14242422339941052,0.1513652996461513,0.041407179272338696,0.03482870323211255,0.047985655312564844,2.43960216325468,19.67985335229779,0.0,screened out,,,,,,0.12555555555555567,17.702114180837803,138,0.8333333333333333,12,True,spread > 10%,spread > 10%; squeeze risk (11% of float short — no short premium),1263.8299560546875,2026-08-21,1260.0,168.7,180.0,191.3,
FFIV,"F5, Inc.",Information Technology,2026-07-27,AMC,2026-07-27,0.13072926355749218,0.13643425463196027,0.06671312171769628,0.0562005441047174,0.07722569933067515,0.959573472077758,7.804278874535173,0.0,screened out,,,,,,0.08727948003714026,17.823601705785904,31,0.8333333333333333,12,True,OI < 500,OI < 500; wide market,411.9200134277344,2026-08-21,410.0,51.5,53.85,56.2,
FE,FirstEnergy,Utilities,2026-07-28,AMC,2026-07-28,0.05459414812561938,0.08343633958821074,0.020720714554468143,0.014323955407289417,0.02711747370164687,1.6347618457900566,6.786591689001494,0.0,screened out,,,,,,1.0566037735849056,170.293875889542,32,0.8333333333333333,12,True,spread > 10%,spread > 10%,48.540000915527344,2026-08-21,49.0,1.25,2.65,4.05,
FIS,Fidelity National Information Services,Financials,2026-08-04,BMO,2026-08-03,0.09403832403483962,0.1029098640381264,0.04205860237746084,0.03052875896378799,0.05358844579113369,1.2358879924463362,5.777807112028734,0.0,screened out,,,,,,0.18867924528301877,34.13461911844383,52,0.35,0,True,spread > 10%,spread > 10%; thin history (n=0); low-conf moves,42.27000045776367,2026-08-07,42.0,3.6,3.9749999999999996,4.35,
FIX,Comfort Systems USA,Industrials,2026-07-23,AMC,2026-07-23,0.18645819363919425,0.19571539761470322,0.07661943338512488,0.06096799839608469,0.09227086837416507,1.4335626798748136,8.994022288703118,0.0,screened out,,,,,,0.0992952231793267,16.85598772982507,24,0.8333333333333333,12,True,OI < 500,OI < 500; wide market,1712.1800537109375,2026-08-21,1720.0,303.4,319.25,335.1,
FRT,Federal Realty Investment Trust,Real Estate,2026-07-31,BMO,2026-07-30,0.04956604969755789,0.057329406879103095,0.02411051392853404,0.019231450126768287,0.028989577730299795,1.0557856976618825,6.686490680809352,0.0,screened out,,,,,,0.31325301204819267,60.995433386181,693,0.8333333333333333,12,True,spread > 10%,spread > 10%,125.58999633789062,2026-08-21,125.0,5.25,6.225,7.199999999999999,
FSLR,First Solar,Information Technology,2026-07-30,AMC,2026-07-30,0.12298475622354368,0.13418732807756942,0.06347905296090103,0.051815599461065946,0.07514250646073611,0.9374069159364159,6.538587332000865,0.0,screened out,,,,,,0.1821782178217821,37.65209463899796,502,0.8333333333333333,12,True,spread > 10%,spread > 10%; squeeze risk (8% of float short — no short premium),205.30999755859375,2026-07-31,205.0,22.95,25.25,27.549999999999997,
FLEX,Flex Ltd.,Information Technology,2026-07-29,BMO,2026-07-28,0.22516886978072698,0.23851221021217747,0.09183184282216121,0.0688885930119544,0.11477509263236803,1.4519694134504328,7.448148591141434,0.0,screened out,,,,,,0.11851851851851862,20.014456202922418,282,0.8333333333333333,12,True,spread > 10%,spread > 10%,119.91000366210938,2026-08-21,120.0,25.4,27.0,28.6,
FTNT,Fortinet,Information Technology,2026-07-29,AMC,2026-07-29,0.14451858263777034,0.15246944317123995,0.10755448529527939,0.08779568994877279,0.127313280641786,0.3436778786213328,2.397574666034086,0.0,screened out,,,,,,0.11003236245954696,43.01936800891334,80,0.8333333333333333,12,True,spread > 10%,spread > 10%,160.36000061035156,2026-07-31,160.0,21.9,23.174999999999997,24.45,
FTV,Fortive,Industrials,2026-07-29,BMO,2026-07-28,0.0905886185923924,0.11969174945239176,0.05136471302412316,0.043316347097884,0.059413078950362325,0.763635251886795,6.245908528140655,0.0,screened out,,,,,,0.6425339366515838,148.39486501080495,50,0.8333333333333333,12,True,spread > 10%,spread > 10%,60.9900016784668,2026-08-21,60.0,3.75,5.525,7.300000000000001,
GEV,GE Vernova,Industrials,2026-07-22,BMO,2026-07-21,0.0838599635795722,0.08923441428411938,0.055872099310305914,0.042630330646300355,0.06911386797431147,0.500927379045229,2.708795762683369,0.0,screened out,,,,,,0.12817679558011044,38.40557930995039,115,0.8,9,True,spread > 10%,spread > 10%,1079.1800537109375,2026-07-24,1080.0,84.7,90.5,96.3,
GEHC,GE HealthCare,Health Care,2026-07-29,BMO,2026-07-28,0.07560082542687815,0.08037561440120729,0.06592917892643252,0.0545781309208217,0.07728022693204334,0.1466975117532982,1.091985704654248,0.0,screened out,,,,,,0.12631578947368413,98.73787206985156,45,0.8333333333333333,12,True,spread > 10%,spread > 10%,62.83000183105469,2026-07-31,63.0,4.45,4.75,5.05,
GD,General Dynamics,Industrials,2026-07-29,BMO,2026-07-28,0.047220722373954624,0.051538045562430475,0.042413852982619,0.03666916289517314,0.04815854307006486,0.11333253296524262,1.0723787912247045,0.0,screened out,,,,,,0.18285714285714302,179.63139153553146,14,0.8333333333333333,12,True,spread > 10%,spread > 10%,370.6000061035156,2026-07-31,370.0,15.899999999999999,17.5,19.1,
GDDY,GoDaddy,Information Technology,2026-07-30,AMC,2026-07-30,0.11809363593917978,0.12547448818537854,0.06768323763028128,0.05448815776565971,0.08087831749490285,0.7447988611931448,4.896216403047683,0.0,screened out,,,,,,0.12500000000000003,29.283054662537207,2,0.8333333333333333,12,True,spread > 10%,spread > 10%,94.83999633789062,2026-07-31,91.0,10.5,11.2,11.9,
GL,Globe Life,Financials,2026-07-22,AMC,2026-07-22,0.06811397557666214,0.07761194029850747,0.03315910010360376,0.02337541294125324,0.04294278726595428,1.0541563360840258,4.5788635371195685,0.0,screened out,,,,,,0.2788844621513944,54.34414852466527,66,0.8333333333333333,12,True,spread > 10%,spread > 10%,184.25,2026-08-21,185.0,10.8,12.55,14.3,
GLW,Corning Inc.,Information Technology,2026-07-28,BMO,2026-07-27,0.1660679228373732,0.17864140372083215,0.06179026986048135,0.05208926786966786,0.07149127185129484,1.6876063692931658,13.776127474434,0.0,screened out,,,,,,0.15142576204523112,24.115389106897617,139,0.8333333333333333,12,True,spread > 10%,spread > 10%,153.10000610351562,2026-07-31,152.5,23.5,25.425,27.35,
GNRC,Generac,Industrials,2026-07-29,BMO,2026-07-28,0.13575615474794844,0.14677608440797188,0.08713792094936396,0.06728868054209589,0.10698716135663203,0.5579457630947685,3.1391190371925037,0.0,screened out,,,,,,0.16234887737478407,45.33249688039589,19,0.8333333333333333,12,True,spread > 10%,spread > 10%,213.25,2026-07-31,215.0,26.6,28.950000000000003,31.3,
GRMN,Garmin,Consumer Discretionary,2026-07-29,BMO,2026-07-28,0.0970219398316615,0.10335389801014888,0.08550722054649848,0.0705720161911103,0.10044242490188666,0.1346637068959734,0.9880858597385677,0.0,screened out,,,,,,0.13052631578947374,109.98024392390103,281,0.8333333333333333,12,True,spread > 10%,spread > 10%,244.7899932861328,2026-08-21,240.0,22.2,23.75,25.3,
GPC,Genuine Parts Company,Consumer Discretionary,2026-07-21,BMO,2026-07-20,0.10089869155262103,0.11356209008756536,0.06979349655621045,0.053368088442963244,0.08621890466945765,0.44567469078381833,2.426997103058211,0.0,screened out,,,,,,0.25101214574898767,81.42304548423913,319,0.8124999999999999,12,True,spread > 10%,spread > 10%,122.4000015258789,2026-08-21,120.0,10.8,12.35,13.899999999999999,
GM,General Motors,Consumer Discretionary,2026-07-21,BMO,2026-07-20,0.06695250390075426,0.06833772811939055,0.06224527391506132,0.05203020519495299,0.07246034263516965,0.07562389382551887,0.5905771282564696,0.0,screened out,,,,,,0.041379310344827586,58.855174820287864,333,0.8333333333333333,12,True,OI < 500,OI < 500,75.80000305175781,2026-07-24,76.0,4.97,5.074999999999999,5.18,
HAL,Halliburton,Energy,2026-07-21,BMO,2026-07-20,0.052121901685768045,0.056679007844086554,0.0404453723903245,0.03379311568276025,0.047097629097888755,0.2886987708447171,2.249558398434056,0.0,screened out,,,,,,0.1748633879781421,78.05583393854558,490,0.8333333333333333,12,True,spread > 10%,spread > 10%,35.11000061035156,2026-07-24,35.0,1.67,1.83,1.99,
HAS,Hasbro,Consumer Discretionary,2026-07-21,BMO,2026-07-20,0.10234097775197762,0.13359480928102466,0.06532215405207151,0.05174096579806852,0.07890334230607449,0.5667116193136648,3.4933117461070466,0.0,screened out,,,,,,0.6107784431137723,168.8537257823582,237,0.8333333333333333,12,True,spread > 10%,spread > 10%,81.58999633789062,2026-08-21,82.5,5.800000000000001,8.35,10.899999999999999,
GWW,W. W. Grainger,Industrials,2026-08-04,BMO,2026-08-03,0.0730736148399444,0.07803270247379292,0.0443759129237434,0.034998055490981235,0.05375377035650556,0.6466954711560707,3.921895277199826,0.0,screened out,,,,,,0.1357285429141716,34.560869356921685,3,0.35,0,True,spread > 10%,spread > 10%; thin history (n=0); low-conf moves,1371.219970703125,2026-08-21,1370.0,93.4,100.2,107.0,
HCA,HCA Healthcare,Health Care,2026-07-24,BMO,2026-07-23,0.09934668394254931,0.10447599642871355,0.04909184781482623,0.043464427649689594,0.05471926797996286,1.0236900496653463,11.445137574817306,0.0,screened out,,,,,,0.10326086956521752,20.41320947949386,166,0.8333333333333333,12,True,spread > 10%,spread > 10%,370.4200134277344,2026-08-21,370.0,34.9,36.8,38.7,
HBAN,Huntington Bancshares,Financials,2026-07-23,BMO,2026-07-22,0.06782945937014616,0.0747508327752631,0.029365734488947158,0.023479423420141178,0.03525204555775314,1.3098165447105092,8.374533596938159,0.0,screened out,,,,,,0.2040816326530612,35.989095837673844,2426,0.8333333333333333,12,True,spread > 10%,spread > 10%,18.059999465942383,2026-08-21,18.0,1.1,1.225,1.35,
HIG,Hartford (The),Financials,2026-07-23,AMC,2026-07-23,0.060498220640569395,0.06832740213523132,0.03536142434402771,0.029067440443076353,0.04165540824497907,0.7108536141527655,5.118430336114835,0.0,screened out,,,,,,0.25882352941176495,62.29259609936104,474,0.8333333333333333,12,True,spread > 10%,spread > 10%,140.5,2026-08-21,140.0,7.3999999999999995,8.5,9.600000000000001,
HII,Huntington Ingalls Industries,Industrials,2026-07-30,BMO,2026-07-29,0.1116501223743091,0.1210931675502457,0.08288782043824475,0.06588536347480392,0.09989027740168557,0.3470027536493567,2.168025847118526,0.0,screened out,,,,,,0.16915422885572143,65.6626524325314,125,0.8333333333333333,12,True,spread > 10%,spread > 10%,270.0400085449219,2026-08-21,270.0,27.6,30.150000000000002,32.7,
HON,Honeywell Technologies,Industrials,2026-07-23,BMO,2026-07-22,0.04730745577190801,0.05128658756580682,0.04516638122559749,0.039308798493861284,0.0510239639573337,0.04740416407540504,0.46845281820513496,0.0,screened out,,,,,,0.16822429906542047,371.6948390008756,337,0.8333333333333333,12,True,spread > 10%,spread > 10%,226.17999267578125,2026-07-24,225.0,9.8,10.7,11.6,
HLT,Hilton Worldwide,Consumer Discretionary,2026-07-28,BMO,2026-07-27,0.05271619944378993,0.055653465688458574,0.032901026195534,0.028176093330803193,0.03762595906026481,0.6022661156674088,5.374706215304423,0.0,screened out,,,,,,0.11143695014662748,29.646637027785506,27,0.8333333333333333,12,True,spread > 10%,spread > 10%,323.42999267578125,2026-07-31,325.0,16.1,17.05,18.0,
HOOD,Robinhood Markets,Financials,2026-07-29,AMC,2026-07-29,0.12741740688495998,0.1354754247116768,0.0756797862372631,0.06337401443186613,0.08798555804266006,0.6836385674438176,5.388279229508219,0.0,screened out,,,,,,0.12648221343873517,31.149549306054293,522,0.8333333333333333,12,True,spread > 10%,spread > 10%,99.27999877929688,2026-07-31,99.0,11.85,12.649999999999999,13.45,
HSIC,Henry Schein,Health Care,2026-08-04,BMO,2026-08-03,0.09048724218265834,0.13689095612248312,0.05818313619777044,0.04882762644141267,0.06753864595412822,0.5552142441253585,4.425300524335115,0.0,screened out,,,,,,1.0256410256410255,287.2929773170803,24,0.35,0,True,spread > 10%,spread > 10%; thin history (n=0); low-conf moves,86.19999694824219,2026-08-21,85.0,3.8,7.800000000000001,11.8,
HUBB,Hubbell Incorporated,Industrials,2026-07-28,BMO,2026-07-27,0.11701513199396545,0.12990226106819072,0.04488229217425359,0.038915177009852066,0.05084940733865511,1.607155880979946,15.492485894096973,0.0,screened out,,,,,,0.22026431718061673,35.73165594598865,711,0.8333333333333333,12,True,spread > 10%,spread > 10%,484.9800109863281,2026-08-21,490.0,50.5,56.75,63.0,
HSY,Hershey Company (The),Consumer Staples,2026-07-30,BMO,2026-07-29,0.057076296879342084,0.061735586420512856,0.030705692680238206,0.02512929820551937,0.036282087154957045,0.8588180854189186,6.060648416246693,0.0,screened out,,,,,,0.16326530612244894,35.33699498117007,6,0.8333333333333333,12,True,spread > 10%,spread > 10%,171.6999969482422,2026-07-31,172.5,9.0,9.8,10.6,
HUM,Humana,Health Care,2026-07-29,BMO,2026-07-28,0.10710697813295271,0.11828226658996652,0.06073863602818218,0.05145804409025247,0.07001922796611189,0.7634076946221848,6.403219497088505,0.0,screened out,,,,,,0.20867526377491188,48.20223432514772,7,0.8333333333333333,12,True,spread > 10%,spread > 10%,398.20001220703125,2026-07-31,397.5,38.2,42.65,47.099999999999994,
IBKR,Interactive Brokers,Financials,2026-07-21,AMC,2026-07-21,0.06271814987848974,0.06817190204183668,0.04533095987045535,0.037329741371118046,0.053332178369792656,0.3835610377040916,2.785003648649575,0.0,screened out,,,,,,0.17391304347826086,62.732990906832306,146,0.8333333333333333,12,True,spread > 10%,spread > 10%,91.68000030517578,2026-07-24,92.0,5.25,5.75,6.25,
IDXX,Idexx Laboratories,Health Care,2026-08-04,BMO,2026-08-03,0.11998723026008333,0.12947624255707438,0.06420374912538028,0.05397719463914525,0.07443030361161532,0.8688508365105951,6.990830540086984,0.0,screened out,,,,,,0.15816703621581674,34.02086819959298,10,0.35,0,True,spread > 10%,spread > 10%; thin history (n=0); low-conf moves,563.8099975585938,2026-08-21,560.0,62.3,67.65,73.0,
IEX,IDEX Corporation,Industrials,2026-07-29,BMO,2026-07-28,0.08994756601836586,0.10983547006262764,0.056460971440422676,0.04787831351841324,0.0650436293624321,0.5930927811484444,5.000364689012806,0.0,screened out,,,,,,0.4422110552763818,118.78128722806277,364,0.8333333333333333,12,True,spread > 10%,spread > 10%,221.24000549316406,2026-08-21,230.0,15.5,19.9,24.299999999999997,
ICE,Intercontinental Exchange,Financials,2026-07-30,BMO,2026-07-29,0.056509144494699896,0.06216005894416989,0.027007148920399095,0.02099419223267607,0.03302010560812212,1.0923772687466944,6.288047543269704,0.0,screened out,,,,,,0.20000000000000007,38.308692950876214,4,0.8333333333333333,12,True,spread > 10%,spread > 10%,141.57000732421875,2026-07-31,142.0,7.2,8.0,8.8,
IFF,International Flavors & Fragrances,Materials,2026-08-04,AMC,2026-08-04,0.08994435488465415,0.10482723375046023,0.037343538487443095,0.029014915320186605,0.04567216165469959,1.408565404558496,8.094159735752827,0.0,screened out,,,,,,0.33093525179856115,56.58801473125115,577,0.35,0,True,spread > 10%,spread > 10%; thin history (n=0); low-conf moves,77.2699966430664,2026-08-21,77.5,5.8,6.949999999999999,8.1,
INCY,Incyte,Health Care,2026-07-28,BMO,2026-07-27,0.08733246750316671,0.11673151596957927,0.052672378579913776,0.042404199683356646,0.0629405574764709,0.6580315880488888,4.326022210124808,0.0,screened out,,,,,,0.6732673267326733,169.6420833282351,214,0.8333333333333333,12,True,spread > 10%,spread > 10%,115.6500015258789,2026-08-21,115.0,6.699999999999999,10.1,13.5,
INVH,Invitation Homes,Real Estate,2026-07-29,AMC,2026-07-29,0.06399601080061529,0.0764627661513845,0.033181472648139185,0.027367179541110547,0.03899576575516782,0.928666984712753,6.792212117492562,0.0,screened out,,,,,,0.3896103896103895,80.91476360334444,1180,0.8333333333333333,12,True,spread > 10%,spread > 10%,30.079999923706055,2026-08-21,30.0,1.55,1.9249999999999998,2.3,
IQV,IQVIA,Health Care,2026-07-28,BMO,2026-07-27,0.11500735998994223,0.12162825278254018,0.0709674938486658,0.0585937687048472,0.0833412189924844,0.6205639195205199,4.561398591826304,0.0,screened out,,,,,,0.11513859275053301,30.067724417502305,785,0.8333333333333333,12,True,spread > 10%,spread > 10%,203.89999389648438,2026-08-21,200.0,22.1,23.450000000000003,24.8,
IP,International Paper,Materials,2026-07-30,BMO,2026-07-29,0.09172413793103447,0.0993103448275862,0.05942445226294174,0.048220836509117695,0.07062806801676579,0.5435420006089892,3.6948140726888554,0.0,screened out,,,,,,0.16541353383458643,46.973874448851134,94,0.8333333333333333,12,True,spread > 10%,spread > 10%; squeeze risk (19% of float short — no short premium),36.25,2026-07-31,36.0,3.05,3.3249999999999997,3.5999999999999996,
IR,Ingersoll Rand,Industrials,2026-07-30,AMC,2026-07-30,0.10071090009061451,0.1172362180621395,0.053716538602649515,0.04494197332141813,0.0624911038838809,0.8748583343314501,6.8639267875529235,0.0,screened out,,,,,,0.32817337461300317,70.32893925266772,17,0.8333333333333333,12,True,spread > 10%,spread > 10%,80.18000030517578,2026-08-21,80.0,6.75,8.075,9.4,
IVZ,Invesco,Financials,2026-07-28,BMO,2026-07-27,0.09608900926035127,0.11126095809093306,0.04448273816116137,0.03618493771817288,0.05278053860414986,1.1601415117976754,7.9706179360589315,0.0,screened out,,,,,,0.3157894736842105,58.79885722190823,531,0.8333333333333333,12,True,spread > 10%,spread > 10%,29.65999984741211,2026-08-21,30.0,2.4,2.8499999999999996,3.3,
IT,Gartner,Information Technology,2026-08-04,BMO,2026-08-03,0.15099957726252172,0.158088759293626,0.06709447342068707,0.05131518031113856,0.08287376653023558,1.2505516410531126,6.814803447603372,0.0,screened out,,,,,,0.09389671361502347,16.898094886975578,130,0.35,0,True,OI < 500,OI < 500; thin history (n=0); low-conf moves; wide market; squeeze risk (25% of float short — no short premium),141.05999755859375,2026-08-21,140.0,20.3,21.3,22.3,
J,Jacobs Solutions,Industrials,2026-08-04,AMC,2026-08-04,0.08340412033243867,0.10502741078899686,0.060270501428809686,0.0483498994587979,0.07219110339882147,0.38382987290978415,2.487126578127128,0.0,screened out,,,,,,0.5185185185185186,186.9425665447106,108,0.35,0,True,spread > 10%,spread > 10%; thin history (n=0); low-conf moves,129.49000549316406,2026-08-21,130.0,8.0,10.8,13.600000000000001,
ITW,Illinois Tool Works,Industrials,2026-07-28,BMO,2026-07-27,0.06735617739171927,0.08171077257356107,0.03255427254992851,0.027143507499104415,0.0379650376007526,1.0690426207010173,8.243218995148546,0.0,screened out,,,,,,0.42622950819672123,82.49315804463984,196,0.8333333333333333,12,True,spread > 10%,spread > 10%,271.69000244140625,2026-08-21,270.0,14.4,18.3,22.2,
KIM,Kimco Realty,Real Estate,2026-08-04,BMO,2026-08-03,0.062427966082755186,0.08835958276328426,0.030554265640580693,0.02340260191356404,0.03770592936759735,1.0431833255989433,5.711864545920324,0.0,screened out,,,,,,0.8307692307692307,162.7148170484592,138,0.35,0,True,spread > 10%,spread > 10%; thin history (n=0); low-conf moves,26.030000686645508,2026-08-21,25.0,0.95,1.625,2.3,
KKR,KKR & Co.,Financials,2026-07-30,BMO,2026-07-29,0.07528101379915676,0.0794060008566448,0.03410211697760327,0.02711177725654348,0.04109245669866306,1.2075173177254048,7.549686606433183,0.0,screened out,,,,,,0.10958904109589027,20.03447093477731,30,0.8333333333333333,12,True,spread > 10%,spread > 10%,96.97000122070312,2026-07-31,97.0,6.9,7.3,7.699999999999999,
KO,Coca-Cola Company (The),Consumer Staples,2026-07-28,BMO,2026-07-27,0.039637115089301164,0.042620553859463624,0.024533730086291047,0.019741271280505103,0.02932618889207699,0.6156171503431345,4.0389493168910775,0.0,screened out,,,,,,0.1505376344086022,39.50688894665471,796,0.8333333333333333,12,True,spread > 10%,spread > 10%,82.12000274658203,2026-07-31,82.0,3.01,3.255,3.5,
KLAC,KLA Corporation,Information Technology,2026-07-28,AMC,2026-07-28,0.2271194538235687,0.24807321043295416,0.04920973572025898,0.036938437771982316,0.06148103366853565,3.61533577653551,18.580682799998552,0.0,screened out,,,,,,0.1845174973488866,23.555494138007564,693,0.8333333333333333,12,True,spread > 10%,spread > 10%,207.60000610351562,2026-08-21,208.0,42.8,47.15,51.5,
KMB,Kimberly-Clark,Consumer Staples,2026-08-04,BMO,2026-08-03,0.0603797916418607,0.06637167936204534,0.0328674334666727,0.028402900897103546,0.03733196603624186,0.8370704759495533,7.89776705352239,0.0,screened out,,,,,,0.19847328244274792,43.55779088096073,55,0.35,0,True,spread > 10%,spread > 10%; thin history (n=0); low-conf moves; squeeze risk (13% of float short — no short premium),108.4800033569336,2026-08-07,108.0,5.9,6.55,7.199999999999999,
KMI,Kinder Morgan,Energy,2026-07-22,AMC,2026-07-22,0.030847143754364426,0.034990789930323826,0.021822696102421997,0.017629729641616403,0.02601566256322759,0.413534955057219,2.7583650427070894,0.0,screened out,,,,,,0.26865671641791056,91.83157431396968,1568,0.8333333333333333,12,True,spread > 10%,spread > 10%,32.58000183105469,2026-07-24,32.5,0.87,1.0050000000000001,1.1400000000000001,
L,Loews Corporation,Financials,2026-08-03,BMO,2026-07-31,0.05912383468468409,0.07505018129716358,0.027017588652292354,0.021380855819734465,0.03265432148485024,1.1883460972623707,7.299860777052478,0.0,screened out,,,,,,0.5387453874538747,99.2102695308042,6,0.8333333333333333,12,True,spread > 10%,spread > 10%,114.58999633789062,2026-08-21,115.0,4.95,6.775,8.600000000000001,
LDOS,Leidos,Industrials,2026-08-04,BMO,2026-08-03,0.10792375595489519,0.1149317920558624,0.060270501428809686,0.0483498994587979,0.07219110339882147,0.7906563475728268,5.123265683584501,0.0,screened out,,,,,,0.12987012987012986,29.412623211835424,192,0.35,0,True,spread > 10%,spread > 10%; thin history (n=0); low-conf moves,107.0199966430664,2026-08-21,105.0,10.8,11.55,12.3,
LHX,L3Harris,Industrials,2026-07-29,AMC,2026-07-29,0.05114952993899095,0.05524862118845712,0.02819920164252431,0.022209162857788685,0.03418924042725994,0.8138644699024957,4.910342286882171,0.0,screened out,,,,,,0.16027874564459935,35.721417110161845,3,0.8333333333333333,12,True,spread > 10%,spread > 10%,280.54998779296875,2026-07-31,282.5,13.2,14.35,15.5,
LII,Lennox International,Industrials,2026-07-29,BMO,2026-07-28,0.10832489626437357,0.11807038866186047,0.057946768080753545,0.05017678274552174,0.06571675341598536,0.8693863325287442,8.309489181063068,0.0,screened out,,,,,,0.17993079584775099,38.68937870008261,6,0.8333333333333333,12,True,spread > 10%,spread > 10%; squeeze risk (10% of float short — no short premium),533.5800170898438,2026-08-21,530.0,52.599999999999994,57.8,63.0,
LIN,Linde plc,Materials,2026-07-31,BMO,2026-07-30,0.05975979050774267,0.06679035409688887,0.026193550959048854,0.0216695070433526,0.030717594874745107,1.2814696106370405,9.508858315091182,0.0,screened out,,,,,,0.2352941176470589,41.890683518164806,28,0.8124999999999999,12,True,spread > 10%,spread > 10%,512.0499877929688,2026-08-21,510.0,27.0,30.6,34.2,
LH,Labcorp,Health Care,2026-07-30,BMO,2026-07-29,0.06945431020659429,0.0788688330734728,0.04601668142075635,0.03901838033668573,0.05301498250482697,0.5093289664140389,4.292136718767501,0.0,screened out,,,,,,0.2710997442455245,80.33682035758831,289,0.8333333333333333,12,True,spread > 10%,spread > 10%,281.4800109863281,2026-08-21,280.0,16.9,19.55,22.200000000000003,
LMT,Lockheed Martin,Industrials,2026-07-23,BMO,2026-07-22,0.04994701019195098,0.053381480440906355,0.046131897653725655,0.03768766419695313,0.05457613111049818,0.08270009976312379,0.5790280733022721,0.0,screened out,,,,,,0.13752455795677812,180.045553809691,216,0.8333333333333333,12,True,spread > 10%,spread > 10%,509.5400085449219,2026-07-24,510.0,23.7,25.450000000000003,27.200000000000003,
LNT,Alliant Energy,Utilities,2026-07-30,AMC,2026-07-30,0.0507030833750684,0.08112493340010944,0.014020477504582792,0.011232612054884381,0.016808342954281203,2.6163592401539373,16.86323408782161,0.0,screened out,,,,,,1.2,165.86526122190304,59,0.8333333333333333,12,True,spread > 10%,spread > 10%; squeeze risk (11% of float short — no short premium),73.95999908447266,2026-08-21,75.0,1.5,3.75,6.0,
LRCX,Lam Research,Information Technology,2026-07-29,AMC,2026-07-29,0.16364584170653307,0.17212152275109452,0.054548850495841,0.04521473352248613,0.06388296746919588,1.9999869881586232,14.979317736723118,0.0,screened out,,,,,,0.10358565737051784,15.537882301800462,174,0.8333333333333333,12,True,spread > 10%,spread > 10%,306.760009765625,2026-07-31,305.0,47.6,50.2,52.8,
LYV,Live Nation Entertainment,Communication Services,2026-07-30,AMC,2026-07-30,0.06552029171740345,0.07132588718603412,0.05770631759070007,0.04352093997499591,0.07189169520640423,0.13540933563160987,0.7059656437835291,0.0,screened out,,,,,,0.17721518987341756,148.5952058323487,186,0.35,0,True,spread > 10%,spread > 10%; thin history (n=0); low-conf moves; squeeze risk (15% of float short — no short premium),180.86000061035156,2026-07-31,180.0,10.8,11.85,12.899999999999999,
LUV,Southwest Airlines,Industrials,2026-07-22,AMC,2026-07-22,0.07250724015176403,0.07923045072218438,0.06683717671741685,0.05459227701566916,0.07908207641916452,0.08483397583234012,0.5934514348387999,0.0,screened out,,,,,,0.1854493580599144,237.14763153066593,346,0.8333333333333333,12,True,spread > 10%,spread > 10%; squeeze risk (8% of float short — no short premium),48.34000015258789,2026-07-24,48.5,3.18,3.505,3.83,
LVS,Las Vegas Sands,Consumer Discretionary,2026-07-22,AMC,2026-07-22,0.06985374163000402,0.0757476510800356,0.07572769652864196,0.06389264254386497,0.08756275051341895,-0.07756679745852665,-0.6360816442221102,0.0,screened out,,,,,,0.16875000000000004,200.67942473982134,704,0.8333333333333333,12,True,spread > 10%,spread > 10%; squeeze risk (13% of float short — no short premium),45.810001373291016,2026-07-24,46.0,2.9299999999999997,3.1999999999999997,3.4699999999999998,
MAR,Marriott International,Consumer Discretionary,2026-08-03,BMO,2026-07-31,0.06663396421127117,0.07467364496477832,0.05307350817234587,0.0433691714879857,0.06277784485670604,0.2555032916778435,1.7908571213832023,0.0,screened out,,,,,,0.24130879345603268,118.57537431527734,15,0.35,0,True,spread > 10%,spread > 10%; thin history (n=0); low-conf moves,366.92999267578125,2026-08-07,365.0,21.5,24.45,27.4,
MA,Mastercard,Financials,2026-07-30,BMO,2026-07-29,0.04986847851499851,0.055531199518533136,0.03022133884676683,0.024555003508345042,0.03588767418518862,0.6501081824286414,4.443749389145558,0.0,screened out,,,,,,0.22710622710622694,57.64422810808361,90,0.8333333333333333,12,True,spread > 10%,spread > 10%,547.4400024414062,2026-07-31,545.0,24.200000000000003,27.3,30.4,
MAA,Mid-America Apartment Communities,Real Estate,2026-07-29,AMC,2026-07-29,0.0521651308785449,0.06730984629489666,0.024208677082640816,0.01958986487676886,0.02882748928851277,1.1548112976380138,7.7571872567758495,0.0,screened out,,,,,,0.5806451612903226,108.34503923076687,99,0.8333333333333333,12,True,spread > 10%,spread > 10%,133.7100067138672,2026-08-21,135.0,4.95,6.975,9.0,
MAS,Masco,Industrials,2026-07-29,BMO,2026-07-28,0.11453091037120171,0.13550135874902738,0.05577515726513107,0.047038970414592894,0.06451134411566924,1.0534394878847424,8.619478322639285,0.0,screened out,,,,,,0.36619718309859156,71.38177036031898,494,0.8333333333333333,12,True,spread > 10%,spread > 10%,77.48999786376953,2026-08-21,75.0,7.25,8.875,10.5,
MCD,McDonald's,Consumer Discretionary,2026-08-04,BMO,2026-08-03,0.054924522475868945,0.05697952161612255,0.05307350817234587,0.0433691714879857,0.06277784485670604,0.03487642643693845,0.24445358900401537,0.0,screened out,,,,,,0.07482993197278921,222.04033068164642,333,0.35,0,True,OI < 500,OI < 500; thin history (n=0); low-conf moves,267.6400146484375,2026-08-07,270.0,14.149999999999999,14.7,15.25,
MCO,Moody's Corporation,Financials,2026-07-22,BMO,2026-07-21,0.07074025040151054,0.0795456801717685,0.03388998163041812,0.026930826197447643,0.040849137063388594,1.0873499187151308,6.786355745595603,0.0,screened out,,,,,,0.248951048951049,47.7903150446787,151,0.8333333333333333,12,True,spread > 10%,spread > 10%,505.3699951171875,2026-08-21,510.0,31.3,35.75,40.2,
MDLZ,Mondelez International,Consumer Staples,2026-07-28,AMC,2026-07-28,0.0485316073964492,0.053924008218276885,0.03058541950034311,0.025851287214704068,0.03531955178598215,0.5867563103361968,4.858299899523172,0.0,screened out,,,,,,0.22222222222222235,60.09522304174379,142,0.8333333333333333,12,True,spread > 10%,spread > 10%,60.27000045776367,2026-07-31,60.0,2.5999999999999996,2.925,3.25,
MGM,MGM Resorts,Consumer Discretionary,2026-07-29,AMC,2026-07-29,0.06312041412103127,0.08523953359934137,0.05908890856145564,0.04500123926979602,0.07317657785311527,0.06822778856005851,0.36675885969377703,0.0,screened out,,,,,,0.7008547008547008,1097.3131080408805,26,0.8333333333333333,12,True,spread > 10%,spread > 10%; squeeze risk (15% of float short — no short premium),46.34000015258789,2026-07-31,46.0,1.9,2.925,3.9499999999999997,
MLM,Martin Marietta Materials,Materials,2026-07-30,BMO,2026-07-29,0.09040497171603361,0.10061052796369775,0.030277684490439383,0.02409024306542968,0.036465125915449086,1.9858614764474571,12.454118918499617,0.0,screened out,,,,,,0.22577422577422587,33.94650488512299,39,0.8333333333333333,12,True,spread > 10%,spread > 10%,553.6199951171875,2026-08-21,550.0,44.4,50.05,55.7,
MMM,3M,Industrials,2026-07-21,BMO,2026-07-20,0.05684746380053461,0.06976305673697447,0.058023180346892585,0.044833064820067686,0.07121329587371748,-0.02026287665255388,-0.11423693164384983,0.0,screened out,,,,,,0.4543946932006633,2197.058972496153,255,0.8333333333333333,12,True,spread > 10%,spread > 10%,159.11000061035156,2026-07-24,160.0,6.99,9.045,11.1,
MOS,Mosaic Company (The),Materials,2026-08-04,AMC,2026-08-04,0.10040160710932929,0.10932619440793635,0.03838360279425665,0.031109350593013216,0.04565785499550008,1.615742134668828,10.926521672785924,0.0,screened out,,,,,,0.17777777777777792,28.780633614932547,248,0.35,0,True,spread > 10%,spread > 10%; thin history (n=0); low-conf moves; squeeze risk (12% of float short — no short premium),22.40999984741211,2026-08-07,22.0,2.05,2.25,2.45,
MRK,Merck & Co.,Health Care,2026-08-04,BMO,2026-08-03,0.06651929178858211,0.06993569046050326,0.05818313619777044,0.04882762644141267,0.06753864595412822,0.14327442856425307,1.1419599020698912,0.0,screened out,,,,,,0.10271903323262838,81.96580869212134,527,0.35,0,True,spread > 10%,spread > 10%; thin history (n=0); low-conf moves,124.4000015258789,2026-08-07,124.0,7.85,8.274999999999999,8.7,
MPWR,Monolithic Power Systems,Information Technology,2026-07-30,AMC,2026-07-30,0.21248494101803037,0.22253159928822946,0.07552662046981158,0.06266779432019186,0.0883854466194313,1.8133781135217322,13.650218268157241,0.0,screened out,,,,,,0.09456348503630262,14.67111779698257,98,0.8333333333333333,12,True,OI < 500,OI < 500; wide market,1328.800048828125,2026-08-21,1320.0,269.0,282.35,295.70000000000005,
MRNA,Moderna,Health Care,2026-07-31,BMO,2026-07-30,0.13825852694465712,0.15128592614005038,0.061364233827482434,0.04725991717820202,0.07546855047676285,1.2530799835838087,6.987061373441222,0.0,screened out,,,,,,0.1884498480243161,33.88391691316165,65,0.8333333333333333,12,True,spread > 10%,spread > 10%; squeeze risk (14% of float short — no short premium),59.4900016784668,2026-07-31,59.0,7.45,8.225,9.0,
MRSH,Marsh McLennan,Financials,2026-07-21,BMO,2026-07-20,0.07825370413167103,0.09500274255985325,0.03572770719538221,0.028146582015066424,0.04330883237569799,1.1902806050141748,7.18908029840467,0.0,screened out,,,,,,0.4280701754385966,78.77082083825165,663,0.8333333333333333,12,True,spread > 10%,spread > 10%,182.10000610351562,2026-08-21,180.0,11.2,14.25,17.3,
MSCI,MSCI Inc.,Financials,2026-07-21,BMO,2026-07-20,0.08454512204004724,0.0913439256099659,0.05671129337509055,0.04728987093887764,0.06613271581130346,0.4907986929668971,3.7862472528455426,0.0,screened out,,,,,,0.16083254493850535,48.85280894524208,26,0.8333333333333333,12,True,spread > 10%,spread > 10%,625.1099853515625,2026-08-21,630.0,48.599999999999994,52.849999999999994,57.1,
MSFT,Microsoft,Information Technology,2026-07-29,AMC,2026-07-29,0.08606974884919019,0.08774764287007691,0.05447982929556959,0.04529148940460392,0.06366816918653526,0.5798461552116052,4.406197570001433,0.0,screened out,,,,,,0.038989169675090085,10.622971154065034,163,0.8333333333333333,12,True,OI < 500,OI < 500,402.2900085449219,2026-07-31,402.5,33.95,34.625,35.3,
MTD,Mettler Toledo,Health Care,2026-07-30,AMC,2026-07-30,0.08996914532669958,0.09656374236635296,0.05663416003109788,0.04371819436456946,0.0695501256976263,0.5886020959311029,3.3076982594926716,0.0,screened out,,,,,,0.14659685863874344,39.56562141050938,3,0.8333333333333333,12,True,spread > 10%,spread > 10%,1273.77001953125,2026-08-21,1300.0,106.2,114.6,123.0,
NCLH,Norwegian Cruise Line Holdings,Consumer Discretionary,2026-07-30,BMO,2026-07-29,0.1046690622861389,0.11287840050465961,0.08597507770847737,0.07225079377140704,0.0996993616455477,0.21743492504942802,1.745680193195222,0.0,screened out,,,,,,0.15686274509803935,87.82866150783602,460,0.8333333333333333,12,True,spread > 10%,spread > 10%; squeeze risk (21% of float short — no short premium),19.489999771118164,2026-07-31,19.5,1.88,2.04,2.2,
NDAQ,"Nasdaq, Inc.",Financials,2026-07-23,BMO,2026-07-22,0.04435615411094137,0.04734951420431778,0.02731678323135185,0.020679858015199996,0.03395370844750371,0.6237693045802404,3.2903275248811052,0.0,screened out,,,,,,0.1349693251533742,35.13463160734396,63,0.8333333333333333,12,True,spread > 10%,spread > 10%,91.87000274658203,2026-07-24,92.0,3.8,4.074999999999999,4.35,
NEE,NextEra Energy,Utilities,2026-07-24,BMO,2026-07-23,0.03585227272727273,0.03829545454545455,0.03370791855151418,0.02805821796556608,0.039357619137462274,0.0636157397995798,0.4864336206572577,0.0,screened out,,,,,,0.13629160063391446,227.87110877498168,405,0.8333333333333333,12,True,spread > 10%,spread > 10%,88.0,2026-07-24,88.0,2.94,3.1550000000000002,3.37,
NEM,Newmont,Materials,2026-07-23,AMC,2026-07-23,0.06322870171478345,0.06838565256386153,0.0587365093105203,0.050103557084565896,0.06736946153647472,0.07648041153611,0.6668858618254626,0.0,screened out,,,,,,0.1631205673758865,229.59616975372958,77,0.8333333333333333,12,True,spread > 10%,spread > 10%,89.19999694824219,2026-07-24,89.0,5.18,5.64,6.1,
NOC,Northrop Grumman,Industrials,2026-07-21,BMO,2026-07-20,0.0861706964398063,0.0940911480505526,0.04639520358295673,0.036723331612653135,0.05606707555326032,0.8573190714796451,5.270569317072784,0.0,screened out,,,,,,0.18383167220376517,39.82578739754002,128,0.8333333333333333,12,True,spread > 10%,spread > 10%,523.9600219726562,2026-08-21,525.0,41.0,45.15,49.3,
NSC,Norfolk Southern,Industrials,2026-07-23,BMO,2026-07-22,0.06776726249298831,0.07672328837311893,0.03234916711906885,0.024589507887678472,0.04010882635045923,1.0948688491284702,5.84971964330473,0.0,screened out,,,,,,0.2643171806167402,50.57316485022227,705,0.8333333333333333,12,True,spread > 10%,spread > 10%,334.9700012207031,2026-08-21,330.0,19.7,22.700000000000003,25.700000000000003,
NRG,NRG Energy,Utilities,2026-08-04,BMO,2026-08-03,0.10415071074662546,0.1202328057883838,0.018203546410017226,0.01403056884538341,0.022376523974651043,4.721451655668171,26.395992815135802,0.0,screened out,,,,,,0.30882352941176466,37.42321265835725,5,0.35,0,True,spread > 10%,spread > 10%; thin history (n=0); low-conf moves,130.5800018310547,2026-08-07,130.0,11.5,13.6,15.7,
NUE,Nucor,Materials,2026-07-27,AMC,2026-07-27,0.09447863171107468,0.10141284321280494,0.04153523479698944,0.03580164840904278,0.0472688211849361,1.274662275844958,11.834173742935656,0.0,screened out,,,,,,0.14678899082568805,26.194811462448683,312,0.8333333333333333,12,True,spread > 10%,spread > 10%,230.74000549316406,2026-08-21,230.0,20.2,21.799999999999997,23.4,
NTRS,Northern Trust,Financials,2026-07-22,BMO,2026-07-21,0.07303862615799583,0.0853485069711412,0.04696928833415594,0.038020768785353806,0.05591780788295807,0.5550294404797772,3.733630258371131,0.0,screened out,,,,,,0.33707865168539325,94.4395357974012,65,0.8333333333333333,12,True,spread > 10%,spread > 10%,182.77999877929688,2026-08-21,185.0,11.1,13.35,15.6,
NWSA,News Corp (Class A),Communication Services,2026-08-04,AMC,2026-08-04,0.1449275315417067,0.2156238883913197,0.05770631759070007,0.04352093997499591,0.07189169520640423,1.5114673330856094,7.880136209829139,0.0,screened out,,,,,,0.9756097560975608,162.10816989849314,23,0.35,0,True,spread > 10%,spread > 10%; thin history (n=0); low-conf moves,28.290000915527344,2026-08-21,25.0,2.1,4.1000000000000005,6.1000000000000005,
OMC,Omnicom Group,Communication Services,2026-07-28,AMC,2026-07-28,0.088624496255743,0.09712273562273206,0.05207651131815874,0.04058593232362294,0.06356709031269454,0.7018132361881201,4.07637400328409,0.0,screened out,,,,,,0.19178082191780826,46.50455767398471,197,0.8333333333333333,12,True,spread > 10%,spread > 10%; squeeze risk (10% of float short — no short premium),82.37000274658203,2026-08-21,82.5,6.6,7.3,8.0,
ODFL,Old Dominion,Industrials,2026-07-29,BMO,2026-07-28,0.1018294811846999,0.11304798334911599,0.0545519632318354,0.044473770813994284,0.06463015564967652,0.8666510818674682,6.012076818570063,0.0,screened out,,,,,,0.22033898305084756,47.45808430806752,540,0.8333333333333333,12,True,spread > 10%,spread > 10%,231.75999450683594,2026-08-21,230.0,21.0,23.6,26.200000000000003,
ON,ON Semiconductor,Information Technology,2026-08-03,AMC,2026-08-03,0.18540946442704476,0.20357555503187186,0.06152378340248876,0.045867501773772065,0.07718006503120546,2.0136226053280164,10.141098158955707,0.0,screened out,,,,,,0.1959564541213063,29.32718366576408,14,0.8333333333333333,12,True,spread > 10%,spread > 10%,86.69999694824219,2026-08-07,87.0,14.5,16.075,17.65,
NXPI,NXP Semiconductors,Information Technology,2026-07-28,AMC,2026-07-28,0.1673029464232479,0.17067146212304482,0.07164882137224073,0.055112799581828825,0.08818484316265263,1.3350411523736097,7.413531998152813,0.0,screened out,,,,,,0.04026845637583887,7.043116432251479,373,0.8333333333333333,12,True,OI < 500,OI < 500,267.17999267578125,2026-08-21,270.0,43.8,44.699999999999996,45.599999999999994,
ORLY,O’Reilly Automotive,Consumer Discretionary,2026-07-29,AMC,2026-07-29,0.09878149911963663,0.1135691486884445,0.043002981542286906,0.03685330014188535,0.04915266294268846,1.2970848898581606,11.624301077201105,0.0,screened out,,,,,,0.29940119760479045,53.02274141044142,3034,0.8333333333333333,12,True,spread > 10%,spread > 10%,84.52999877929688,2026-08-21,85.0,7.1,8.35,9.6,
PCG,PG&E Corporation,Utilities,2026-07-23,BMO,2026-07-22,0.040447503594744784,0.04475042950907933,0.01336383288946582,0.011002408108379293,0.015725257670552346,2.0266394326606667,14.698936275207014,0.0,screened out,,,,,,0.2127659574468085,31.775057089996704,2205,0.8333333333333333,12,True,spread > 10%,spread > 10%,17.43000030517578,2026-07-24,17.5,0.63,0.7050000000000001,0.78,
OTIS,Otis Worldwide,Industrials,2026-07-22,BMO,2026-07-21,0.07042732394638201,0.09662492753996373,0.046644511357139574,0.03777272646204122,0.05551629625223793,0.5098737642923589,3.4356167304296656,0.0,screened out,,,,,,0.7439613526570048,220.30702630547188,110,0.8333333333333333,12,True,spread > 10%,spread > 10%,73.4800033569336,2026-08-21,72.5,3.25,5.175,7.1,
PCAR,Paccar,Industrials,2026-07-28,BMO,2026-07-27,0.0840505094997098,0.1101906201096674,0.04287388571822738,0.03558246532826784,0.050165306108186924,0.9604126869232338,7.237541962470864,0.0,screened out,,,,,,0.6220095693779903,126.96577916965153,64,0.8333333333333333,12,True,spread > 10%,spread > 10%,124.33000183105469,2026-08-21,125.0,7.2,10.45,13.7,
PEG,Public Service Enterprise Group,Utilities,2026-08-04,BMO,2026-08-03,0.06070923665473554,0.07002441053297538,0.018203546410017226,0.01403056884538341,0.022376523974651043,2.3350224888776543,13.054297986002055,0.0,screened out,,,,,,0.30687830687830675,43.830244019610205,81,0.35,0,True,spread > 10%,spread > 10%; thin history (n=0); low-conf moves,77.83000183105469,2026-08-21,77.5,4.0,4.725,5.449999999999999,
PG,Procter & Gamble,Consumer Staples,2026-07-29,BMO,2026-07-28,0.04532957673616426,0.04794474462478912,0.024354645327934563,0.019596911043835815,0.02911237961203331,0.8612291875247157,5.650057461727144,0.0,screened out,,,,,,0.11538461538461542,24.93612815914886,77,0.8333333333333333,12,True,spread > 10%,spread > 10%,149.1300048828125,2026-07-31,149.0,6.37,6.76,7.15,
PFG,Principal Financial Group,Financials,2026-07-27,AMC,2026-07-27,0.07562912890095866,0.10262359673876396,0.030835932416637818,0.024986626298112456,0.03668523853516318,1.4526298695658137,9.814319758798701,0.0,screened out,,,,,,0.7138643067846607,120.52932122070946,24,0.8333333333333333,12,True,spread > 10%,spread > 10%,112.05999755859375,2026-08-21,110.0,5.45,8.475,11.5,
PKG,Packaging Corporation of America,Materials,2026-07-22,AMC,2026-07-22,0.08821083327967183,0.09630959464778067,0.03672037710207995,0.028527146817563707,0.04491360738659619,1.402231138162122,8.05423091328356,0.0,screened out,,,,,,0.1836228287841191,31.457330034816533,115,0.8333333333333333,12,True,spread > 10%,spread > 10%,228.42999267578125,2026-08-21,230.0,18.3,20.15,22.0,
PHM,PulteGroup,Consumer Discretionary,2026-07-22,BMO,2026-07-21,0.05500081168383735,0.06413378779369965,0.05280201405221542,0.042227936669931486,0.06337609143449935,0.04164230609551295,0.26649881051636504,0.0,screened out,,,,,,0.33210332103321033,830.724572240457,42,0.8333333333333333,12,True,spread > 10%,spread > 10%,123.18000030517578,2026-07-24,123.0,5.65,6.775,7.9,
PM,Philip Morris International,Consumer Staples,2026-07-22,BMO,2026-07-21,0.05422374394878012,0.05707762520924224,0.04291073242257637,0.03392475504236338,0.05189670980278936,0.2636406066155073,1.6134867648241362,0.0,screened out,,,,,,0.10526315789473681,50.453077924508634,232,0.8333333333333333,12,True,spread > 10%,spread > 10%,192.72000122070312,2026-07-24,192.5,9.9,10.45,11.0,
PNR,Pentair,Industrials,2026-07-28,BMO,2026-07-27,0.09095299576864586,0.10222150851874356,0.053504771920056336,0.042699191873112344,0.06431035196700033,0.6999043731004488,4.4415610708400415,0.0,screened out,,,,,,0.2477876106194689,60.181827558276225,1061,0.8333333333333333,12,True,spread > 10%,spread > 10%,62.119998931884766,2026-08-21,62.5,4.95,5.65,6.35,
PNW,Pinnacle West Capital,Utilities,2026-08-04,BMO,2026-08-03,0.06585136217344864,0.08936970580682316,0.018203546410017226,0.01403056884538341,0.022376523974651043,2.6175018147678797,14.633541574713034,0.0,screened out,,,,,,0.7142857142857143,98.71740501240059,20,0.35,0,True,spread > 10%,spread > 10%; thin history (n=0); low-conf moves; squeeze risk (10% of float short — no short premium),106.30000305175781,2026-08-21,105.0,4.5,7.0,9.5,
PRU,Prudential Financial,Financials,2026-08-04,AMC,2026-08-04,0.059337118992684526,0.07120454279122143,0.04205860237746084,0.03052875896378799,0.05358844579113369,0.4108200377215393,1.9205938970351222,0.0,screened out,,,,,,0.4000000000000001,137.36623418333036,952,0.35,0,True,spread > 10%,spread > 10%; thin history (n=0); low-conf moves,117.97000122070312,2026-08-21,120.0,5.6,7.0,8.4,
PPG,PPG Industries,Materials,2026-07-28,AMC,2026-07-28,0.05855661347191533,0.06482281934160368,0.03694112708693032,0.03160383285563165,0.042278421318228995,0.5851333754413928,5.190346672017034,0.0,screened out,,,,,,0.2140221402214021,57.978856067204795,51,0.8333333333333333,12,True,spread > 10%,spread > 10%,115.69999694824219,2026-07-31,116.0,6.050000000000001,6.775,7.5,
PSA,Public Storage,Real Estate,2026-07-29,AMC,2026-07-29,0.06370234233753257,0.07289322755041039,0.024183505418411355,0.020118208800115722,0.028248802036706988,1.6341235993453116,12.458461497645782,0.0,screened out,,,,,,0.2885572139303483,46.51394590224299,65,0.8333333333333333,12,True,spread > 10%,spread > 10%,315.5299987792969,2026-08-21,320.0,17.2,20.1,23.0,
PYPL,PayPal,Financials,2026-07-28,BMO,2026-07-27,0.07453361532463663,0.08078141542859084,0.06671222935345854,0.05286267117368279,0.08056178753323429,0.11724066257384959,0.7237695333342509,0.0,screened out,,,,,,0.16765053128689494,159.76196870931605,887,0.8333333333333333,12,True,spread > 10%,spread > 10%,56.81999969482422,2026-07-31,57.0,3.88,4.234999999999999,4.59,
PWR,Quanta Services,Industrials,2026-07-30,BMO,2026-07-29,0.13982863339663984,0.14781206582912182,0.05574888037007312,0.04402981665238977,0.06746794408775647,1.5081872939586796,9.194984691161784,0.0,screened out,,,,,,0.11418880723572633,18.99014244240096,158,0.8333333333333333,12,True,spread > 10%,spread > 10%,632.5599975585938,2026-08-21,630.0,83.4,88.45,93.5,
PTC,PTC Inc.,Information Technology,2026-07-29,AMC,2026-07-29,0.1097492573823849,0.1361852098905506,0.05031411469087463,0.04122844974266519,0.05939977963908407,1.1812816951401097,8.38376489862211,0.0,screened out,,,,,,0.4817518248175184,88.95731148616164,63,0.8333333333333333,12,True,spread > 10%,spread > 10%,124.83000183105469,2026-08-21,125.0,10.399999999999999,13.7,17.0,
RCL,Royal Caribbean Group,Consumer Discretionary,2026-07-28,BMO,2026-07-27,0.0974979020231759,0.10239026986663276,0.061954622617272456,0.04876656347154224,0.07514268176300268,0.5736985862293714,3.4540538818673645,0.0,screened out,,,,,,0.100358422939068,27.529073992222948,46,0.8333333333333333,12,True,spread > 10%,spread > 10%,286.1600036621094,2026-07-31,285.0,26.5,27.9,29.299999999999997,
REG,Regency Centers,Real Estate,2026-07-29,AMC,2026-07-29,0.06391526709289973,0.09800340954244625,0.019369841086644066,0.01626338893675925,0.02247629323652888,2.299731102955239,18.37769108136241,0.0,screened out,,,,,,1.0666666666666669,153.04890088943998,5,0.8333333333333333,12,True,spread > 10%,spread > 10%,82.13999938964844,2026-08-21,80.0,2.4499999999999997,5.25,8.05,
REGN,Regeneron Pharmaceuticals,Health Care,2026-07-30,BMO,2026-07-29,0.06538718798427896,0.07721490458211781,0.05028605072287248,0.043042535936316226,0.05752956550942874,0.3003046977108856,2.671854491156458,0.0,screened out,,,,,,0.3617747440273037,156.6467000875039,66,0.8333333333333333,12,True,spread > 10%,spread > 10%,672.1500244140625,2026-07-31,670.0,36.0,43.95,51.9,
ROL,"Rollins, Inc.",Industrials,2026-07-22,AMC,2026-07-22,0.09108180257313853,0.10840410858398083,0.0466342890426463,0.03880517823149176,0.05446339985380084,0.9531079907714621,7.275913537910253,0.0,screened out,,,,,,0.3803680981595092,77.94499460114328,378,0.8333333333333333,12,True,spread > 10%,spread > 10%,44.7400016784668,2026-08-21,45.0,3.3,4.074999999999999,4.85,
RJF,Raymond James Financial,Financials,2026-07-22,AMC,2026-07-22,0.06832224037305706,0.08258079488569507,0.029310183241367856,0.022468138147739396,0.03615222833499632,1.3310069340210846,7.307442692322,0.0,screened out,,,,,,0.417391304347826,73.09819353799662,152,0.8333333333333333,12,True,spread > 10%,spread > 10%,168.32000732421875,2026-08-21,170.0,9.100000000000001,11.5,13.9,
ROP,Roper Technologies,Information Technology,2026-07-23,BMO,2026-07-22,0.08681512600023836,0.10776099767013714,0.04403968705037023,0.035612718488710275,0.052466655612030184,0.9712929817358574,6.5054238848794625,0.0,screened out,,,,,,0.48253968253968266,97.93410510385122,267,0.8333333333333333,12,True,spread > 10%,spread > 10%,362.8399963378906,2026-08-21,360.0,23.9,31.5,39.1,
SBAC,SBA Communications,Real Estate,2026-08-03,AMC,2026-08-03,0.06814310005395123,0.08517887506743903,0.030554265640580693,0.02340260191356404,0.03770592936759735,1.2302319700803697,6.7360340227114675,0.0,screened out,,,,,,0.49999999999999994,90.64274154469707,65,0.35,0,True,spread > 10%,spread > 10%; thin history (n=0); low-conf moves,181.97000122070312,2026-08-21,180.0,9.3,12.4,15.5,
RTX,RTX Corporation,Industrials,2026-07-23,BMO,2026-07-22,0.04988685393029172,0.053486936172683915,0.04999475952558151,0.040740823774341565,0.05924869527682145,-0.00215833812010986,-0.01494410752796318,0.0,screened out,,,,,,0.14432989690721654,6672.65165022057,618,0.8333333333333333,12,True,spread > 10%,spread > 10%,194.44000244140625,2026-07-24,195.0,9.0,9.7,10.4,
RVTY,Revvity,Health Care,2026-08-04,BMO,2026-08-03,0.12025554027064424,0.14656143970484767,0.06420374912538028,0.05397719463914525,0.07443030361161532,0.8730298761183436,7.024455365535057,0.0,screened out,,,,,,0.4375000000000001,93.8628325579427,2,0.35,0,True,spread > 10%,spread > 10%; thin history (n=0); low-conf moves; squeeze risk (10% of float short — no short premium),106.44000244140625,2026-08-21,105.0,10.0,12.8,15.600000000000001,
SBUX,Starbucks,Consumer Discretionary,2026-07-29,AMC,2026-07-29,0.07752123069612459,0.08348440228813417,0.05307350817234587,0.0433691714879857,0.06277784485670604,0.4606389018865966,3.228680352462504,0.0,screened out,,,,,,0.15384615384615385,48.783043788308646,280,0.35,0,True,spread > 10%,spread > 10%; thin history (n=0); low-conf moves,104.80999755859375,2026-07-31,105.0,7.5,8.125,8.75,
SCHW,Charles Schwab Corporation,Financials,2026-07-21,BMO,2026-07-20,0.04549444078748385,0.048468889756440474,0.03718204864204852,0.026562596061202717,0.047801501222894324,0.22355928328368102,1.0031742872325566,0.0,screened out,,,,,,0.1307609860664524,71.566618054467,1743,0.8333333333333333,12,True,spread > 10%,spread > 10%,102.54000091552734,2026-07-24,103.0,4.359999999999999,4.664999999999999,4.97,
SHW,Sherwin-Williams,Materials,2026-07-28,BMO,2026-07-27,0.07215698256980449,0.08405438654812342,0.03472118907061182,0.029343928381637553,0.04009844975958609,1.0781829338580602,8.922333456315515,0.0,screened out,,,,,,0.32976445396145604,63.56164978084685,120,0.8333333333333333,12,True,spread > 10%,spread > 10%,323.6000061035156,2026-08-21,320.0,19.5,23.35,27.2,
SO,Southern Company,Utilities,2026-07-30,BMO,2026-07-29,0.03467076044613624,0.03864069484836558,0.027789543970272702,0.02394961106656027,0.03162947687398514,0.24761890598941025,2.2966461280978545,0.0,screened out,,,,,,0.22900763358778625,115.38466828225005,23,0.35,0,True,spread > 10%,spread > 10%; thin history (n=0); low-conf moves,94.45999908447266,2026-07-31,94.0,2.9,3.275,3.65,
SLB,Schlumberger,Energy,2026-07-24,BMO,2026-07-23,0.044945031848076536,0.04656175961239584,0.025468184546677045,0.020839618129531223,0.030096750963822867,0.7647520876764153,5.392928447349788,0.0,screened out,,,,,,0.07194244604316564,16.6015345225111,116,0.8333333333333333,12,True,OI < 500,OI < 500,46.38999938964844,2026-07-24,46.5,2.01,2.085,2.16,
SNA,Snap-on,Industrials,2026-07-23,BMO,2026-07-22,0.06481686487866123,0.0723193862403279,0.05462358009860373,0.04588480077941976,0.0633623594177877,0.18660960635786045,1.4949128816473636,0.0,screened out,,,,,,0.23149905123339648,147.20517524134834,1532,0.8333333333333333,12,True,spread > 10%,spread > 10%,406.5299987792969,2026-08-21,410.0,23.3,26.35,29.4,
SPGI,S&P Global,Financials,2026-07-28,BMO,2026-07-27,0.060889928913476894,0.06624288969707927,0.039661284239474376,0.03143579309254699,0.047886775386401764,0.535248544798101,3.307599574083135,0.0,screened out,,,,,,0.17582417582417587,50.43148882846793,26,0.8333333333333333,12,True,spread > 10%,spread > 10%,448.3500061035156,2026-07-31,447.5,24.9,27.299999999999997,29.7,
SW,Smurfit Westrock,Materials,2026-07-29,BMO,2026-07-28,0.11242466547562749,0.12980992302340494,0.037343538487443095,0.029014915320186605,0.04567216165469959,2.010552026649288,11.553406897595774,0.0,screened out,,,,,,0.30927835051546393,46.310592941721254,309,0.35,0,True,spread > 10%,spread > 10%; thin history (n=0); low-conf moves,43.13999938964844,2026-08-21,45.0,4.1,4.85,5.6,
SWK,Stanley Black & Decker,Industrials,2026-07-29,BMO,2026-07-28,0.108,0.11428571428571428,0.060270501428809686,0.0483498994587979,0.07219110339882147,0.7919213784469247,5.131462783735328,0.0,screened out,,,,,,0.11640211640211656,26.338907693903042,118,0.35,0,True,spread > 10%,spread > 10%; thin history (n=0); low-conf moves,87.5,2026-08-21,87.5,8.899999999999999,9.45,10.0,
STX,Seagate Technology,Information Technology,2026-07-28,AMC,2026-07-28,0.19203688411215622,0.2064926132211829,0.09020306289464618,0.07459083580787058,0.10581528998142177,1.1289397272069148,8.3594880183949,0.0,screened out,,,,,,0.15055158987670336,28.39082131299038,104,0.8333333333333333,12,True,spread > 10%,spread > 10%,802.4500122070312,2026-07-31,800.0,142.5,154.1,165.7,
SYF,Synchrony Financial,Financials,2026-07-21,BMO,2026-07-20,0.08922489678856653,0.09535485152976576,0.03363112274322337,0.027305850067496286,0.039956395418950456,1.6530454385899214,11.264175391193199,0.0,screened out,,,,,,0.13740458015267182,22.052666315474614,76,0.8333333333333333,12,True,spread > 10%,spread > 10%,73.41000366210938,2026-08-21,72.5,6.1,6.55,7.0,
T,AT&T,Communication Services,2026-07-22,BMO,2026-07-21,0.050113893474539116,0.05330295942291887,0.03825255981737784,0.030970707400680343,0.04553441223407533,0.3100794747799536,2.087584909048755,0.0,screened out,,,,,,0.12727272727272718,53.77246843493626,8299,0.8333333333333333,12,True,spread > 10%,spread > 10%,21.950000762939453,2026-07-24,22.0,1.03,1.1,1.17,
SYY,Sysco,Consumer Staples,2026-08-04,BMO,2026-08-03,0.06591978312043185,0.06994305626862724,0.0328674334666727,0.028402900897103546,0.03733196603624186,1.005626121895826,9.488091005313379,0.0,screened out,,,,,,0.12206572769953059,24.344854089595977,2900,0.35,0,True,spread > 10%,spread > 10%; thin history (n=0); low-conf moves,80.77999877929688,2026-08-21,80.0,5.0,5.325,5.65,
SYK,Stryker Corporation,Health Care,2026-07-30,AMC,2026-07-30,0.09243591729635346,0.0958826803141836,0.04941519945557066,0.04657176887763339,0.052258630033507926,0.8705968672546359,19.390433658747703,0.0,screened out,,,,,,0.07457627118644078,16.02373549686644,413,0.35,0,True,OI < 500,OI < 500; thin history (n=0); low-conf moves,319.1400146484375,2026-08-21,320.0,28.4,29.5,30.6,
TEL,TE Connectivity,Information Technology,2026-07-22,BMO,2026-07-21,0.12429851371401886,0.13094417682348128,0.05571176204830881,0.04577031241637233,0.0656532116802453,1.2311000252736048,8.841847435649274,0.0,screened out,,,,,,0.10693069306930704,19.37885363591261,443,0.8333333333333333,12,True,spread > 10%,spread > 10%,203.13999938964844,2026-08-21,200.0,23.9,25.25,26.6,
TDY,Teledyne Technologies,Information Technology,2026-07-22,BMO,2026-07-21,0.09703314351350874,0.11059863232707494,0.053559850947590276,0.045297662282844736,0.061822039612335816,0.8116768773023327,6.743415578273658,0.0,screened out,,,,,,0.27960526315789475,62.40838000939023,212,0.8333333333333333,12,True,spread > 10%,spread > 10%,626.5900268554688,2026-08-21,620.0,52.3,60.8,69.3,
TDG,TransDigm Group,Industrials,2026-08-04,BMO,2026-08-03,0.08881658274858174,0.09462701339568522,0.0443759129237434,0.034998055490981235,0.05375377035650556,1.001459280425537,6.073366209272517,0.0,screened out,,,,,,0.1308411214953271,26.149158732328416,19,0.35,0,True,spread > 10%,spread > 10%; thin history (n=0); low-conf moves,1204.72998046875,2026-08-21,1200.0,100.0,107.0,114.0,
TER,Teradyne,Information Technology,2026-07-28,AMC,2026-07-28,0.20688518090734934,0.21842041546916388,0.10872386049626456,0.0928023399980066,0.12464538099452252,0.9028498432913658,7.901478269780261,0.0,screened out,,,,,,0.11151339608979002,23.50260675693183,59,0.8333333333333333,12,True,spread > 10%,spread > 10%,333.760009765625,2026-07-31,335.0,65.2,69.05000000000001,72.9,
TKO,TKO Group Holdings,Communication Services,2026-08-03,AMC,2026-08-03,0.10312380705924583,0.11160348350178327,0.05770631759070007,0.04352093997499591,0.07189169520640423,0.7870453594125233,4.103313713584131,0.0,screened out,,,,,,0.16445623342175053,37.341017928391295,68,0.35,0,True,spread > 10%,spread > 10%; thin history (n=0); low-conf moves; squeeze risk (13% of float short — no short premium),182.7899932861328,2026-08-21,185.0,17.3,18.85,20.4,
TMUS,T-Mobile US,Communication Services,2026-07-23,BMO,2026-07-22,0.06159272151703749,0.06542629339569128,0.046397570009732714,0.03781521668426259,0.05497992333520284,0.3274988647922149,2.2690869780399137,0.0,screened out,,,,,,0.12448132780082986,50.45783027317456,196,0.8333333333333333,12,True,spread > 10%,spread > 10%,195.63999938964844,2026-07-24,195.0,11.3,12.05,12.8,
TMO,Thermo Fisher Scientific,Health Care,2026-07-23,BMO,2026-07-22,0.06309028605786852,0.07069152534194907,0.04561284892912251,0.03864890573111124,0.05257679212713379,0.3831691626169652,3.2164368357567166,0.0,screened out,,,,,,0.24096385542168683,86.98345447432231,72,0.8333333333333333,12,True,spread > 10%,spread > 10%,526.22998046875,2026-07-24,525.0,29.2,33.2,37.2,
TROW,T. Rowe Price,Financials,2026-07-31,BMO,2026-07-30,0.07597218784697488,0.08412739445201738,0.04205860237746084,0.03052875896378799,0.05358844579113369,0.8063412370471038,3.769665343953164,0.0,screened out,,,,,,0.21468926553672316,48.09403955458185,3740,0.35,0,True,spread > 10%,spread > 10%; thin history (n=0); low-conf moves; squeeze risk (13% of float short — no short premium),116.48999786376953,2026-08-21,115.0,7.9,8.850000000000001,9.8,
TSCO,Tractor Supply,Consumer Discretionary,2026-07-23,BMO,2026-07-22,0.08085808784454869,0.09075907819286078,0.058559108834729624,0.04940873640383164,0.0677094812656276,0.38079437091081925,3.1231921667454525,0.0,screened out,,,,,,0.2448979591836733,88.80218546286183,379,0.8333333333333333,12,True,spread > 10%,spread > 10%,30.299999237060547,2026-07-24,30.5,2.1500000000000004,2.45,2.75,
TSN,Tyson Foods,Consumer Staples,2026-08-03,BMO,2026-07-31,0.0814655172413793,0.08620689655172414,0.0328674334666727,0.028402900897103546,0.03733196603624186,1.4786090256784012,13.950688721635771,0.0,screened out,,,,,,0.11640211640211637,19.51261836711565,232,0.35,0,True,spread > 10%,spread > 10%; thin history (n=0); low-conf moves,58.0,2026-08-21,57.5,4.45,4.725,5.0,
TT,Trane Technologies,Industrials,2026-07-30,BMO,2026-07-29,0.09088772997940701,0.09676179008383402,0.0443759129237434,0.034998055490981235,0.05375377035650556,1.0481320606426872,6.356414049363623,0.0,screened out,,,,,,0.1292596944770858,25.258355730962535,116,0.35,0,True,spread > 10%,spread > 10%; thin history (n=0); low-conf moves,468.1600036621094,2026-08-21,470.0,39.8,42.55,45.3,
UDR,"UDR, Inc.",Real Estate,2026-07-27,AMC,2026-07-27,0.06479617240165517,0.08178157681762302,0.023692493738356996,0.018667855027449613,0.02871713244926438,1.734881904674868,10.48403230674667,0.0,screened out,,,,,,0.524271844660194,82.64663878434935,2075,0.8333333333333333,12,True,spread > 10%,spread > 10%,39.7400016784668,2026-08-21,40.0,1.9000000000000001,2.575,3.25,
VICI,Vici Properties,Real Estate,2026-07-29,AMC,2026-07-29,0.05029806230719541,0.054023844700321004,0.030554265640580693,0.02340260191356404,0.03770592936759735,0.6461878972601445,3.5381487124939177,0.0,screened out,,,,,,0.14814814814814828,37.74129622622794,5986,0.35,0,True,spread > 10%,spread > 10%; thin history (n=0); low-conf moves,26.84000015258789,2026-08-21,27.5,1.25,1.35,1.4500000000000002,
WEC,WEC Energy Group,Utilities,2026-07-29,BMO,2026-07-28,0.05330963871445485,0.07196801226451405,0.018203546410017226,0.01403056884538341,0.022376523974651043,1.9285303815919679,10.781742101533524,0.0,screened out,,,,,,0.6999999999999998,106.29706882927933,272,0.35,0,True,spread > 10%,spread > 10%; thin history (n=0); low-conf moves,112.55000305175781,2026-08-21,115.0,3.9,6.0,8.1,
XYL,Xylem Inc.,Industrials,2026-07-28,BMO,2026-07-27,0.08166141415777008,0.09119548789192598,0.05386110726591443,0.04565173821271443,0.06207047631911443,0.5161480760988524,4.340025778072934,0.0,screened out,,,,,,0.23350253807106608,68.58970133850569,81,0.8333333333333333,12,True,spread > 10%,spread > 10%,120.62000274658203,2026-08-21,120.0,8.7,9.85,11.0,
