ticker,market_cap,net_debt,owner_earnings_norm,oe_yield,t10,dcf_growth_used,value_oe_yield,value_dcf,value_dcf_low,value_dcf_high,value_epv,value_conservative,implied_growth,margin_of_safety,years_of_data,latest_fy_end,roic_median_10y,roic_latest,roic_trend,gross_margin,gm_sigma_10y,gm_trend,op_margin,om_sigma_10y,fcf_ni_10y,incremental_roic_5y,rev_cagr_10y,rev_cagr_5y,rev_consistency,rev_drawdown_2020,nd_ebitda,interest_coverage,altman_z_coarse,share_cagr_10y,op_income_derived,sbc_fcf_10y,buyback_timing,dividend_years_10y,buyback_years_10y,owner_earnings,owner_earnings_3y_avg,maint_capex_proxy,moat_flag,structural_decline,leverage,dilution,accruals,altman_distress,late_filing,auditor_change,restatement,going_concern,eject,eject_reasons,demote_count,demote_reasons,needs_human_review,rank_score,verdict
LEN,20300232807.671005,2118690000.0,3319862666.6666665,0.14808305890284437,0.045,0.1,36938517843.13725,62918165894.54257,57704168167.69624,62918165894.54257,33198626666.666664,33198626666.666664,-0.1,0.3885219105146416,11,2025-11-30,0.18332530823894747,0.08756087012986527,-0.0036810098947009954,,,,0.08230814146714649,0.034512691797884854,0.7585653841554433,-0.4213112153372153,0.13692715789120302,0.08737305172284682,0.9,0.010300877002920261,0.718645072728093,,4.553016119579094,0.00908008481816669,True,0.05971907228343319,0.07408337102704543,10,10,2078179000.0,3319862666.6666665,"min(depreciation & amortization, capex)",True,False,False,False,False,False,False,False,False,False,False,,0,,substitution risk unassessed (cannot be automated),0.3885219105146416,buy candidate
MTG,5951336012.436584,-368989000.0,756902333.3333334,0.13558854934081935,0.045,0.01543413514151859,9273722333.333334,9917017341.478268,9076747351.620327,10830145309.077797,7569023333.333333,7569023333.333333,-0.09867248016638763,0.21372471052805342,11,2025-12-31,0.1436895850104293,0.1604368684883438,0.0021094713400316403,,,,0.7944227099393888,0.14433862547091206,0.8475139775667393,,0.01543413514151859,0.0024051228086452436,0.6,-0.012216870665589186,-0.379974441065649,27.08030222172289,6.194408300541131,-0.06653750389244084,True,0.03536571337238538,-0.22682030939154818,7,9,744271000.0,756902333.3333334,"min(depreciation & amortization, capex)",True,False,False,False,False,False,False,False,False,False,False,,0,,substitution risk unassessed (cannot be automated),0.21372471052805342,watch (needs price)
HRB,5018436614.472073,509921000.0,636164000.0,0.11507287414523565,0.045,0.020220699786221097,6974361352.941177,8513020230.381235,7792547022.69285,9295836389.795542,6361640000.0,6361640000.0,-0.09794801115549359,0.21114105569128827,11,2025-06-30,1.119496787080383,1.119496787080383,-0.023189868211191574,0.44533002569798685,0.03174965540469438,-0.0009724655006461551,0.22853420437942618,0.060796229928837243,1.16444908525008,,0.020220699786221097,0.07336882791265364,0.6,-0.14706898262001022,0.5222764950432379,11.003494936822296,1.5376258336378896,-0.06779718538568691,True,0.050307713590653176,,10,0,640566000.0,636164000.0,"min(depreciation & amortization, capex)",True,False,False,False,False,False,False,False,False,False,False,,0,,substitution risk unassessed (cannot be automated),0.21114105569128827,watch (needs price)
KBH,3452415981.2927246,-230443000.0,558309666.6666666,0.17328192070768417,0.045,0.07477795905457696,6798792019.607843,9486732823.331757,8695065908.172794,10345301999.00244,5583096666.666666,5583096666.666666,-0.1,0.38163062769358136,11,2025-11-30,0.1435606528376922,,0.03303560955023156,,,,,0.015963515844351055,0.5829383760986074,,0.07477795905457696,0.08313606342082092,0.7,-0.08117582637471399,,,,-0.03878375728740857,False,0.11460052143983347,0.3137368254038185,10,7,428789000.0,558309666.6666666,"min(depreciation & amortization, capex)",True,False,False,False,True,False,False,False,False,False,False,,1,accruals,substitution risk unassessed (cannot be automated),0.19081531384679068,watch (needs price)
ACGL,35309310910.278076,-993000000.0,4335666666.666667,0.12634419468929836,0.045,0.1,52000843137.25491,82169722662.25424,75360357813.7193,82169722662.25424,43356666666.666664,43356666666.666664,-0.0909084632280864,0.1856082668498944,11,2025-12-31,0.13324683973529347,0.19494237388803673,0.012397893262756216,,,,0.2662953484871293,0.05222797231808042,1.577786127243631,0.26569064810496484,0.17607909997985338,0.18556783699532264,0.9,0.22849401390448443,-0.18711136235161108,35.858108108108105,2.0245185053924097,0.0005178827639784611,True,0.02609964304904102,0.5476346454917997,0,8,4355000000.0,4335666666.666667,"min(depreciation & amortization, capex)",True,False,False,False,False,False,False,False,False,False,False,,0,,substitution risk unassessed (cannot be automated),0.1856082668498944,watch (needs price)
BBWI,4097751622.582054,2939000000.0,799333333.3333334,0.11359408093475201,0.045,0.0,6464921568.627453,9781678679.051006,8949844955.781364,10686113546.327255,7993333333.333333,6464921568.627453,-0.1,0.36615601920565377,11,2026-01-31,0.4997237334821343,0.4997237334821343,0.027839346858345326,0.4373885612398848,0.034529655187914475,0.004395584790346889,0.1544369770950487,0.04584386248863051,1.1761756184533096,,-0.049818027079998384,0.025324201167002514,0.5,-0.5916748507970084,2.1297101449275364,4.079710144927536,,-0.03452955501868327,False,0.0688773093320701,0.17829993089149965,10,8,666000000.0,799333333.3333334,"min(depreciation & amortization, capex)",True,True,False,False,False,False,False,False,False,False,False,,1,structural_decline,substitution risk unassessed (cannot be automated),0.18307800960282689,watch (needs price)
LULU,13542440503.25734,-1807202000.0,1647996333.3333333,0.1404314307609428,0.045,0.1,21195394156.862747,31232890364.82168,28644635970.407654,31232890364.82168,16479963333.333332,16479963333.333332,-0.08891851413445617,0.17824814113113885,11,2026-02-01,0.5065902508079699,0.4942519025205848,0.010216109227739934,0.566005440167168,0.03215273986109387,0.008355094071447496,0.19910786662583538,0.02422408879722519,0.8230902790630257,0.5552626887247459,0.18343585382899352,0.2032540125801856,1.0,0.2101307689430374,-0.6676419725857762,,6.8331993943627225,-0.016492026791469994,False,0.07335241491303925,0.5299003384519665,0,10,1579183000.0,1647996333.3333333,"min(depreciation & amortization, capex)",True,False,False,False,False,False,False,False,False,False,False,,0,,substitution risk unassessed (cannot be automated),0.17824814113113885,watch (needs price)
ESNT,5930958125.845642,-123049000.0,705427000.0,0.12145971720886534,0.045,0.1,8422190176.470589,13369279837.42585,12261374136.570744,13369279837.42585,7054270000.0,7054270000.0,-0.08385687701322014,0.15923857098670136,11,2025-12-31,0.16575502301948195,0.12734450257854835,-0.003929184283268553,,,,0.6777177253387368,0.11902589419633193,1.1238399607189733,0.1583507842764573,0.1356804127149518,0.05711895508446352,0.9,0.10095704423981089,-0.14311501283451444,26.136469292879863,6.663903381124509,0.008683834760369713,True,0.03095328844604168,-0.11541330693944407,7,10,689969000.0,705427000.0,"min(depreciation & amortization, capex)",True,False,False,False,False,False,False,False,False,False,False,,0,,substitution risk unassessed (cannot be automated),0.15923857098670136,watch (needs price)
IT,8920670058.13771,1259153000.0,1046378666.6666666,0.1027894748946737,0.045,0.1,11051184254.901962,19831009035.065582,18187622986.54014,19831009035.065582,10463786666.666666,10463786666.666666,-0.08077847152816625,0.1474721014185708,11,2025-12-31,0.4344789653324189,0.4892861619797767,0.012330947568577336,0.6877113401934918,0.03704243147857043,0.009941452077664718,0.15786906596753753,0.06518150882168781,1.5006300169286153,,0.11626169254443486,0.09648191203252598,0.9,-0.034371488045309206,1.0270248446191743,8.187544401606042,3.6014621800660938,-0.011709646603560664,False,0.12190110928666126,0.7061725002198576,0,10,814398000.0,1046378666.6666666,"min(depreciation & amortization, capex)",True,False,False,False,False,False,False,False,False,False,False,,0,,substitution risk unassessed (cannot be automated),0.1474721014185708,pass
G,4978406340.955524,688465000.0,571509333.3333334,0.1008509456007815,0.045,0.07516074348536095,6035174215.6862755,9727182161.776783,8915534041.337303,10607409616.589914,5715093333.333333,5715093333.333333,-0.0760018119635173,0.12890200551600361,11,2025-12-31,0.1553950718425321,0.17532324554352133,0.0035679545708547505,0.36044401845004576,0.018219032452582933,-0.003996522224688671,0.14768206093097888,0.012186750901927484,1.147070284455288,0.3094331069838507,0.07516074348536095,0.06490404965690044,1.0,0.05363774849504743,0.8386975345789975,10.204676532999619,3.634191620035776,-0.021327525633799138,False,0.14854718975640455,0.2074898212872358,9,9,552494000.0,571509333.3333334,"min(depreciation & amortization, capex)",True,False,False,False,False,False,False,False,False,False,False,,0,,substitution risk unassessed (cannot be automated),0.12890200551600361,pass
EOG,71425489123.90656,4540000000.0,9580000000.0,0.1261098968819138,0.045,0.09959975878939864,108165882352.9412,181247403380.6803,166225823899.69617,181560531199.59918,95800000000.0,95800000000.0,-0.1,0.2544312200009754,11,2025-12-31,0.14540493330226098,0.14540493330226098,0.03791707468933832,,,,0.28212265818310356,0.34402132734183066,2.3708529632397926,0.46990351908593275,0.09959975878939864,0.1545526335723717,0.5,-0.36524741081703105,0.41858749769500275,27.170212765957448,,5.5511450097966986e-05,False,0.021715503818164485,0.9311039330499191,0,10,8962000000.0,9580000000.0,"min(depreciation & amortization, capex)",True,True,False,False,False,False,False,False,False,False,False,,1,structural_decline,substitution risk unassessed (cannot be automated),0.1272156100004877,pass
HPQ,22149738923.847103,5919000000.0,3027000000.0,0.10784239392487531,0.045,0.007207790539424108,29692764705.882355,38243853572.99336,34997081255.863495,41773134563.96297,30270000000.0,29692764705.882355,-0.1,0.25403581838039224,11,2025-10-31,0.6574091687274111,0.539859668227971,-1.546826355771783,0.20602224432588842,0.013664817267359505,0.003070411114865989,0.057401211682792296,0.007690205808723005,1.0145231398619279,-0.0013662428899635802,0.007207790539424108,-0.004788030560913592,0.5,-0.0360473823949895,1.4471882640586797,7.381395348837209,,-0.06346929133808943,False,0.1018952568173799,0.1841008812359426,10,10,2548000000.0,3027000000.0,"min(depreciation & amortization, capex)",True,True,False,False,False,False,False,False,False,False,False,,1,structural_decline,substitution risk unassessed (cannot be automated),0.12701790919019612,pass
GAP,7005189706.609444,-1124000000.0,781000000.0,0.1327962604440885,0.045,0.0,10312235294.117647,9557328250.632404,8744573282.483625,10441019198.934427,7810000000.0,7810000000.0,-0.06951136325147272,0.10304869313579468,11,2026-01-31,0.2777070566084223,0.30024115914787797,-0.009778536944820029,0.4079135754262658,0.023875577108144724,0.0035413313998734664,0.07256280098919693,0.04779417465750038,1.299869134417648,,-0.002762454594959496,0.021730478012031318,0.5,-0.011881785283474056,-0.6977032898820609,11.989247311827956,,-0.007254065368997864,False,0.14655544369336976,0.3929631199660873,9,7,842000000.0,781000000.0,"min(depreciation & amortization, capex)",True,False,False,False,False,False,False,False,False,False,False,,0,,substitution risk unassessed (cannot be automated),0.10304869313579468,pass
VVV,4927994014.718155,1022400000.0,613966666.6666666,0.1031808423354882,0.045,0.0,6200737254.901961,7513291892.804024,6874361728.129146,8207986881.142691,6139666666.666666,6139666666.666666,-0.0941194634579691,0.19735153677428385,11,2025-09-30,0.22932095325572727,0.21053896458761628,-0.046611113160052814,0.38502017189966675,0.02470569742287133,0.002903807603840729,0.2279717008711922,0.027020566321545182,0.32869087491867666,1.7091860454600873,-0.013886751583040757,0.18660883331112865,0.8,-0.69581589958159,2.066289409862571,5.268918918918919,,-0.027523299882549757,False,0.07690052048970017,0.4641291901922849,7,8,210700000.0,613966666.6666666,"min(depreciation & amortization, capex)",True,False,False,False,True,False,False,False,False,False,False,,1,accruals,substitution risk unassessed (cannot be automated),0.09867576838714193,pass
CTSH,20135609855.651855,-1325000000.0,2447000000.0,0.13008615982031926,0.045,0.05449988851147869,30113235294.11765,38063089310.06609,34869524150.84943,41528936153.158165,24470000000.0,24470000000.0,-0.08861790846013151,0.17713077827332013,11,2025-12-31,0.18181316641467093,0.158038264020101,0.0001463607850379023,,,,0.1605552397195376,0.015049347585701166,1.1165929939635915,0.15716731553111943,0.05449988851147869,0.04856688163062173,0.8,-0.007805517487934233,-0.3363797918253364,91.5945945945946,7.584405178839288,-0.022346772220901534,False,0.10152392303762983,0.13182161753590327,9,10,2492000000.0,2447000000.0,"min(depreciation & amortization, capex)",True,False,False,False,True,False,False,False,False,False,False,,1,accruals,substitution risk unassessed (cannot be automated),0.08856538913666007,pass
PPC,6721294833.25,2453802000.0,830123666.6666666,0.090475739030715,0.045,0.07769870909693632,7312358784.313726,14285415647.174423,13094245108.420113,15577120982.442886,8301236666.666666,7312358784.313726,-0.09219310061961225,0.08083081923327684,11,2025-12-28,0.16335633159495164,0.18971546021013902,-0.010928205248462776,0.1274840515391414,0.028305159387535257,-0.0018090514866174246,0.08722986224177869,0.03413687729355093,0.8567274025851418,0.2491240440815937,0.07769870909693632,0.08873939943509268,0.9,0.0598359975384819,1.1855857092056032,9.997887079584604,3.191443783065528,-0.008109029229796949,False,0.021000973400377383,,2,0,1082359000.0,830123666.6666666,"min(depreciation & amortization, capex)",True,False,False,False,False,False,False,False,False,False,False,,0,,substitution risk unassessed (cannot be automated),0.08083081923327684,pass
GM,70194634054.91809,-20945000000.0,7634000000.0,0.15500622789374138,0.045,0.02154486658387933,110756764705.88235,102754879836.50235,94061346387.68213,112200243160.58115,76340000000.0,76340000000.0,-0.0639947691056581,0.08049994688344131,11,2025-12-31,0.20713772699803926,0.06455804801248033,-0.010242240883908129,,0.04546571461418257,-0.015134378484225882,0.017318465687529396,0.01914984926977034,1.3117620465907882,-0.17089189051746645,0.02154486658387933,0.09099442238405597,0.5,-0.11429782309265912,-1.4067432332594534,,1.3206055380375183,-0.0508673807873159,False,0.04635345395570422,-0.15764905580309785,10,8,5374000000.0,7634000000.0,"min(depreciation & amortization, capex)",True,False,False,False,False,False,False,False,False,False,False,,0,,substitution risk unassessed (cannot be automated),0.08049994688344131,pass
PYPL,40859126166.56277,1938000000.0,4845000000.0,0.11320853603916471,0.045,0.1,55062000000.00001,91822627730.90375,84213331346.3835,91822627730.90375,48450000000.0,48450000000.0,-0.08318252177457117,0.15667438252708432,11,2025-12-31,0.15379356184356452,0.2158849238532937,0.008318337058969888,,,,0.1828349210177258,0.013146808082519532,1.3820901786784987,,0.13624604239853588,0.09107015446297595,1.0,0.20717983344586988,0.2757541263517359,13.75283446712018,3.273184905798828,-0.02358971041372826,False,0.2410142947007657,0.14933814681107105,1,10,5344000000.0,4845000000.0,"min(depreciation & amortization, capex)",True,False,False,True,False,False,False,False,False,False,False,,1,dilution,substitution risk unassessed (cannot be automated),0.07833719126354216,pass
THO,3792900228.553299,336383000.0,417759000.0,0.10116985851473369,0.045,0.0910741497670402,4578428764.705883,7618025388.14553,6985142221.625179,7917384755.053583,4177590000.0,4177590000.0,-0.06681253060973996,0.09208413737267207,11,2025-07-31,0.1797764515477146,0.06694826761471255,-0.018035249506802336,0.13994909958672122,0.012643067989235908,0.00037549484972068675,0.037310232590670275,0.021119091513692467,1.095136968703071,0.001002515776787351,0.0910741497670402,0.0323953608713905,0.6,0.03854854783834427,0.5351134230536732,5.837983077978504,,0.0002339999114604474,True,0.05393638047210055,0.3384636788029309,4,4,408150000.0,417759000.0,"min(depreciation & amortization, capex)",True,True,False,False,False,False,False,False,False,False,False,,1,structural_decline,substitution risk unassessed (cannot be automated),0.046042068686336035,pass
TOL,13972980303.451538,-1258997000.0,1433607333.3333333,0.11275831492905482,0.045,0.0825310274096489,18124965627.45098,25193231306.413723,23095301923.724804,27169781729.816372,14336073333.333332,14336073333.333332,-0.05102253311926451,0.025327230228207154,9,2025-10-31,0.19386049763351534,0.19386049763351534,0.013695613948340301,0.2511448497422612,0.025681692303262425,0.007350001186714406,0.1568940876869052,0.03731526306663077,0.9105903720391709,0.2636101528921202,0.0825310274096489,0.09153445210775746,0.75,-0.02025300229818361,-0.6983955724166929,,4.114621860413161,-0.06408190429547822,False,0.02978302293600832,0.18165555514601378,9,9,1346486000.0,1433607333.3333333,"min(depreciation & amortization, capex)",True,False,False,False,True,False,False,False,False,False,False,,1,accruals,substitution risk unassessed (cannot be automated),0.012663615114103577,pass
DHI,42984998257.78978,-2985400000.0,4362433333.333333,0.10906192870284052,0.045,0.1,54308145098.039215,82677005566.05823,75825602430.65186,82677005566.05823,43624333333.33333,43624333333.33333,-0.04859434900189302,0.014655469245991481,11,2025-09-30,0.19468001544339864,0.17075689695826457,0.009831783062343188,0.23696657557284004,0.031873899555445326,0.00584650166449798,0.13838962464671944,0.03939062065578172,0.46122853896987054,0.10016554285945008,0.12209024402439717,0.11016221220279032,0.9,0.1545055107458122,-0.6166652895976205,,6.1182563099461715,-0.017516044268107045,True,0.06341629257529817,-0.19596594935111572,10,9,3585200000.0,4362433333.333333,"min(depreciation & amortization, capex)",True,False,False,False,True,False,False,False,False,False,False,,1,accruals,substitution risk unassessed (cannot be automated),0.007327734622995741,pass
MTDR,6375310193.128094,3386788000.0,830205666.6666666,0.08504377340222612,0.045,0.1,6380337490.196079,15734089962.935009,14430213600.13317,15734089962.935009,8302056666.666666,6380337490.196079,-0.1,0.000787935916510718,11,2025-12-31,0.13141528325919327,0.11294758037810305,0.09254662106782335,0.9430763836812877,0.010247117826696841,-0.0028656383146194696,0.3354402581256355,0.9217123685573667,-1.3317718720983058,0.1923429595787437,0.27661371383714206,0.33848576933658525,0.7,-0.17059863341012116,1.3984012552128495,5.88213121043545,,0.0433053908093457,False,,,5,1,759221000.0,830205666.6666666,"min(depreciation & amortization, capex)",True,False,False,True,True,False,False,False,False,False,False,,2,dilution;accruals,substitution risk unassessed (cannot be automated),0.0001969839791276795,pass
KEY,25149288581.707077,8630000000.0,887000000.0,0.02625869392881022,0.045,0.0,1805294117.6470604,10854481636.761772,9931416775.368729,11858110152.951136,8870000000.0,1805294117.6470604,0.19479202713208488,-12.93085389016031,11,2025-12-31,0.0630105821929613,0.0630105821929613,0.00042880068504007253,,,,1.3173241852487136,1.17400987236261,1.4604792797563881,,-0.08508906349783485,0.0413874040069635,0.6,0.09677419354838701,3.6093684650773734,,0.4860194280589595,0.027529599366414637,True,0.051400598313842805,0.35860655737704916,10,6,1829000000.0,887000000.0,"min(depreciation & amortization, capex)",False,False,True,True,False,True,False,False,False,False,True,leverage;altman_distress,1,dilution,substitution risk unassessed (cannot be automated),0.0,ejected
KEX,7686600000.0,833149000.0,288070333.3333333,0.03381206809418133,0.045,0.04590509790310704,2555913745.098039,4315579074.085722,3952685745.620905,4709528175.453764,2880703333.333333,2555913745.098039,0.18032060504252356,-2.007378482447638,11,2025-12-31,0.03868650097470391,0.08879853499189215,-0.000280881315108648,,,,0.14752575021179828,0.11401988022807466,1.788340036141111,,0.04590509790310704,0.09150116029810884,0.7,-0.23498845652073586,1.095657605765311,10.7126297839273,,-0.013255734437171207,False,0.06506677688934343,0.5593893314688088,0,6,354569000.0,288070333.3333333,"min(depreciation & amortization, capex)",False,False,False,False,False,False,False,False,False,False,False,,0,,substitution risk unassessed (cannot be automated),0.0,no moat evidence
RYN,6396893570.881153,202373000.0,291979500.0,0.04424423485002729,0.045,0.0,3232679941.1764708,3573039595.333578,3269188392.743826,3903410454.7954865,2919795000.0,2919795000.0,0.1337895997055107,-1.1908707874632132,11,2025-12-31,0.05878198894730798,0.0343049475996328,0.0011906921805103219,0.32260602233792585,0.0765242313585032,0.008666704075231336,0.17252580040783794,0.08160981185195387,0.959940834313107,,-0.01621113827309606,-0.10866142387626698,0.5,0.20657966484718004,2.42839829125468,3.1625365261280405,,0.02342901861158908,False,0.05411401755888436,-0.8244515624117539,10,10,,291979500.0,"min(depreciation & amortization, capex)",False,False,True,True,False,False,False,True,False,False,True,leverage,2,dilution;auditor_change,substitution risk unassessed (cannot be automated),0.0,ejected
KDP,43088918550.37245,12905000000.0,1900333333.3333333,0.03393820940793387,0.045,0.09933503808365263,9451862745.098042,35912050228.398285,32935478073.50191,36015190966.21137,19003333333.333332,9451862745.098042,0.14184821710277035,-3.5587753136512035,11,2025-12-31,0.06139231350112869,0.07199365205731456,-0.007629503328525511,0.5420104800337289,0.03454977069655968,-0.0014079103052493246,0.215322532072517,0.02106966820900981,1.2117431690284086,0.6633684895967995,0.09933503808365263,0.07401671198285564,0.9,0.044784172661870514,3.2022332506203472,,1.3007226470877802,0.031399367954168644,False,0.04330796777081468,0.046124279308135785,10,5,2079000000.0,1900333333.3333333,"min(depreciation & amortization, capex)",False,False,True,True,True,False,False,False,False,False,True,leverage,2,dilution;accruals,substitution risk unassessed (cannot be automated),0.0,ejected
KD,2639591038.6444473,3077000000.0,167333333.33333334,0.0292715242706976,0.045,0.0,-1108372549.0196075,2047707546.6570501,1873570545.3720791,2237042952.567257,1673333333.3333333,,0.05770741828236359,,7,2026-03-31,-0.08462314939434724,0.06506349952963311,0.066307505189848,0.21793002915451895,0.043766539528443414,0.01869954403846781,0.03332891598197721,0.05361508179724525,,,-0.04804436226088782,-0.04851008774495713,0.16666666666666666,-0.04571231323043545,2.432411067193676,5.651685393258427,-0.513719538484953,0.00708727473395121,True,,,0,2,352000000.0,167333333.33333334,"min(depreciation & amortization, capex)",False,False,False,False,False,True,True,False,False,False,True,altman_distress,1,late_filing,substitution risk unassessed (cannot be automated),0.0,ejected
IVZ,12846736105.494907,787600000.0,76700000.0,0.005625503097953437,0.045,0.022140825541920872,114752941.17647064,1035110262.7326214,947547952.9846413,1130243159.6019797,767000000.0,114752941.17647064,,-110.95125783955984,11,2025-12-31,0.06319616844873338,-0.029391409214508477,-0.01274694791092813,,,,-0.1090934750905584,0.13136173973218143,1.5036637593728213,,0.022140825541920872,0.0074228276018251105,0.7,0.00460980154967805,,-8.432727272727274,1.4472831584031902,0.005831079314257748,False,0.15132189019889858,-0.7625421953206843,10,8,-103200000.0,76700000.0,"min(depreciation & amortization, capex)",False,False,True,False,False,False,False,False,False,False,True,leverage,0,,substitution risk unassessed (cannot be automated),0.0,ejected
KNF,4602169894.111176,1091717000.0,180541333.33333334,0.031707924075565275,0.045,0.08997361805153803,1032298686.2745101,3276621428.8089547,3004326018.3855476,3421626344.8313055,1805413333.3333333,1032298686.2745101,0.1694708991605941,-3.458176645288649,5,2025-12-31,0.12784341595423965,0.07707016145652396,-0.016746585709572877,0.1835113788504303,0.023476976760188815,0.010988884140181116,0.09086869344427166,0.013411411786934113,0.4165406507626343,,0.08997361805153803,0.08997361805153803,1.0,,2.2762408937186986,3.488991407928139,3.346627065563699,0.0014508929807857118,False,0.07691111876537414,,0,0,157074000.0,180541333.33333334,"min(depreciation & amortization, capex)",False,False,True,False,True,False,False,False,False,False,True,leverage,1,accruals,substitution risk unassessed (cannot be automated),0.0,ejected
KMI,71461400938.46971,31940000000.0,2686666666.6666665,0.025982884586499954,0.045,0.005413649117872232,-332156862.7450981,33675529619.815994,30815383028.694942,36784733421.58433,26866666666.666664,,0.1795661580039225,,11,2025-12-31,0.04290041162366223,0.059260227532495185,0.0037515417897011454,,0.0881958221220316,-0.02429740058641885,0.31074858571240627,0.07590130531061708,1.7193766471868912,,0.005413649117872232,0.08527968679767972,0.4,-0.1641556291390729,4.450327434861363,,0.6506799308028375,0.0015108252088749108,False,0.0,0.49958298582151794,10,7,3056000000.0,2686666666.6666665,"min(depreciation & amortization, capex)",False,False,True,False,False,True,False,False,False,False,True,leverage;altman_distress,0,,substitution risk unassessed (cannot be automated),0.0,ejected
J,14858117220.782547,1001008000.0,588011000.0,0.03707713961608945,0.045,0.0,5916768470.588236,7195664714.446364,6583745557.498693,7860991216.6256485,5880110000.0,5880110000.0,0.1673940162159694,-1.526843412926382,11,2025-09-26,0.0630626237332792,0.1122616157418752,0.004030568057582274,0.24812866533003963,0.048723373128803614,0.014473114506975122,0.07179131992655229,0.016209222080232736,1.0393017801367346,,-0.0007042514463884153,-0.023763696704604875,0.6,0.06508993498755045,1.0584914977693607,5.9239032019096225,,-0.0033634339085356624,False,0.11639715066763046,0.23724040006865454,10,10,292163000.0,588011000.0,"min(depreciation & amortization, capex)",False,False,False,False,False,False,False,False,False,False,False,,0,,substitution risk unassessed (cannot be automated),0.0,no moat evidence
SAIC,4761215471.896751,2305000000.0,399000000.0,0.056465869401644254,0.045,0.053434517090000355,2389117647.0588236,6177616368.633566,5659158394.758413,6740298279.561788,3990000000.0,2389117647.0588236,-0.005678879144748305,-0.9928761054350552,11,2026-01-30,0.11564234863823396,0.1266645614535478,-0.00019552701830567067,0.12007711374277058,0.010289484106569423,0.002884823722608477,0.07174332139906361,0.014292803220885834,1.563375224416517,,0.053434517090000355,0.005771984939360042,0.8,0.36917793517922304,4.183303085299456,,,-0.001915155355903253,False,0.11345888837850253,0.5797933409873708,10,10,358000000.0,399000000.0,"min(depreciation & amortization, capex)",False,False,True,False,True,False,False,False,False,False,True,leverage,1,accruals,substitution risk unassessed (cannot be automated),0.0,ejected
KKR,87039805092.61261,-17151790000.0,,,0.045,0.1,,,,,,,,,10,2025-12-31,0.23210325617987765,0.6217313014652459,0.19303231648634392,,,,0.5073957166828493,1.1963089016228743,-0.9427394638099301,,0.37541817425039037,0.5752422812936664,0.6666666666666666,0.12081486756307691,-1.7657542633367709,3.5564631073128536,0.3709460123723572,,True,,,10,7,,,"min(depreciation & amortization, capex)",True,False,True,False,True,True,False,False,False,False,True,leverage;altman_distress,1,accruals,substitution risk unassessed (cannot be automated),0.0,ejected
SANM,11190670730.801926,-625793000.0,263196666.66666666,0.024912419563485923,0.045,0.024602753522063203,3722224372.54902,3590732532.78907,3287167778.9761777,3920515627.4410934,2631966666.6666665,2631966666.6666665,0.29322920081383297,-3.251828441647662,11,2025-09-27,0.12326966348828729,0.1453646610126215,0.006349612607788556,0.08813033147310252,0.006306303780765852,0.0012506650426298302,0.04362098139580546,0.00913943216386126,1.0171928947128677,0.2989423756724789,0.024602753522063203,0.03181363046410968,0.7,-0.15589907478376785,-1.320143702772375,17.595553570542403,,-0.04300774612111935,False,0.19245695829969003,-0.012215783994377671,0,7,245893000.0,263196666.66666666,"min(depreciation & amortization, capex)",False,False,False,False,False,False,False,False,False,False,False,,0,,substitution risk unassessed (cannot be automated),0.0,no moat evidence
SARO,9285942279.422394,1924888000.0,196902000.0,0.01756355194863808,0.045,0.1,391606117.64705896,3731694333.4304247,3422450643.7080708,3731694333.4304247,1969020000.0,391606117.64705896,,-22.712454583744506,4,2025-12-31,0.06879784860992427,0.0883379929036279,-0.01306333920828587,0.14803316710413653,0.007115211915246719,0.00544400663487117,0.0908977844666065,0.011383888378081424,0.8887229372013946,,0.13462284144021663,0.13462284144021663,1.0,,2.5846685993503713,3.1631184097992735,2.2261443451531737,0.06705030433636505,False,0.1482634869743361,,0,0,388673000.0,196902000.0,"min(depreciation & amortization, capex)",False,False,True,True,False,False,False,True,False,False,True,leverage,2,dilution;auditor_change,substitution risk unassessed (cannot be automated),0.0,ejected
SBAC,20155154991.038544,12635700000.0,964475000.0,0.029412926264459485,0.045,0.0,-1288935294.1176453,11802566151.765287,10798876205.66376,12893856583.728916,9644750000.0,,0.12273767395256985,,11,2025-12-31,0.07783977811077271,0.14648699032256546,0.01131150028106212,8.687870657428691,4.418675184614773,0.6994184804450685,5.492012204598811,2.499722178913807,3.0713734750830155,0.4350271132322297,-0.17323215851902274,0.137004810803675,0.5,-0.16334930780885248,7.727921295160883,,,-0.017114043691324965,False,0.07130436291729166,0.035095859945728725,7,10,1121098000.0,964475000.0,"min(depreciation & amortization, capex)",False,False,True,False,False,False,False,False,False,False,True,leverage,0,,substitution risk unassessed (cannot be automated),0.0,ejected
IRT,3945863722.729191,2257911000.0,,,0.045,0.1,,,,,,,,,11,2025-12-31,0.025539793448687544,,0.00584086229422405,,0.002889469453181767,-0.0018410143604350325,,0.08926482718128273,0.7963111319103482,,0.1962748593149175,0.2542277037624314,0.9,0.04272646304798178,,,,0.017082089424813374,False,0.1747327179759612,,10,2,,,"min(depreciation & amortization, capex)",False,False,False,False,False,False,False,False,False,False,False,,0,,substitution risk unassessed (cannot be automated),0.0,no moat evidence
IRM,36152224623.89129,16273424000.0,174394333.33333334,0.0033265078813704708,0.045,0.0865967554571716,-14221725960.784313,3119144593.399106,2859693198.6434593,3305128162.6513534,1743943333.3333333,,,,11,2025-12-31,0.06227457898678025,0.0548668344615249,-0.0003399239926174244,,,,0.16862740495617262,0.13169569035121928,0.2032444076666372,-0.0037960422505540895,0.0865967554571716,0.10723350508643814,0.8,1.6223698179636128,7.436706017620416,1.4033195270909826,,0.03451561491325861,False,1.0845161192106079,,10,0,152254000.0,174394333.33333334,"min(depreciation & amortization, capex)",False,False,True,True,True,False,False,False,False,False,True,leverage,2,dilution;accruals,substitution risk unassessed (cannot be automated),0.0,ejected
LH,22698419799.804688,5052400000.0,854800000.0,0.03080269362010041,0.045,0.048600933646140376,5004070588.235294,12957795813.366045,11868943207.235355,14139721633.57133,8548000000.0,5004070588.235294,0.17916841016740243,-3.5359911295354802,11,2025-12-31,0.07787060182912554,0.08001002033323093,-0.0008309502197459012,0.28759936065139013,0.03455623080756563,-0.002013566227147852,0.09924955381781432,0.045779935001519834,1.2299902972567698,,0.048600933646140376,-0.00038374040677147114,0.8,0.2097569841104996,2.4457353083551165,6.178937974118697,3.3919308376837374,-0.018106005489085475,False,0.08982817475115458,0.21315936137429103,4,10,1123100000.0,854800000.0,"min(depreciation & amortization, capex)",False,False,False,False,False,False,False,False,False,False,False,,0,,substitution risk unassessed (cannot be automated),0.0,no moat evidence
SBUX,120819599434.66187,12855000000.0,3247266666.6666665,0.024292323899978333,0.045,0.06853907357122502,25348137254.901962,53700381990.257576,49211543882.55461,58569600249.195114,32472666666.666664,25348137254.901962,0.2604406561388284,-3.766409390153397,11,2025-09-28,0.8472062657873782,0.4570032455465414,0.0300459194218662,,0.04581759774395273,0.024780395938377858,0.0789739783350007,0.04166693806279191,1.1017441107108612,0.9298350751003411,0.06853907357122502,0.09595337505976698,0.9,-0.11281621813298326,2.7304007986236485,5.412089937338739,-1.0172983427375761,-0.027952489582561357,False,0.07659617842385466,0.49939921410710225,10,8,1856400000.0,3247266666.6666665,"min(depreciation & amortization, capex)",False,False,False,False,False,True,False,False,False,False,True,altman_distress,0,,substitution risk unassessed (cannot be automated),0.0,ejected
JLL,15051931586.265564,-599100000.0,,,0.045,0.1,,,,,,,,,11,2025-12-31,0.11748543184529829,0.12834426769296997,-0.0015340550692783993,,,,0.042043835868216695,0.01633557275945642,0.32770252324037186,0.22471127592506482,0.1591078839839284,0.09499276078772634,0.8,-0.07747786823257263,-0.44351495410127334,,2.783489663889704,0.006202911876640904,False,0.0928837737072459,,4,6,,,"min(depreciation & amortization, capex)",False,False,False,False,True,False,False,False,False,False,False,,1,accruals,substitution risk unassessed (cannot be automated),0.0,no moat evidence
JHG,8004227887.55,-858400000.0,557000000.0,0.07794758126912732,0.045,0.1,7411341176.470589,10556285582.273146,9681491343.639961,10556285582.273146,5570000000.0,5570000000.0,0.03641445647744167,-0.4370247553949731,11,2025-12-31,0.11564455415380503,0.18087099015102442,-0.00271025448648744,,,,0.3153714525554515,0.06843127036503457,1.2082768813893336,2.0502803796961704,0.10366270947183853,0.06146083380935363,0.6,0.04844006568144499,-0.8473003652156746,40.36363636363637,6.153764929352377,-0.0075924385009658035,False,0.1290519877675841,,10,0,843600000.0,557000000.0,"min(depreciation & amortization, capex)",False,False,False,False,True,False,False,False,False,False,False,,1,accruals,substitution risk unassessed (cannot be automated),0.0,no moat evidence
JEF,12009467831.569485,3619208000.0,590499333.3333334,0.037783068744732765,0.045,0.0,3327842980.3921576,7226115186.230818,6611606521.883559,7894257203.958147,5904993333.333333,3327842980.3921576,0.116404717317865,-2.6087843994833775,11,2025-11-30,0.05245338241967805,0.04836012699536364,0.011542905264824065,0.9655757064377651,0.2349857787202735,0.051378899259697096,0.1570342685193699,0.281696993195944,0.11397308324489905,-0.17419068826006526,-0.07179705942422265,0.07170426583297185,0.4,0.40611004226329395,3.403846624093598,,0.6146121960347479,-0.05010323403009376,True,0.7234851659032352,0.7545377944026692,10,10,682045000.0,590499333.3333334,"min(depreciation & amortization, capex)",False,False,True,True,True,True,False,False,False,False,True,leverage;altman_distress,2,dilution;accruals,substitution risk unassessed (cannot be automated),0.0,ejected
JCI,87130607774.88995,9539000000.0,2632333333.3333335,0.027230205996729876,0.045,0.032723899606522,21429627450.980396,37218889480.461105,34078696668.944298,40629349671.85007,26323333333.333332,21429627450.980396,0.23200905097872093,-3.065894657954204,11,2025-09-30,0.05641066645344421,0.07673818214190332,0.0017675356757947903,0.3641295134768605,0.031584312203175535,0.008441234983166311,0.08344634683844719,0.019465234424957133,0.5847885697791889,,0.032723899606522,0.01120804194605829,0.8,-0.0688835113484646,3.36591390261115,,,-0.04489850251703065,True,0.09616650213886146,0.35111321648507815,10,10,3722000000.0,2632333333.3333335,"min(depreciation & amortization, capex)",False,False,True,False,True,False,True,False,False,False,True,leverage,2,accruals;late_filing,substitution risk unassessed (cannot be automated),0.0,ejected
JAZZ,15316194519.050049,3966358000.0,208414000.0,0.010808423822214357,0.045,0.1,-1514428588.2352939,3949870203.4899015,3622546385.804989,3949870203.4899015,2084140000.0,,,,11,2025-12-31,0.0919991085472144,-0.029396536394893934,-0.017391829632086204,,,,-0.10081577735047402,0.16411677817120504,3.962018123503288,-0.1604061991882669,0.12409521177160476,0.12544136350320056,1.0,0.09335259540717034,,,,-0.0033088787063449976,False,0.18341102737800932,-0.005799155107941434,0,9,-356148000.0,208414000.0,"min(depreciation & amortization, capex)",False,False,False,False,False,False,False,False,False,False,False,,0,,substitution risk unassessed (cannot be automated),0.0,no moat evidence
SCHW,179339658258.51834,-23831000000.0,6265666666.666667,0.040291432881187826,0.045,0.1,97544725490.19609,118747157444.63693,108906638411.96909,118747157444.63693,62656666666.666664,62656666666.666664,0.19705240340782476,-1.8622598009020326,11,2025-12-31,0.24394503498634218,0.34586231147925295,0.01089270285763009,,,,0.47903515739308555,0.09204888160296523,1.2568484083178884,,0.14128961434254372,0.15394612763864335,0.9,0.09047663464229072,-2.0796753643424384,,0.5669332385820913,0.031470387686882706,True,0.04224598930481283,0.6617270725465692,10,5,8304000000.0,6265666666.666667,"min(depreciation & amortization, capex)",True,False,False,True,False,True,False,False,False,False,True,altman_distress,1,dilution,substitution risk unassessed (cannot be automated),0.0,ejected
RYAN,5231807356.00473,3193327000.0,82666333.33333333,0.009811871222494594,0.045,0.1,-2220781901.9607844,1566695552.4345646,1436864255.9732895,1566695552.4345646,826663333.3333333,,,,7,2025-12-31,0.1642472762386978,0.09386697456036451,-0.02133387508270583,,,,0.16484437560901655,0.019359050269295082,4.537823858029338,,0.2553609853097967,0.24077864709873498,1.0,0.3308840155219308,6.301843786323656,,0.3444038093276121,,False,0.17607443341689616,,2,0,73474000.0,82666333.33333333,"min(depreciation & amortization, capex)",False,False,True,False,False,True,False,False,False,False,True,leverage;altman_distress,0,,substitution risk unassessed (cannot be automated),0.0,ejected
LHX,54168980855.57254,10981000000.0,2025000000.0,0.031082127322325893,0.045,0.1,12842529411.76471,38377878463.38081,35197522389.35533,38377878463.38081,20250000000.0,12842529411.76471,0.18091744242339136,-3.2179370682187995,11,2025-01-03,0.06723540093996681,0.05954795344566685,-0.0062874636784898,0.25903868698710436,0.052123056130343313,-0.01294428935721032,0.08994138335287222,0.048198783095584986,1.282243332115455,0.13421877248820027,0.18563169790937528,0.10651329188844394,0.7,0.8903102484928687,3.4240723417524164,,1.6022739028787094,0.024454790672950866,False,0.05307023792563043,0.1864155734236141,9,8,2383000000.0,2025000000.0,"min(depreciation & amortization, capex)",False,False,True,True,True,False,False,False,False,False,True,leverage,2,dilution;accruals,substitution risk unassessed (cannot be automated),0.0,ejected
LIN,244946971205.9015,17423000000.0,6563666666.666667,0.025016836479033126,0.045,0.1,59796607843.13727,124394864991.3468,114086323188.27917,124394864991.3468,65636666666.666664,59796607843.13727,0.261175488387828,-3.096335562185465,10,2025-12-31,0.0913251048594622,0.1244554767357455,-0.007565722316556972,,,,0.26254928499970576,0.07528764493402713,0.9900123896937976,,0.13899802495866664,0.04522316072101629,0.7777777777777778,-0.03489443106135748,1.373403752167744,15.518260869565218,2.02581618157168,-0.023666391964328626,False,0.027787710067936865,0.01233709817549955,10,10,6898000000.0,6563666666.666667,"min(depreciation & amortization, capex)",False,False,False,False,False,False,False,False,False,False,False,,0,,substitution risk unassessed (cannot be automated),0.0,no moat evidence
LITE,62396378759.765625,2052500000.0,-217400000.0,-0.0033732161704529023,0.045,0.06988932928886071,,,,,,,,,11,2025-06-28,0.0324001563205298,-0.04464075050200803,-0.0119229246240359,0.2795744680851064,0.07934088184891035,-0.0019268592921471788,-0.10948328267477203,0.1632958938891193,7.832476875642343,-1.5375785207700101,0.06988932928886071,-0.004035779952454299,0.8,0.07238229093464521,,-8.112612612612613,1.4935257729874003,0.01700524181167662,False,0.595000656081879,0.5917950811307275,0,4,25900000.0,-217400000.0,"min(depreciation & amortization, capex)",False,True,True,True,False,False,False,False,False,False,True,leverage,2,structural_decline;dilution,substitution risk unassessed (cannot be automated),0.0,ejected
ROIV,25872156626.465607,-1419232000.0,1302433333.3333333,0.053262885860438085,0.045,0.0,16741977098.039217,15938262344.727272,14582872892.295465,17411948064.872593,13024333333.333332,13024333333.333332,0.11092148801902685,-0.9864476717783848,6,2026-03-31,-0.33721783354584556,-0.1657159366797742,,,,,-62.356900726392254,73.31490465697813,-3.6900732337547626,0.1739624939830003,-0.19071988824449448,-0.19071988824449448,0.4,,,,16.14161719914837,0.008880970928791587,False,,,0,1,-299771000.0,1302433333.3333333,"min(depreciation & amortization, capex)",False,False,False,False,True,False,False,False,False,False,False,,1,accruals,substitution risk unassessed (cannot be automated),0.0,no moat evidence
ROKU,20870259696.70349,-1587068000.0,-222275666.66666666,-0.011526912668957454,0.045,0.1,,,,,,,,,11,2025-12-31,-0.18408818903780336,-0.004942082616614508,-0.11849768778113229,0.43789615538632004,0.06838691856988711,0.014248633787844396,-0.0011871864083199306,0.0863737715891708,,0.018791663304910486,0.3093539226946034,0.21646600111185443,1.0,0.575298891596489,-39.700520312187315,-2.950682056663169,3.670645349831361,0.04600535301674813,False,2.2794576237691313,,0,1,128681000.0,-222275666.66666666,"min(depreciation & amortization, capex)",False,False,True,True,False,False,False,False,False,False,True,leverage,1,dilution,substitution risk unassessed (cannot be automated),0.0,ejected
ROP,35916487452.14932,9003600000.0,,,0.045,0.08232852231095156,,,,,,,,,11,2025-12-31,0.06140865944169899,0.06140865944169899,-0.0036096558845726615,0.6924391015501423,0.03983404568733442,0.010474130399012353,0.28287250869977854,0.010005001184611588,0.2714708186967378,0.10124074598364119,0.08232852231095156,0.1446055560688868,0.8,-0.1491845929310236,2.8732448302272147,6.878153846153846,3.1361584528953634,0.006316602043304975,False,0.28368277826103316,,10,1,,,"min(depreciation & amortization, capex)",False,False,False,True,True,False,False,False,False,False,False,,2,dilution;accruals,substitution risk unassessed (cannot be automated),0.0,no moat evidence
RPM,13460754192.972015,2344476000.0,585258666.6666666,0.037029430101366625,0.045,0.048426593046625444,4540920078.431373,8865088634.496387,8120115485.529778,9673745601.00825,5852586666.666666,4540920078.431373,0.14519547222165702,-1.9643230800093567,11,2025-05-31,0.1231656187482999,0.14807275271298803,0.003575410993609882,0.41375631320324163,0.02572247086964001,-0.0029307175128673456,0.12062199124221921,0.018622102631014315,0.9090439031760152,0.2369640501527551,0.048426593046625444,0.06008754523800475,0.9,-0.010343511992252363,2.1645119804125588,9.2114705364449,,-0.005073001277333011,True,0.08300872649354908,-0.1736884972542913,10,10,688688000.0,585258666.6666666,"min(depreciation & amortization, capex)",False,False,False,False,False,False,False,False,False,False,False,,0,,substitution risk unassessed (cannot be automated),0.0,no moat evidence
RRC,8362234047.984122,1198130000.0,,,0.045,0.0645864088474859,,,,,,,,,11,2025-12-31,,,,0.937903675969592,0.03463869333111358,0.009179516483396467,,,,,0.0645864088474859,0.10904402076786801,0.5,-0.31525136739340565,,,,0.037219001960710596,False,0.06834314847700972,,8,0,,,"min(depreciation & amortization, capex)",False,False,False,True,False,False,False,False,False,False,False,,1,dilution,substitution risk unassessed (cannot be automated),0.0,no moat evidence
KRG,5742722201.714735,2988717000.0,373737000.0,0.04280359644794906,0.045,0.1,1408188882.3529415,7083078105.317806,6496106876.657033,7083078105.317806,3737370000.0,1408188882.3529415,0.05169841325262496,-3.0780908539195577,10,2025-12-31,0.013726145627566688,,-0.00046815656691440475,,,,,0.09076603178984655,7.020709557773226,,0.10136383776686109,0.2592714456252019,0.6666666666666666,-0.1539725801385271,,,,-0.000982328150874956,False,0.05247189879843138,-0.5107332267025844,10,10,526813000.0,373737000.0,"min(depreciation & amortization, capex)",False,False,False,False,False,False,False,False,False,False,False,,0,,substitution risk unassessed (cannot be automated),0.0,no moat evidence
RGEN,8136252727.45697,-23808000.0,63510666.666666664,0.00782879499341446,0.045,0.1,770992313.7254902,1203656615.536605,1103910178.7471027,1203656615.536605,635106666.6666666,635106666.6666666,,-11.810844468315512,11,2025-12-31,0.05559674345849612,0.02076447717641829,-0.016572427416712266,0.5231857241932338,0.052443690673565704,-0.008558200518798988,0.07472611126763616,0.0912060325330209,1.1509204528209098,-0.020925200593424204,0.24346283953049563,0.15049172373312536,0.9,0.35528871949527274,-0.17778839835115598,2.436059348229268,5.478868205082849,0.009714413113418585,False,0.36061436568845745,-1.0,0,1,104120000.0,63510666.666666664,"min(depreciation & amortization, capex)",False,False,True,True,False,False,True,False,True,False,True,leverage;restatement,2,dilution;late_filing,substitution risk unassessed (cannot be automated),0.0,ejected
RH,3129450757.8664856,-41191000.0,108253333.33333333,0.03505318264034882,0.045,0.05012791778636361,1314759627.4509804,1651998840.4796765,1513235109.3171954,1802615993.4171844,1082533333.3333333,1082533333.3333333,0.1994306406683405,-1.890858564355049,11,2026-01-31,0.9805958503153536,14.31640347435957,2.4098546142603645,0.44068647631540997,0.06163692360818379,0.014282801885010566,0.11259309395220751,0.06377714847270183,0.7982223490507445,,0.05012791778636361,0.03841961991453369,0.8,0.05658564853154058,-0.07688215794896298,1.6972262760926824,0.5314201918761096,-0.03831909980479675,False,0.2850810323216168,-0.2032221010850555,0,6,124787000.0,108253333.33333333,"min(depreciation & amortization, capex)",True,False,True,True,False,True,False,False,False,False,True,leverage;altman_distress,1,dilution,substitution risk unassessed (cannot be automated),0.0,ejected
REXR,7701501979.187038,3086131000.0,241282333.33333334,0.022366568625281177,0.045,0.0,-247515313.72548962,2952643355.6276207,2701550634.5735917,3225651055.950102,2412823333.3333335,,0.22323141217131198,,11,2025-12-31,,,,,,,,,0.8768435882438034,,-0.3977941497310509,0.06997394153840619,0.5,0.034482758620689724,,,,0.15715730009426165,False,0.24065742331376352,-0.9925278016760666,10,2,212029000.0,241282333.33333334,"min(depreciation & amortization, capex)",False,True,False,True,False,False,False,True,False,False,False,,3,structural_decline;dilution;auditor_change,substitution risk unassessed (cannot be automated),0.0,no moat evidence
PR,16034067255.199928,3391908000.0,778390333.3333334,0.04006956269158093,0.045,0.1,5765625333.333334,14752083757.894894,13529585770.448277,14752083757.894894,7783903333.333333,5765625333.333334,0.11937979999389953,-1.7809762737271044,9,2025-12-31,0.08501654082766688,0.08501654082766688,0.015063841356484116,,,,0.28877948026252015,0.5613211902418315,4.781880721086935,0.1855473866827668,0.36114223349078234,0.5422885959613155,0.875,-0.3853250452701915,2.318890238725013,5.16752160304103,2.392136553438575,0.06790875569035149,False,0.03521815339108122,,4,0,921492000.0,778390333.3333334,"min(depreciation & amortization, capex)",False,False,False,True,False,False,False,False,False,False,False,,1,dilution,substitution risk unassessed (cannot be automated),0.0,no moat evidence
PRI,9497401400.347168,-756227000.0,,,0.045,0.0889284142165121,,,,,,,,,11,2025-12-31,0.3305534042347273,0.4446026602749049,0.028439253336095417,,0.0034560602305950512,,0.29606590854062914,0.02728493237800651,0.0,0.8548273440146418,0.0889284142165121,0.08220630762464776,0.9,0.0804076386696444,-0.7609318415764673,,1.1652937247956834,-0.04336704899595989,True,,,10,10,,,"min(depreciation & amortization, capex)",True,False,False,False,True,False,False,False,False,False,False,,1,accruals,substitution risk unassessed (cannot be automated),0.0,pass
PSA,56283814098.69873,9935786000.0,,,0.045,0.07313192361616228,,,,,,,,,11,2025-12-31,0.11951696144912798,0.10916953651898148,0.0032658872509216327,,0.0035970750884190762,-0.0013404077801429854,0.4341314144175313,0.2025494063407162,0.4360467141239424,,0.07313192361616228,0.10599650970123964,1.0,0.021000956881491062,3.0608011548488836,6.8779421665380385,1.3933296368320152,0.001370116469307403,True,0.052105363538112695,,0,1,,,"min(depreciation & amortization, capex)",False,False,True,False,True,False,False,False,False,False,True,leverage,1,accruals,substitution risk unassessed (cannot be automated),0.0,ejected
PSN,5950145223.754612,771428000.0,271824000.0,0.04044053243954122,0.045,0.09779500286545706,2426501411.764706,5102848385.599941,4679715123.050037,5151618980.459274,2718240000.0,2426501411.764706,0.13358622468722164,-1.4521499121763495,9,2025-12-31,0.0682261386832566,0.09889702583796046,0.00863827646109853,0.22493382954301727,0.009476130215965444,0.0014393101747673385,0.06569105997647796,0.013405392953952464,1.9028205099434103,0.13833555396407643,0.09779500286545706,0.10183235751059061,0.625,-0.009068951950181203,1.4431083507931757,8.149114086895503,3.0943619873098127,0.03457853993133386,False,0.07876459624667662,-0.6305298933008481,1,6,289655000.0,271824000.0,"min(depreciation & amortization, capex)",False,False,False,True,False,False,False,False,False,False,False,,1,dilution,substitution risk unassessed (cannot be automated),0.0,no moat evidence
PTC,14408192122.59301,1013019000.0,540684333.3333334,0.035061081067828584,0.045,0.08116017601386871,5347973156.862746,9445309775.881891,8658469625.248665,10247070435.417656,5406843333.333333,5347973156.862746,0.18000848985022172,-1.694140695920249,11,2025-09-30,0.08286478969151943,0.1619297906691989,0.012699382710288195,0.8375515565345831,0.041027878887969854,0.011683793615037266,0.35863597965264643,0.12141872810542453,1.739429245092324,0.2167738104563468,0.08116017601386871,0.13435593739979002,0.9,0.16149967625839112,0.933753591381238,12.75509939105935,3.608349644949411,0.004033335692190887,False,0.3687809108243803,-0.3776659570813601,0,6,825493000.0,540684333.3333334,"min(depreciation & amortization, capex)",False,False,False,True,False,False,False,False,False,False,False,,1,dilution,substitution risk unassessed (cannot be automated),0.0,no moat evidence
RGA,15144022998.996368,1542000000.0,,,0.045,0.08565538829278418,,,,,,,,,11,2025-12-31,0.0884028758691486,0.09808575081520493,0.00016459135664260855,,,,0.08042872816271415,0.01822112726719676,1.8943645503456843,35.73091022901149,0.08565538829278418,0.10178173396847501,0.9,0.020699300699300593,0.7911749615187276,5.2076502732240435,0.39193843171571957,-0.000733558645637622,True,0.020866462518207528,,10,0,,,"min(depreciation & amortization, capex)",False,False,False,False,False,True,False,False,False,False,True,altman_distress,0,,substitution risk unassessed (cannot be automated),0.0,ejected
KNX,12217924256.713867,1718001000.0,,,0.045,0.1,,,,,,,,,11,2025-12-31,0.0659256339029551,0.016884154445800232,-0.0057423499572712795,,,,0.02892516676397103,0.04774390324818167,0.03848746485188911,-0.10494482265291272,0.20235606716109378,0.0983109372362938,0.6,-0.03511328564497984,1.7109603979623849,1.335405914892302,2.2808332121445534,-0.012833663789318717,False,1.486086179053375,0.5150187236076806,10,6,,,"min(depreciation & amortization, capex)",False,False,True,True,True,False,False,False,False,False,True,leverage,2,dilution;accruals,substitution risk unassessed (cannot be automated),0.0,ejected
KR,37089667013.17534,12541000000.0,1948333333.3333333,0.03925664212443717,0.045,0.03002767506262205,10380568627.450981,27223057177.650963,24924675586.044704,29719483653.211197,19483333333.333332,10380568627.450981,0.10103265000392297,-2.572989914549889,11,2026-01-31,0.11887396423781477,0.08732943469785576,0.0008987699945385716,,0.0014149350388695716,,0.012801235420815215,0.005625996367670735,0.9792345453755593,,0.03002767506262205,0.02188051774019617,0.8,0.003561697797327845,2.4015702795863656,,1.8052715999139564,-0.03949081453072811,False,0.08198394037531609,-0.061633635009737675,10,10,1016000000.0,1948333333.3333333,"min(depreciation & amortization, capex)",False,False,False,False,False,False,False,False,False,False,False,,0,,substitution risk unassessed (cannot be automated),0.0,no moat evidence
KRC,4465106366.227379,-179316000.0,502441333.3333333,0.11723422995502546,0.045,0.0,6090390509.803922,6148523366.647989,5625653085.124348,6717028947.082645,5024413333.333333,5024413333.333333,-0.07156767085538632,0.11131786539044441,10,2025-12-31,,,,,,,,,1.2773725067891584,,-0.323457358439158,0.2565447332412323,0.6666666666666666,-0.4453651429612092,,,,0.02758059101977861,False,0.07269496141448124,,10,0,535886000.0,502441333.3333333,"min(depreciation & amortization, capex)",False,False,False,True,False,False,False,False,False,False,False,,1,dilution,substitution risk unassessed (cannot be automated),0.0,no moat evidence
RVTY,12527047012.306023,2300204000.0,742700000.0,0.05009020211390425,0.045,0.030991388404766118,6437443058.82353,10421442950.19112,9541795195.097015,11376855972.653591,7427000000.0,6437443058.82353,0.07307907835090935,-0.9459662629769954,11,2025-12-28,0.06943971418342541,0.03338958133064085,-0.0048307617615701536,,0.1174047394565053,0.032550018366938084,0.12486996905867577,0.08362305118457009,1.1055438524048093,-0.08658096152323097,0.030991388404766118,0.014078223738904772,0.7,,3.018739459956035,3.868687964419374,3.85666313247821,0.00285755908058416,False,0.06425468198892052,0.4183197339962795,10,10,573019000.0,742700000.0,"min(depreciation & amortization, capex)",False,False,True,False,False,False,False,False,False,False,True,leverage,0,,substitution risk unassessed (cannot be automated),0.0,ejected
KTOS,9036587771.44049,-560600000.0,9800000.0,0.0011562074255251661,0.045,0.07440288058997013,675894117.6470588,166249313.29724464,152374414.06126451,181296946.43033338,98000000.0,98000000.0,,-91.21007930041317,11,2025-12-28,0.014883384104344265,0.011537720890403941,0.0024109416272440447,0.22861597861597863,0.017802669737093893,-6.094800415135973e-05,0.019008019008019007,0.028705645783113125,,-0.02157792971475273,0.07440288058997013,0.1249031823911102,0.9,0.04209059233449475,-7.711141678129298,2.6666666666666665,6.203849704383995,0.07962610214378252,False,,,0,0,22000000.0,9800000.0,"min(depreciation & amortization, capex)",False,False,True,True,False,False,False,False,False,False,True,leverage,1,dilution,substitution risk unassessed (cannot be automated),0.0,ejected
KVUE,37401767973.72978,-312000000.0,1530666666.6666667,0.04126924352157767,0.045,0.001160460167521693,18319843137.254906,18827812280.964596,17227127273.618687,20568133991.0114,15306666666.666666,15306666666.666666,0.15946139750154553,-1.4434952944509876,5,2025-12-28,0.11173183679210878,0.1698246999707641,0.016121352777758544,0.581327691087014,0.012694132270929508,0.006965102148851064,0.15961385876752182,0.028061248314865114,0.9565374428124247,,0.001160460167521693,0.001160460167521693,0.5,,-0.10501514641534837,5.613953488372093,1.2074669384086152,0.02899158487843967,False,0.1077407174323474,-0.9681093394077449,3,3,1552000000.0,1530666666.6666667,"min(depreciation & amortization, capex)",False,False,False,True,False,False,False,False,False,False,False,,1,dilution,substitution risk unassessed (cannot be automated),0.0,no moat evidence
L,23661362266.700264,8994000000.0,1514333333.3333333,0.046373190441606225,0.045,0.0,8821686274.509804,18531345387.376446,16955440214.393135,20244793094.647507,15143333333.333332,8821686274.509804,0.05552666056924062,-1.6821813347715158,11,2025-12-31,0.05225661834144519,0.0762712078975286,0.004265453242167357,,0.10690276307764629,-0.07723509734066313,0.856962822936358,0.45059354347426406,2.3325358851674642,15.598117857358465,-0.13423181081502356,0.023933053901512125,0.5,-0.2713178294573644,2.703336339044184,6.224256292906179,1.1618643122715082,-0.05358449834256862,True,0.016544035674470457,-0.07544757033248084,10,10,1695000000.0,1514333333.3333333,"min(depreciation & amortization, capex)",False,False,False,False,False,False,False,False,False,False,False,,0,,substitution risk unassessed (cannot be automated),0.0,no moat evidence
LIVN,4535312763.164917,-259489000.0,-53897000.0,-0.012605056472230754,0.045,0.1,,,,,,,,,11,2025-12-31,-0.0005923919942453349,0.21200470389091736,-0.005448713792954397,0.677113914238145,0.08086606518760939,-0.00596450546618404,0.1436472526625424,0.17401702739010297,,,0.16887510405350148,0.08240409158367767,0.7,-0.13828919818847596,-1.1383443078178397,4.045570750314491,0.7159420984279447,0.011957040232274618,False,0.6664017555305142,,0,2,-242471000.0,-53897000.0,"min(depreciation & amortization, capex)",False,False,False,True,False,True,False,False,False,False,True,altman_distress,1,dilution,substitution risk unassessed (cannot be automated),0.0,ejected
LUV,23671311069.7519,2022000000.0,457000000.0,0.017786730513608844,0.045,0.03538780295187016,3354470588.2352943,6537658875.107887,5986439234.4650345,7136265952.876011,4570000000.0,3354470588.2352943,,-6.0566458840841415,11,2025-12-31,0.14651818061010863,0.03351534504124784,-0.030912815229938495,,,,0.015251398638777038,0.17284267373651394,0.6871290348808846,1.6629657044475004,0.03538780295187016,0.2540541822088387,0.9,-0.5965757089352595,1.017102615694165,2.562874251497006,,-0.017978925216233566,False,0.06969589397704413,0.5057369814651369,8,7,441000000.0,457000000.0,"min(depreciation & amortization, capex)",True,False,True,False,False,False,False,False,False,False,True,leverage,0,,substitution risk unassessed (cannot be automated),0.0,ejected
LAD,7155097744.086914,9421700000.0,872366666.6666666,0.05262576524937377,0.045,0.1,841437254.9019604,16533126868.56197,15163034707.025818,16533126868.56197,8723666666.666666,841437254.9019604,-0.08933832211691478,-7.50342399555459,11,2025-12-31,0.13525558442743404,0.07415059071537529,-0.009457884777730862,0.15233201097917093,0.013823991750184412,0.0016434841330695055,0.04237290387379799,0.012570166353061855,0.17809894499298048,0.06044622328906316,0.1694814418041699,0.23449224111892808,1.0,0.03580925927387213,4.911484126570401,5.7883847549909255,1.9517475727370854,-0.004192997661036424,False,0.2757116559849449,0.5908669600784557,10,10,819600000.0,872366666.6666666,"min(depreciation & amortization, capex)",False,False,True,True,True,False,False,False,False,False,True,leverage,2,dilution;accruals,substitution risk unassessed (cannot be automated),0.0,ejected
LAMR,15746905429.954163,3354095000.0,681049666.6666666,0.03565518304468731,0.045,0.046894039863639936,4658254019.607843,10247082232.119455,9385633279.61811,11182220871.581722,6810496666.666666,4658254019.607843,0.1464381970951089,-2.380430814565115,10,2025-12-31,0.12479808423481131,0.17063512488595664,0.0037308405895626175,0.6704380080610216,0.011606339957396735,0.002837562307778637,0.3415648301528452,0.02771230417169515,1.4483540852036623,0.8385741904977592,0.046894039863639936,0.07632534499161014,0.8888888888888888,-0.10537372465563133,3.048093813926141,4.824540955610127,0.09619235492044514,0.00440358667332208,False,0.05033324305696801,-0.6252015500423145,0,10,732684000.0,681049666.6666666,"min(depreciation & amortization, capex)",False,False,True,False,False,True,False,False,False,False,True,leverage;altman_distress,0,,substitution risk unassessed (cannot be automated),0.0,ejected
LDOS,13461560149.066544,3540000000.0,1110333333.3333333,0.06530773197272105,0.045,0.1,9522745098.039215,21043080355.806015,19299250547.97409,21043080355.806015,11103333333.333332,9522745098.039215,-0.0020997549200349134,-0.41362180867766285,11,2026-01-02,0.10465356773526369,0.19100865640175774,0.004526151049826054,0.1772373882036593,0.01586509029469439,0.0035770510932762608,0.12328286666276962,0.02364063618863896,1.361256544502618,2.1695246874447225,0.13761905375967842,0.07000095748778401,1.0,,1.4756148395164652,,3.744204179623722,-0.020954605207311072,False,0.06891891891891892,-0.18417047184170476,1,7,1613000000.0,1110333333.3333333,"min(depreciation & amortization, capex)",False,False,False,False,False,False,False,False,False,False,False,,0,,substitution risk unassessed (cannot be automated),0.0,no moat evidence
LEA,6819946747.284378,1706400000.0,540133333.3333334,0.06334874118336374,0.045,0.024766588547938007,4648109803.92157,7374236752.187514,6750835229.810917,8051476555.659792,5401333333.333333,4648109803.92157,0.007067697069174376,-0.46725164313683987,11,2025-12-31,0.1102962953556263,0.0876329961499715,-0.022729029217412003,0.06468006070742204,0.02016578052407851,-0.005175256146314204,0.03341917787016695,0.02077862337102385,0.9897585254464408,0.2179787314996075,0.024766588547938007,0.06413476614161073,0.6,-0.1395637622852759,1.2352685681192992,7.711309523809524,,-0.0365493800641149,False,0.08554258478966636,0.5075213375716467,10,10,479300000.0,540133333.3333334,"min(depreciation & amortization, capex)",False,False,False,False,False,False,False,False,False,False,False,,0,,substitution risk unassessed (cannot be automated),0.0,no moat evidence
LFUS,10498941477.250732,239236000.0,115483000.0,0.010754432048143686,0.045,0.1,1119387529.4117649,2188638290.6600533,2007266902.7604551,2188638290.6600533,1154830000.0,1119387529.4117649,,-8.379183885287608,11,2025-12-27,0.10736081629412007,0.007744206027907117,-0.007627315679769216,0.37968624151089514,0.01905115976407248,-0.0016797287371602488,0.015726477961223555,0.052519134140919986,1.6206612880904114,-0.10429064807228298,0.10643836838259646,0.10542543731131415,0.6,-0.038685447507868065,2.128453100116549,1.0940151007200536,4.601511856973225,0.008871856025678193,False,0.08195683103087592,-0.8222658066916804,10,5,-64466000.0,115483000.0,"min(depreciation & amortization, capex)",False,False,True,False,False,False,True,True,False,False,True,leverage,2,auditor_change;late_filing,substitution risk unassessed (cannot be automated),0.0,ejected
RMBS,12122153835.696083,-182822000.0,248060000.0,0.020776707056449586,0.045,0.09096466165976569,3101174941.1764708,4521345901.071351,4145714321.3138027,4701242731.667282,2480600000.0,2480600000.0,,-3.8867829701266157,11,2025-12-31,0.08655015329438308,0.17999918719475652,0.011206345673567777,0.795917357941297,0.046285116635349774,-0.008718928148072246,0.3677317242061529,0.28117867036198607,2.629764032295747,0.6452998501671071,0.09096466165976569,0.23498194065762745,0.8,0.08224408289873164,-0.6718087412818685,189.5251274581209,13.70709584507307,-0.007253627463515211,False,0.1988531408825277,0.4909354260409122,0,8,230455000.0,248060000.0,"min(depreciation & amortization, capex)",False,False,False,False,False,False,False,True,False,False,False,,1,auditor_change,substitution risk unassessed (cannot be automated),0.0,no moat evidence
LOW,118662433824.65735,41268000000.0,7127333333.333333,0.04456520977831846,0.045,0.03861453432785833,42582980392.15686,103415545881.66547,94703217474.39777,112875816042.49512,71273333333.33333,42582980392.15686,0.07008781860631846,-1.7866164540825133,11,2026-01-30,0.24635799344147474,0.24635799344147474,0.02520191283619343,0.334758825301903,0.00784262718070645,-8.912454146955852e-05,0.11766682891778504,0.022756817281091947,1.1365494543564871,0.03228962689012453,0.03861453432785833,-0.007502609287254769,0.8,0.01176569577472697,3.3423503685105693,,0.6257324401850494,-0.049357488888821965,False,0.026884916098943806,0.35817470406630236,10,10,6654000000.0,7127333333.333333,"min(depreciation & amortization, capex)",False,False,True,False,True,True,False,False,False,False,True,leverage;altman_distress,1,accruals,substitution risk unassessed (cannot be automated),0.0,ejected
LSCC,18830360200.57184,-133886000.0,107758666.66666667,0.005763582240729155,0.045,0.0257061356620385,1401635019.6078434,1477288946.9678135,1352431137.6550646,1612925394.411026,1077586666.6666667,1077586666.6666667,,-16.474566810315494,11,2026-01-03,0.05996265494456539,0.010647950248893425,0.034411741943524095,0.6821496688083598,0.057763427578331146,0.016008145558247314,0.021465346231906768,0.17097808454596877,2.9467668561501155,-0.21718196311866583,0.0257061356620385,0.05096018600913399,0.8,,-4.300591031735834,42.54545454545455,7.132260245644833,0.01648446065674869,False,0.4129336027273908,0.17698932949234253,0,6,3084000.0,107758666.66666667,"min(depreciation & amortization, capex)",False,True,False,True,False,False,False,False,False,False,False,,2,structural_decline;dilution,substitution risk unassessed (cannot be automated),0.0,no moat evidence
LNT,19732366020.899483,11472000000.0,734333333.3333334,0.02353303165465708,0.045,0.029750828828399856,-2832784313.7254887,10247973257.876637,9382700274.29613,11187813189.440073,7343333333.333333,,0.18199121036882737,,11,2025-12-31,0.059689165853292286,0.05450388173987025,-0.0007975312029279041,0.8567171022466759,0.00720891758650399,-0.0012657741899013764,0.23498395231545163,0.0219313586974276,-1.4286109064112011,0.044566067240031274,0.029750828828399856,0.05010701536435036,0.7,-0.0635964912280702,6.13148049171566,2.001953125,,0.014530808111403504,False,,,10,0,810000000.0,734333333.3333334,"min(depreciation & amortization, capex)",False,False,True,False,True,False,False,False,False,False,True,leverage,1,accruals,substitution risk unassessed (cannot be automated),0.0,ejected
H,17998049313.368317,3491000000.0,643666666.6666666,0.02995324070787265,0.045,0.05075926015606402,4081549019.6078434,9849833939.397312,9022608298.366928,10747703159.128914,6436666666.666666,4081549019.6078434,0.19147210459860248,-3.4096124355986728,11,2025-12-31,0.05626471960384242,0.03207326007326008,0.0023119242668060733,,,,0.0560484438811435,0.1784244252324283,0.6305418719211823,0.525153244557176,0.05075926015606402,0.28008214249987606,0.6,-0.5884462151394423,4.828492392807745,1.2555205047318612,1.0015268144170801,-0.040232280646017915,True,0.248046875,0.35838578304331725,6,9,53000000.0,643666666.6666666,"min(depreciation & amortization, capex)",False,False,True,True,False,True,False,False,False,False,True,leverage;altman_distress,1,dilution,substitution risk unassessed (cannot be automated),0.0,ejected
HAE,3462529555.722107,979140000.0,198960000.0,0.04479396711168757,0.045,0.039125735580747945,1361565882.3529415,2893335481.8718376,2649615633.582247,3157973732.387957,1989600000.0,1361565882.3529415,0.08028698798570105,-1.5430495876838952,11,2026-03-28,0.07197188712185429,0.06709484067608357,0.010045797741589504,0.5903823535805497,0.05323049205315079,0.0148896202627843,0.11748937615205689,0.06446171144512897,1.6397466692735245,0.05558737646670465,0.039125735580747945,0.08913787447180832,0.7,0.02160030343775543,3.64736953857501,8.120932642487046,,-0.007214655966407468,False,0.1993080993427625,0.2637362637362637,0,6,176245000.0,198960000.0,"min(depreciation & amortization, capex)",False,False,True,False,False,False,False,False,False,False,True,leverage,0,,substitution risk unassessed (cannot be automated),0.0,ejected
HAL,28729327596.763687,4952000000.0,2140666666.6666667,0.06355648127339124,0.045,0.0,20232313725.4902,26195971841.89556,23968267016.69221,28618107253.758812,21406666666.666668,20232313725.4902,0.020879580697130175,-0.41997242562368475,11,2025-12-31,0.1069707924734314,0.1069707924734314,0.029335051048424505,,0.018315145337621814,,0.10187522538766679,0.17924279667420753,82.32835820895522,1.2202922144613346,-0.006307298166726261,0.08959339537251054,0.5,-0.3553641556586933,1.4581861012956419,,4.848349529681405,0.0,False,0.0,0.04274985557481226,10,7,1283000000.0,2140666666.6666667,"min(depreciation & amortization, capex)",False,False,False,False,False,False,False,False,False,False,False,,0,,substitution risk unassessed (cannot be automated),0.0,no moat evidence
HALO,9038310238.02185,2008810000.0,348997666.6666667,0.031591732428646026,0.045,0.1,2097044901.960785,6614217301.400904,6066100338.929764,6614217301.400904,3489976666.6666665,2097044901.960785,0.17322641946935502,-3.3100222744733907,11,2025-12-31,0.15471019256527646,0.15471019256527646,0.07404674435931004,0.83619347119563,0.055157383808603626,-0.0009043713547689792,0.3358172032154981,0.4423812654613745,1.268705148407013,0.10520037996038473,0.2631526454787232,0.39161729454921623,0.9,0.3653312380097147,4.181579741670917,25.874765530177644,3.023067564698536,-0.0022321635348673263,False,0.17350374381533898,0.5868636617870215,0,7,321308000.0,348997666.6666667,"min(depreciation & amortization, capex)",False,False,True,False,False,False,False,False,False,False,True,leverage,0,,substitution risk unassessed (cannot be automated),0.0,ejected
SMTC,12680668954.679688,296055000.0,-416243666.6666667,-0.03207617485895276,0.045,0.07914271156239394,,,,,,,,,11,2026-01-25,0.06405030332890553,0.0385032390487755,-0.03278224477980809,0.516339912855068,0.0851391761547876,-0.013544752077412682,0.031015024167242077,0.36501822438205156,,-0.1617908907719998,0.07914271156239394,0.12025094886413545,0.9,-0.12704800413267947,4.739534139117906,0.8017381456497119,,0.029683439843890547,False,0.5449700494664884,0.38326418976727433,0,7,-20259000.0,-416243666.6666667,"min(depreciation & amortization, capex)",False,False,True,True,False,False,True,False,False,False,True,leverage,2,dilution;late_filing,substitution risk unassessed (cannot be automated),0.0,ejected
SEIC,11480055192.156006,-399804000.0,559683000.0,0.050511760996557006,0.045,0.05584689830765566,6984309882.3529415,8757252736.474777,8022761777.6089115,9554329320.526,5596830000.0,5596830000.0,0.11838936093823418,-1.0511709650205572,11,2025-12-31,0.3891072532058176,0.23985900818065967,-0.015892692317969515,0.3517631598763984,0.017165494842053385,0.0026089632992364956,0.2730548394019103,0.018713699755152528,1.0228871185268191,0.1286080806643981,0.05584689830765566,0.06408224332342005,0.9,0.02071235267912619,-0.6373298092971429,1030.0673234811165,,-0.02845195779893339,False,0.06807831017029391,0.20697862012349644,10,10,692661000.0,559683000.0,"min(depreciation & amortization, capex)",True,False,False,False,False,False,False,False,False,True,True,going_concern,0,,substitution risk unassessed (cannot be automated);going-concern language found — read the opinion,0.0,ejected
SF,11535812560.654953,-1636346000.0,648750333.3333334,0.06553386784614905,0.045,0.04723237225187149,9268702862.745098,9775576895.844528,8953838004.565886,10667598301.25425,6487503333.333333,6487503333.333333,0.08525016409805686,-0.7781590186448131,11,2025-12-31,0.17142112924131445,0.30539094287991075,0.019640233745884434,,,,0.4478744062941111,0.1162485508708155,1.1716045770946333,0.6078168842523424,0.04723237225187149,0.07078132112547286,0.7,0.1388682347909671,-0.9350388279058073,2.065218640675077,,-0.014595369931484248,True,0.2524528756063833,-0.036960108199237285,0,10,683779000.0,648750333.3333334,"min(depreciation & amortization, capex)",True,False,True,True,True,False,False,True,False,False,True,leverage,3,dilution;accruals;auditor_change,substitution risk unassessed (cannot be automated),0.0,ejected
SGI,15472382505.03453,4584200000.0,454766666.6666667,0.022674185223355615,0.045,0.0901227518724581,765996078.4313736,8258827271.056868,7572526577.539873,8618755487.66921,4547666666.666667,765996078.4313736,0.23866741848395273,-19.19903618399623,11,2025-12-31,0.16170112560599395,0.07861271409151079,0.0038721398341093906,0.42576071691299405,0.01466671189310335,0.0008447531037570884,0.1009697050759045,0.026362633313875766,1.1010116492949111,0.032699451558792614,0.0901227518724581,0.1525062886870856,0.7,0.18380553766902774,4.385115745169313,2.8178424785367673,1.7447273569731911,-0.007422791860138833,False,0.12465543644716692,,5,0,507700000.0,454766666.6666667,"min(depreciation & amortization, capex)",False,False,True,False,False,False,False,False,False,False,True,leverage,0,,substitution risk unassessed (cannot be automated),0.0,ejected
SCI,10688613383.481628,4896236000.0,532859666.6666667,0.03419087689300638,0.045,0.037362229263232294,1372701254.9019613,7689256675.463241,7041263482.266083,8392909316.4197,5328596666.666667,1372701254.9019613,0.11318899886503905,-6.786554682100157,11,2025-12-31,0.11877281645640414,0.11133885703358744,0.0031885155268750235,0.26456534966539297,0.029566980838605296,0.005543571894688391,0.22697467809824207,0.03274593012199076,0.943990344376303,0.05552978694494565,0.037362229263232294,0.041792576333984144,0.8,0.08689033779716082,4.087892123589324,3.8300479300784738,,-0.035326523293595424,False,0.03421214102702316,0.32040048412487043,10,10,542614000.0,532859666.6666667,"min(depreciation & amortization, capex)",False,False,True,False,False,False,False,False,False,False,True,leverage,0,,substitution risk unassessed (cannot be automated),0.0,ejected
SIGI,5743283071.870728,-17958000.0,350020000.0,0.06113539329315887,0.045,0.09610820638155415,4135840352.941177,6523124594.87924,5981964316.517203,6633592602.346941,3500200000.0,3500200000.0,0.06674496313525291,-0.6408442580054647,11,2025-12-31,0.09050005856100751,0.1407478798236255,0.0014752307157839665,,,,0.11971662349576385,0.02546041215417857,2.079664865897715,0.7390602516613014,0.09610820638155415,0.1280129406785233,1.0,0.02662330567705995,-0.026739608212177704,12.95403673816958,1.3644943831008012,0.004881393072637463,True,0.03026550468506499,0.41383565621370494,10,10,466411000.0,350020000.0,"min(depreciation & amortization, capex)",False,False,False,False,False,False,False,False,False,False,False,,0,,substitution risk unassessed (cannot be automated),0.0,no moat evidence
SIRI,10239978478.802063,9612000000.0,-24666666.666666668,-0.0012425293878393898,0.045,0.0647436459626749,,,,,,,,,11,2025-12-31,0.1750706256881204,0.05295673678938142,-0.015921832833723493,0.5244215938303342,0.21652519748513283,-0.05931854742171037,0.17188595466230427,0.13461071264993207,2.4932922364478083,0.04320796364281495,0.0647436459626749,0.012565781185999159,0.7,0.03156274056966901,5.077654516640253,3.20479302832244,1.9122466183944127,-0.010064726997455975,False,0.12250428672353908,-0.3871949233175322,6,10,805000000.0,-24666666.666666668,"min(depreciation & amortization, capex)",False,True,True,False,False,False,False,False,False,False,True,leverage,1,structural_decline,substitution risk unassessed (cannot be automated),0.0,ejected
HIG,38043874864.96765,4194000000.0,3394666666.6666665,0.08037020511849244,0.045,0.0,35743254901.960785,41541541145.727875,38008849470.25747,45382560615.42818,33946666666.666664,33946666666.666664,-0.019793216820944315,-0.12069544967500945,11,2025-12-31,0.11008550821705984,0.1724580584402233,0.012582494380936678,,,,3.2928286852589643,1.019911427846403,2.1052519100283167,4.099219121610909,-0.21045180921913642,0.020603874488899665,0.5,-0.031339031339031376,0.7831932773109244,24.91959798994975,1.6226730871721493,-0.03871284972747102,True,0.03129123946807431,-0.3554289982261227,10,9,4063000000.0,3394666666.6666665,"min(depreciation & amortization, capex)",False,False,False,False,False,False,False,False,False,False,False,,0,,substitution risk unassessed (cannot be automated),0.0,no moat evidence
SPXC,11007755906.472778,136200000.0,219266666.66666666,0.01967583760263349,0.045,0.038063991616365866,2443407843.137255,3173817727.083041,2906399527.8248596,3464198882.0731897,2192666666.6666665,2192666666.6666665,,-4.0202596107355335,11,2025-12-31,0.11088485746019992,0.11537768685249081,0.011607414031303928,0.4051476755993113,0.07624274044288468,0.021478991865142825,0.15469515694671318,0.0659842942798514,0.8723906017992837,0.12304196214590003,0.038063991616365866,0.14960317922978494,0.7,0.004004983980063992,0.2879492600422833,7.284823284823285,,0.017628784808930265,False,0.17360832999599518,-1.0,0,1,274500000.0,219266666.66666666,"min(depreciation & amortization, capex)",False,False,False,False,False,False,False,False,False,False,False,,0,,substitution risk unassessed (cannot be automated),0.0,no moat evidence
SITM,18840224192.99359,-16759000.0,-69952000.0,-0.0037162126783137307,0.045,0.1,,,,,,,,,8,2025-12-31,-0.09751694464281199,-0.05878238371526641,-0.0027004663515987474,0.5356823608645075,0.07725699051107769,0.014553280262374756,-0.205038878344456,0.3089488838080974,,-0.05291151588116055,0.21162795952323266,0.22973309743275894,0.7142857142857143,0.381592406689345,,,12.234444480861557,0.0922009077740813,False,5.372060680886088,,0,0,-42903000.0,-69952000.0,"min(depreciation & amortization, capex)",False,False,False,True,False,False,False,True,True,False,True,restatement,2,dilution;auditor_change,substitution risk unassessed (cannot be automated),0.0,ejected
SJM,11927884840.91301,6484200000.0,-198833333.33333334,-0.010799066757041604,0.045,0.014839589300893463,,,,,,,,,11,2026-04-30,0.062410810468705356,0.029946790821416696,-0.007070561422165649,0.3352705255830912,0.023778413801014697,-0.0032175658147967465,0.03979714724502536,0.07770270790417669,2.146576827427891,,0.014839589300893463,0.024922544207570674,0.5,-0.0047205919877519875,9.176620435890179,,0.44558114345746536,-0.015428968829121037,False,0.0270818892959699,0.2262892467870506,10,10,-109700000.0,-198833333.33333334,"min(depreciation & amortization, capex)",False,False,True,False,False,True,False,False,False,False,True,leverage;altman_distress,0,,substitution risk unassessed (cannot be automated),0.0,ejected
SLAB,7210816123.534058,-364222000.0,-91068333.33333333,-0.013301260698410717,0.045,0.01983439091693473,,,,,,,,,11,2026-01-03,-0.024617347718762547,-0.09660556891574316,-0.019131361326340326,0.5823190156531135,0.022451543547608546,-0.002491944178324358,-0.08988817020148733,0.14293683945432545,0.44763521057567773,,0.01983439091693473,0.0896220261582612,0.7,,,-72.3497435897436,11.343171490870468,-0.0268239864446691,False,0.594943999934172,0.8972491379147818,0,8,-64907000.0,-91068333.33333333,"min(depreciation & amortization, capex)",False,True,True,True,True,False,False,True,False,False,True,leverage,4,structural_decline;dilution;accruals;auditor_change,substitution risk unassessed (cannot be automated),0.0,ejected
SLB,71403951379.95535,9742000000.0,4649333333.333333,0.05729593718808514,0.045,0.0006548673591624254,44956039215.68628,57060659139.08879,52208959928.49536,62335689764.47551,46493333333.33333,44956039215.68628,0.051582494002842566,-0.5883061013756021,11,2025-12-31,0.0966002913023526,0.10877706956693106,0.008682719102828976,,0.30876726709506075,,0.1357959000784138,0.03125755700830202,,0.21582248172667629,0.0006548673591624254,0.08634313500805857,0.6,-0.28301485554576666,1.300320341697811,8.689964157706093,3.2343771560793297,0.01203296338401505,True,0.0850979754073592,,10,0,4323000000.0,4649333333.333333,"min(depreciation & amortization, capex)",False,False,False,False,False,False,False,False,False,False,False,,0,,substitution risk unassessed (cannot be automated),0.0,no moat evidence
SHC,5252776051.236515,1796076000.0,57907666.666666664,0.008215191104274697,0.045,0.06932074806197974,-1114809333.3333333,960888127.5064571,880583925.7915872,1047994910.790246,579076666.6666666,,,,7,2025-12-31,0.07331398670654254,0.03377375150440592,-0.010621257630344003,0.5547650128865426,0.017021218475405612,0.0051315043348059515,0.12676507820012942,0.051286611940980824,,-0.5171382497609032,0.06932074806197974,0.0729872841922552,1.0,0.05117514874853368,7.409371055171902,,0.7430722702613658,0.03544759127520436,True,0.5759141194911678,,1,1,77949000.0,57907666.666666664,"min(depreciation & amortization, capex)",False,False,True,True,False,True,False,False,False,False,True,leverage;altman_distress,1,dilution,substitution risk unassessed (cannot be automated),0.0,ejected
GEN,15609061065.215889,7785000000.0,1187666666.6666667,0.0507678706726376,0.045,0.03339593856643441,6187549019.607845,16842241465.632301,15421484914.407753,18385243047.44364,11876666666.666666,6187549019.607845,0.01613347756044623,-1.5226565503969391,11,2026-04-03,0.11008483232663602,0.1313160969868521,0.016507821388749417,0.7846,0.024420254815972632,-0.0015428161122716167,0.424,0.17808898340142768,0.6935002018570852,0.07899929277741397,0.03339593856643441,0.1440681863736788,0.8,0.01384364820846895,2.979334098737084,3.725834797891037,0.4958761426456005,-0.00788598514298644,False,0.31062987542205145,0.4802612051053725,10,8,1444000000.0,1187666666.6666667,"min(depreciation & amortization, capex)",False,False,True,True,False,True,False,False,False,False,True,leverage;altman_distress,1,dilution,substitution risk unassessed (cannot be automated),0.0,ejected
GEV,293326670508.94714,-8785000000.0,2003333333.3333333,0.007040562212733408,0.045,0.08682326316822997,32353627450.980392,35865942837.45967,32882789629.657875,37967250957.18828,20033333333.333332,20033333333.333332,,-13.641930308266913,4,2025-12-31,0.02811879506419858,0.5800250731299624,0.30094423943820864,0.19793527372071032,0.035304545043848244,0.027320147231482,0.03646106966481034,0.05863921544761774,1.6017780502759043,,0.08682326316822997,0.08682326316822997,1.0,,-4.385921118322516,,0.6190857113951131,0.002427193987260212,False,0.07885167464114833,,1,2,4884000000.0,2003333333.3333333,"min(depreciation & amortization, capex)",False,False,False,False,False,True,False,False,False,False,True,altman_distress,0,,substitution risk unassessed (cannot be automated),0.0,ejected
GHC,4989670588.197266,613768000.0,411610666.6666667,0.07345679981817911,0.045,0.06624548550139409,4228710431.37255,6739215285.104956,6175535368.786835,7350708832.141487,4116106666.6666665,4116106666.6666665,-0.00212922447843139,-0.2122306325550194,11,2025-12-31,0.029301103932572875,0.029301103932572875,-0.00025166903648238454,,,,0.0478354853638241,0.03425237101323176,0.582769450853588,0.05451922708538755,0.06624548550139409,0.11196418046276091,0.8,-0.014657758827379297,1.9465356645618799,1.9778847853721366,5.6491878165570455,-0.02661370003679242,False,0.07144570947863862,-0.12564953301844956,0,10,300776000.0,411610666.6666667,"min(depreciation & amortization, capex)",False,False,True,False,True,False,False,False,False,False,True,leverage,1,accruals,substitution risk unassessed (cannot be automated),0.0,ejected
GIS,19330918754.619507,13015800000.0,1573166666.6666667,0.048634505360516646,0.045,0.010707863045734456,5492043137.254906,20185850680.804512,18473563456.19526,22046906081.935303,15731666666.666666,5492043137.254906,0.0009310836014769786,-2.5198046103260765,11,2026-05-31,0.13589787600598097,0.0239003738189382,-0.006121470483811526,0.33627324338113174,0.00917312852866035,-0.0013883151228591475,0.048077027452427736,0.03691046157847385,1.1580702963473466,-0.8654370819943099,0.010707863045734456,0.0032621470033440403,0.6,0.04514621824822718,9.032477446217904,,2.297006206601509,-0.012843616330440177,False,0.04003110444587271,-0.049471761795778724,10,10,-72300000.0,1573166666.6666667,"min(depreciation & amortization, capex)",False,False,True,False,False,False,False,False,False,False,True,leverage,0,,substitution risk unassessed (cannot be automated),0.0,ejected
GL,13908506417.05481,2480745000.0,1067585000.0,0.06513933875521984,0.045,0.04757517157165281,10079078529.411766,16110872631.150087,14756706013.257504,17580842561.578693,10675850000.0,10079078529.411766,0.014149870348426654,-0.37993829261954715,11,2025-12-31,0.11327298103548497,0.15084460185619103,0.008206864554499904,,0.017320630329915425,0.004295581447445415,0.26311517006605256,0.024445371423735936,1.4884008038842838,,0.04757517157165281,0.04816678342784941,1.0,0.046468804637935124,1.5435236274853845,11.168282337612679,1.5007478334041053,-0.042009343404922794,True,0.0274564813727027,0.278029244517745,10,10,1161238000.0,1067585000.0,"min(depreciation & amortization, capex)",False,False,False,False,True,False,False,False,False,False,False,,1,accruals,substitution risk unassessed (cannot be automated),0.0,no moat evidence
GLPI,12229519180.812447,6979417000.0,964553000.0,0.050213764620837216,0.045,0.1,4368265352.941177,18280245829.871292,16765370771.96042,18280245829.871292,9645530000.0,4368265352.941177,0.008006155443467264,-1.7996282717986083,11,2025-12-31,0.10047787284191707,0.1032505121998259,-0.00046973193746900854,,0.05021034924060697,,0.75337920880488,,1.405302664160732,0.10789973221601347,0.10738472382207309,0.7297049547164867,0.6666666666666666,-0.1977708717900788,4.701853345163053,3.2134636421749168,0.7374911821919502,0.04993294628861822,False,0.025897032826870146,,10,0,825111000.0,964553000.0,"min(depreciation & amortization, capex)",False,False,True,True,False,True,False,False,False,False,True,leverage;altman_distress,1,dilution,substitution risk unassessed (cannot be automated),0.0,ejected
HAS,11172104910.781403,2488300000.0,-400966666.6666667,-0.029352473025906125,0.045,0.09077169187934087,,,,,,,,,11,2025-12-28,0.11903473901914781,0.003634815639531076,-0.03332986180603852,0.7242890264394954,0.1601566255284581,0.033069332146746254,0.0023610490715334055,0.15884444823418134,4.248186042836598,,0.09077169187934087,-0.029670572494690073,0.6,0.15787466632769798,16.973396998635742,0.06793145654834762,1.887018509449577,0.010185785894884836,False,0.09928529312371558,-0.27593738182734917,10,5,-250200000.0,-400966666.6666667,"min(depreciation & amortization, capex)",False,False,True,False,False,False,True,False,False,False,True,leverage,1,late_filing,substitution risk unassessed (cannot be automated),0.0,ejected
HBAN,36224825290.92569,4987000000.0,2578000000.0,0.06255486093617994,0.045,0.08524877182024526,25342411764.705887,45840663061.03346,42026203305.34664,48858355890.664566,25780000000.0,25342411764.705887,0.031310249368634774,-0.42941507017006275,8,2025-12-31,0.09053434835146112,0.07599986361621604,0.002254140052012484,,,,1.7208706786171575,0.926192960771032,1.2326493663246831,0.07338522531979047,0.08524877182024526,0.120587446440511,0.8571428571428571,-0.058572949946751884,1.4455072463768115,,0.29955204469338026,0.044974529722976664,True,0.04822521419828641,-0.5843543826578699,8,4,2706000000.0,2578000000.0,"min(depreciation & amortization, capex)",False,False,False,True,False,True,False,False,False,False,True,altman_distress,1,dilution,substitution risk unassessed (cannot be automated),0.0,ejected
HOG,2646445048.0293274,-622503000.0,506457666.6666667,0.2502332846732418,0.045,0.0,6580828490.196079,6197672426.866457,5670622510.425521,6770722434.205122,5064576666.666667,5064576666.666667,-0.1,0.4774597716236907,11,2025-12-31,0.07851784500931137,0.11016865056230814,-0.0014204507085400074,0.23922392444573068,0.07680038085397348,-0.020361275732081064,0.10728003687035913,0.05568578303848033,1.4386773218643258,,-0.04962195641023637,0.020011300705129687,0.4,-0.3912378872051847,-1.1135891206892234,11.56066858031336,,-0.050544610729096995,False,0.05345727601832889,-0.22225150380845404,10,10,357430000.0,506457666.6666667,"min(depreciation & amortization, capex)",False,False,False,False,True,False,False,False,False,False,False,,1,accruals,substitution risk unassessed (cannot be automated),0.0,no moat evidence
HGV,3958748996.4939117,4306000000.0,350666666.6666667,0.04242919740398979,0.045,0.1,-180509803.92156792,6645848254.070229,6095110049.975609,6645848254.070229,3506666666.6666665,,-0.018151150163321826,,11,2025-12-31,0.09755226282287827,0.04913979318268863,-0.03590797714747974,,,,0.10768889873698205,0.13563859361109967,1.1295619237475498,0.09912456251988547,0.11832319160548166,0.3823740192292149,0.8,-0.5136017410228509,5.6732542819499345,1.562700964630225,0.4267343731222759,-0.00784713698277939,True,0.14207898320472084,0.03461178671655757,0,7,284000000.0,350666666.6666667,"min(depreciation & amortization, capex)",False,False,True,False,False,True,False,False,False,False,True,leverage;altman_distress,0,,substitution risk unassessed (cannot be automated),0.0,ejected
GPC,17476519589.070282,3375032000.0,784910000.0,0.03764276229743137,0.045,0.047486462338040214,5859203294.117647,11840438799.019844,10845192026.45427,12920798663.306581,7849100000.0,5859203294.117647,0.13757805726899908,-1.9827467510157653,11,2025-12-31,0.17219818611417795,0.02765752293882693,-0.009170197886279327,0.3679278239578939,0.026075144138301705,0.007614435028403128,0.008875421751668026,0.024632467946177808,1.289770187304583,-0.014814565033679174,0.047486462338040214,0.08001090137708289,0.9,-0.05620293622377148,4.477969263510403,1.3190586278179395,,-0.009045589001210663,True,0.03326583036868059,0.4738196162987283,10,9,134130000.0,784910000.0,"min(depreciation & amortization, capex)",False,False,True,False,True,False,False,False,False,False,True,leverage,1,accruals,substitution risk unassessed (cannot be automated),0.0,ejected
GPK,3041722259.3495436,5286000000.0,,,0.045,0.0750839275572559,,,,,,,,,11,2025-12-31,0.09274546063044974,0.07097881946686371,-0.0005229765539019325,0.1824962125626384,0.023301132591870454,0.002804548094249755,0.09369537349959212,0.0210562298385595,-0.2638817744083598,0.047627934443938605,0.0750839275572559,0.055922109308232715,0.7,0.064484611626771,3.944776119402985,3.6545454545454548,,-0.009761646214048292,False,,-0.11415301882180401,10,9,,,"min(depreciation & amortization, capex)",False,True,True,False,True,False,False,False,False,False,True,leverage,2,structural_decline;accruals,substitution risk unassessed (cannot be automated),0.0,ejected
GPN,20800248522.71656,15135591000.0,1864755666.6666667,0.05189125094706292,0.045,0.1,6802710960.784317,35340921649.00445,32412236705.272713,35340921649.00445,18647556666.666668,6802710960.784317,-0.02084817776288994,-2.0576410849474636,11,2025-12-31,0.036932883522392754,0.036932883522392754,-0.003663715339103014,0.7257442954586096,0.08793180846078129,0.016930026365058515,0.2276994263340271,0.05508002934619386,2.0039865973153783,0.18735066007442575,0.10273237950108016,0.0074929239477736775,0.7,0.5113438976264135,5.072534579694835,2.7697300710339383,2.0298182456802256,-0.04238172690183828,False,0.08294181037444938,-0.30537666968178434,9,9,2011546000.0,1864755666.6666667,"min(depreciation & amortization, capex)",False,False,True,False,False,False,False,False,False,False,True,leverage,0,,substitution risk unassessed (cannot be automated),0.0,ejected
GTLS,10046282746.384277,3199600000.0,2623333333.3333335,0.198048962350163,0.045,0.1,27663145098.03922,49717514980.54439,45597448757.89736,49717514980.54439,26233333333.333332,26233333333.333332,-0.1,0.617041318435161,11,2025-12-31,0.0350424244419486,0.055739591595514705,0.015521644488229298,0.33719512195121953,0.03713446514206972,0.007972886487792367,0.08405253283302064,0.0842171733385183,1.5349481978695463,0.062188681969195976,0.1515161535534384,0.2936022648429284,0.8,-0.031591937474290455,1.0047101676819694,1.1643924626380766,1.6633902011311008,0.0405456440069798,False,0.11835725829451468,0.8181818181818181,0,3,2777000000.0,2623333333.3333335,"min(depreciation & amortization, capex)",False,False,True,True,False,False,False,False,False,False,True,leverage,1,dilution,substitution risk unassessed (cannot be automated),0.0,ejected
HIMS,7957515801.32349,-228616000.0,76952333.33333333,0.009956440801594565,0.045,0.1,1133937568.627451,1458403603.032215,1337546407.6114244,1458403603.032215,769523333.3333333,769523333.3333333,,-9.34083757649561,7,2025-12-31,-0.1190664844804864,0.338165040088117,0.20277717465941913,0.7383500941585092,0.09183898002139039,0.027838034217574414,0.04498693792950103,0.3417659449120148,,0.24820052206441534,0.7470766675519511,0.7363237546061168,1.0,0.8018483974902493,-1.427823751678481,,1.61498508687126,0.08434733787496507,False,1.5525020264592366,,0,3,128365000.0,76952333.33333333,"min(depreciation & amortization, capex)",False,False,False,True,False,False,False,False,False,True,True,going_concern,1,dilution,substitution risk unassessed (cannot be automated);going-concern language found — read the opinion,0.0,ejected
HL,10610670010.774818,-241558000.0,91099000.0,0.008785612490764554,0.045,0.1,1313310941.1764708,1726511777.8447058,1583436588.715003,1726511777.8447058,910990000.0,910990000.0,,-10.647405581592354,11,2025-12-31,0.02325691070769056,0.14706850541903074,0.006402493607588925,0.4372415266415979,0.10726887029190273,0.012798927342515495,0.36176256255187034,0.13603436918960238,3.6119889554039633,0.40304494097395505,0.12363471148722938,0.15514595905082418,0.7,0.027636922108052353,-0.3550417790450714,,4.345951303514513,0.05777476924916436,False,0.23962625947921717,0.4283642691415313,10,10,321712000.0,91099000.0,"min(depreciation & amortization, capex)",False,False,False,True,False,False,False,False,False,False,False,,1,dilution,substitution risk unassessed (cannot be automated),0.0,no moat evidence
HLT,76371478339.57971,11445000000.0,1419666666.6666667,0.016166290125834044,0.045,0.053736003481309025,5256960784.313728,22009323434.74919,20162330924.74092,24013841874.282593,14196666666.666666,5256960784.313728,,-13.52768652325978,11,2025-12-31,0.16924513154321008,0.31350122676274234,0.02586753117562796,,,,0.22368967522219455,0.09210834958033433,1.4155327611471635,8.002126677036749,0.053736003481309025,0.22823963694173832,0.8,-0.5443292424883622,3.9878048780487805,4.343548387096774,-0.06128232662665073,-0.032153905933061666,False,0.11712511091393078,-0.18886455168515504,9,8,1533000000.0,1419666666.6666667,"min(depreciation & amortization, capex)",False,False,True,False,False,True,False,False,False,False,True,leverage;altman_distress,0,,substitution risk unassessed (cannot be automated),0.0,ejected
HCA,90197843469.59839,45452000000.0,5928666666.666667,0.04370566537362345,0.045,0.07430689480383879,24297019607.843155,100533242298.58084,92142682029.42607,109633019111.89163,59286666666.666664,24297019607.843155,0.04942832355513793,-2.712300723520931,11,2025-12-31,0.20667063943824499,0.24251834110455786,0.006767514939986852,,,,0.15978835978835979,0.017189619332637854,0.9942163100057837,0.40391432811017974,0.07430689480383879,0.07966065216727913,1.0,0.003837462988935725,2.913029545600205,5.3736654804270465,,-0.06119707181732614,True,0.07198952879581152,-0.06160352659491153,8,10,6784000000.0,5928666666.666667,"min(depreciation & amortization, capex)",False,False,False,False,False,False,False,False,False,False,False,,0,,substitution risk unassessed (cannot be automated),0.0,no moat evidence
IQV,34690166018.67676,13744000000.0,1873333333.3333333,0.03867793104171454,0.045,0.1,8295215686.274509,35503485920.03296,32561329354.43242,35503485920.03296,18733333333.333332,8295215686.274509,0.09463044761904865,-3.1819486473481398,11,2025-12-31,0.07093069223758634,0.09069940974409164,-0.012506843531568453,,0.0025008190150375316,,0.1337829552421827,0.030009580458358918,1.6511087890398235,0.3534152273119859,0.11013785255190256,0.07503541699279603,1.0,0.024440836940836874,4.132291040288635,2.993141289437586,1.1332697352578376,-0.030669696734904273,False,0.11518177343365446,0.33289592389075695,0,10,1901000000.0,1873333333.3333333,"min(depreciation & amortization, capex)",False,False,True,False,False,False,False,False,False,False,True,leverage,0,,substitution risk unassessed (cannot be automated),0.0,ejected
IR,30856908763.76738,3535900000.0,1085166666.6666667,0.031552138533386766,0.045,0.1,9230766666.666668,20566120713.99774,18861816319.102272,20566120713.99774,10851666666.666666,9230766666.666668,0.1954819571932524,-2.342832711306108,11,2025-12-31,0.058266727092946606,0.06429783456142585,0.05632878024838064,0.4360663451358664,0.02820433126408691,0.007092436589690362,0.14960331464272178,0.0835607560704237,2.05802399976413,0.34052173007908093,0.1365709339441643,0.140025116890367,0.8,0.9693680297397769,2.1424503150751333,4.508074044899566,3.0475371936976483,0.00933303723379697,False,0.08220394831093665,0.013744912846502366,5,10,951600000.0,1085166666.6666667,"min(depreciation & amortization, capex)",False,False,False,False,False,False,False,False,False,False,False,,0,,substitution risk unassessed (cannot be automated),0.0,no moat evidence
ICE,76491216967.24709,18807000000.0,3926666666.6666665,0.041203988821912764,0.045,0.1,27389078431.37255,74418338814.58868,68251327365.69641,74418338814.58868,39266666666.666664,27389078431.37255,0.10637679099970324,-1.7927634425125811,11,2025-12-31,0.0747189489928715,0.08009038118125199,-0.0004686732841974852,,,,0.38995253164556964,0.04578676151446486,1.2144474008180772,0.01584988814672932,0.1424207276020102,0.08923557746986877,0.9,0.25920268825416226,2.89828941285252,6.138231631382316,1.08600640790515,0.0028260425148716184,False,0.06039697851607207,-0.1971576227390181,10,8,4502000000.0,3926666666.6666665,"min(depreciation & amortization, capex)",False,False,False,False,False,True,False,False,False,False,True,altman_distress,0,,substitution risk unassessed (cannot be automated),0.0,ejected
IDA,8347250264.564972,3231620000.0,291280333.3333333,0.0251561963022199,0.045,0.03237704807116226,195207450.98039246,4112174414.659913,3765196260.5932956,4489020445.078131,2912803333.333333,195207450.98039246,0.19734049302706558,-41.76092035750935,11,2025-12-31,0.06240878962169608,0.05202856061899959,-0.0014235920389815359,,,,0.20262259498148796,0.019797725025594518,-0.26839550870606915,0.03088179531257234,0.03237704807116226,0.06308008288851874,0.6,0.0010511279201672608,5.277165410906336,2.1046072619819136,,0.0086324120507979,False,,0.1163618541543065,10,10,323472000.0,291280333.3333333,"min(depreciation & amortization, capex)",False,False,True,False,True,False,False,False,False,False,True,leverage,1,accruals,substitution risk unassessed (cannot be automated),0.0,ejected
IFF,19793677950.040253,5404000000.0,-373333333.3333333,-0.01481618004935002,0.045,0.1,,,,,,,,,11,2025-12-31,0.04452563636112031,-0.017019082897073875,-0.021251896001685172,0.3616161616161616,0.04995381344321417,-0.012629546052327087,-0.03507805325987144,0.12391038187878292,,-0.0847532068119798,0.1367272158021331,0.16456696810652138,0.7,-0.010894941634241206,9.317241379310344,-1.668122270742358,,0.013114247535456647,False,0.10021505946273503,0.38233567750152275,10,4,9000000.0,-373333333.3333333,"min(depreciation & amortization, capex)",False,False,True,False,False,False,False,False,False,False,True,leverage,0,,substitution risk unassessed (cannot be automated),0.0,ejected
GWRE,11333689237.845215,-697902000.0,1609000.0,0.00015128170242769727,0.045,0.1,716831411.7647059,30493830.344483826,27966821.49356679,30493830.344483826,16090000.0,16090000.0,,-703.3933646889506,11,2025-07-31,-0.012190973186725384,0.05408466433478023,-0.006129622639487674,0.6254292246138954,0.05714752911871276,-0.0060871877650684756,0.03415334743222014,0.09783805184167466,,,0.12193407565291925,0.10127896550131066,1.0,0.031678327315382226,-10.765772992317897,3.1086216032094467,2.968705010184374,0.017378859427765958,False,1.0315280440446346,,0,3,87821000.0,1609000.0,"min(depreciation & amortization, capex)",False,False,True,True,False,False,False,False,False,False,True,leverage,1,dilution,substitution risk unassessed (cannot be automated),0.0,ejected
GXO,5822609159.510086,2211000000.0,223666666.66666666,0.027841367712280705,0.045,0.1,420372549.019608,4238939333.1569605,3887660497.655544,4238939333.1569605,2236666666.6666665,420372549.019608,0.1744567314571353,-12.85106894608024,7,2025-12-31,0.04123592378650991,0.025943396226415096,0.0014412337116962853,,,,0.018591592047351647,0.009424191075504608,1.321705426356589,0.05861303060217177,0.13716768259224632,0.16295159455808017,1.0,0.016573679028552668,3.1495726495726495,1.8421052631578947,,0.002423632244748175,False,0.22482893450635386,,0,1,165000000.0,223666666.66666666,"min(depreciation & amortization, capex)",False,False,True,True,False,False,False,False,False,False,True,leverage,1,dilution,substitution risk unassessed (cannot be automated),0.0,ejected
GLW,164287153888.95837,6908000000.0,982333333.3333334,0.0057380907754579335,0.045,0.05544720574509321,4648862745.098042,15343569545.797754,14056534216.175331,16740291618.525425,9823333333.333334,4648862745.098042,,-34.339213673750585,11,2025-12-31,0.06353191565724539,0.103377324481983,0.0005686875306292197,0.35965192910614885,0.03672427618292032,-0.008247897789204468,0.1458186704203724,0.038266451592127416,0.5640215716486903,9.587479554659165,0.05544720574509321,0.06695841428340232,0.8,-0.017386768669042874,1.9647326507394767,6.782738095238095,3.60090281368819,-0.04237778076843013,False,0.2171834448845786,0.7885225885225886,0,9,1596000000.0,982333333.3333334,"min(depreciation & amortization, capex)",False,False,False,True,True,False,False,False,False,False,False,,2,dilution;accruals,substitution risk unassessed (cannot be automated),0.0,no moat evidence
SLGN,4753475466.463646,3266189000.0,317446000.0,0.039583451568015675,0.045,0.05587884165143642,468469823.52941227,4967709851.22142,4551060072.565086,5419861665.797094,3174460000.0,468469823.52941227,0.045800406139365424,-9.146812511105542,11,2025-12-31,0.0947049717214142,0.07534895188340607,-0.0025882601528751433,0.17729362475062338,0.011409377617920546,0.0029665887671052834,0.09221836985201366,0.0077029887312913305,1.1953448912803146,0.02075411715636372,0.05587884165143642,0.05664745747512767,0.7,0.09621893629896427,3.561703542959336,3.1572201832439997,,-0.013725675081522004,True,0.025519912568808263,-0.31939948934899576,10,10,300474000.0,317446000.0,"min(depreciation & amortization, capex)",False,False,True,False,False,False,False,False,False,False,True,leverage,0,,substitution risk unassessed (cannot be automated),0.0,ejected
GMED,10603012819.711945,-526156000.0,360366666.6666667,0.03576181274717845,0.045,0.1,4765763843.137256,6829683029.919508,6263710527.593754,6829683029.919508,3603666666.6666665,3603666666.6666665,0.20365319364322299,-1.942284567490134,11,2025-12-31,0.1053908618739736,0.1053908618739736,-0.009594260427923947,0.6740985072463422,0.060092179031024304,-0.013921482105394912,0.1632620840707046,0.07773199146056467,1.156225784362651,0.12085287491208134,0.1835837010416319,0.3008219416488218,1.0,0.004678061749396445,-0.6953683169939391,,10.056591566756293,0.036166793252801144,False,0.15539579968448555,0.5575739695828619,0,5,650031000.0,360366666.6666667,"min(depreciation & amortization, capex)",False,False,False,True,False,False,False,False,False,False,False,,1,dilution,substitution risk unassessed (cannot be automated),0.0,no moat evidence
INGR,6227082273.75,760000000.0,673000000.0,0.09632060617468552,0.045,0.025336329913772992,7157647058.82353,9211301577.885387,8432707935.720781,10057119782.116096,6730000000.0,6730000000.0,-0.06260334684249136,0.0747277453566122,11,2025-12-31,0.1279471799109,0.15251036279786162,8.865290325753256e-05,0.2532206676825045,0.02086751145587055,1.434023612166119e-05,0.14073971464191717,0.026948103648363256,0.93184421534937,0.6415786580963115,0.025336329913772992,0.038134339074032964,0.6,-0.03575454984699633,0.6138933764135702,,6.269798337107678,-0.011236392057799582,False,0.0612579389469371,,10,2,729000000.0,673000000.0,"min(depreciation & amortization, capex)",False,False,False,False,False,False,False,False,False,False,False,,0,,substitution risk unassessed (cannot be automated),0.0,no moat evidence
INTC,552055821594.2383,32320000000.0,-5778000000.0,-0.009887472729855613,0.045,0.0,,,,,,,,,11,2025-12-27,0.12188795324639624,-0.00830621892074406,-0.022244078589355978,0.34766238434904356,0.1169132812215229,-0.03281303455894865,-0.04188976973870925,0.18220268401611098,0.5093483338894981,-0.5981099185233595,-0.004614571414764956,-0.07457071162960704,0.6,0.08201208921003267,3.7832143275196066,-2.0293308890925754,,-0.007699012155543028,False,0.4389307975965408,0.7526768089645683,9,6,-267000000.0,-5778000000.0,"min(depreciation & amortization, capex)",False,True,True,True,True,False,False,False,False,False,True,leverage,3,structural_decline;dilution;accruals,substitution risk unassessed (cannot be automated),0.0,ejected
PVH,3659599388.679657,1603000000.0,531700000.0,0.10103372130961297,0.045,0.011030396208310256,4652294117.647059,6832162948.579107,6252661680.534384,7462005950.283155,5317000000.0,4652294117.647059,-0.1,0.21337746579734018,11,2026-02-01,0.08832778407167455,0.019831751442465562,-0.0022900813385156927,0.5752497150901655,0.024792418021590785,0.006365763572205375,0.02576478737905298,0.07413733410934242,1.3570234316314909,,0.011030396208310256,0.04644636606214858,0.7,0.026116311821721583,3.187512427918075,2.447983014861996,,-0.05242395852582771,False,0.09486991768298127,0.10690678186644464,0,10,155600000.0,531700000.0,"min(depreciation & amortization, capex)",False,False,True,False,True,False,False,False,False,False,True,leverage,1,accruals,substitution risk unassessed (cannot be automated),0.0,ejected
RRX,14305800831.391571,4267000000.0,301533333.3333333,0.016235210621743414,0.045,0.05392914339349142,-719549019.6078429,4678667909.494581,4286060262.7168884,5104757387.0876465,3015333333.333333,,,,11,2025-12-31,0.07156481910266727,0.04880906327714838,-0.003589890081763274,0.3737130339539978,0.04157091736815974,0.011441982148972341,0.1147190159238352,0.01932244077133193,1.9240538588964873,0.04037523548525394,0.05392914339349142,0.15342091039540007,0.5,,5.108344307434455,1.9495990836197021,,-0.002490050146208067,False,0.0568678528853371,0.7078260869565218,10,7,336300000.0,301533333.3333333,"min(depreciation & amortization, capex)",False,False,True,False,False,False,False,False,False,False,True,leverage,0,,substitution risk unassessed (cannot be automated),0.0,ejected
RS,19358620575.15509,1204300000.0,983500000.0,0.04782880896735566,0.045,0.043356691716270435,10366288235.294119,14570205690.819866,13344208298.879955,15901237673.320963,9835000000.0,9835000000.0,0.10879167467132078,-0.9683396619374773,11,2025-12-31,0.10484035040815909,0.09253018376780538,0.008566041504853421,,0.011622668285738777,0.0022391659735871636,0.07084642130079823,0.03139325918237918,0.9904016908712563,0.1451058996214382,0.043356691716270435,0.10158665607591955,0.5,-0.19700559514479943,0.9329150205283135,18.18132854578097,7.376603995024299,-0.034225666189199644,False,0.05846698787758784,-0.30783300562439986,0,9,739400000.0,983500000.0,"min(depreciation & amortization, capex)",False,True,False,False,False,False,False,False,False,False,False,,1,structural_decline,substitution risk unassessed (cannot be automated),0.0,no moat evidence
RSG,67439966931.48373,14230000000.0,1971135666.6666667,0.02413537975741233,0.045,0.04182487049333505,8959831372.549023,29006237020.10703,26564576701.359398,31657219870.828354,19711356666.666668,8959831372.549023,0.24002577692323024,-6.526923680517598,11,2025-12-31,0.08870962146238802,0.10393210991581045,0.0032748951640699797,0.4195648243023326,0.03291958772601336,-0.0016756828170930908,0.19902356699415347,0.016551883710678273,1.1000516527527628,0.14919967795630062,0.04182487049333505,0.1031904727551265,0.7,-0.014156164436763263,2.7814698983580923,5.7526132404181185,,-0.011765194579656635,False,0.023436415710915124,0.19297131364454323,10,10,2139249000.0,1971135666.6666667,"min(depreciation & amortization, capex)",False,False,False,False,False,False,False,False,False,False,False,,0,,substitution risk unassessed (cannot be automated),0.0,no moat evidence
RTX,263855674184.636,27057000000.0,6662333333.333333,0.0229014887440239,0.045,0.04676719789233319,51323392156.86275,100185894265.72858,91763218165.48988,109329098843.0412,66623333333.33333,51323392156.86275,0.2757374498935433,-4.141041211348583,11,2025-12-31,0.055135356280300016,0.08155796081717952,-0.0065398751716178585,,0.006770248984268468,,0.10496258591695541,0.04908419331818499,1.014379247472236,,0.04676719789233319,0.09382123755404659,0.9,0.24781141811285812,1.978140078958912,,2.1645514403133133,-0.00020630104022589801,False,0.0717349564933208,-0.131927655537534,10,10,8483000000.0,6662333333.333333,"min(depreciation & amortization, capex)",False,False,False,False,False,False,False,False,False,False,False,,0,,substitution risk unassessed (cannot be automated),0.0,no moat evidence
GME,9727626588.689705,-2140400000.0,200633333.33333334,0.026443566827491074,0.045,0.0,4500792156.862745,2455209506.6391993,2246418548.3256063,2682223412.649864,2006333333.3333333,2006333333.3333333,,-3.848459838190583,11,2026-01-31,-0.12530396609275538,0.07024818401937045,-0.022635848678380956,0.3295132097302956,0.035714441731611965,-0.0027424203152600617,0.06394115540373013,0.058696993810255275,,0.1386317078036685,-0.09041298225164207,-0.06537199780422775,0.2,-0.2195816687386093,-8.510536779324056,,7.279569485737079,0.16127645068234453,False,0.2263122669471269,,5,3,420300000.0,200633333.33333334,"min(depreciation & amortization, capex)",False,False,False,True,False,False,False,True,False,False,False,,2,dilution;auditor_change,substitution risk unassessed (cannot be automated),0.0,no moat evidence
SMCI,18312975048.902534,-5169911000.0,947172666.6666666,0.07206635097740066,0.045,0.1,16313118843.137255,17950853079.096123,16463274637.819946,17950853079.096123,9471726666.666666,9471726666.666666,0.10463446781579902,-0.9334357602769929,11,2025-06-30,0.12129099141932513,0.9638132798395249,0.053144950477972984,0.11059154174200105,0.017892433346743262,-0.0008810054971286014,0.057026743349571245,0.025712829412816312,-0.21308551538260664,4.075298835053777,0.2737574615325986,0.4576172216547114,0.9,-0.04601783816521732,-3.995312961265663,21.032917596897924,6.916197532327715,0.05434416621600602,False,,-1.0,0,1,1048854000.0,947172666.6666666,"min(depreciation & amortization, capex)",False,False,False,True,True,False,True,True,False,False,False,,4,dilution;accruals;auditor_change;late_filing,substitution risk unassessed (cannot be automated),0.0,no moat evidence
SMG,3809753430.072899,2069800000.0,-89933333.33333333,-0.015295946265806496,0.045,0.012428980713525384,,,,,,,,,11,2025-09-30,0.13078976485201727,0.13716122392967162,-0.007864245576368709,0.3059388825407987,0.05770696182708225,-0.009743782328204942,0.10506577598077993,0.09026115554809344,2.01091888825865,,0.012428980713525384,-0.037488008680212626,0.6,0.3091254752851711,4.912888677901733,2.7841614906832297,1.5880274241310184,-0.005774788726467306,False,0.1706156124391792,-0.31210733681184116,10,10,145200000.0,-89933333.33333333,"min(depreciation & amortization, capex)",False,False,True,False,False,False,False,False,False,False,True,leverage,0,,substitution risk unassessed (cannot be automated),0.0,ejected
HOOD,100829552331.53934,-4261000000.0,,,0.045,0.1,,,,,,,,,7,2025-12-31,-0.2864051585169264,0.38507157464212677,0.9813494975739812,,,,0.47127207690587974,0.846728505184347,,0.295502520478891,0.5893298664258024,0.3609641264495862,0.8333333333333334,2.451841762961522,-1.9421148587055606,,1.8149117378772028,0.01500641862754315,True,2.9421825928275496,,0,3,,,"min(depreciation & amortization, capex)",False,False,False,True,False,False,False,False,False,False,False,,1,dilution,substitution risk unassessed (cannot be automated),0.0,no moat evidence
HPE,64276840121.68453,19771000000.0,1767666666.6666667,0.021031672724812885,0.045,0.009904804413531254,1025078431.372551,22601156940.55017,20683622189.698658,24685349292.912247,17676666666.666668,1025078431.372551,0.2548402384514158,-61.70431427926901,11,2025-10-31,0.03483673865149751,-0.005406104500775996,-0.0033782235624963864,,0.012887002290735394,-0.009545136723878054,-0.012742010730114299,0.04066576347326837,0.5888249700973971,-4.451962915013886e-05,0.009904804413531254,0.0491410171503146,0.6,-0.07389737429208854,8.59608695652174,-0.39799635701275043,,-0.03205904612781829,False,0.4500870574579222,-0.45009175775951493,10,10,502000000.0,1767666666.6666667,"min(depreciation & amortization, capex)",False,False,True,True,True,False,False,False,False,False,True,leverage,2,dilution;accruals,substitution risk unassessed (cannot be automated),0.0,ejected
HQY,7892043748.366768,638452000.0,277351666.6666667,0.032512959955436106,0.045,0.1,2624508784.313726,5256379533.308367,4820785924.555565,5256379533.308367,2773516666.6666665,2624508784.313726,0.1956485542842734,-2.007055566183,11,2026-01-31,0.047052905577069176,0.09109894259761554,-0.029128233943557458,0.6952153485266429,0.041231984489939436,0.006850723649465996,0.24550698971927679,0.10267523876343485,3.5917592933959823,0.3048093098581083,0.26337864025238256,0.12355156185822458,1.0,0.8520660207559454,1.338156788852955,5.644151161365984,3.2576066075847505,0.04040675414134931,False,0.2699119272005779,1.0,0,2,367889000.0,277351666.6666667,"min(depreciation & amortization, capex)",False,False,False,True,False,False,False,False,False,False,False,,1,dilution,substitution risk unassessed (cannot be automated),0.0,no moat evidence
HR,7169531633.882488,3885251000.0,,,0.045,0.0,,,,,,,,,11,2025-12-31,0.023372428263068123,,,,,,,0.01540754233328366,,,-0.2336467422406323,0.30809075703996824,0.8,-0.9893546615802554,,,,-0.03920611366466453,False,0.09289455707689699,0.5936642292945589,10,10,,,"min(depreciation & amortization, capex)",False,False,False,False,False,False,False,True,False,False,False,,1,auditor_change,substitution risk unassessed (cannot be automated),0.0,no moat evidence
KHC,29466574756.63827,18604000000.0,-26666666.666666668,-0.0005547399173334027,0.045,0.03123567946102379,,,,,,,,,11,2025-12-27,0.028751066493053014,-0.07747063118072609,-0.0028341344365084772,0.33313286825435007,0.014197794883765692,-8.902417408814561e-06,-0.18719429075455055,0.1871262203196597,2.4998076553183304,,0.03123567946102379,-0.009679568109466907,0.5,0.048364495335708746,,-4.9303062302006335,0.6338204773630833,-0.0035855256946409897,False,0.04424268072173278,0.44734202607823476,10,5,-5679000000.0,-26666666.666666668,"min(depreciation & amortization, capex)",False,False,True,False,False,True,False,False,False,False,True,leverage;altman_distress,0,,substitution risk unassessed (cannot be automated),0.0,ejected
KIM,16778817458.989565,7507052000.0,1193431000.0,0.04914096248500768,0.045,0.0625398896275593,6533312705.882355,19226822841.97811,17617069609.75813,20973342962.037766,11934310000.0,6533312705.882355,0.03143626492074329,-1.568194454228792,11,2025-12-31,0.03254910867091169,0.04297415826522584,-9.392571507314977e-05,,,,0.3601781398765301,0.05899293490877899,0.4225515072236235,0.057951137997043385,0.0625398896275593,0.1513281255844594,0.7,-0.08714504644123144,5.370185412110768,2.3344407563992298,1.3719296095599942,0.05043453201540582,False,0.10342113982770046,,10,2,1193431000.0,1193431000.0,"min(depreciation & amortization, capex)",False,False,True,True,True,False,False,False,False,False,True,leverage,2,dilution;accruals,substitution risk unassessed (cannot be automated),0.0,ejected
IPGP,4572450894.1604,-403790000.0,22816000.0,0.005473220436798161,0.045,0.01083081639549155,672213529.4117647,292919237.04629576,268072765.07960153,319924325.14020205,228160000.0,228160000.0,,-19.040545644111152,11,2025-12-31,0.0971825342927745,0.005240195471230208,-0.03890930874362529,0.38002763562026226,0.07756235159204232,-0.021619797824077386,0.013054692426704338,0.18362123493824867,0.9575130928085354,,0.01083081639549155,-0.03519663440578058,0.5,-0.08661086688458153,-5.050026263788489,,14.356844738389924,-0.022277675938610075,False,0.1814127435106264,-0.2615176386031382,0,10,31096000.0,22816000.0,"min(depreciation & amortization, capex)",False,False,False,False,False,False,False,False,False,False,False,,0,,substitution risk unassessed (cannot be automated),0.0,no moat evidence
INCY,23316575127.143974,-3097817000.0,,,0.045,0.1,,,,,,,,,11,2025-12-31,0.22490696319220177,0.5657992993787597,0.029825036883461754,0.9276186571260407,0.011528687708355677,-0.003074157343612199,0.2946484526501573,0.13436133883947887,0.6395697487270319,1.4769273901833984,0.21166904948269805,0.14029891744294387,1.0,0.23529398140320423,-1.9263294043758492,623.912273476112,7.901613506714018,0.006932818321634837,False,0.9073882220858761,,0,1,,,"min(depreciation & amortization, capex)",True,False,False,True,False,False,False,False,False,False,False,,1,dilution,substitution risk unassessed (cannot be automated),0.0,pass
HSIC,9614574464.623177,2918000000.0,542000000.0,0.0432472993900776,0.045,0.021768573658754287,3458470588.2352943,7302606338.762635,6684806173.4981985,7973829673.017712,5420000000.0,3458470588.2352943,0.08469743167391133,-1.7800075840833078,11,2025-12-27,0.1232399523250361,0.08090739415363549,-0.006241923602807157,0.3113622572815534,0.014373704289197263,0.002545655395897366,0.04952973300970874,0.009789951151826046,1.1303514051576462,0.024665637016232565,0.021768573658754287,0.054343001644374,0.8,0.01333863686275416,3.0269709543568464,4.3533333333333335,2.6021084301587045,-0.03185606478299319,False,0.07786303690517832,0.13425965284048152,0,10,570000000.0,542000000.0,"min(depreciation & amortization, capex)",False,False,True,False,False,False,True,False,False,False,True,leverage,1,late_filing,substitution risk unassessed (cannot be automated),0.0,ejected
HST,15875501942.58857,506000000.0,1239666666.6666667,0.0756747867815335,0.045,0.01343795476657239,14078313725.490198,16099677040.288982,14734894927.894367,17582897273.41749,12396666666.666666,12396666666.666666,0.010265292481056735,-0.2806266692058541,11,2025-12-31,0.0829735704687068,0.11482166541602173,0.003840434224957013,,,,0.13984298331697742,0.22252051552612834,1.4910579976600367,0.5864687671081611,0.01343795476657239,0.30425371962783965,0.7,-0.7037849698299506,0.30666666666666664,3.6382978723404253,1.3629837004693395,-0.00575124134045335,False,0.02286739154803273,0.1466244725738397,9,7,1278000000.0,1239666666.6666667,"min(depreciation & amortization, capex)",False,False,True,False,False,False,False,False,False,False,True,leverage,0,,substitution risk unassessed (cannot be automated),0.0,ejected
HUM,47090521676.55945,8169000000.0,1766666666.6666667,0.03197035756131182,0.045,0.09096484773107627,12615313725.4902,32200747878.299522,29525522971.115677,33481935120.31578,17666666666.666668,12615313725.4902,0.18007045779802416,-2.732806230685288,11,2025-12-31,0.12934968751537818,0.08649820500887129,-0.006034932004001433,,,,0.02085389930898322,0.017510550875375102,1.1523021392728232,-0.13429454765154966,0.09096484773107627,0.10940742423348393,0.9,0.1890488225866107,2.4012345679012346,4.2852614896988905,5.10219393482351,-0.022138104255742364,False,0.07185422874169149,0.40478087649402394,10,10,1340000000.0,1766666666.6666667,"min(depreciation & amortization, capex)",False,False,False,False,False,False,False,False,False,False,False,,0,,substitution risk unassessed (cannot be automated),0.0,no moat evidence
HWM,108369114212.61227,2308000000.0,1160333333.3333333,0.010483950016119112,0.045,0.0,11342980392.156862,14199342569.548185,12991830813.625904,15512244059.535099,11603333333.333332,11342980392.156862,,-8.553848324338498,11,2025-12-31,0.08484752558826633,0.21887879321010426,0.018289095020433563,,,,0.24793989335918565,0.06819745351492751,0.3884514435695538,1.6976259043337782,-0.04000660190903571,0.09428692393516935,0.6,-0.25908706677937443,0.9909832546157149,11.625,4.566575893228522,-0.0033844150799660078,False,0.39434889434889436,-0.15900656580074224,0,7,1508000000.0,1160333333.3333333,"min(depreciation & amortization, capex)",False,False,False,True,True,False,False,False,False,False,False,,2,dilution;accruals,substitution risk unassessed (cannot be automated),0.0,no moat evidence
HXL,7478605408.692749,922000000.0,149933333.33333334,0.017847920005644575,0.045,0.0017431930046576394,841921568.6274512,1849008418.0461953,1691832513.9581194,2019892272.961186,1499333333.3333333,841921568.6274512,,-7.882781588414227,11,2025-12-31,0.0875067306366922,0.06400310929053968,-0.009650958272917697,0.22957917524684512,0.04051581864753515,-0.006328920245761157,0.09060668461904008,0.06045381852377145,0.8997067448680351,,0.0017431930046576394,0.04740415845259638,0.6,-0.3622277879186654,3.137121469887717,4.551724137931035,5.101275156377426,-0.019286006385411225,False,0.11734028683181226,0.08805558883431175,9,8,158400000.0,149933333.33333334,"min(depreciation & amortization, capex)",False,False,True,False,False,False,False,False,False,False,True,leverage,0,,substitution risk unassessed (cannot be automated),0.0,ejected
IBM,270273408822.1582,47673000000.0,9098333333.333334,0.028615933631829266,0.045,0.0,59366215686.27452,111338998976.10393,101870733139.30457,121633640219.76749,90983333333.33333,59366215686.27452,0.20594775587012892,-3.552646748622811,11,2025-12-31,0.13040968563140135,0.1526748919958666,-0.014639037514080033,0.5818760642629748,0.042265750906896944,0.010696870437877582,0.1815799215221737,0.04850131942756335,1.5989379996281836,0.7257103376802833,-0.018909894523447046,0.041240412922473046,0.6,-0.04392348476972663,3.2771705506289956,6.337467700258398,4.097162991182832,-0.0035175630818913284,True,0.07121523715400659,0.03774308408655158,10,4,11786000000.0,9098333333.333334,"min(depreciation & amortization, capex)",False,False,True,False,True,False,False,False,False,False,True,leverage,1,accruals,substitution risk unassessed (cannot be automated),0.0,ejected
INVH,17583642124.209023,8250049000.0,1202571000.0,0.046550490760999236,0.045,0.1,5897845117.64706,22791172188.43769,20902478862.85898,22791172188.43769,12025710000.0,5897845117.64706,0.04036700597859012,-1.9813672236994924,11,2025-12-31,0.05604583885628016,,,,,,,2.088887367510901,3.412333807330417,,0.46597926649656696,0.08407914445504261,0.9,0.03294808988573039,,,,0.023720026041863074,False,0.04337350264618519,,9,1,1306525000.0,1202571000.0,"min(depreciation & amortization, capex)",False,False,False,True,False,False,False,False,False,False,False,,1,dilution,substitution risk unassessed (cannot be automated),0.0,no moat evidence
IP,20084578985.415756,8686000000.0,-592000000.0,-0.020576575824215904,0.045,0.013465971620385986,,,,,,,,,11,2025-12-31,0.07716295510598745,-0.10084625698039584,-0.01090685547975943,0.29605652872979604,0.020633984059937018,-0.0037563537390064715,-0.1191926884996192,0.06321218297310559,1.639806996381182,-0.3518810213022291,0.013465971620385986,0.061152533817306676,0.5,-0.041054757875197856,,-5.112522686025408,,,True,0.0,0.5422930222122504,10,10,-2626000000.0,-592000000.0,"min(depreciation & amortization, capex)",False,False,True,False,False,False,False,False,False,False,True,leverage,0,,substitution risk unassessed (cannot be automated),0.0,ejected
ILMN,28777259538.269043,-1418000000.0,-316333333.3333333,-0.011562203753755062,0.045,0.06940863248226137,,,,,,,,,11,2025-12-28,0.1450401512573479,0.48400753582692996,-0.05086594197853975,0.6608335252129864,0.027906342300547792,-0.005379316189560056,0.18581625604420907,0.36276186198952015,,,0.06940863248226137,0.060414789756396914,0.6,,-1.3166202414113277,7.99009900990099,,0.004601524779622057,False,0.4724220623501199,-0.051494418437162404,0,7,972000000.0,-316333333.3333333,"min(depreciation & amortization, capex)",True,False,False,True,False,False,False,False,False,False,False,,1,dilution,substitution risk unassessed (cannot be automated),0.0,pass
USFD,22237983562.149475,5159000000.0,637000000.0,0.023250734831992692,0.045,0.05478304355591801,2335117647.0588245,9920802666.45124,9088490215.268581,10824068899.593147,6370000000.0,2335117647.0588245,0.24492053083583176,-8.523281874109905,11,2025-12-27,0.06770488362273805,0.0953505148187135,0.0029113123990441407,0.17410714285714285,0.0070222745777602305,-0.0006639137664694843,0.030412946428571428,0.010527606969535698,1.6175604535180634,0.9466323321500179,0.05478304355591801,0.11491550164358677,0.8,,3.1059602649006623,3.9311475409836065,1.9431545154623042,0.03004868979818265,False,0.07962531678372714,-0.5337124289195776,0,5,728000000.0,637000000.0,"min(depreciation & amortization, capex)",False,False,True,True,False,False,False,False,False,False,True,leverage,1,dilution,substitution risk unassessed (cannot be automated),0.0,ejected
VAL,5371860553.466034,486600000.0,740533333.3333334,0.12640408287723515,0.045,0.0,8225556862.7451,9062125668.632076,8291482716.331894,9900029130.325531,7405333333.333333,7405333333.333333,-0.1,0.27459571208146816,9,2025-12-31,0.02186886854153041,0.13046332257535145,0.013222922013261196,-135.94957983193277,88.64871987620208,-34.18220152941787,40.08403361344538,16.720757220674376,,,-0.49416588550860774,-0.6430370507185508,0.375,-0.3048899279173972,0.7806834590085031,,4.288087426909579,-0.021168027761004238,False,,0.40517647058823525,4,3,982800000.0,740533333.3333334,"min(depreciation & amortization, capex)",False,False,False,False,False,False,False,False,False,False,False,,0,,substitution risk unassessed (cannot be automated),0.0,no moat evidence
VC,2845048807.0582123,-470000000.0,,,0.045,0.015055103980219808,,,,,,,,,11,2025-12-31,0.29137512147716227,0.20145018915510718,-0.0917118196205301,0.14118895966029724,0.022070450972252756,-0.0016444574399609498,0.09315286624203821,0.028350302933189894,0.10803956378392088,0.2624618970772817,0.015055103980219808,0.08138986282556115,0.3,-0.13480475382003398,-1.0217391304347827,27.0,,-0.04425521879431471,True,0.5516431924882629,0.31578947368421056,1,8,,,"min(depreciation & amortization, capex)",True,False,False,True,True,False,False,False,False,False,False,,2,dilution;accruals,substitution risk unassessed (cannot be automated),0.0,pass
AVY,12292770286.896286,3519100000.0,730533333.3333334,0.04620157641558353,0.045,0.040270858942844656,5075409803.92157,10677141013.58276,9778014614.182442,11653400975.318773,7305333333.333333,5075409803.92157,0.07253584584207806,-1.4220251687653174,11,2025-12-31,0.16409215286036938,0.13689811812032188,-0.0046288009587786465,0.28753881768392525,0.007396373516417039,0.0008646211747546784,0.1197560837897352,0.024391816282912746,1.069235991995426,0.07227521008071162,0.040270858942844656,0.049004548094291556,0.7,,2.5340966371426514,7.83234859675037,,-0.01695226971597641,True,0.05681533345587621,0.4044490789016337,10,10,847200000.0,730533333.3333334,"min(depreciation & amortization, capex)",False,False,False,False,False,False,False,False,False,False,False,,0,,substitution risk unassessed (cannot be automated),0.0,no moat evidence
AWK,25521211766.249084,14267000000.0,1035333333.3333334,0.026021107442973087,0.045,0.049495341056817965,-2086607843.1372528,15756025409.03304,14432342054.8735,17192810986.8736,10353333333.333334,,0.1615340221128153,,11,2025-12-31,0.05557341317961546,0.058478781713921006,0.00013741747446102177,,,,0.3669205233352861,0.02128850327838648,-0.5830179754020813,0.06180420711174274,0.049495341056817965,0.06469935199524413,0.9,0.04349038193476451,5.144969347277317,3.0552845528455284,,0.00803639058398864,False,,0.44785276073619634,10,4,1111000000.0,1035333333.3333334,"min(depreciation & amortization, capex)",False,False,True,False,True,False,False,False,False,False,True,leverage,1,accruals,substitution risk unassessed (cannot be automated),0.0,ejected
AXON,45604654182.68793,609575000.0,225824333.33333334,0.004886467595091432,0.045,0.1,2047181862.7450986,4279831515.42749,3925163964.721601,4279831515.42749,2258243333.3333335,2047181862.7450986,,-21.276796708982133,11,2025-12-31,0.07591426710664832,-0.016114290075392636,-0.01813533935898995,0.5965474093517767,0.019799128844162916,-0.0032453090537521434,-0.02233322396256066,0.09783065078746249,1.1032250339745087,-0.017910265097060188,0.30243004623052716,0.3248437327961291,1.0,0.28282974795614657,28.910362817168604,-0.6587151679789469,3.384533817252793,0.04190333275394997,False,1.9794811574164013,1.0,0,1,124656000.0,225824333.33333334,"min(depreciation & amortization, capex)",False,False,True,True,False,False,False,True,True,False,True,leverage;restatement,2,dilution;auditor_change,substitution risk unassessed (cannot be automated),0.0,ejected
AXP,239209995224.84177,9966000000.0,9808000000.0,0.0393617370371084,0.045,0.040315477297395264,105422235294.11766,143377301029.74915,131303577050.28165,156486776351.6103,98080000000.0,98080000000.0,0.15901945397512401,-1.4389273575126609,11,2025-12-31,0.16835672959073092,0.24937845303867404,0.024158456890707128,,,,0.33398702304861516,0.05702416466638365,1.7404505784453015,0.7178427924767312,0.040315477297395264,0.13453160423162558,0.8,-0.2196455840051138,0.6399948625738505,,0.7177128977332424,-0.052620171741386,True,0.029915725969462327,0.09589907024521294,10,9,10833000000.0,9808000000.0,"min(depreciation & amortization, capex)",True,False,False,False,False,True,False,False,False,False,True,altman_distress,0,,substitution risk unassessed (cannot be automated),0.0,ejected
VEEV,30883717691.73987,-1421233000.0,,,0.045,0.1,,,,,,,,,11,2026-01-31,0.16613933092313998,0.12035326070492329,-0.009618026077455603,0.7552604425672493,0.028493169023408507,0.007470831474091008,0.2867855429408906,0.03379043850284987,0.27161635903411974,0.07818640684174394,0.22816162182164423,0.16877526262793308,1.0,0.28052446619733007,-1.5509396323969928,,11.209863457192025,0.014239302929544673,False,2.063707099519862,,0,1,,,"min(depreciation & amortization, capex)",True,False,False,True,True,False,False,False,False,False,False,,2,dilution;accruals,substitution risk unassessed (cannot be automated),0.0,pass
LYV,41839432569.807175,1105448000.0,675781666.6666666,0.01573602389155977,0.045,0.1,6844924549.0196085,12807440331.414452,11746093996.452278,12807440331.414452,6757816666.666666,6757816666.666666,,-5.191264817257129,11,2025-12-31,0.0802989524439774,0.6092925250097723,0.14090208823023237,,,,0.049648698171840096,0.2761591640322348,,,0.13275048403633583,0.6839429426424875,0.9,-0.8388307069407617,0.5848655804038857,3.959134014485829,,0.017797018542179854,False,0.17078279370968294,,0,1,495972000.0,675781666.6666666,"min(depreciation & amortization, capex)",False,False,True,False,False,False,False,False,False,False,True,leverage,0,,substitution risk unassessed (cannot be automated),0.0,ejected
VIAV,10627218124.45491,-177400000.0,21400000.0,0.0020478825320336645,0.045,0.02180676073131327,429164705.88235295,288380231.39111453,263983504.6352929,314886587.1256567,214000000.0,214000000.0,,-48.659897777826686,11,2025-06-28,0.09462087897130828,0.08451492344877617,0.034860102558685366,0.5728119524116941,0.014418009540358613,-0.0016957272367675658,0.05302960435303883,0.07685920984024619,8.367983367983369,-0.027697517091889536,0.02180676073131327,-0.009324802345522354,0.7,0.005308325223392085,-1.8498435870698644,1.9166666666666667,-112.00564836672656,-0.0030496789015415082,False,0.6356521739130435,-0.2585551330798479,0,10,45400000.0,21400000.0,"min(depreciation & amortization, capex)",False,True,True,True,False,True,False,False,False,False,True,leverage;altman_distress,2,structural_decline;dilution,substitution risk unassessed (cannot be automated),0.0,ejected
VICI,28639095915.887253,16209762000.0,2656802666.6666665,0.05923902614531286,0.045,0.1,15046739960.784313,50351827082.72565,46179195725.480965,50351827082.72565,26568026666.666664,15046739960.784313,-0.028514223969506015,-0.9033422515792873,9,2025-12-31,0.04722645158891177,0.08320031737050568,0.010912702664881235,0.993327701943728,0.005730976513107016,0.002203691611885629,0.9147495978648646,0.36408965745322475,0.9878839727609542,0.11870891724305727,0.46616798295444806,0.2672923004611798,0.875,0.369665555801421,4.418960097921886,4.343921509126211,2.2976815803498187,0.06502971766429666,True,0.007237723060759428,,8,0,2777795000.0,2656802666.6666665,"min(depreciation & amortization, capex)",False,False,True,True,False,False,False,False,False,False,True,leverage,1,dilution,substitution risk unassessed (cannot be automated),0.0,ejected
VICR,12400421217.93634,-402805000.0,59582666.666666664,0.004966208752167873,0.045,0.06353951295627369,1103777549.019608,964101072.8133955,883403769.7674403,1051651542.0316031,595826666.6666666,595826666.6666666,,-19.812128613360162,11,2025-12-31,0.08917437235743618,0.2650282427320309,0.017238571089854687,0.6363217161596366,0.0555364663133096,0.011890325983275916,0.20070590947777905,0.07480355278248033,0.5154692488488253,0.5428671893928563,0.06353951295627369,0.0657151867621284,0.7,0.12776402499077877,-3.9254390239148655,,16.900045263645442,0.01504348856659976,False,0.47215263635325994,0.9721350078492936,0,2,119024000.0,59582666.666666664,"min(depreciation & amortization, capex)",False,False,False,True,True,False,False,False,False,False,False,,2,dilution;accruals,substitution risk unassessed (cannot be automated),0.0,no moat evidence
VLO,83346063304.51355,4522000000.0,6553500000.0,0.07458341237462285,0.045,0.055179727780367616,72578000000.0,102242946866.19844,93666096261.12164,111550839016.04489,65535000000.0,65535000000.0,0.008697672528387781,-0.27177940496701836,10,2025-12-31,0.11129832889274868,0.08416986192693914,0.0077548624441588785,0.044275269588464956,0.030052559188006082,0.0012403612384833903,0.02592776740811985,0.03178733094270201,0.9499024072869225,,0.055179727780367616,0.13578129304273,0.4444444444444444,-0.40076068092020234,0.7133617289793343,5.721223021582734,,-0.04416643381586982,False,0.026113013698630137,0.39499101527403413,10,10,,6553500000.0,"min(depreciation & amortization, capex)",False,False,False,False,False,False,False,False,False,False,False,,0,,substitution risk unassessed (cannot be automated),0.0,no moat evidence
VMC,38310129796.25,4178800000.0,1007100000.0,0.023702644543635572,0.045,0.08782182774432101,7669435294.117649,18108349425.84501,16602601880.45817,19086598222.454727,10071000000.0,7669435294.117649,0.2658582180397776,-3.995169569477083,11,2025-12-31,0.08318597802271042,0.09928706687325638,0.0019484462878261455,0.2738411555074234,0.01714267144154005,-4.849254697750837e-05,0.20395159360793844,0.018984476130437352,0.8534606480474766,0.12063642063372296,0.08782182774432101,0.10333168192433528,0.8,-0.014667992128380436,1.7646214264600313,6.756779307467668,3.4741653099193783,-0.001785652703194529,False,0.06757078183557308,0.5476910029790032,10,8,1147500000.0,1007100000.0,"min(depreciation & amortization, capex)",False,False,False,False,False,False,False,False,False,False,False,,0,,substitution risk unassessed (cannot be automated),0.0,no moat evidence
UNP,170371938529.24698,32068000000.0,6754666666.666667,0.033366275033178815,0.045,0.011725721070148243,47398666666.66667,87062325994.5297,79678960285.52707,95086900588.058,67546666666.666664,47398666666.66667,0.1669664568989893,-2.59444580429647,11,2025-12-31,0.15172748255244276,0.15172748255244276,6.0522778519466405e-06,,,,0.40171358629130965,0.01902003825064111,0.7736937344492196,0.21959626283779746,0.011725721070148243,0.046441301388703726,0.6,-0.10019347705914872,2.6048249532938024,7.521772345301757,4.536694297805851,-0.037068541874644145,False,0.020081128489986843,0.16680561790547044,10,10,7138000000.0,6754666666.666667,"min(depreciation & amortization, capex)",False,False,False,False,False,False,False,False,False,False,False,,0,,substitution risk unassessed (cannot be automated),0.0,no moat evidence
WBD,66664765288.73871,28140000000.0,1167000000.0,0.012309507823217205,0.045,0.1,-14410588235.294117,22117029218.15576,20284201791.791443,22117029218.15576,11670000000.0,,,,11,2025-12-31,0.05884780455595906,0.006336346180864517,-0.018268162744601617,,0.00834932745958955,-0.003144047390261704,0.019787644787644786,0.2005727930734365,,-0.03920747362941082,0.19285859022092633,0.28437376883638876,0.7,-0.04244436468054558,4.381812519464341,0.3539568345323741,0.32027395845272344,0.09254566224714011,False,0.09244987368488376,,0,2,5180000000.0,1167000000.0,"min(depreciation & amortization, capex)",False,False,True,True,False,True,False,False,False,False,True,leverage;altman_distress,1,dilution,substitution risk unassessed (cannot be automated),0.0,ejected
VMI,10615967108.106262,608523000.0,289087333.3333333,0.02575505261700539,0.045,0.049911967474310925,2792504450.9803925,4407448140.443687,4037212895.685541,4809312442.46035,2890873333.333333,2792504450.9803925,0.25724219240279866,-2.8015936212310093,11,2025-12-27,0.11143629942244539,0.17369969793441603,0.004054806350487594,0.30212114611186563,0.023999513159199175,0.006455857740625012,0.10125869191360254,0.016481886846755715,0.9804009180596258,2.1350791326947745,0.049911967474310925,0.03226438247345653,0.7,0.04639686068834714,1.207183312338197,10.250505648463323,6.799031333153848,-0.014360777157607085,False,0.11302275755808049,-0.08811163382650394,9,8,350273000.0,289087333.3333333,"min(depreciation & amortization, capex)",False,False,False,False,False,False,False,True,False,False,False,,1,auditor_change,substitution risk unassessed (cannot be automated),0.0,no moat evidence
VFC,6579660258.412228,2695927000.0,-130916000.0,-0.01411403896624114,0.045,0.0,,,,,,,,,11,2026-03-28,0.11441134297123738,0.09475725319449611,-0.015823348111207395,0.5477981890447545,0.021640290886717765,0.0029229840665675605,0.06002671259453336,0.04921001573257277,1.4248163283942512,,-0.013435128337558555,0.00780834596544544,0.5,0.021590673005361882,3.1454127766019755,3.4572497616492077,1.643216406021593,-0.007169198164581836,False,0.09180968428826154,0.0075342783957363935,10,5,420742000.0,-130916000.0,"min(depreciation & amortization, capex)",False,False,True,False,False,False,False,False,False,False,True,leverage,0,,substitution risk unassessed (cannot be automated),0.0,ejected
NUE,51781458689.48364,4715000000.0,2765333333.3333335,0.04894702070677003,0.045,0.07051325466008151,27818333333.33334,46125110162.00879,42271537073.402245,50304949835.26033,27653333333.333332,27653333333.333332,0.09720913935846057,-0.872521408732533,11,2025-12-31,0.1135867529178106,0.08471070641370974,0.011752510986200726,0.11934510986643689,0.07855497408206374,0.009362445943678983,0.08426170985412691,0.07668334095651441,0.8774926805504079,0.09618250225598644,0.07051325466008151,0.10039907578586948,0.5,-0.1084251359674756,1.189455095862765,16.105882352941176,6.5937314331142645,-0.03227013063878337,True,0.04171984676658246,0.4895229788470384,10,10,1744000000.0,2765333333.3333335,"min(depreciation & amortization, capex)",False,True,False,False,False,False,False,False,False,False,False,,1,structural_decline,substitution risk unassessed (cannot be automated),0.0,no moat evidence
NVR,17489765960.92383,-1956881000.0,1537785666.6666667,0.09900193496155307,0.045,0.07183517885221868,20048477078.431374,25797791648.130936,23643254388.104916,28134639470.556885,15377856666.666666,15377856666.666666,-0.016483177501113257,-0.13733443743398754,11,2025-12-31,,,,,,,,,0.9198668886464771,,0.07183517885221868,0.06495299325159976,0.8,0.020065738542177636,,,,-0.03214301225499516,False,0.06908365317206433,0.07440071813962956,0,10,1339818000.0,1537785666.6666667,"min(depreciation & amortization, capex)",False,False,False,False,False,False,False,False,False,False,False,,0,,substitution risk unassessed (cannot be automated),0.0,no moat evidence
MSA,6586243647.852066,415867000.0,217915333.33333334,0.031121378151911953,0.045,0.05194000694531464,2147842803.921569,3351956006.528589,3070532682.8684444,3657400050.9327583,2179153333.3333335,2147842803.921569,0.21009693703583515,-2.066445847818466,11,2025-12-31,0.12978507204932827,0.1587600880974732,0.0060559950937782315,0.4646396922574719,0.013328346456598882,0.0021467845597817957,0.1983226069359414,0.05948007060811726,1.2219817954161747,0.19458612729805794,0.05194000694531464,0.06816733084360371,0.9,-0.038344314223944576,0.9378857894178964,11.692757633887858,5.650134340367206,0.004255931520847911,False,0.0956481692255746,,10,0,282077000.0,217915333.33333334,"min(depreciation & amortization, capex)",False,False,False,False,False,False,False,False,False,False,False,,0,,substitution risk unassessed (cannot be automated),0.0,no moat evidence
MSCI,43979103756.33838,5686954000.0,1153341666.6666667,0.023221928994746465,0.045,0.1,7881771490.196081,21858175955.59823,20046799572.877235,21858175955.59823,11533416666.666666,7881771490.196081,0.26644856438842623,-4.579850140421195,11,2025-12-31,0.3680448711194504,0.4546762209753242,0.023058085143530645,,0.02663724602480065,0.01395602593455323,0.5466866850068863,0.0562225952562506,1.2434044906563368,0.4277199395343338,0.11294803679529042,0.13078124117012369,1.0,0.08832607093611733,3.274061988333721,8.164158197904607,4.575920967919435,-0.035431132775810226,False,0.06627169108468099,-0.26021433847945485,10,10,1202305000.0,1153341666.6666667,"min(depreciation & amortization, capex)",False,False,True,False,False,False,False,False,False,False,True,leverage,0,,substitution risk unassessed (cannot be automated),0.0,ejected
OGE,10040111031.552223,5369000000.0,443000000.0,0.028749224993764925,0.045,0.03803092097301186,-157235294.11764622,6411358360.612701,5871148301.287816,6997956425.346529,4430000000.0,,0.1417395000889134,,11,2025-12-31,0.06173068258814367,0.06488550040207525,1.1196715602187705e-05,0.6051584192547557,,,0.25052493027045664,,-0.1072128112959814,0.11488750567539899,0.03803092097301186,0.09042791839497744,0.4444444444444444,-0.04858653183176276,3.950117716303708,2.9574546799852017,1.6393868452924754,0.0014434931015854247,False,,,10,0,470700000.0,443000000.0,"min(depreciation & amortization, capex)",False,False,True,False,True,False,False,False,False,False,True,leverage,1,accruals,substitution risk unassessed (cannot be automated),0.0,ejected
OGS,4968909622.68837,2652074000.0,-317163000.0,-0.0416170688329229,0.045,0.1,,,,,,,,,7,2022-12-31,0.06420784266072391,0.05523987228819271,-0.0018945445614321219,0.4340247594554704,0.08375691663971249,-0.0402113357181361,0.13574721538554038,0.0242687908932002,-1.0345910849866438,0.041818348739895574,0.10356570795065889,0.10859600409148684,0.8333333333333334,-0.07409679742002628,7.5782853321979555,4.5152246277707535,,0.0042808436569747865,False,,,7,2,-387744000.0,-317163000.0,"min(depreciation & amortization, capex)",False,False,True,False,True,False,False,False,False,False,True,leverage,1,accruals,substitution risk unassessed (cannot be automated),0.0,ejected
OHI,14383836372.795105,4228987000.0,677210333.3333334,0.03638407348361551,0.045,0.03142574199289516,3738193392.156864,9520670080.743896,8717141402.403551,10393394844.833748,6772103333.333333,3738193392.156864,0.12653341908535343,-2.847804236927377,10,2025-12-31,0.06518458737457235,0.08707721327280712,0.002825015847761812,,,,0.7051934334874662,0.12186783809980525,1.7972185584960365,0.7915650303384516,0.03142574199289516,0.05926971322189867,0.6666666666666666,-0.03924184188710533,3.6315997379125924,3.9028530239263377,3.2590021000669607,0.04703895702818639,True,0.03986391599542899,,10,1,834563000.0,677210333.3333334,"min(depreciation & amortization, capex)",False,False,True,True,False,False,False,False,False,False,True,leverage,1,dilution,substitution risk unassessed (cannot be automated),0.0,ejected
OKE,56652552898.21539,31918000000.0,3029000000.0,0.03419872520702116,0.045,0.1,3717294117.647064,57405725365.71878,52648540897.460396,57405725365.71878,30290000000.0,3717294117.647064,0.09693889444220771,-14.240266469437925,11,2025-12-31,0.08188216925697013,0.08136645975446707,-0.0004975783049661757,0.3049748728775759,0.0644133801020734,0.006964804179001291,0.17071575128609237,0.039200825094692186,0.667596134552933,0.09774686632677639,0.15788994951671098,0.3153108920107406,0.7,-0.15958937728242206,4.399448656099242,3.2198541783510937,,0.09638424731977557,False,0.05001346905445771,-0.358974358974359,10,2,3393000000.0,3029000000.0,"min(depreciation & amortization, capex)",False,False,True,True,False,False,False,False,False,False,True,leverage,1,dilution,substitution risk unassessed (cannot be automated),0.0,ejected
URI,68632438580.26392,15420000000.0,2499500000.0,0.029737388256893472,0.045,0.0,13985882352.941177,30587121590.852364,27985993494.9652,33415272071.36569,24995000000.0,13985882352.941177,0.18714014004551427,-3.907265544517524,11,2025-12-31,0.10356819632184672,0.12171735198080405,0.004407894027971028,1.6627875507442489,0.6726922926116531,0.16676471223884906,1.0752368064952638,0.43375754013321344,0.9768042785890271,0.16294031431032638,-0.04436612101182691,0.1313001839740795,0.7,-0.033446437227338865,3.495805939696214,,3.0275181920339023,-0.03921171448468608,False,0.061519532451553366,-0.06587671039638882,3,10,,2499500000.0,"min(depreciation & amortization, capex)",False,False,True,False,False,False,False,False,False,False,True,leverage,0,,substitution risk unassessed (cannot be automated),0.0,ejected
NWS,16781242089.874802,-441000000.0,599333333.3333334,0.036678363150121816,0.045,0.0,7491980392.156864,7334219459.938993,6710517610.715136,8012357029.314598,5993333333.333333,5993333333.333333,0.19179705455226742,-1.7999847758411796,11,2025-06-30,0.025463480008934558,0.07776311052442098,0.00917265997207337,,,,0.1092049219119735,0.09018060868971575,,2.1526263627353814,-0.0008479017762196284,-0.012661158818427554,0.6,-0.10581695453643036,-0.3191027496382055,,,-0.0022015667575387976,True,0.13043478260869565,-0.044992743105950694,10,4,1232000000.0,599333333.3333334,"min(depreciation & amortization, capex)",False,False,False,False,False,False,False,True,False,False,False,,1,auditor_change,substitution risk unassessed (cannot be automated),0.0,no moat evidence
AXTA,6957755055.076332,2542000000.0,470866666.6666667,0.049566190279301175,0.045,0.02215641716227479,2997607843.1372557,6355051072.973821,5817465032.273802,6939116184.121,4708666666.666667,2997607843.1372557,0.04276828333417282,-1.3211024987826425,11,2025-12-31,0.07816609916297801,0.10437649502706785,0.004974344123056769,0.3443423881180379,0.02547536673610117,-0.004991622206034917,0.1436388508891929,0.019948037070125022,1.9029373630795368,0.22226203172910275,0.02215641716227479,0.0648403982385346,0.6,-0.16612377850162863,2.4679611650485436,4.176136363636363,3.253039245766865,-0.009899750431718757,False,0.0690270892559265,0.1479663977376695,0,9,477000000.0,470866666.6666667,"min(depreciation & amortization, capex)",False,False,False,False,False,False,False,False,False,False,False,,0,,substitution risk unassessed (cannot be automated),0.0,no moat evidence
BA,175223841172.39688,51388000000.0,-3823333333.3333335,-0.016871727944810705,0.045,0.0,,,,,,,,,11,2025-12-31,-0.028278763490031094,0.0639669053010018,-0.2532590739056701,0.04794160714485318,0.09011625372256107,-0.016160854827210604,0.0478521847020556,0.10878285125417832,,0.7942637511255308,-0.007145335328892277,0.0899505600378272,0.6,-0.24035057929178805,8.243182547321142,1.544929628293035,1.3337602933858632,0.009285680234197402,False,2.012093023255814,0.01519319744904335,6,4,2235000000.0,-3823333333.3333335,"min(depreciation & amortization, capex)",False,False,True,True,False,False,False,False,False,False,True,leverage,1,dilution,substitution risk unassessed (cannot be automated),0.0,ejected
ATO,29411272127.00113,8716257000.0,1042503666.6666666,0.027342544626853017,0.045,0.04855975682963587,3548492019.6078434,15800322138.845512,14472595929.866726,17241542086.977146,10425036666.666666,3548492019.6078434,0.1936006666470702,-7.288386155156543,11,2025-09-30,0.058723223804063585,0.05679911788220634,-0.002063017832239521,,0.06445822602259098,0.0038767141098600658,0.33171428237277933,0.03916888512206475,-1.2608818125564585,0.05481728671181515,0.04855975682963587,0.10760685616384968,0.6,-0.02781365529827884,3.7984033754068043,9.086609816050979,,0.04653376167930068,False,,,10,0,1198754000.0,1042503666.6666666,"min(depreciation & amortization, capex)",False,False,True,True,True,False,False,False,False,False,True,leverage,2,dilution;accruals,substitution risk unassessed (cannot be automated),0.0,ejected
ATR,8011364189.574341,920956000.0,356253666.6666667,0.03988366506190409,0.045,0.05007757390886569,3270263607.8431377,5435408013.701616,4978841504.680309,5930976022.980603,3562536666.6666665,3270263607.8431377,0.1399079099795501,-1.449760982680579,11,2025-12-31,0.10762195280922687,0.11150941765166002,-0.003187553121030273,,0.00832378583120325,0.0030507530429896394,0.1326486604692759,0.012851844870725044,0.8504369899575371,0.17052904400856606,0.05007757390886569,0.05215470817518808,1.0,0.024340742419219685,1.1681314457997898,9.500692113696266,,0.0034096506983367636,False,0.14625445002482518,0.6091190859114737,10,8,409733000.0,356253666.6666667,"min(depreciation & amortization, capex)",False,False,False,False,False,False,False,False,False,False,False,,0,,substitution risk unassessed (cannot be automated),0.0,no moat evidence
AVAV,7316909070.066071,351642000.0,24957666.666666668,0.0032545478850741537,0.045,0.1,-58022392.156862676,472998665.7100761,433801496.93139124,472998665.7100761,249576666.66666666,,,,11,2026-04-30,0.06406089272185714,-0.06020791107734939,-0.014859967322856727,0.2532530370362876,0.05888066840055755,-0.012818490528163671,-0.15731885909112753,0.1443763697282421,,-0.08028153748860767,0.23801050396720047,0.3800488438563101,0.9,0.16871265201702967,,-12.852626358639501,,,False,,,0,0,-62629000.0,24957666.666666668,"min(depreciation & amortization, capex)",False,False,True,False,False,False,False,False,True,False,True,leverage;restatement,0,,substitution risk unassessed (cannot be automated),0.0,ejected
AVB,27216737197.408966,9141318000.0,1670394333.3333333,0.04594289557743927,0.045,0.0,10510380039.215687,20441110053.345642,18702798538.38504,22331138673.655067,16703943333.333332,10510380039.215687,0.06513238991459966,-1.589510283725188,11,2025-12-31,0.08339903306609311,0.09738265816359523,0.0020175830333374212,,,,286.9850894632207,123.26733674747402,1.3131627166717053,0.21193113304538957,-0.42732114271343813,0.13018430647306323,0.3,-0.2300403225806451,3.1153052235181855,7.797442713779174,1.8435587067819847,0.005954966308952869,False,0.018522868147369937,1.0,4,3,1708206000.0,1670394333.3333333,"min(depreciation & amortization, capex)",False,False,True,False,False,False,False,False,False,False,True,leverage,0,,substitution risk unassessed (cannot be automated),0.0,ejected
AVGO,1902889357601.653,48958000000.0,14399333333.333334,0.007377284538800525,0.045,0.1,120445921568.62747,272896723269.32098,250281904884.8348,272896723269.32098,143993333333.33334,120445921568.62747,,-14.798703126011851,10,2025-11-02,0.10808151910855884,0.1956545105566219,0.020596181483617235,0.6776652527118193,0.08450044169389592,0.02639717459243366,0.3988917933225852,0.15174002636363376,1.651798561151079,0.29438380957604343,0.19109710141606495,0.21743712435641926,1.0,0.057131477629773775,1.8788088111136696,7.938940809968847,2.638151198977229,0.04669836094967139,False,0.19641328932086313,-0.2776370827760863,10,6,23126000000.0,14399333333.333334,"min(depreciation & amortization, capex)",False,False,False,True,False,False,False,False,False,False,False,,1,dilution,substitution risk unassessed (cannot be automated),0.0,no moat evidence
ABT,163608510086.77917,4407000000.0,8549666666.666667,0.05088617510520789,0.045,0.08067263371960576,96177313725.4902,149040170468.80325,136622742743.40182,162033613943.58102,85496666666.66667,85496666666.66667,0.10224369228478772,-0.913624430817332,11,2025-12-31,0.10838768749493159,0.10976417747934583,0.0062845302964527165,0.5641806533116765,0.012184899469120707,-0.0011081175983433298,0.18166847139505504,0.03856192341530783,1.039909385342371,0.11484224619517445,0.08067263371960576,0.05075224605174555,0.9,0.08475426278836506,0.46453041003478446,16.33468559837728,,0.015013095910674235,False,0.09966302460941488,0.7092549476135042,10,10,6524000000.0,8549666666.666667,"min(depreciation & amortization, capex)",False,False,False,False,False,False,False,False,False,False,False,,0,,substitution risk unassessed (cannot be automated),0.0,no moat evidence
OKTA,24094915858.618774,-858000000.0,-26333333.333333332,-0.0011332542362142294,0.045,0.1,,,,,,,,,11,2026-01-31,-0.13532196064579136,0.02236015722035435,0.2272295912742935,0.7735525865022268,0.05480115800816594,0.01391747629078927,0.05104487838300788,0.2579989667376687,,0.058016951468671786,0.42272366088277735,0.28442728861045263,1.0,0.46790514309186637,-5.296296296296297,37.25,2.6884680583851654,0.07339221431177179,False,1.519318195096049,,0,1,239000000.0,-26333333.333333332,"min(depreciation & amortization, capex)",False,False,False,True,False,False,False,False,False,False,False,,1,dilution,substitution risk unassessed (cannot be automated),0.0,no moat evidence
XRAY,2456005179.431139,1917000000.0,-352000000.0,-0.08049384474906791,0.045,,,,,,,,,,11,2025-12-31,-0.013268684957426679,-0.1296068796068796,-0.0160063221592371,0.5,,,-0.11467391304347826,,,,,0.019638627996333202,0.4444444444444444,-0.16981601193436102,,-4.795454545454546,-0.29600078354241993,-0.011660494108151731,False,0.11250118697179755,0.23354866965947663,10,9,-377000000.0,-352000000.0,"min(depreciation & amortization, capex)",False,True,True,False,False,True,False,True,False,False,True,leverage;altman_distress,2,structural_decline;auditor_change,substitution risk unassessed (cannot be automated),0.0,ejected
WRB,26874658191.95874,-2539938000.0,,,0.045,0.07394677197232169,,,,,,,,,11,2025-12-31,0.16767409855715662,0.2631081834287688,0.014724350190688084,,,,0.16368361234975376,0.02279680841420108,0.35684807936393015,0.3839514719590578,0.07394677197232169,0.12674177994623315,1.0,0.024895484748796326,-1.0765601284104795,18.972315039561202,1.6506302054063389,-0.012379404695065488,True,0.12973328005697535,-0.5936583815623979,10,10,,,"min(depreciation & amortization, capex)",True,False,False,False,True,False,False,False,False,False,False,,1,accruals,substitution risk unassessed (cannot be automated),0.0,pass
PANW,265616652984.6191,-2268600000.0,1503600000.0,0.005709554268425968,0.045,0.1,19958011764.705883,28496285460.51329,26134812180.066505,28496285460.51329,15036000000.0,15036000000.0,,-16.665379953752268,11,2025-07-31,-0.14577734343187557,0.1589692388560284,0.04202885606728484,0.734143035297945,0.016345442709411642,-0.00019791101441819135,0.1347828444396248,0.08203961836201196,6.980144101876675,0.24543110913753152,0.2581159834784892,0.2202538955917348,1.0,0.17547247896261564,-1.430120405976171,414.3,1.089883496766288,0.017954235425156284,False,0.4898277621076637,,0,8,1231100000.0,1503600000.0,"min(depreciation & amortization, capex)",False,False,False,True,False,True,False,False,False,False,True,altman_distress,1,dilution,substitution risk unassessed (cannot be automated),0.0,ejected
OLN,2357157927.9846954,2659700000.0,457200000.0,0.09113273817256776,0.045,0.0903768196166832,2719123529.411765,8312146710.255676,7621464006.373494,8664872115.28776,4572000000.0,2719123529.411765,-0.1,0.13311848377310564,11,2025-12-31,0.046848866182197295,0.0007393568584672856,0.009096130800599631,0.07395882491741387,0.060801893128817446,0.0018168178512164108,0.0007816186880604058,0.0922284723961496,2.0785079450579045,,0.0903768196166832,0.03324153252063744,0.6,-0.057610474631751174,5.0478269121275385,0.028146574614976102,1.6169150085360855,-0.039819834415940836,False,0.02256235827664399,0.6527301964622807,10,7,194200000.0,457200000.0,"min(depreciation & amortization, capex)",False,True,True,False,False,False,False,False,False,False,True,leverage,1,structural_decline,substitution risk unassessed (cannot be automated),0.0,ejected
OMC,23350557725.25699,2453800000.0,1059400000.0,0.041055081133179,0.045,0.013298712124907741,10009729411.764708,13750074351.456413,12584430967.713783,15016880264.017887,10594000000.0,10009729411.764708,0.13520362237053768,-1.3327861088644855,11,2025-12-31,0.33706312816708006,0.016868396369555023,-0.013749051044635491,0.08494143666880888,0.03048609505860327,-0.0036899781357174395,0.02574702262055709,0.0352354299638078,1.4766493639655227,-0.08233144952105607,0.013298712124907741,0.0557075161852465,0.6,-0.11920795522178462,3.4014416412531188,1.68830675778284,,-0.01779498045871708,False,0.05046137822164599,-0.04506779021919116,10,10,72400000.0,1059400000.0,"min(depreciation & amortization, capex)",False,False,True,False,False,False,False,False,False,False,True,leverage,0,,substitution risk unassessed (cannot be automated),0.0,ejected
ON,37346250011.60994,832900000.0,1407433333.3333333,0.03686392528134716,0.045,0.05542446875207463,15725139215.686275,21981241688.42423,20137420205.48581,23982203204.298874,14074333333.333332,14074333333.333332,0.17899767225468632,-1.6535004626584997,11,2025-12-31,0.1425523905132388,0.009318161782374839,0.006336431783687249,0.33090369283117055,0.05948624022362032,0.009141245717831039,0.014044100477032391,0.09927825988297491,0.9602057031870751,-0.10536852381477577,0.05542446875207463,0.026713065370281175,0.5,-0.047644937385599606,1.0814074266424305,1.1875881523272214,6.233477105986932,-0.0038045445170643566,False,0.11513619124238593,-0.49405111241530175,0,8,465800000.0,1407433333.3333333,"min(depreciation & amortization, capex)",True,True,True,False,False,False,False,False,False,False,True,leverage,1,structural_decline,substitution risk unassessed (cannot be automated),0.0,ejected
ONB,10126835976.264954,-822019000.0,247384333.33333334,0.026586695253046865,0.045,0.0,3732422921.568628,3027315336.402727,2769872511.871563,3307227367.2841578,2473843333.3333335,2473843333.3333335,0.2838708124170298,-3.0935639859698547,6,2021-12-31,0.10613212965206353,0.14253028450408817,0.014046460972297933,,,,3.0339367596484523,0.5915742744976767,0.7574679355994813,0.35935665825471247,-0.017617588404519102,-0.017617588404519102,0.6,-0.09457661845203513,-2.0128432099944416,9.02059220336576,0.381280568826438,0.05278199985339427,True,0.05097886967399769,0.9322440444462667,6,6,277538000.0,247384333.33333334,"min(depreciation & amortization, capex)",False,False,False,True,False,True,False,False,False,False,True,altman_distress,1,dilution,substitution risk unassessed (cannot be automated),0.0,ejected
ONTO,15989572297.924255,-346119000.0,153196000.0,0.009792978384147938,0.045,0.1,2148424882.3529415,2903376527.9388094,2662775130.844286,2903376527.9388094,1531960000.0,1531960000.0,,-9.437330150868336,11,2026-01-03,0.0999255312672983,0.06360370288672819,-0.011110201634572952,0.4971534812282955,0.03283987408338443,-0.0022203297019305827,0.13223106788969652,0.13873807612375524,1.0042481442972016,0.2141158831382497,0.14541163714979377,0.12554672904413056,0.7,0.8192326803881058,-2.2481537052553637,,12.56598129978805,-0.0016512297793441766,False,0.14859175423896845,0.06652145226453121,0,8,136759000.0,153196000.0,"min(depreciation & amortization, capex)",False,False,False,False,False,False,False,False,False,False,False,,0,,substitution risk unassessed (cannot be automated),0.0,no moat evidence
VNO,7213548655.585602,1424109000.0,719821000.0,0.0833352083055205,0.045,0.0,7044373352.941177,8808662712.802137,8059574244.264591,9623130449.162842,7198210000.0,7044373352.941177,-0.04482505826662747,-0.024015663873606208,10,2025-12-31,0.07290401525260225,0.17353558638435562,-0.010173307147922429,,,,0.7205937832276952,0.5819997914057747,1.2065194353065303,2.1677143471488454,-0.011209457010072588,0.03450887835714189,0.6666666666666666,-0.20613550163661865,0.7973569416535043,3.686631738388326,0.5526260791839861,0.006198517932155534,True,0.056987997238862574,1.0,10,2,1089730000.0,719821000.0,"min(depreciation & amortization, capex)",False,False,True,False,False,True,False,False,False,False,True,leverage;altman_distress,0,,substitution risk unassessed (cannot be automated),0.0,ejected
ORA,6745756526.054497,2513122000.0,124010000.0,0.013393630735194947,0.045,0.05224716172261368,-1054180823.5294116,1910075334.405375,1749722164.9127913,2084113526.860074,1240100000.0,,,,11,2025-12-31,0.04555993094214046,0.03346308580174469,-0.006260276130951059,0.2755665999355258,0.04164579974276608,-0.009473969975046891,0.17101328593098025,0.04698629259069709,-1.1626704666955383,0.018067711436866883,0.05224716172261368,0.07005717942830425,0.8,-0.05455710387054924,5.447333797190414,1.192977137982813,1.2602812274666024,0.022362513747006707,False,,-1.0,10,1,123898000.0,124010000.0,"min(depreciation & amortization, capex)",False,False,True,True,True,False,False,False,False,False,True,leverage,2,dilution;accruals,substitution risk unassessed (cannot be automated),0.0,ejected
PCG,37812198747.77641,57495000000.0,-8133000000.0,-0.08533458234905628,0.045,0.040075305177194265,,,,,,,,,11,2025-12-31,0.034798582521236125,0.05274615427333815,0.02013933521847236,,,,0.1904551834770403,0.28963292637400145,,0.09297559157816285,0.040075305177194265,0.06187451597285287,0.7,0.07822990250452455,12.106759317751106,1.5683619550858652,,0.026276066317329372,False,,,3,0,-9084000000.0,-8133000000.0,"min(depreciation & amortization, capex)",False,False,True,True,False,False,False,False,False,False,True,leverage,1,dilution,substitution risk unassessed (cannot be automated),0.0,ejected
PEG,40139790451.85623,22413000000.0,-1177000000.0,-0.018816107027325637,0.045,0.015677876325595363,,,,,,,,,11,2025-12-31,0.0594331321497724,0.06726399813181104,-0.00019562464569461823,,0.011814420639423253,-0.001853693275009528,0.24490466798159105,0.10840808170729553,-0.34208059981255856,0.09911630237905106,0.015677876325595363,0.048485561940271094,0.7,-0.04694323144104806,7.5211409395973154,2.9651741293532337,,-0.001386572468231484,False,,,10,1,-1161000000.0,-1177000000.0,"min(depreciation & amortization, capex)",False,False,True,False,True,False,False,False,False,False,True,leverage,1,accruals,substitution risk unassessed (cannot be automated),0.0,ejected
PEGA,5220705394.990171,-212447000.0,190757333.33333334,0.03808855659766886,0.045,0.09844186089466644,2456650921.568628,3591023779.63772,3293306700.6788654,3615240372.674218,1907573333.3333333,1907573333.3333333,0.18635638827220363,-1.736830770153094,11,2025-12-31,0.08778783980368315,0.4576177439497403,0.0359950329115508,0.7586326591866708,0.03213182634431961,0.007784468426928726,0.15070351217656883,0.10571009854131314,6.726126986793205,1.6712507512422983,0.09844186089466644,0.11401531172283286,1.0,0.11645378507169868,-0.7675136109595772,204.74708171206225,3.9550882791714077,0.04312075144211969,False,0.8205935627264647,0.6379155409200281,10,9,393437000.0,190757333.33333334,"min(depreciation & amortization, capex)",False,False,False,True,False,False,False,False,False,False,False,,1,dilution,substitution risk unassessed (cannot be automated),0.0,no moat evidence
OTIS,28045806589.62976,6645000000.0,1522666666.6666667,0.04389251263825738,0.045,0.015981973389793902,11268725490.19608,19998460522.3823,18304212500.195824,21839578732.047874,15226666666.666666,11268725490.19608,0.09338954199652652,-1.4888179780428525,8,2025-12-31,1.717315624567355,1.2806967517874372,-0.21923018260963137,,,,0.14780680479523248,0.007823121276325814,1.1402298850574712,0.2808911563172311,0.015981973389793902,0.024982341114742734,0.7142857142857143,-0.027595670071657308,2.8791161178509532,9.829493087557603,0.14409134178675087,-0.013104250329295297,False,0.04268934081346423,0.26795514197089004,6,5,1407000000.0,1522666666.6666667,"min(depreciation & amortization, capex)",False,False,False,False,False,True,False,False,False,False,True,altman_distress,0,,substitution risk unassessed (cannot be automated),0.0,ejected
OVV,15604962570.489716,5167000000.0,1494666666.6666667,0.0719559676460282,0.045,0.1,12417313725.4902,28326980581.036976,25979537513.394127,28326980581.036976,14946666666.666666,12417313725.4902,-0.03566974758010699,-0.2567100192093823,9,2025-12-31,0.10278707812407262,0.06912357902456913,0.01271997012483945,,,,0.13055523490707607,0.4033472873704803,1.4488985193210546,1.1553982300884955,0.10518997119092943,0.0947604726301503,0.5,-0.2144588621132183,1.5610271903323263,3.007978723404255,1.6320093174932215,0.03673112973576198,False,0.08050847457627118,-0.14590163934426226,9,7,1274000000.0,1494666666.6666667,"min(depreciation & amortization, capex)",False,True,True,True,False,False,False,False,False,False,True,leverage,2,structural_decline;dilution,substitution risk unassessed (cannot be automated),0.0,ejected
OXY,52606228728.813156,21202000000.0,4230000000.0,0.057310683007201046,0.045,0.056237403111551565,28562705882.352943,66298983066.8838,60738904115.57224,72332753191.45496,42300000000.0,28562705882.352943,0.0036435747508963834,-0.8417802901970557,11,2025-12-31,0.06322813427150446,0.04951092363309698,0.01772056576118139,,0.04485187645592588,0.013344838540781057,0.1950484491631508,0.4251258858303257,5.8495423340961095,3.3748877149033207,0.056237403111551565,0.04716358074234517,0.5,-0.10744060025010416,1.805962521294719,3.8989805375347544,,0.027079711067021117,True,0.051466992665036675,0.5753974626625984,7,9,3475000000.0,4230000000.0,"min(depreciation & amortization, capex)",False,True,True,True,False,False,False,False,False,False,True,leverage,2,structural_decline;dilution,substitution risk unassessed (cannot be automated),0.0,ejected
P,26369683864.21161,-854873000.0,118743666.66666667,0.004653911302678816,0.045,0.1,2251857313.7254906,2250434571.668907,2063942156.0958743,2250434571.668907,1187436666.6666667,1187436666.6666667,,-21.207233955673374,11,2026-02-01,-0.15744931742945936,0.16305836401139281,0.09723645001709813,0.7038120388998382,0.027016218108579283,0.007263378657277472,0.03134614287317256,0.15961935541925215,,,0.23595798309327098,0.16811610382486464,1.0,0.20856816764522468,-3.3975303637288565,34.019555555555556,1.4305311127159879,0.05215266755371628,False,1.0689869169911326,0.04847250661226288,0,8,188181000.0,118743666.66666667,"min(depreciation & amortization, capex)",False,False,False,True,False,False,False,False,False,False,False,,1,dilution,substitution risk unassessed (cannot be automated),0.0,no moat evidence
OPCH,3387083213.359009,928208000.0,251789000.0,0.0583480899783837,0.045,0.1,2034015529.411765,4771914884.156145,4376468624.63871,4771914884.156145,2517890000.0,2034015529.411765,0.02140845256576497,-0.6652199377939603,11,2025-12-31,0.05427006505253791,0.10997379929215871,0.012456540070442732,0.1925641811276323,0.03946244234555199,0.0002757660627819328,0.05981146359539635,0.02929668777218593,1.6343812877851338,0.6417170100327908,0.12005961455393677,0.13250201178293386,0.9,0.31258123533543936,2.2893617860912974,6.193518824003813,2.9653007498201633,0.00741698575213845,False,0.10715884084744479,1.0,0,3,233816000.0,251789000.0,"min(depreciation & amortization, capex)",False,False,False,False,False,False,False,False,False,False,False,,0,,substitution risk unassessed (cannot be automated),0.0,no moat evidence
VNT,4142336010.742188,1601800000.0,401733333.3333333,0.06993799112382547,0.045,0.020632581712112685,3124474509.8039217,5385689047.322225,4929933618.199985,5880874296.146919,4017333333.333333,3124474509.8039217,-0.038455754609635615,-0.3257704608389149,8,2025-12-31,0.16741101922090776,0.15768505435661892,-0.011576806017821023,,0.009908250640316548,0.006167329844983449,0.18259851736246585,0.009990272149560737,1.0732527092822366,0.08186776021973656,0.020632581712112685,0.026042527222072342,0.5714285714285714,-0.024349770931784587,2.6143300146890813,,3.028691453245556,-0.01884756684384803,False,0.05631164574004156,-0.13173781802501083,5,4,406100000.0,401733333.3333333,"min(depreciation & amortization, capex)",False,False,False,False,True,False,False,False,False,False,False,,1,accruals,substitution risk unassessed (cannot be automated),0.0,no moat evidence
VOYA,8845405470.046692,756000000.0,,,0.045,0.0,,,,,,,,,11,2025-12-31,0.0682837773619395,0.15922667535570761,0.019375067918593437,,,,0.46031042128603106,0.4280809802869189,3.2274751302700144,,-0.12645972635824598,0.05201443636717129,0.6,0.2297962052002811,0.7283236994219653,,,-0.08129337188823171,False,0.15352550930546585,,10,10,,,"min(depreciation & amortization, capex)",False,False,False,False,False,False,False,False,False,False,False,,0,,substitution risk unassessed (cannot be automated),0.0,no moat evidence
VRSK,24290138837.630615,4104200000.0,835300000.0,0.02941783588540504,0.045,0.0572640850909194,5722858823.529413,13150917824.197514,12048330334.451498,14347398331.209654,8353000000.0,5722858823.529413,0.20084194391868565,-3.2444064385726623,11,2025-12-31,0.12978684494727746,0.23614269498730434,0.017142338227944625,0.6987991017671754,0.023683080394360463,0.005785390379245036,0.43736778728805287,0.07231976332765216,1.1118753658666383,,0.0572640850909194,0.06248258905176751,0.9,-0.12953089639829696,2.5601646809306966,7.863662960795787,6.115054760140568,-0.018272344735049795,False,0.05855958264032642,-0.0947243224874692,7,10,923400000.0,835300000.0,"min(depreciation & amortization, capex)",False,False,False,False,False,False,False,False,False,False,False,,0,,substitution risk unassessed (cannot be automated),0.0,no moat evidence
VRSN,24580008666.992188,-307900000.0,815400000.0,0.0335941145941254,0.045,0.04572421001112059,9900841176.470589,12205825595.053467,11179400483.400917,13320097249.637676,8154000000.0,8154000000.0,0.20946733782850807,-2.0144724879804006,11,2025-12-31,,,,0.881504285886756,0.02020193595020624,0.00598220502289921,0.6766871906314137,0.03469073205143537,1.1601586072330243,,0.04572421001112059,0.05540357333639068,1.0,0.027149515978828642,-0.2672279118208644,14.558441558441558,-27.287044230942115,-0.03433831895585815,False,0.0724689231803401,0.053861430704571056,1,10,834100000.0,815400000.0,"min(depreciation & amortization, capex)",False,False,False,False,False,True,False,False,False,False,True,altman_distress,0,,substitution risk unassessed (cannot be automated),0.0,ejected
ACM,8771689290.0,1127781000.0,395984666.6666667,0.04000059145252172,0.045,0.0,3530862137.254903,4845781615.301651,4433696461.468014,5293832915.685425,3959846666.6666665,3530862137.254903,0.13637371067134008,-1.484291073686502,11,2025-09-30,0.08403884248132913,0.220359032792981,0.016851635778611724,0.0753867098002667,0.01574458716778353,0.0046306033929175905,0.06360260481936937,0.016328152969070222,4.457049162519435,,-0.010794529879592507,0.04040212901702023,0.5,-0.029501948146429702,0.9379111954951561,5.569721764042018,0.9444243448305529,-0.011465142830912933,False,0.10453285123633325,-0.5479015062813075,4,10,601016000.0,395984666.6666667,"min(depreciation & amortization, capex)",False,False,False,False,False,True,False,False,False,False,True,altman_distress,0,,substitution risk unassessed (cannot be automated),0.0,ejected
WTFC,10894161837.287903,-467938000.0,722986000.0,0.0693430345715717,0.045,0.08432920592294568,8973655647.058825,12804654316.267641,11738892696.00534,13702058685.790543,7229860000.0,7229860000.0,0.04723191613363001,-0.506828878745633,9,2025-12-31,0.16976664006175693,0.2844609043166098,0.02171322754675164,,,,9.87214787208011,2.6933693826746357,1.1089012460375054,0.48510191754521637,0.08432920592294568,0.09320316153371255,1.0,0.05366488093394861,-0.17400070204455603,1.7436310698073978,0.574941040043443,0.022808781194118444,True,0.04002092332752772,0.9922150756922112,9,3,840793000.0,722986000.0,"min(depreciation & amortization, capex)",True,False,True,True,False,True,False,False,False,False,True,leverage;altman_distress,1,dilution,substitution risk unassessed (cannot be automated),0.0,ejected
WTRG,10942561003.487503,8097211000.0,,,0.045,0.1,,,,,,,,,11,2025-12-31,0.06124056421343627,0.06124056421343627,-0.0031025974827008553,,,,0.3721593055889502,0.04296806950982184,-0.05138599665449083,0.10273175831512546,0.11757696302417853,0.11088881657306682,0.8,0.6440498509596579,6.049819115346281,2.7985541553599265,,0.0468578458511788,False,,0.7137921629239021,10,10,,,"min(depreciation & amortization, capex)",False,False,True,True,True,False,False,False,False,False,True,leverage,2,dilution;accruals,substitution risk unassessed (cannot be automated),0.0,ejected
WH,5879542324.816818,2496000000.0,282666666.6666667,0.033749058354003235,0.045,0.01328139226362235,829490196.0784321,3668482430.8908086,3357490655.9735026,4006464404.688522,2826666666.6666665,829490196.0784321,0.12164848333017811,-6.0881396219189075,10,2025-12-31,0.11749358134817908,0.09952894813811362,-0.0025666934597218523,,,,0.2813156053184045,0.13570260396079578,1.1951095262353542,,0.01328139226362235,0.08507991500987822,0.7777777777777778,-0.3356643356643356,5.379310344827586,2.8920863309352516,1.0324966913358196,-0.028126724942242776,False,0.1104006820119352,0.3361656930430164,8,8,209000000.0,282666666.6666667,"min(depreciation & amortization, capex)",False,False,True,False,False,True,False,False,False,False,True,leverage;altman_distress,0,,substitution risk unassessed (cannot be automated),0.0,ejected
XPO,24407187423.570923,2943000000.0,297333333.3333333,0.010871345366982227,0.045,0.006790977348149818,555039215.6862745,3749659175.5207834,3431294609.8565564,4095730235.4662223,2973333333.333333,555039215.6862745,,-42.97380713611888,11,2025-12-31,0.07521852587321312,0.09874303831475295,0.007268516002390987,,0.3230053386697928,-0.17156947513221543,0.08042172367291897,0.025070417493814223,0.45734434686081815,,0.006790977348149818,0.05749231377232822,0.8,-0.4225259807134163,2.620658949243099,2.9954337899543377,,0.025179465269385082,False,0.46680468303826383,0.882186616399623,4,4,316000000.0,297333333.3333333,"min(depreciation & amortization, capex)",False,False,True,True,True,False,False,False,False,False,True,leverage,2,dilution;accruals,substitution risk unassessed (cannot be automated),0.0,ejected
WING,4174477866.5342565,1012522000.0,117719666.66666667,0.022695135858047014,0.045,0.1,372415254.9019611,2231027683.991623,2046143507.737011,2231027683.991623,1177196666.6666667,372415254.9019611,0.24872630138972363,-10.20920212474431,11,2025-12-27,0.4776918479767822,0.4776918479767822,0.03043463613200138,,0.04088738178288605,0.012768966913066171,0.2572866874362312,0.014700139381087147,0.9469452746939937,0.4380335885808906,0.24486403769808684,0.22872393852350648,1.0,0.24607363929565906,4.9546239705616095,,-0.5503698666040011,0.0009236749658749766,False,0.1875421552289393,0.04924432412180252,10,3,174267000.0,117719666.66666667,"min(depreciation & amortization, capex)",False,False,True,False,False,True,False,False,False,False,True,leverage;altman_distress,0,,substitution risk unassessed (cannot be automated),0.0,ejected
WLK,9672000768.859863,2860000000.0,-25000000.0,-0.001994892951341117,0.045,0.1,,,,,,,,,11,2025-12-31,0.06506779423206929,-0.1247424528612157,-0.01661732577543933,0.07278424350940017,3.2407376878950305,-0.4943389706198389,-0.14127126230975828,2.643401584403439,1.1185222544445845,-0.5609353577887024,0.5897206750601565,0.08280953032501182,0.5,-0.07563439270756345,,-9.228070175438596,2.887803053381433,-0.0030975658886893687,False,0.035508961785593506,0.2618296529968454,10,9,-1325000000.0,-25000000.0,"min(depreciation & amortization, capex)",False,True,True,False,False,False,False,False,False,False,True,leverage,1,structural_decline,substitution risk unassessed (cannot be automated),0.0,ejected
WM,93699670949.46716,22706000000.0,2586000000.0,0.022215412521634,0.045,0.06876714833288,7717529411.764709,42807417608.087944,39229346052.74221,46688661538.0208,25860000000.0,7717529411.764709,0.253973151544449,-11.14114853992394,11,2025-12-31,0.11236532843092749,0.10418440512547365,-0.0012686544222791658,0.4043802571020473,0.010244929902887985,0.0024438611411435347,0.17092524996032377,0.009455968801255456,1.0183287631692886,0.12370666900926644,0.06876714833288,0.1061712793131473,0.9,-0.015334843092850159,3.166364523776321,,2.061994925576374,-0.011964220898999067,False,0.05215419501133787,-0.010438413361169074,10,9,2708000000.0,2586000000.0,"min(depreciation & amortization, capex)",False,False,True,False,False,False,False,False,False,False,True,leverage,0,,substitution risk unassessed (cannot be automated),0.0,ejected
ACI,7229129635.581385,8748000000.0,848766666.6666666,0.053123851782265474,0.045,0.03540204325833862,1237490196.078432,12142875333.843409,11119058168.293537,13254707820.212818,8487666666.666666,1237490196.078432,-0.08098809940787904,-4.841767198229345,11,2026-02-28,0.12022411786633096,0.05580635015607056,0.008277271138740265,0.27180498361838346,0.0063981160416672015,7.298280105079187e-05,0.008748083801737354,0.010781163167798282,1.201555369882383,-0.235694792564664,0.03540204325833862,0.03600382699510751,1.0,0.031727362082779154,3.312005451860826,1.6005279366476022,,-0.007143276704658308,False,0.11797271997860391,-0.9520613614573346,6,4,291700000.0,848766666.6666666,"min(depreciation & amortization, capex)",False,False,True,False,False,False,False,False,False,False,True,leverage,0,,substitution risk unassessed (cannot be automated),0.0,ejected
WTW,27356855671.935303,3174000000.0,854000000.0,0.027971702109384943,0.045,0.09530963172389884,6873058823.529413,15860728472.224972,14544623324.740543,16185041090.235664,8540000000.0,6873058823.529413,0.22409711697152296,-2.980302857045412,11,2025-12-31,0.05711284517253409,0.16773504715064097,0.006243724716700342,,,,0.23476250525430853,0.06618890584688218,0.5308268147026663,,0.09530963172389884,0.02154390629213676,0.7,0.032343712285783255,1.2902439024390244,8.592307692307692,1.503189728063276,-0.03623111546368141,False,0.1690698779908097,0.2820272172688878,10,9,1605000000.0,854000000.0,"min(depreciation & amortization, capex)",False,False,False,False,True,False,False,False,False,True,True,going_concern,1,accruals,substitution risk unassessed (cannot be automated);going-concern language found — read the opinion,0.0,ejected
WWD,24214474346.735077,252471000.0,370194333.3333333,0.015130386245078724,0.045,0.0575580509577025,4102756450.9803925,5835804667.193489,5346562169.038678,6366704244.988499,3701943333.333333,3701943333.333333,,-5.541017019007605,11,2025-09-30,0.10415980052747444,0.17058353802385703,0.004210681874171433,0.26808938667767107,0.018305812936026008,-0.002524388094257358,0.15898228907583378,0.01740767238794576,1.023348455186114,1.4890707118150726,0.0575580509577025,0.07405104655890105,0.7,-0.1394843177894467,0.37107460852643676,12.412177985948478,6.048023181942393,-0.0071792282853309075,True,0.08620577375891403,0.03118257343739167,0,9,442111000.0,370194333.3333333,"min(depreciation & amortization, capex)",False,False,False,False,False,False,False,False,False,False,False,,0,,substitution risk unassessed (cannot be automated),0.0,no moat evidence
WY,16908449731.161852,5108000000.0,970000000.0,0.044057966286320555,0.045,0.0,6303764705.882355,11870177212.693256,10860737623.571213,12967719107.511389,9700000000.0,6303764705.882355,0.0806609011549233,-1.68227805447493,11,2025-12-31,0.07449392712550608,0.05029585798816568,0.0024132785493641653,0.14844315713251266,0.0810102240816932,0.0012549212510894942,0.1058653149891383,0.08879359862538974,1.4133956386292834,-0.7981182549561611,-0.0025278562596000587,-0.01723275269088076,0.4,0.14922184925236492,4.119354838709677,2.6776556776556775,2.1007038186544924,0.03366415552577129,False,0.030710454779222688,0.4557620817843866,10,8,782000000.0,970000000.0,"min(depreciation & amortization, capex)",False,True,True,True,False,False,False,False,False,False,True,leverage,2,structural_decline;dilution,substitution risk unassessed (cannot be automated),0.0,ejected
WYNN,10354801603.924843,9083370000.0,680616333.3333334,0.03501442147963686,0.045,0.057633068102965535,-1076119019.6078415,10732862915.56987,9833095127.521404,11709239898.80114,6806163333.333333,,0.04942847846379078,,11,2025-12-31,0.07958519066086056,0.10104268890463103,-0.00040199747516289424,,,,0.15668197083633842,0.22534235679486114,-5.6590761835092485,,0.057633068102965535,0.2777382286479426,0.7,-0.6829784276411532,5.22327843833614,1.7878239518124677,0.711864483104339,0.002501383468384466,False,,0.25658017450826787,10,10,327334000.0,680616333.3333334,"min(depreciation & amortization, capex)",False,False,True,False,True,True,False,False,False,False,True,leverage;altman_distress,1,accruals,substitution risk unassessed (cannot be automated),0.0,ejected
XEL,49979019449.504395,33108000000.0,1908333333.3333333,0.022967887715518675,0.045,0.02897809701270737,-10657019607.843136,26541320515.98617,24299911530.68884,28975952440.891754,19083333333.333332,,0.17588735549362278,,11,2025-12-31,0.05762490190949516,0.04554190101733167,-0.0007179260451156476,,0.002880785231168642,,0.17608562274183653,0.01245670094664303,-1.0999451854558744,0.02118682515198258,0.02897809701270737,0.049408019364688416,0.6,-0.0002602133749675106,5.964330751215997,1.7595367847411445,,0.014864505309097886,False,,0.7777777777777777,10,3,2018000000.0,1908333333.3333333,"min(depreciation & amortization, capex)",False,True,True,False,True,False,False,False,False,False,True,leverage,2,structural_decline;accruals,substitution risk unassessed (cannot be automated),0.0,ejected
WHR,2639597566.2497864,5500000000.0,158666666.66666666,0.019493183216399514,0.045,0.0,-3633333333.333333,1941650980.4955292,1776533027.085875,2121180170.163375,1586666666.6666665,,0.06991095757382573,,11,2025-12-31,0.11031776757650986,0.07383753913192619,-0.008691365279674483,0.15369750064416388,0.01577096562428222,-0.0019484029774325016,0.05398093274929142,0.04365711158995624,1.53246214478324,-0.3046443039407861,-0.029256613406642873,-0.04414940397793088,0.2,-0.04716195700083259,4.6768707482993195,2.4574780058651027,,-0.03433209052798902,False,0.09596643205197618,0.29453262786596124,10,8,318000000.0,158666666.66666666,"min(depreciation & amortization, capex)",False,True,True,False,False,False,False,False,False,False,True,leverage,1,structural_decline,substitution risk unassessed (cannot be automated),0.0,ejected
MP,9294538794.59581,-167270000.0,-42330333.333333336,-0.004637787522856434,0.045,0.1,,,,,,,,,7,2025-12-31,-0.032076024141866305,-0.06012458012340103,-0.03468997582414314,,,,-0.6655379364732825,0.5409421208723187,-2.70861176295303,-0.060873574071435954,0.2058122777629774,0.10815055725949896,0.6666666666666666,0.8394346522042813,,-4.744893745433754,4.518777883208959,-0.027042392073243327,False,,,0,1,-85874000.0,-42330333.333333336,"min(depreciation & amortization, capex)",False,True,True,False,True,False,False,False,False,False,True,leverage,2,structural_decline;accruals,substitution risk unassessed (cannot be automated),0.0,ejected
MPC,82834097963.9563,29204000000.0,6464666666.666667,0.05770061063287964,0.045,0.0629742980674104,46850901960.78432,104346720696.49295,95611367010.45465,113824101617.23114,64646666666.666664,46850901960.78432,0.010390525252372343,-0.7680363556990013,11,2025-12-31,0.12800126016500285,0.1493440027369137,0.011556495235315128,0.09987264410432634,0.02431671967141406,0.0009836045812402097,0.06247974739824716,0.07614730149274232,1.2205459124021945,,0.0629742980674104,0.13717834715373045,0.5,-0.3721974304530896,2.5302373938658813,5.568166554734721,2.909493255498136,-0.055564694058522046,False,0.023339780786589298,0.2696588434551173,10,9,4047000000.0,6464666666.666667,"min(depreciation & amortization, capex)",False,True,False,False,False,False,False,False,False,False,False,,1,structural_decline,substitution risk unassessed (cannot be automated),0.0,no moat evidence
MGM,11994306170.078602,4167147000.0,698200000.0,0.04320156069211963,0.045,0.06675662598989152,4046970647.0588245,11456956448.790287,10498807210.402927,12496361670.35332,6982000000.0,4046970647.0588245,0.07729835375248648,-1.9637739475070277,11,2025-12-31,0.11498484386127737,0.15185239979481782,0.014672203872888923,,,,0.05712157073428685,0.11941171327097957,0.5612795380290252,,0.06675662598989152,0.277113404785333,0.9,-0.5998284297461207,2.063379207694296,2.3906434199913136,0.5257521400717008,-0.0649792536470244,False,0.16148873455083673,-0.022711270118809856,6,9,205862000.0,698200000.0,"min(depreciation & amortization, capex)",False,False,True,False,True,True,False,False,False,False,True,leverage;altman_distress,1,accruals,substitution risk unassessed (cannot be automated),0.0,ejected
MIDD,6134250589.529785,1950763000.0,234775666.66666666,0.029038376258353444,0.045,0.0577109737381305,811303666.666667,3703514133.2479057,3393043902.326459,4040417926.1874976,2347756666.6666665,811303666.666667,0.17532693475658417,-6.560979743544176,11,2026-01-03,0.09581291192218218,0.09261637958785365,-0.003909930850205934,0.3910765393748973,0.016661290315775446,0.00010689919301020395,0.17958598051606864,0.021858807757316297,1.3818481526307964,0.14501897807499103,0.0577109737381305,0.04957924892041343,0.7,,2.8679424754041483,6.12707294197894,,-0.008751218837802166,False,0.06281874554112027,0.10001276238455081,0,9,-243155000.0,234775666.66666666,"min(depreciation & amortization, capex)",False,False,False,False,False,False,False,False,False,False,False,,0,,substitution risk unassessed (cannot be automated),0.0,no moat evidence
MKC,14101264107.517456,3519000000.0,756000000.0,0.0429051457677903,0.045,0.047606187839161374,5375117647.058825,11410308009.442183,10451245463.161743,12451384928.412134,7560000000.0,5375117647.058825,0.09630737266686287,-1.6234335754927027,11,2025-11-30,0.09405907399929503,0.09088202195633598,-0.006262782033586107,0.3789599871350672,0.017070901523920424,-0.003062730431915813,0.15654284168823004,0.016443992875059727,0.9609721960541544,0.023034141871319556,0.047606187839161374,0.040775986020144206,1.0,0.04748101881288114,2.702557407265187,5.45769622833843,1.8388142770097637,0.00154734166682724,False,0.06454639666134498,0.5,10,10,798900000.0,756000000.0,"min(depreciation & amortization, capex)",False,False,False,False,False,False,False,False,False,False,False,,0,,substitution risk unassessed (cannot be automated),0.0,no moat evidence
MKSI,24895414159.855377,3783000000.0,-206666666.66666666,-0.007206349190533793,0.045,0.1,,,,,,,,,11,2025-12-31,0.07924035337793336,0.07880166426524633,-0.015602256183096425,0.46731111676418213,0.015105025108083979,0.001709173275046236,0.13431696769269905,0.18759734745093246,3.7106393817938534,0.034870001746919496,0.17061279686978326,0.11027209484140155,0.8,0.22644488893567738,4.338302752293578,2.490566037735849,2.317283446265573,0.023704965945875234,False,0.11251344322801782,0.9770837813985569,10,3,491000000.0,-206666666.66666666,"min(depreciation & amortization, capex)",False,False,True,True,False,False,False,False,False,False,True,leverage,1,dilution,substitution risk unassessed (cannot be automated),0.0,ejected
MTN,5350017571.891022,2753984000.0,302018666.6666667,0.037267844038212886,0.045,0.07790989350944333,799176784.313726,5202139416.660057,4768390846.438909,5672492978.136119,3020186666.6666665,799176784.313726,0.084373558072176,-5.694410644680103,11,2025-07-31,0.11567800233096476,0.13045588146283407,0.0015306760874805436,,,,0.18889826326000297,0.03536027947524432,1.537302874151301,,0.07790989350944333,0.08585191853313057,0.7,-0.1355319547010334,3.215779597546465,3.262637798028294,0.4439989591363303,-0.0005413371222184882,False,0.06393299569705704,-0.04728719766212769,9,9,341250000.0,302018666.6666667,"min(depreciation & amortization, capex)",False,False,True,False,False,True,False,False,False,False,True,leverage;altman_distress,0,,substitution risk unassessed (cannot be automated),0.0,ejected
MTSI,23538771356.269592,388434000.0,69077666.66666667,0.0028869926779211768,0.045,0.0868419097369022,424244431.3725492,1236806484.111423,1133935517.532999,1309162615.2430944,690776666.6666666,424244431.3725492,,-54.48398426849139,11,2025-10-03,0.010266294699467412,0.07557552218586804,0.013993278615370404,0.5469088909060458,0.05783757999740842,0.01135222888753356,0.13404076265070952,0.26924434885888987,,0.1425476451482162,0.0868419097369022,0.12783931286821826,0.7,0.060693444971863464,2.013164236811145,23.504713560551124,4.5816884418680175,0.037609136932524656,False,0.43630309746187534,0.530082215096576,0,10,-33466000.0,69077666.66666667,"min(depreciation & amortization, capex)",False,False,False,True,False,False,False,False,False,False,False,,1,dilution,substitution risk unassessed (cannot be automated),0.0,no moat evidence
NTRS,33965424770.619415,-5873100000.0,2237933333.3333335,0.07966351491400576,0.045,0.006508694426609285,32201727450.980396,28187256072.469917,25793859565.834473,30788969033.7995,22379333333.333332,22379333333.333332,0.048876245871270485,-0.5177138775634997,11,2025-12-31,0.25423350921735527,0.24515864950316169,0.01590605476526845,,,,0.46624018494160785,0.33681323046008366,1.4148477640967687,,0.006508694426609285,0.04664478217455059,0.8,0.03709664858129336,-1.8832488937343679,,0.4791516407978029,-0.019555235919378244,True,0.05601452606844156,0.2773982953515082,10,10,2442000000.0,2237933333.3333335,"min(depreciation & amortization, capex)",True,False,False,False,False,True,False,False,False,False,True,altman_distress,0,,substitution risk unassessed (cannot be automated),0.0,ejected
MRNA,27088596569.944878,-2005000000.0,-3692666666.6666665,-0.14721440190483742,0.045,0.1,,,,,,,,,10,2025-12-31,-0.4339970462060591,-0.46260346124905943,-0.06191253142266021,0.5534979423868313,0.25756081822592763,-0.08991769472534206,-1.581275720164609,2.7643663003193715,1.176610484575132,-0.3445140131186643,0.3781551476083833,0.19342778041847408,0.4444444444444444,12.336876546695677,,,5.119842872082053,0.027275509597052272,False,0.22099729920201908,,0,4,-2803000000.0,-3692666666.6666665,"min(depreciation & amortization, capex)",False,True,False,True,False,False,False,False,False,False,False,,2,structural_decline;dilution,substitution risk unassessed (cannot be automated),0.0,no moat evidence
MRSH,85908776297.0539,16900000000.0,4033000000.0,0.03922816850136529,0.045,0.07663973962299653,30547058823.52942,69084658856.41258,63322464878.28407,75333407811.1141,40330000000.0,30547058823.52942,0.12721070585815286,-1.8123419931637126,11,2025-12-31,0.15559738937023215,0.14765941851743808,-0.0010327804164369295,,,,0.23064378636818503,0.025572383581274612,1.08770572513715,0.18286091363580603,0.07663973962299653,0.09391809190023404,1.0,0.03435022820081679,2.5668286755771565,6.482291666666667,,-0.00812666306234977,False,0.09443905593275137,-0.1367334441431196,10,9,4230000000.0,4033000000.0,"min(depreciation & amortization, capex)",False,False,False,False,False,False,False,False,False,False,False,,0,,substitution risk unassessed (cannot be automated),0.0,no moat evidence
MRVL,211649948196.35944,1831800000.0,283900000.0,0.0013298560762153315,0.045,0.1,1508200000.0000005,5380483800.372253,4934605731.524927,5380483800.372253,2839000000.0,1508200000.0000005,,-139.3328127545149,7,2026-01-31,-0.025043604378434434,0.07183402368571039,0.009082709202357108,0.5101774339198984,0.04276297726340915,-0.007152762252532504,0.16143557952798185,0.10356991524875965,4.15982559768175,0.19032998123590658,0.20332561492030665,0.22514202663068583,0.8333333333333334,,1.1859381069532564,7.06300053390283,3.434431645008928,0.042862532768911166,False,0.5031179872391421,,7,6,2670100000.0,283900000.0,"min(depreciation & amortization, capex)",False,False,False,True,False,False,False,False,False,False,False,,1,dilution,substitution risk unassessed (cannot be automated),0.0,no moat evidence
NI,22485701322.06623,15367400000.0,801400000.0,0.021171316801269036,0.045,0.034382829658918146,-5939164705.882353,11414004228.295849,10451394531.851082,12459403758.624868,8014000000.0,,0.1922925443313434,,11,2025-12-31,0.053133724050350425,0.058421960310264934,0.000738568288923859,,0.01266258700788923,0.006350065390334691,0.2813668976513154,0.07214522703381858,-1.4538169983108804,0.10727931070937731,0.034382829658918146,0.07835845857904844,0.6,-0.11481378873629633,5.11751973092677,2.8721439749608764,,0.04023362293432631,False,,0.6108108108108108,10,3,929500000.0,801400000.0,"min(depreciation & amortization, capex)",False,False,True,True,True,False,False,False,False,False,True,leverage,2,dilution;accruals,substitution risk unassessed (cannot be automated),0.0,ejected
NJR,5890792108.21413,3445396000.0,,,0.045,0.0,,,,,,,,,11,2025-09-30,0.06569070199037616,0.06736109651639237,-0.0007212898889980825,,0.039128477451932736,,0.3765744965052301,0.1322941282196946,0.1806733324051062,0.10875423487054994,-0.0680433880814788,0.10141531942889359,0.7,0.06563206622260909,4.938637494069299,3.957128970799798,,0.015681214544688515,False,0.30126847812170693,0.29200089126559714,10,3,,,"min(depreciation & amortization, capex)",False,False,True,True,True,False,False,False,False,False,True,leverage,2,dilution;accruals,substitution risk unassessed (cannot be automated),0.0,ejected
MTZ,29465230504.33838,1934653000.0,482333333.3333333,0.015360991172680355,0.045,0.1,3739856803.921569,9141200022.471119,8383673234.139452,9141200022.471119,4823333333.333333,3739856803.921569,,-6.878705535848724,11,2025-12-31,0.07887236008239973,0.08125088323711263,-0.0023769902463067765,,,,0.03604390772024476,0.02832299990989295,1.9365099345141805,0.04294858710543432,0.1301084108349011,0.17734937455688593,0.9,-0.12003208046343772,2.052686583950311,,2.4573102351757736,-0.0022528201320731744,True,0.05678529781894128,0.2610921745490702,0,6,566157000.0,482333333.3333333,"min(depreciation & amortization, capex)",False,False,False,False,False,False,True,True,False,False,False,,2,auditor_change;late_filing,substitution risk unassessed (cannot be automated),0.0,no moat evidence
MUR,4838048190.0,897744000.0,,,0.045,0.0,,,,,,,,,11,2025-12-31,0.037872564221706734,0.037872564221706734,0.025452923434070053,1.0,0.016426941625949668,0.0006469123032746147,0.11199046785223683,0.4645993596679695,,,-0.008896017160009873,0.08956478605726614,0.4,-0.3781895708049843,0.7019163558745573,3.13553376634191,3.429591805028652,-0.018926862267805267,False,,,10,4,,,"min(depreciation & amortization, capex)",False,False,True,False,False,False,False,False,False,False,True,leverage,0,,substitution risk unassessed (cannot be automated),0.0,ejected
NBIX,17808407550.50084,-713000000.0,356533333.3333333,0.020855503577794966,0.045,0.1,4907509803.921569,6757033548.054672,6197081472.864933,6757033548.054672,3565333333.333333,3565333333.333333,,-3.9948787071337435,11,2025-12-31,0.10504222711599183,0.16536638343091917,0.07973785489197974,0.9817864009788498,0.007012306149348314,-0.0021125470824654114,0.2164306939346268,3.1890269597237566,1.7052559509547904,0.1605541227688181,0.6445448614248588,0.22289834661156127,0.9,0.32711584824260886,-1.1052549992249263,,6.211634920090658,0.019503618445402937,False,0.5202306933182239,1.0,0,2,478600000.0,356533333.3333333,"min(depreciation & amortization, capex)",False,False,False,True,False,False,False,False,False,False,False,,1,dilution,substitution risk unassessed (cannot be automated),0.0,no moat evidence
MPWR,66459124161.801994,-1099302000.0,880305000.0,0.013468595398267063,0.045,0.1,11455831411.764708,16683574469.484669,15301014788.62294,16683574469.484669,8803050000.0,8803050000.0,,-6.549556592522136,11,2025-12-31,0.22120400743148422,0.24299104588321863,0.014331229929096677,0.551787716644466,0.012197282361900654,0.0019108384382857824,0.26111689868942706,0.05559138930928168,0.7649132817280158,0.24258105444405792,0.23684251176783544,0.27004800152081065,1.0,0.34483796528544186,-1.4072884942565376,,11.629098873836991,0.01686524408096468,False,0.4178862406667506,0.8854248614438129,9,3,621483000.0,880305000.0,"min(depreciation & amortization, capex)",True,False,False,True,False,False,False,False,True,False,True,restatement,1,dilution,substitution risk unassessed (cannot be automated),0.0,ejected
PWR,98823611359.08221,5555398000.0,892630333.3333334,0.008551818405006389,0.045,0.1,4946135333.333334,16917164664.391987,15515247477.984058,16917164664.391987,8926303333.333334,4946135333.333334,,-18.979965103882897,11,2025-12-31,0.07599287561937243,0.08337350621813212,0.003613842337134318,0.1501097782044521,0.009958794323019519,0.0025630639570384845,0.05658448543184993,0.007950130106360274,1.2512734953546312,0.07925242984363187,0.14164209880459455,0.2051545611518748,0.9,-0.07508830180728399,2.7460548370848525,6.163854730440437,2.210022039214693,-0.025120067708439886,False,0.13839626600699229,0.7556909555939304,7,8,1028378000.0,892630333.3333334,"min(depreciation & amortization, capex)",False,False,False,False,False,False,False,False,False,False,False,,0,,substitution risk unassessed (cannot be automated),0.0,no moat evidence
LVS,30938535794.256115,11943000000.0,1593666666.6666667,0.037164402746977514,0.045,0.010827550307312528,6806019607.84314,20459716160.996784,18724247487.619217,22345959394.304634,15936666666.666666,6806019607.84314,0.10558233001250394,-3.5457606026587225,11,2025-12-31,0.1653391250231804,0.17558084405414368,-0.011497510258695895,,,,0.21648613351770762,0.2553070637354623,0.9672294602499335,,0.010827550307312528,0.34658172096858997,0.6,-0.7575657623484786,2.7891172349369455,3.777479892761394,1.782446794599285,-0.014008810310875974,False,0.028520376606418804,0.26687527939204286,8,6,1923000000.0,1593666666.6666667,"min(depreciation & amortization, capex)",False,False,True,False,False,False,False,False,False,False,True,leverage,0,,substitution risk unassessed (cannot be automated),0.0,ejected
EXE,20872717075.25,4393000000.0,1313333333.3333333,0.05198084540493249,0.045,0.0,11057980392.156864,16071648872.168877,14704916232.60157,17557667795.04978,13133333333.333332,11057980392.156864,0.05942190253274306,-0.8875704545519425,11,2025-12-31,0.018852890427680062,0.08574521676170514,0.077248397409552,,,,0.203810623556582,0.6981014791894048,,0.21700746851263011,-0.06253207252892756,0.072800620863825,0.3,-0.38584153774027197,0.8059071729957806,10.514893617021277,3.1563024915921924,,False,0.19190654985398414,,5,3,2063000000.0,1313333333.3333333,"min(depreciation & amortization, capex)",False,False,False,False,False,False,False,False,False,False,False,,0,,substitution risk unassessed (cannot be automated),0.0,no moat evidence
M,5955179118.014374,1186000000.0,806333333.3333334,0.1129131926265892,0.045,0.0,8300274509.803923,9867339751.719927,9028221412.858685,10779695024.422699,8063333333.333333,8063333333.333333,-0.1,0.26144946862161544,11,2026-01-31,0.12337002207929434,0.12882389314431525,0.0012557289461497857,0.3798474545120382,0.02880003066770451,-0.0012021699838112335,0.04732585921705569,0.09785864704228288,2.391897478296817,11.158759783707223,-0.021613144228947667,0.046424441627321844,0.2,-0.016459092547354892,0.6164241164241164,7.410071942446043,,-0.018421380307302337,False,0.05089872105081231,-0.405230520355891,10,9,1163000000.0,806333333.3333334,"min(depreciation & amortization, capex)",False,False,False,False,True,False,False,False,False,False,False,,1,accruals,substitution risk unassessed (cannot be automated),0.0,no moat evidence
MAA,15741044470.5,-60258000.0,759550666.6666666,0.04843830174561694,0.045,0.1,8996148196.078432,14395033665.241093,13202124244.86408,14395033665.241093,7595506666.666666,7595506666.666666,0.12079290448869684,-1.0724153320252503,11,2025-12-31,0.11379703001751854,0.11385688008526158,0.0029085616387718436,,,,0.2916732680707212,0.05846602479084233,1.4810139610923645,,0.17758936378715484,0.056541436528537714,1.0,0.022526884243124767,-0.0475478808691151,3.4781033915047743,,0.003756735232027575,True,0.023985614588148425,-0.7143486608126397,10,2,709640000.0,759550666.6666666,"min(depreciation & amortization, capex)",False,False,True,False,False,False,False,False,False,False,True,leverage,0,,substitution risk unassessed (cannot be automated),0.0,ejected
R,10404401792.07074,7447000000.0,499666666.6666667,0.027990332215177036,0.045,0.06780382206502522,-1568568627.4509792,8236636404.871073,7547996693.431309,8983649589.39216,4996666666.666667,,0.12189992025472454,,11,2025-12-31,0.05098269566967188,0.07586249090111466,0.0035002271554295567,,0.020807241088105426,,0.08598499802605605,0.03090191940175271,-1.0894099509140487,0.5301359219344811,0.06780382206502522,0.08507215929090761,0.8,-0.05666729518168734,2.237008110543707,2.6955445544554455,1.075868753270429,-0.02393075497046049,True,,0.07304841825847985,10,10,604000000.0,499666666.6666667,"min(depreciation & amortization, capex)",False,False,True,False,True,True,False,False,False,False,True,leverage;altman_distress,1,accruals,substitution risk unassessed (cannot be automated),0.0,ejected
RBA,20144618488.311768,1802500000.0,557900000.0,0.02542019355739648,0.045,0.1,4761029411.764707,10573342417.14576,9697134686.924118,10573342417.14576,5579000000.0,4761029411.764707,0.2531275005964342,-3.231147667043089,10,2025-12-31,0.08494984063991626,0.07723835033644744,-0.001160034937330451,,0.2686684474286231,,0.15540113708149084,0.043005151091937636,1.6569392103323253,0.06315666599529383,0.1688903203169534,0.2722503987911662,0.8888888888888888,0.04445410085080015,1.5060995989304813,3.723382045929019,1.7846392061600072,0.054123887422949934,False,0.09909434975140655,,9,3,652800000.0,557900000.0,"min(depreciation & amortization, capex)",False,False,True,True,False,False,False,False,False,False,True,leverage,1,dilution,substitution risk unassessed (cannot be automated),0.0,ejected
RBC,18838539621.970947,818200000.0,318566666.6666667,0.01620648555117426,0.045,0.1,2929643137.2549024,6037487810.280338,5537164139.507307,6037487810.280338,3185666666.6666665,2929643137.2549024,,-5.4303188952982175,11,2026-03-28,0.07845100556534879,0.07845100556534879,-0.005115675745271297,0.4437436527874285,0.025482427005246555,0.00589899878038241,0.22502538885028595,0.04316980429570746,1.1590441879574584,0.8088037066612294,0.10733228355956559,0.1468773817672735,0.8,0.03550808807201533,1.4881775190978537,,4.485817471679564,0.03318402835933654,False,0.13093353382472225,0.0946345009313525,0,7,343300000.0,318566666.6666667,"min(depreciation & amortization, capex)",False,False,False,True,False,False,False,False,False,False,False,,1,dilution,substitution risk unassessed (cannot be automated),0.0,no moat evidence
MOS,6836881385.189323,4734200000.0,626833333.3333334,0.05417240726831836,0.045,0.03084007466556926,2640309803.92157,8789770182.25944,8047819816.406293,9595629913.215761,6268333333.333333,2640309803.92157,-0.02587930461238816,-1.5894239285991048,11,2025-12-31,0.03156414117862903,0.026863803651800636,0.0036012734008596427,0.15780259533370947,0.06350987310080683,0.004593554675945592,0.06816069828415917,0.09597309659009852,0.7620067994637043,0.010413879822355412,0.03084007466556926,0.06780943144483076,0.5,-0.025218104038714162,2.5297638131879876,3.401656314699793,,-0.012131753996101335,False,0.05119786348283717,0.8388369678089305,10,6,540700000.0,626833333.3333334,"min(depreciation & amortization, capex)",False,True,True,False,False,False,False,False,False,False,True,leverage,1,structural_decline,substitution risk unassessed (cannot be automated),0.0,ejected
MLM,34689715588.84277,5256000000.0,1433666666.6666667,0.03589037386194938,0.045,0.056799163935991936,11610666666.66667,22525794898.275284,20636976628.7733,24575491781.151566,14336666666.666666,11610666666.66667,0.15714592058767268,-1.9877453711107114,11,2025-12-31,0.08217809492807511,0.07590158035858338,0.0020601431257235045,0.3071544715447154,0.03171647436309954,0.007962649151432835,0.23365853658536587,0.07985543883897529,0.6688410722569844,0.04945581289709624,0.056799163935991936,0.053912684057572546,0.7,-0.0019412968707138711,2.5342333654773386,6.247826086956522,3.651146091788403,-0.010019090055131241,False,0.06537987833497425,-0.14236249833533093,10,9,1137000000.0,1433666666.6666667,"min(depreciation & amortization, capex)",False,False,False,False,False,False,False,False,False,False,False,,0,,substitution risk unassessed (cannot be automated),0.0,no moat evidence
MMM,82157277181.09575,7367000000.0,460000000.0,0.005138271030878931,0.045,0.0,-1955235294.1176462,5629156203.957625,5150452893.652327,6149639989.129112,4600000000.0,,,,11,2025-12-31,0.22093104332636238,0.29223314151556395,-0.018066950502264558,0.39911014911014914,0.04450816051029841,-0.01185379271763226,0.18554593554593554,0.1955424412977565,1.154639419657674,,-0.019163558844084272,-0.04965970683619114,0.5,0.0014936519790889058,1.2408623884116556,10.332589285714286,5.460235755889971,-0.016178688499173477,False,0.06292988399548301,-0.2743858586623264,10,10,3648000000.0,460000000.0,"min(depreciation & amortization, capex)",True,True,False,False,False,False,False,False,False,False,False,,1,structural_decline,substitution risk unassessed (cannot be automated),0.0,pass
MAT,3873284747.8313446,1088748000.0,445134000.0,0.08970799319987272,0.045,0.0,4148122588.2352943,5447236560.201032,4984003692.0935545,5950899667.219561,4451340000.0,4148122588.2352943,-0.07624608009796516,0.06625595906529658,11,2025-12-31,0.1101808071447964,0.13235756244106422,0.014552888596358712,0.4872551786092625,0.04163572313664292,0.00547678557636453,0.1021807259038268,0.07206237657225041,2.6479466566615724,0.3281702349624759,-0.006406622292983721,0.03109641671822372,0.3,0.018617089174529644,1.5239841603339264,4.604140511118039,,-0.005415164076164047,False,0.18608601704671543,0.6624882794576299,2,3,454951000.0,445134000.0,"min(depreciation & amortization, capex)",False,False,False,False,False,False,True,False,False,False,False,,1,late_filing,substitution risk unassessed (cannot be automated),0.0,no moat evidence
MCD,195104913217.9836,39924000000.0,8418333333.333333,0.03581828813344992,0.045,0.00564664817143945,59115215686.27452,105626942564.2012,96656275056.93085,115378684893.49718,84183333333.33333,59115215686.27452,0.14699376400062525,-2.3004178527133994,11,2025-12-31,0.27584759406117704,0.25674533868303046,0.0004849093119891708,,,,0.4609633624697787,0.05868302675697094,0.8697789925141475,0.3346405829558939,0.00564664817143945,0.06956327691923625,0.5,-0.10094362584486338,3.1069260700389103,7.833754740834387,,-0.011985509887335932,False,0.02468104657745543,-0.17876521933114775,10,10,8563000000.0,8418333333.333333,"min(depreciation & amortization, capex)",False,False,True,False,False,False,False,False,False,False,True,leverage,0,,substitution risk unassessed (cannot be automated),0.0,ejected
MCHP,48105109509.74396,5256100000.0,1317700000.0,0.024693967998596116,0.045,0.08048488890764016,10246252941.176472,22951816230.221237,21039464905.417873,24973101457.381187,13177000000.0,10246252941.176472,0.25580638293602065,-3.694897713916922,11,2026-03-31,0.07149098931323955,0.035261146305541495,-0.03933177605213504,0.5773482421336276,0.05098675384988166,0.00658582449964785,0.10398676030638009,0.10253644374007045,2.29224178342622,,0.08048488890764016,-0.028221913703690094,0.7,-0.014076081876810864,4.456588095641852,2.2146407591504746,,0.010394843179938329,False,0.10347374101741132,-0.06915914421778374,3,4,828200000.0,1317700000.0,"min(depreciation & amortization, capex)",False,True,True,False,False,False,False,False,False,False,True,leverage,1,structural_decline,substitution risk unassessed (cannot be automated),0.0,ejected
MDLZ,75517118084.21292,17715000000.0,4067666666.6666665,0.04362945678218425,0.045,0.026610806947518828,30139901960.784317,55987181980.72919,51256302487.52586,61126306912.800064,40676666666.666664,30139901960.784317,0.09522154556362505,-1.5055528774602482,11,2025-12-31,0.06342271954089967,0.06032765972572511,-0.0029712301099889655,0.2837532760723461,0.03330314163950423,-0.005647124761220872,0.0920673638321613,0.056143947795090146,0.7442805937116601,0.07262966176327035,0.026610806947518828,0.07711312390360647,0.7,0.027563012215865212,3.6108846310640033,5.923205342237062,1.7711592876155298,-0.022936923890673366,False,0.04686641455767801,0.10751689189189184,10,10,2530000000.0,4067666666.6666665,"min(depreciation & amortization, capex)",False,False,True,False,False,False,False,False,False,False,True,leverage,0,,substitution risk unassessed (cannot be automated),0.0,ejected
MDT,107357393601.04912,26012000000.0,5418333333.333333,0.0406265124781276,0.045,0.02347722211340386,37733098039.21569,73555444649.22128,67335260927.134224,80313113877.51553,54183333333.33333,37733098039.21569,0.1103264451774916,-1.8451783495082617,11,2026-04-24,0.05987747332670316,0.06754457535996489,0.0004857673025533458,0.6501759982400176,0.01922163640302441,-0.004677733892825257,0.17784072159278408,0.02013179871515163,1.2395248948106592,0.7346123069744663,0.02347722211340386,0.038417474974348664,0.8,-0.05380109303923819,2.759893899204244,9.044755244755244,3.745757112196245,-0.010112019126754968,False,0.07055973975460557,0.3971387572292038,10,10,5855000000.0,5418333333.333333,"min(depreciation & amortization, capex)",False,False,False,False,False,False,False,False,False,False,False,,0,,substitution risk unassessed (cannot be automated),0.0,no moat evidence
MEDP,15371680852.663574,-497049000.0,379439666.6666667,0.025509180356535755,0.045,0.1,4961045078.431374,7191155264.947687,6595227734.770136,7191155264.947687,3794396666.6666665,3794396666.6666665,0.28130683266882406,-3.0511528453790833,11,2025-12-31,0.2225955373484696,,0.1888569013823794,,,,0.21141720489093105,0.044274639565026114,1.5723739785036566,,0.2156246193790592,0.22269173185609614,1.0,0.0754452250894051,-0.8842510313762535,,0.2025455257687711,-0.005960323199451056,False,0.06408649300392223,-0.08968058660302503,0,7,451123000.0,379439666.6666667,"min(depreciation & amortization, capex)",True,False,False,False,False,True,False,False,False,False,True,altman_distress,0,,substitution risk unassessed (cannot be automated),0.0,ejected
MOG-A,12898284909.060059,883673000.0,206323333.33333334,0.014970538634260332,0.045,0.04335106347322104,1543660333.3333335,3056532026.8871336,2799342405.113407,3335755849.242483,2063233333.3333333,1543660333.3333335,,-7.3556496403634934,11,2025-09-27,0.10358037410380538,0.11750943510373013,0.001709368365438572,0.27388007741753667,0.01163456615544395,-0.0023260700280234416,0.1164594117427649,0.011271440333165794,0.7543415133381524,0.15446094152057097,0.04335106347322104,0.06002416669275101,0.7,-0.006923006214490268,1.5969974734970198,6.238029830038155,5.484167724160605,-0.0201726189880711,False,0.07363842027443994,0.09044822744716147,8,10,235028000.0,206323333.33333334,"min(depreciation & amortization, capex)",False,False,False,False,True,False,False,True,False,False,False,,2,accruals;auditor_change,substitution risk unassessed (cannot be automated),0.0,no moat evidence
RCL,76534799562.31421,20520000000.0,2947333333.3333335,0.03036772366358856,0.045,0.08010797918697965,14154509803.921577,51253053821.21711,46982195545.56464,55857975534.68531,29473333333.333332,14154509803.921577,0.17386290356082756,-4.407096439405472,11,2025-12-31,0.06931564902894648,0.1576702713782861,0.0057673172354702545,0.4935600780596599,0.40410753822632267,-0.0075020308811970015,0.27376637858935043,1.0095914325889137,-1.7437221957769904,1.3741039579402272,0.08010797918697965,0.52022825771937,0.8,-0.7982948243946187,3.095956547978274,4.949596774193548,0.04119058853931301,0.021873148849197,False,,-0.062308414162705106,7,5,4268000000.0,2947333333.3333335,"min(depreciation & amortization, capex)",False,False,True,True,True,True,False,False,False,False,True,leverage;altman_distress,2,dilution;accruals,substitution risk unassessed (cannot be automated),0.0,ejected
PFE,137755565999.56308,63496000000.0,9457000000.0,0.04699093869421384,0.045,0.025074703036454205,47762823529.41177,129288199869.66371,118359292898.47974,141160825687.78796,94570000000.0,47762823529.41177,0.03950501023217649,-1.884158762405134,11,2025-12-31,0.08454160620000636,0.06795268450110688,0.0002785608029800432,0.7432525288035923,0.10121921367977334,-0.016767472840311496,0.16285015740104508,0.09893164590656336,1.1088662618017653,0.043579996434829474,0.025074703036454205,0.08482737844510346,0.6,0.0182373792934849,3.783352201632604,3.8154249344814675,3.058311831376316,-0.00905441538154661,True,0.05558671716948907,-0.19103587180990744,0,5,11734000000.0,9457000000.0,"min(depreciation & amortization, capex)",False,False,True,False,False,False,False,False,False,False,True,leverage,0,,substitution risk unassessed (cannot be automated),0.0,ejected
PFGC,17807705605.240036,5388800000.0,591100000.0,0.025482286429662573,0.045,0.1,1565317647.0588245,11202550103.55773,10274200239.184166,11202550103.55773,5911000000.0,1565317647.0588245,0.20932121059061765,-10.376416562286941,11,2025-06-28,0.06138057175178222,0.06138057175178222,-0.0003114171780691943,0.11716791287052382,0.008373602329549793,-0.0016795574227416133,0.012895958697544507,0.005534042875348365,1.6901612006670372,0.12008957426846657,0.15280463140286682,0.2033498558526674,1.0,0.2706105806974448,3.512449485073654,2.277622767857143,1.9168278758654442,0.05965983606937808,False,0.09649411300401237,0.2233250620347395,0,5,552100000.0,591100000.0,"min(depreciation & amortization, capex)",False,False,True,True,False,False,False,False,False,False,True,leverage,1,dilution,substitution risk unassessed (cannot be automated),0.0,ejected
PHM,23763172536.75,-1936969000.0,2634788000.0,0.12071673369872411,0.045,0.1,32934474882.352943,49934604267.049,45796547961.08876,49934604267.049,26347880000.0,26347880000.0,-0.06828922363559436,0.09809925744500125,11,2025-12-31,,,,,,,,,0.6479979438154562,,0.11211635324139912,0.09422398249785235,0.9,0.08059614859829534,,,,-0.057248845587281605,False,0.03603199441607556,0.1495587222373922,10,10,2218730000.0,2634788000.0,"min(depreciation & amortization, capex)",False,False,False,False,False,False,False,False,False,False,False,,0,,substitution risk unassessed (cannot be automated),0.0,no moat evidence
PATH,6051644864.997757,-871157000.0,45439000.0,0.008771181630790225,0.045,0.1,1405733470.5882354,861161688.6407708,789797639.4320575,861161688.6407708,454390000.0,454390000.0,,-12.318173518338337,7,2026-01-31,-0.17258359910984078,0.046853718332879324,0.7147335175680519,0.8317467334586718,0.02646833848580125,-0.002279175782512318,0.0352421375759668,0.5357559547661986,,0.06930272283637304,0.29839413841783125,0.21525195684732834,1.0,,-11.815662764990709,,3.127070533079265,0.046304041865538936,False,4.227124442398361,,0,4,282330000.0,45439000.0,"min(depreciation & amortization, capex)",False,False,False,True,False,False,False,False,False,False,False,,1,dilution,substitution risk unassessed (cannot be automated),0.0,no moat evidence
PBF,6291643885.724876,1620400000.0,482733333.3333333,0.06101246913004285,0.045,0.08374778933026095,4058815686.2745104,8528078369.542938,7818152645.999008,9148780837.97006,4827333333.333333,4058815686.2745104,0.014243085616451608,-0.5501181556484585,11,2025-12-31,0.0982405320086949,-0.005352955659605642,0.008417229295864855,-0.0194665948459548,0.053904747550687034,-0.002883599122486271,-0.0018512015764191694,0.04848187316420102,1.168261085349549,0.6143796860606977,0.08374778933026095,0.14177997419523392,0.5,-0.3832309186313152,5.106838953671605,-0.29900881057268724,1.8927661562891789,0.020142819767869247,False,0.07589136437285335,0.9384222889061218,4,8,-158500000.0,482733333.3333333,"min(depreciation & amortization, capex)",False,True,True,True,True,False,False,True,False,False,True,leverage,4,structural_decline;dilution;accruals;auditor_change,substitution risk unassessed (cannot be automated),0.0,ejected
NVST,4216280460.0996895,236600000.0,-311466666.6666667,-0.06994723291082772,0.045,0.0,,,,,,,,,9,2025-12-31,0.03772560857953655,0.0355544587035209,-0.0224744417083164,0.5466813752528038,0.015366408317269405,-0.0033431023754852984,0.07946313660599374,0.17297286641119702,12.125964010282777,,-0.004123559295131529,0.07109221913519215,0.5,-0.15568102240896353,0.7124360132490214,,,0.03559805662403659,False,0.09705321178715286,,0,0,117700000.0,-311466666.6666667,"min(depreciation & amortization, capex)",False,False,False,True,False,False,False,False,False,False,False,,1,dilution,substitution risk unassessed (cannot be automated),0.0,no moat evidence
NVT,25991711242.85266,1322300000.0,536366666.6666667,0.019637052276860995,0.045,0.07008921855612815,4987896078.431374,8929982469.02329,8183832129.279315,9739318084.42855,5363666666.666667,4987896078.431374,,-4.210956851175357,10,2025-12-31,0.08009284789606821,0.09510999955017767,0.000704109743901963,0.37735994451722277,0.01457442918698781,-0.0012857039273557684,0.15843415273175618,0.0445642575892184,1.1074072954758378,0.24331018750125066,0.07008921855612815,0.1426518714336622,0.5555555555555556,-0.09319419237749549,1.9517343173431734,,3.2714794426948774,-0.010619115426702352,False,0.05384384466337363,0.3941109852774632,8,8,710200000.0,536366666.6666667,"min(depreciation & amortization, capex)",False,False,False,False,False,False,False,False,False,False,False,,0,,substitution risk unassessed (cannot be automated),0.0,no moat evidence
NWE,4472247787.0477295,3277226000.0,199778000.0,0.025779556843447075,0.045,0.04083198098518981,-926896588.2352939,2927059283.574464,2680605621.3503575,3194650393.108926,1997780000.0,,0.13884385835292162,,5,2025-12-31,0.05201167378934813,0.05104259731177837,-0.012419961518080076,,,,0.2023011885935256,0.014081600313063547,-0.7969710539403332,,0.04083198098518981,0.04083198098518981,0.75,,5.696115715119998,2.1670491050940797,0.9979223218436845,0.04365787235757401,False,,,5,0,181092000.0,199778000.0,"min(depreciation & amortization, capex)",False,False,True,True,True,True,False,False,False,False,True,leverage;altman_distress,2,dilution;accruals,substitution risk unassessed (cannot be automated),0.0,ejected
NCLH,9003150125.618591,14396283000.0,499893666.6666667,0.021363494747202404,0.045,0.0850387638358403,-8515181039.215686,8880768700.810263,8141745866.296576,9474004140.22081,4998936666.666667,,0.088199889314447,,11,2025-12-31,0.08466190347929899,0.09279290620113938,-0.005175613915698072,0.4261907698243883,0.7037906933534727,0.11666229528402533,0.15882507128908077,1.427634145818542,,0.3621624210623443,0.0850387638358403,0.5033277455063068,0.8,-0.8019446717430245,5.2869665395508445,,-1.481082693249541,0.06928000241926968,False,,0.7316298128038801,0,3,423246000.0,499893666.6666667,"min(depreciation & amortization, capex)",False,False,True,True,False,True,False,False,False,False,True,leverage;altman_distress,1,dilution,substitution risk unassessed (cannot be automated),0.0,ejected
NOVT,5578823697.583649,-130042000.0,100717000.0,0.018484315502062525,0.045,0.1,1314947882.3529413,1908792486.5167046,1750611783.9450374,1908792486.5167046,1007170000.0,1007170000.0,,-4.539108291136202,11,2025-12-31,0.0881694168735844,0.06136020602823221,-0.0014019409199411352,0.4438955741382827,0.012778156379414166,0.0029050553206498796,0.09587191515398735,0.016135837521760215,1.435634854596226,0.033636038740701944,0.10130784946753746,0.10671630087593864,0.9,-0.0566619655996895,-0.8339019135074129,,5.7995941204353985,0.005257603087547302,False,0.22286553506368798,-0.744650480076489,0,7,100134000.0,100717000.0,"min(depreciation & amortization, capex)",False,False,False,True,True,False,False,True,False,False,False,,3,dilution;accruals;auditor_change,substitution risk unassessed (cannot be automated),0.0,no moat evidence
NOW,111082183735.80933,-3726000000.0,1634666666.6666667,0.015226572050003054,0.045,0.1,22957372549.01961,30980266005.66577,28412946468.707577,30980266005.66577,16346666666.666666,16346666666.666666,,-5.795402757084584,11,2025-12-31,0.0811792254358524,0.1526468132176014,0.20126687546493663,0.7753426720891701,0.03658811645632081,0.009202462007914988,0.13737008585630367,0.12334680543066716,3.371192075284213,0.15496571305170997,0.2944221108248153,0.24056083043090437,1.0,0.3060693641618497,-1.4543325526932085,,2.1752727466028134,0.009073069634450093,False,0.5924658897184967,-0.649967469095641,0,4,1748000000.0,1634666666.6666667,"min(depreciation & amortization, capex)",False,False,False,True,False,False,False,False,False,False,False,,1,dilution,substitution risk unassessed (cannot be automated),0.0,no moat evidence
NRG,29626719731.072235,11735000000.0,1224666666.6666667,0.029608697961043876,0.045,0.09426450951480914,2672843137.254904,22642413640.885986,20763022239.049118,23209930119.252865,12246666666.666666,2672843137.254904,0.15709870442756846,-10.084346596373715,11,2025-12-31,0.11167829358817373,0.1047789419882443,0.019027511279441713,,0.07690028100121121,-0.02061049343485312,0.06079678386660955,0.13829871806308675,8.002722323049001,0.0980361858409883,0.09426450951480914,0.2841601762055095,0.5,0.0874734075835315,3.6096585665948937,2.4898785425101213,1.8636549001752483,-0.04903240588300417,False,0.060891257512189594,-0.1316961079994255,10,8,1123000000.0,1224666666.6666667,"min(depreciation & amortization, capex)",False,False,True,False,False,False,False,False,False,False,True,leverage,0,,substitution risk unassessed (cannot be automated),0.0,ejected
NSA,3456032847.481327,-23328000.0,283857000.0,0.08269193321653445,0.045,0.1,3362822117.647059,5379668862.706119,4933858327.345796,5379668862.706119,2838570000.0,2838570000.0,-0.0011463377206693745,-0.21752602454099312,10,2025-12-31,0.1415618770703121,0.29749091995655863,0.02695342496222241,0.7110670461623871,0.022552715207442346,0.005628807418341289,0.3742995687508384,0.062054605297962716,3.8715932651412177,,0.1593112849138545,0.1174019662891348,0.7777777777777778,0.11427289789015616,-0.049513839805917975,1.7348702637815876,0.23434362430212724,-0.0026807558169799073,True,0.023421412718976617,-0.18515787852946747,10,3,224417000.0,283857000.0,"min(depreciation & amortization, capex)",True,True,True,False,False,True,False,False,False,False,True,leverage;altman_distress,1,structural_decline,substitution risk unassessed (cannot be automated),0.0,ejected
NWSA,14849744764.030704,-441000000.0,599333333.3333334,0.0415951106878845,0.045,0.0,7491980392.156864,7334219459.938993,6710517610.715136,8012357029.314598,5993333333.333333,5993333333.333333,0.16274761178636016,-1.4777104723076815,11,2025-06-30,0.025463480008934558,0.07776311052442098,0.00917265997207337,,,,0.1092049219119735,0.09018060868971575,,2.1526263627353814,-0.0008479017762196284,-0.012661158818427554,0.6,-0.10581695453643036,-0.3191027496382055,,,-0.0022015667575387976,True,0.13043478260869565,-0.044992743105950694,10,4,1232000000.0,599333333.3333334,"min(depreciation & amortization, capex)",False,False,False,False,False,False,False,True,False,False,False,,1,auditor_change,substitution risk unassessed (cannot be automated),0.0,no moat evidence
NXST,5315306951.447525,6053000000.0,726000000.0,0.06386175207096766,0.045,0.1,2488176470.588236,13759180130.575054,12618963582.554062,13759180130.575054,7260000000.0,2488176470.588236,-0.1,-1.1362258723517793,11,2025-12-31,0.08691564751534271,0.05787606258469878,-2.1260076773084865e-05,,,,0.17154980804202868,0.045977840106235,1.4554906480612577,,0.18632224744928516,0.019144814432648483,0.8,0.481020121579667,4.585606060606061,,2.296750815440005,-0.05219147008460023,False,0.06657150848985821,0.46594763251071175,10,9,432000000.0,726000000.0,"min(depreciation & amortization, capex)",False,False,True,False,False,False,False,False,False,False,True,leverage,0,,substitution risk unassessed (cannot be automated),0.0,ejected
O,59036103354.88361,-434842000.0,3094929666.6666665,0.052813362632658525,0.045,0.1,36845779254.90196,58655226962.985214,53794496906.656815,58655226962.985214,30949296666.666664,30949296666.666664,0.10150120981623842,-0.9075103383033352,11,2025-12-31,0.04606296121238879,0.027427623624773686,-0.007554737489093783,,,,0.2009137685700555,0.12082878093856829,3.160339261571917,0.01300129058124312,0.2987566469417282,0.28404679023848933,1.0,0.10679206511652284,-0.11818513647461262,,,0.1405699048039768,True,0.01417575613768083,,10,0,3450990000.0,3094929666.6666665,"min(depreciation & amortization, capex)",False,False,False,True,False,False,False,False,False,False,False,,1,dilution,substitution risk unassessed (cannot be automated),0.0,no moat evidence
OC,11543735020.155853,4378000000.0,478000000.0,0.03002185373609622,0.045,0.06563789772534023,1245529411.7647066,7805510398.868254,7152537737.303249,8513885566.101759,4780000000.0,1245529411.7647066,0.15669264486914103,-8.268135229179626,11,2025-12-31,0.08133329075967849,0.024055400315878998,0.005412249441275113,0.28090666138770665,0.02998776702209147,0.007587581950898817,0.035632980302880334,0.06254145243957054,1.7669392523364487,0.17665615141955837,0.06563789772534023,0.07446102615029115,0.8,-0.014664804469273762,4.15370018975332,1.40625,2.0986936811642565,-0.03357939498356188,False,0.06148760330578512,0.49373881932021463,10,10,-522000000.0,478000000.0,"min(depreciation & amortization, capex)",False,False,True,False,False,False,False,False,False,False,True,leverage,0,,substitution risk unassessed (cannot be automated),0.0,ejected
NTNX,14810860935.595818,-769502000.0,-59522333.333333336,-0.00423907213015117,0.045,0.1,,,,,,,,,11,2025-07-31,-8.952694457019717,,,0.8680884044340125,0.09766868405095526,0.028267854664047933,0.06798501296530593,0.22364954953886448,,,0.26522693647284545,0.1418140851312668,1.0,0.05787275420400384,-3.1377251857349067,,-2.3423231362136137,0.08595622188002983,False,2.814576123525586,,0,4,189784000.0,-59522333.333333336,"min(depreciation & amortization, capex)",False,False,False,True,False,True,False,False,False,False,True,altman_distress,1,dilution,substitution risk unassessed (cannot be automated),0.0,ejected
NOV,6779403168.151855,166000000.0,597333333.3333334,0.08600412659590521,0.045,0.0,6861450980.392158,7309744867.747873,6688124337.264473,7985619464.144469,5973333333.333333,5973333333.333333,-0.016955739117824588,-0.13494472681113656,11,2025-12-31,-0.010850758417753204,0.04222878458190861,0.020785552798180798,0.2020814272644099,0.07346258277972406,0.011604661303536544,0.056495882891125344,0.2636064286183281,,2.2971598116052596,-0.050989085667123235,0.07502501796078587,0.6,-0.2817549239297087,0.1955241460541814,5.613636363636363,3.4077032567822543,-0.0031449110803566382,False,0.2050009922603691,,10,2,145000000.0,597333333.3333334,"min(depreciation & amortization, capex)",False,False,False,True,False,False,False,False,False,False,False,,1,dilution,substitution risk unassessed (cannot be automated),0.0,no moat evidence
NDAQ,49812834523.37613,8400000000.0,1321333333.3333333,0.022698316344701177,0.045,0.09275379685858298,7145098039.215687,24270702683.0156,22255307707.723145,25041960531.49656,13213333333.333332,7145098039.215687,0.26365419821382474,-5.971609661614112,11,2025-12-31,0.0853228724761194,0.09414634427481666,0.0011507891878338983,0.6353183248608085,0.03532409904451155,0.0019171543792906617,0.2821350762527233,0.019569941829658263,1.2933841714756802,0.08703465518444348,0.09275379685858298,0.07992235839492046,0.8,0.32104274307186476,3.392568659127625,6.35149863760218,2.2020053452852233,0.029337439451536662,False,0.08628794518365071,0.12901271956390065,10,10,1788000000.0,1321333333.3333333,"min(depreciation & amortization, capex)",False,False,True,True,False,False,False,False,False,False,True,leverage,1,dilution,substitution risk unassessed (cannot be automated),0.0,ejected
MTB,35489495304.10217,-5709000000.0,2789000000.0,0.0936519010688121,0.045,0.0,38520764705.882355,34129818810.517,31227419826.94857,37285534629.741516,27890000000.0,27890000000.0,0.008822362029022354,-0.2724810076766644,11,2025-12-31,0.0967947487899586,0.12148457474007159,0.021306902967248093,,,,2.228123114061557,1.3228461454170888,0.9889647791425008,0.28418977972314413,-0.09838181109638333,-0.2257314222015595,0.7,-0.03830493917660416,-1.4219178082191781,,0.6012391961476136,0.014476279339302955,True,0.047158138110178716,0.10597793648128429,10,9,,2789000000.0,"min(depreciation & amortization, capex)",False,False,False,False,False,True,False,False,False,False,True,altman_distress,0,,substitution risk unassessed (cannot be automated),0.0,ejected
PINS,12614743260.459675,-969342000.0,752265666.6666666,0.06459765961185718,0.045,0.1,9819526313.72549,14256968062.96666,13075500071.72509,14256968062.96666,7522656666.666666,7522656666.666666,0.07174010105950338,-0.6769000393645963,9,2025-12-31,-0.06086289223394595,0.07920059037985341,0.1171187001009154,0.8006709039129825,0.06273743059099239,0.020933492859531208,0.07576993235296973,0.41093051411489306,4.7789457511235165,0.20045678816433374,0.31475892862050303,0.2005631486612005,1.0,0.4812003559799467,-2.809410087121849,,10.829870247898683,0.028966069782320858,False,1.3259442732752846,,0,3,416855000.0,752265666.6666666,"min(depreciation & amortization, capex)",False,False,False,True,False,False,False,False,False,False,False,,1,dilution,substitution risk unassessed (cannot be automated),0.0,no moat evidence
PK,2853297217.312689,3624000000.0,32666666.666666668,0.005043255785662321,0.045,0.0,-3239686274.509804,399751672.45496196,365756799.6941509,436713564.4454006,326666666.6666667,,,,11,2025-12-31,0.03821456432058265,-0.004885270170244264,-0.009126894777891331,,,,-0.012987012987012988,0.4686566733499052,0.7113840340103921,,-0.005608186907889001,0.24426536974486712,0.6,-0.70042194092827,11.96039603960396,-0.15789473684210525,0.3002896317350469,0.0005039063211511596,False,0.1049136786188579,0.5866819747416763,9,6,-243000000.0,32666666.666666668,"min(depreciation & amortization, capex)",False,False,True,False,False,True,False,False,False,False,True,leverage;altman_distress,0,,substitution risk unassessed (cannot be automated),0.0,ejected
PLD,131338449507.56836,33891426000.0,,,0.045,0.1,,,,,,,,,10,2025-12-31,0.0483506918268237,0.047333181956627404,-1.1598363724266783e-05,,,,0.4957680361159742,0.1309758980907422,0.19184724500365777,0.05561405940237213,0.14825256388304853,0.14642906074406925,1.0,0.3327049219950273,4.852799270091806,4.347673054360579,1.6300870235840927,0.06417395416501082,False,0.30282014372857785,,10,0,,,"min(depreciation & amortization, capex)",False,False,True,True,True,False,False,False,False,False,True,leverage,2,dilution;accruals,substitution risk unassessed (cannot be automated),0.0,ejected
PLNT,4061571038.055222,2136602000.0,182723666.66666666,0.029480246121686076,0.045,0.1,13088196.078431606,3462986010.724268,3176010048.674123,3462986010.724268,1827236666.6666665,13088196.078431606,0.13718064683907755,-309.3232113666447,11,2025-12-31,0.17035214554007452,0.17231856321393574,-0.0045933154666985805,0.8260702763445668,0.07138344427297166,0.022010281268486937,0.2980619932575309,0.058327596390312306,1.5292477798538573,0.2186125913687481,0.14887165222180765,0.2663382453127199,0.9,-0.4096744642517527,3.881470473892839,3.6461790029932377,,,False,0.04909873008594707,,1,7,219104000.0,182723666.66666666,"min(depreciation & amortization, capex)",False,False,True,False,False,False,False,False,False,False,True,leverage,0,,substitution risk unassessed (cannot be automated),0.0,ejected
PLTR,303955187758.63464,-1423796000.0,778080333.3333334,0.00257189949383534,0.045,0.1,10577682274.509806,14746208625.883213,13524197507.76151,14746208625.883213,7780803333.333333,7780803333.333333,,-38.064756521537575,8,2025-12-31,0.07190449236876328,0.2338616811872214,346.46329971139915,0.8236651721415028,0.05947808237755943,0.020798556254131153,0.3159495165398041,0.5458958088320598,,0.4086374142931707,0.3339693362160776,0.3257731580149814,1.0,0.4715044676825286,-0.9886373736251528,,10.548581707064585,0.07460913778271316,False,1.269193634058229,,0,5,1625033000.0,778080333.3333334,"min(depreciation & amortization, capex)",False,False,False,True,False,False,False,False,False,False,False,,1,dilution,substitution risk unassessed (cannot be automated),0.0,no moat evidence
NDSN,15968764236.875366,1887812000.0,499384333.3333333,0.027966410061412653,0.045,0.05155573548486703,3987297803.921569,7668592402.192254,7024688809.354805,8367465180.5962,4993843333.333333,3987297803.921569,0.22366828121336113,-3.004908843570661,11,2025-10-31,0.12922721677833635,0.11699532060783426,-0.001491680233550978,0.5515604005749928,0.007308638483523057,0.0005453420339542345,0.2549444117481652,0.03276852715134104,1.1262000591398977,0.12644990442234108,0.05155573548486703,0.056479601334163076,0.8,-0.03332655797534079,2.3866476019261964,6.833259725795921,,-0.0071512788947052375,False,0.0471307563980426,0.47895981915226526,10,10,505678000.0,499384333.3333333,"min(depreciation & amortization, capex)",False,False,False,False,False,False,False,False,False,False,False,,0,,substitution risk unassessed (cannot be automated),0.0,no moat evidence
PEP,187508808902.54956,40023000000.0,8964000000.0,0.03939668938262265,0.045,0.04065189312994777,65435823529.41177,131232880844.43362,120182777734.95384,143230785506.21527,89640000000.0,65435823529.41177,0.12296599265241698,-1.865537541806424,11,2025-12-27,0.1816977622996393,0.1540719990296634,-0.0010845231809715637,0.541485227575193,0.006577556414226752,-0.0008790791571413272,0.12241682193239287,0.012621865867302485,0.8745618168653096,0.12130403434900844,0.04065189312994777,0.0594397460523417,0.9,0.04781048525185749,2.6773028296207104,10.256913470115968,2.881444557088819,-0.007810998904363209,False,0.043394267541035314,0.38850319355734514,10,10,8240000000.0,8964000000.0,"min(depreciation & amortization, capex)",False,False,False,False,False,False,False,False,False,False,False,,0,,substitution risk unassessed (cannot be automated),0.0,no moat evidence
NFG,7517296989.187546,2639695000.0,357627666.6666667,0.03520999790561745,0.045,0.03153314880684421,1567689313.725491,5030140947.7479925,4605616826.082209,5491221386.296942,3576276666.6666665,1567689313.725491,0.12410108909893086,-3.7951446267904174,11,2025-09-30,0.10597777797763533,0.10597777797763533,0.013886521367434262,0.9038171488930057,0.05577570445039708,0.01612723388628488,0.36656877487757517,0.20253739519385797,0.15015404398191584,0.5010502812672888,0.03153314880684421,0.07492408639095927,0.6,-0.08683530459472799,2.078413263068549,5.7745368069851635,,0.008600984214020224,False,0.42262035612222465,-1.0,10,2,518504000.0,357627666.6666667,"min(depreciation & amortization, capex)",False,False,False,True,True,False,False,False,False,False,False,,2,dilution;accruals,substitution risk unassessed (cannot be automated),0.0,no moat evidence
PNW,13102756720.770493,9799072000.0,592151333.3333334,0.02585607204355214,0.045,0.0432860662593213,-2832585725.4901953,8769798050.909409,8031857620.679691,9570961813.84869,5921513333.333333,,0.13611731457497506,,11,2025-12-31,0.054216855074062195,0.054216855074062195,-0.003073945205194364,,0.016084180467876293,,0.19993299548927432,0.027436712766521647,-0.6999193803206278,0.06069910797954258,0.0432860662593213,0.08283284300867177,0.9,0.033352356484440904,4.809962473831081,2.5301207674515602,,0.008969230806976425,False,,,10,2,631643000.0,592151333.3333334,"min(depreciation & amortization, capex)",False,False,True,False,True,False,False,False,False,False,True,leverage,1,accruals,substitution risk unassessed (cannot be automated),0.0,ejected
PODD,11171006538.168396,233100000.0,290566666.6666667,0.025479125935396106,0.045,0.1,3185331372.5490203,5506830725.35458,5050482348.444615,5506830725.35458,2905666666.6666665,2905666666.6666665,0.2684549991543722,-2.844558863657817,11,2025-12-31,0.04777437181885027,0.19724775348777696,0.048725214377243455,0.7163324840293933,0.07417796507897113,0.019001612074543126,0.17495661164654186,0.10153987901960934,0.3507327511039319,0.31104690171184296,0.26218694151468513,0.2452622671955278,1.0,0.22514223787591447,0.413151364764268,7.976430976430977,4.77846346704871,0.025614765519130556,False,1.5696497009465187,,0,1,247100000.0,290566666.6666667,"min(depreciation & amortization, capex)",False,False,False,True,True,False,False,True,False,False,False,,3,dilution;accruals;auditor_change,substitution risk unassessed (cannot be automated),0.0,no moat evidence
POR,6108229839.308014,4586000000.0,282333333.3333333,0.02640052977873927,0.045,0.07135982926747086,-1264431372.5490193,4726625204.758094,4331824139.636109,5154840116.083122,2823333333.333333,,0.13084349693445596,,10,2025-12-31,0.05472557945938318,0.05425668847945495,-0.0008315993933258353,,,,0.1552013422818792,0.019341895977728046,-0.8210065645514223,0.06152067134530229,0.07135982926747086,0.10762829807013818,0.8888888888888888,0.010362694300518172,4.04766107678729,2.3922413793103448,1.2305672031787078,0.024510353832593923,False,,1.0,10,2,306000000.0,282333333.3333333,"min(depreciation & amortization, capex)",False,False,True,True,True,False,False,False,False,False,True,leverage,2,dilution;accruals,substitution risk unassessed (cannot be automated),0.0,ejected
POST,3910432664.7545776,7246200000.0,389766666.6666667,0.03493586984341576,0.045,0.0578654221236643,-2660709803.921568,6152596616.556903,5636837691.985699,6712264512.800799,3897666666.6666665,,-0.04457028184893397,,11,2025-09-30,0.04640847436886003,0.05487763021446983,0.0014439489302122022,0.2867579460903887,0.021815297694489064,-0.001010091454267535,0.09797624446868756,0.023450918546701133,1.708062869973464,0.13363674550329954,0.0578654221236643,0.11607963596157322,0.8,-0.17075918396085266,5.474614687216682,2.2116768123962367,1.7048617066059695,0.010431225119329257,False,0.12770381701283492,-0.07439461491389104,1,6,349800000.0,389766666.6666667,"min(depreciation & amortization, capex)",False,False,True,False,False,False,False,False,False,False,True,leverage,0,,substitution risk unassessed (cannot be automated),0.0,ejected
PPL,26919095033.963562,17823000000.0,936333333.3333334,0.020927346665876197,0.045,0.018035821627633508,-6807313725.490194,12409640495.457275,11358831125.265778,13551462027.065708,9363333333.333334,,0.1981102131191076,,11,2025-12-31,0.04626820923694816,0.052229621060846165,-0.003209543854327499,,,,0.2321701199563795,0.08140237598826718,-0.3693145124088938,0.12669832782501628,0.018035821627633508,0.11052898655675913,0.6,-0.02021295794982858,5.179598953792502,2.63490099009901,,0.010053633803724482,False,,,10,1,1181000000.0,936333333.3333334,"min(depreciation & amortization, capex)",False,False,True,False,True,False,False,False,False,False,True,leverage,1,accruals,substitution risk unassessed (cannot be automated),0.0,ejected
PII,3834127742.6014023,1407200000.0,92100000.0,0.017571883408742623,0.045,0.04244964079452407,-323670588.2352941,1359014705.3418448,1244635061.3145475,1483197418.4065585,921000000.0,,0.2880169500427626,,11,2025-12-31,0.14527129913224676,-0.13609471768390555,-0.020898867665849787,0.19137304250559284,0.024456658340270585,-0.006751373469716234,-0.04875559284116331,0.04822601542977103,1.375333686317728,-2.653648144864644,0.04244964079452407,0.026299721657692565,0.6,-0.07388131220051608,,-2.6537290715372905,-0.6259061977263669,-0.016914829511110452,False,0.17794562961450786,0.27778604295528014,10,10,-361900000.0,92100000.0,"min(depreciation & amortization, capex)",True,False,True,False,False,True,False,False,False,False,True,leverage;altman_distress,0,,substitution risk unassessed (cannot be automated),0.0,ejected
NSC,73547797781.6326,15557000000.0,2440666666.6666665,0.02739096802226027,0.045,0.01484642278442938,13156725490.19608,31894997896.619877,29192148734.946907,34832264016.65899,24406666666.666664,13156725490.19608,0.20938434261512906,-4.590129385646739,11,2025-12-31,0.1097825400434541,0.1097825400434541,0.0005556002168983477,,,,0.35763546798029555,0.046916440020128146,0.6322149463309256,0.2161635347429197,0.01484642278442938,0.044676419652051935,0.5,-0.13341005665722383,2.706035832318664,5.5,2.0670724899410473,-0.029642751488411,False,0.027068873465029366,0.29024607174622,10,9,2873000000.0,2440666666.6666665,"min(depreciation & amortization, capex)",False,True,False,False,False,False,False,False,False,False,False,,1,structural_decline,substitution risk unassessed (cannot be automated),0.0,no moat evidence
PEN,12511326532.559967,-186897000.0,99072333.33333333,0.00803869526549636,0.045,0.1,1352453862.745098,1877622700.1235652,1722025022.5509508,1877622700.1235652,990723333.3333333,990723333.3333333,,-11.628476701426871,11,2025-12-31,0.003600753498385361,0.13213010246619303,0.006841869015776369,0.6714116259933817,0.02154743387371723,-0.001410941110005684,0.13482490480278414,0.05536214453711965,0.6655181950174,0.2771098928510438,0.22391956322528106,0.20157589962509448,1.0,0.023761200573615415,-0.9041070046439629,144.35469107551486,8.590178000919789,0.017950962831706718,False,1.5764955415115574,-1.0,0,1,177687000.0,99072333.33333333,"min(depreciation & amortization, capex)",False,False,False,True,False,False,False,True,False,False,False,,2,dilution;auditor_change,substitution risk unassessed (cannot be automated),0.0,no moat evidence
NEM,101727103858.93375,-2532000000.0,2646333333.3333335,0.026678064041313048,0.045,0.1,33665333333.33334,50153411871.7334,45997223086.270294,50153411871.7334,26463333333.333332,26463333333.333332,0.26842432275783645,-2.844077485537237,11,2025-12-31,0.0364068526325231,0.21528642093505665,0.008754516718714658,,,,0.5003308482950285,0.19392550036361716,1.6700877689694225,0.549642674834099,0.1405574824801863,0.14543267087660494,0.7,0.18039014373716622,-0.18264444925340836,,3.915515101883158,0.07941638431553444,True,0.038737020555202374,0.27726218097447797,10,6,7085000000.0,2646333333.3333335,"min(depreciation & amortization, capex)",False,False,False,True,False,False,False,False,False,False,False,,1,dilution,substitution risk unassessed (cannot be automated),0.0,no moat evidence
BYD,6407259220.362366,1692156000.0,1013749333.3333334,0.12516327484788198,0.045,0.06405087164211798,10234306745.098042,16439972033.243614,15064098699.957535,17932664444.256226,10137493333.333334,10137493333.333334,-0.1,0.3679641495502144,11,2025-12-31,0.08502319221356167,0.1373620132564577,0.011584359163735042,,,,0.18289540856537004,0.08033066843656768,0.8702853232536528,,0.06405087164211798,0.13437272928026234,0.8,-0.3450354602466117,1.6098660851894557,4.747503837809721,,-0.032471355265350055,False,0.06467394452484514,0.8470105525632972,8,9,1843273000.0,1013749333.3333334,"min(depreciation & amortization, capex)",False,False,False,False,False,False,False,False,False,False,False,,0,,substitution risk unassessed (cannot be automated),0.0,no moat evidence
C,240128168043.43286,18126000000.0,12072000000.0,0.04674464730408435,0.045,0.011052067541515775,123897529411.76471,155135927840.95062,141977429860.68817,169437504402.28568,120720000000.0,120720000000.0,0.11123582238882465,-0.9891332674240627,11,2025-12-31,0.11503324883946427,0.06273408646063441,0.003801094862680652,,0.06291540905659608,-0.03943953623353179,0.23265473745966558,0.26100868007307865,-0.37082431125818793,-0.19089759903671843,0.011052067541515775,0.02452570980985236,0.8,0.00578150185833981,0.748977314986984,,0.4053036315528316,-0.04625418608700871,True,,0.10361402656507673,10,10,14306000000.0,12072000000.0,"min(depreciation & amortization, capex)",False,False,False,False,True,True,False,False,False,False,True,altman_distress,1,accruals,substitution risk unassessed (cannot be automated),0.0,ejected
CCK,12456395533.399445,5117000000.0,537333333.3333334,0.030576523035180908,0.045,0.03504465545957469,1204568627.4509811,7675297425.063749,7028102429.980266,8378138935.396513,5373333333.333333,1204568627.4509811,0.14705146807433617,-9.340959617849874,11,2025-12-31,0.1254351441241685,0.14499742951343453,0.0007165527440050855,,,,0.1255964415689446,0.008815439587835896,0.7760566497012613,,0.03504465545957469,0.056543073858548176,0.5,-0.01747044669944553,2.7495969908651263,3.9020100502512562,,-0.01824494094180229,False,0.09723410322212718,0.8835705045278137,5,10,738000000.0,537333333.3333334,"min(depreciation & amortization, capex)",False,False,True,False,False,False,False,False,False,False,True,leverage,0,,substitution risk unassessed (cannot be automated),0.0,ejected
CCL,36747685758.27406,24712000000.0,1534000000.0,0.024959450753349873,0.045,0.0541329605443015,-6664941176.470585,23823144210.630405,21824145629.10956,25992603558.654846,15340000000.0,,0.1547838449036424,,11,2025-11-30,0.0844050811663907,0.12065069395591616,-0.005567462583286216,,0.6072237582910276,-0.049204035035752866,0.1683945608894899,1.2196035785428982,,6.394761983093339,0.0541329605443015,0.36611769802331207,0.8,-0.7313325330132052,3.3977725835281176,3.323202372127502,,0.05704156345865985,False,,0.6051673944687046,5,5,2760000000.0,1534000000.0,"min(depreciation & amortization, capex)",False,False,True,True,False,False,False,False,False,False,True,leverage,1,dilution,substitution risk unassessed (cannot be automated),0.0,ejected
CDE,16467941653.238722,-536601000.0,190365666.66666666,0.011949130384577317,0.045,0.1,2776197078.4313726,3607817490.831505,3308839414.6491623,3607817490.831505,1903656666.6666665,1903656666.6666665,,-7.6506889302020795,11,2025-12-31,0.008973973660932224,0.21858152401003345,0.028580363371545885,,0.06903162118368339,,0.3415313850461276,0.24742582530356963,,0.29523354246444566,0.13938866765831226,0.21387629587335844,0.8,0.1039477049959101,-0.5600608279616579,,,,False,,,0,0,615809000.0,190365666.66666666,"min(depreciation & amortization, capex)",False,False,False,False,False,False,False,False,False,False,False,,0,,substitution risk unassessed (cannot be automated),0.0,no moat evidence
CDP,4140523819.0598183,2492848000.0,209109666.66666666,0.03152388745431503,0.045,0.0,-32734274.509803772,2558936907.443865,2341324973.4217544,2795541670.1017222,2091096666.6666665,,0.11017376997473752,,11,2025-12-31,0.04438598234651102,0.060601388371369865,0.001427333020516554,,0.3006680661236494,-0.086878713868986,5.80726814659885,1.5967542162269912,2.1783869985827513,0.27476880093736067,-0.23654927897280542,-0.09844417773254555,0.5,-0.37905997556323234,6.109412450923207,2.8194668820678515,,0.014961899001844747,True,0.03506494141380892,0.1677135089528452,10,4,302166000.0,209109666.66666666,"min(depreciation & amortization, capex)",False,False,True,False,False,False,False,False,False,False,True,leverage,0,,substitution risk unassessed (cannot be automated),0.0,ejected
CDW,18446320711.91548,5011100000.0,1234133333.3333333,0.05261163827387212,0.045,0.05612405263088083,9508115686.27451,19333637920.520706,17712199026.121323,21093222188.439034,12341333333.333332,9508115686.27451,0.045383171251966836,-0.9400606093322745,11,2025-12-31,0.16827473730650688,0.16241118904289312,0.003253876068285525,0.21732867762808764,0.023328722419906158,0.006265768410532285,0.07383127973920915,0.008008798886925949,1.1021372049507405,0.08136860455593188,0.05612405263088083,0.03958829916272788,0.8,0.02412879039950311,2.5682144321443214,,,-0.02593493897368948,False,0.0666325747890565,-0.08579484887039651,10,9,1245100000.0,1234133333.3333333,"min(depreciation & amortization, capex)",False,False,False,False,False,False,False,False,False,False,False,,0,,substitution risk unassessed (cannot be automated),0.0,no moat evidence
CARR,57592443489.14365,9918000000.0,3361333333.3333335,0.04978982746386297,0.045,0.020139172074632672,29627098039.21569,44964524789.14436,41159015364.07744,49099338577.05066,33613333333.333332,29627098039.21569,0.07669304773146746,-0.943911057806331,8,2025-12-31,0.1406871927296827,0.07826989371594692,-0.015055146740993083,,0.012334812120107857,,0.09987584494413022,0.045588851756846245,0.6137268226385788,-0.027435407968158472,0.020139172074632672,0.04493896559222432,0.42857142857142855,-0.06190885640584698,2.87811955890888,4.74235807860262,2.3548199564642016,-0.0006278925965741422,False,0.04705789307181272,-0.023071271124173398,6,5,2366000000.0,3361333333.3333335,"min(depreciation & amortization, capex)",False,False,False,False,True,False,False,False,False,False,False,,1,accruals,substitution risk unassessed (cannot be automated),0.0,no moat evidence
GE,375375919990.9691,9763000000.0,8247333333.333333,0.021413918213009267,0.045,0.0,87264450980.39217,100925059998.78233,92342395286.04776,110256806239.87863,82473333333.33333,82473333333.33333,,-3.551482337615825,11,2025-12-31,0.032256526403623795,0.3022151898734177,0.032891309955563,,0.11020061136594457,-0.0576702616584003,0.2180787264202377,0.14661808506463972,,,-0.08971572722077281,-0.09571423970455095,0.5,-0.1594750667804613,0.898738838258308,,2.9694001626369606,-0.0035448631369220385,True,0.06617834214768517,,0,5,8704000000.0,8247333333.333333,"min(depreciation & amortization, capex)",False,False,False,False,False,False,False,False,False,False,False,,0,,substitution risk unassessed (cannot be automated),0.0,no moat evidence
CASY,30337739277.0282,1908603000.0,587646666.6666666,0.018223668955015003,0.045,0.09444628826069668,5004887196.078431,10873318848.245468,9970845148.908775,11137102396.416885,5876466666.666666,5004887196.078431,,-5.061622987387063,11,2026-04-30,0.10284243680448499,,-0.01250123965654621,,0.01059284859371936,-6.02362035325773e-05,,0.010316791764536634,0.7544855227410221,,0.09444628826069668,0.15062751164414712,0.7,-0.018990239401426967,,,,-0.005567220775633208,False,0.11154138068661384,-0.29169965951381743,10,6,714448000.0,587646666.6666666,"min(depreciation & amortization, capex)",False,False,False,False,False,False,False,False,False,False,False,,0,,substitution risk unassessed (cannot be automated),0.0,no moat evidence
BDC,4165454482.745666,895779000.0,226238000.0,0.04470017057527017,0.045,0.0163271277291972,1765844529.411765,2975904874.25655,2723810419.838019,3249849554.42117,2262380000.0,1765844529.411765,0.09330094878640574,-1.3589021645825494,11,2025-12-31,0.10396316361443819,0.13007073878607564,0.007301565320113695,0.3797783878426367,0.030709455514361897,-0.000898873130360074,0.11626867177814919,0.02146004944996592,2.054015251086403,0.4875360891993717,0.0163271277291972,0.09155050380877783,0.6,-0.17786792713104527,2.0124212299915754,,,-0.006577351280200094,False,0.11239649252766964,,10,1,237522000.0,226238000.0,"min(depreciation & amortization, capex)",False,False,False,False,False,False,False,False,False,False,False,,0,,substitution risk unassessed (cannot be automated),0.0,no moat evidence
CEG,89768306777.1222,3701000000.0,2639333333.3333335,0.028237433488480134,0.045,0.05183142526368911,27349980392.156868,40578740278.61383,37171736544.90981,44276560513.55718,26393333333.333332,26393333333.333332,0.23858937499717947,-2.4011735328538344,6,2025-12-31,0.0376976188542214,0.11212449970215778,0.03301708684020923,,,,0.1361690861757049,0.09273069872688257,-2.4429564118761844,0.49440895419364694,0.05183142526368911,0.05183142526368911,0.4,,0.6507824863724283,6.039138943248532,1.5360911947004516,-0.01543456866074755,False,,0.6654119615223755,4,3,2319000000.0,2639333333.3333335,"min(depreciation & amortization, capex)",False,False,False,False,True,False,False,False,False,False,False,,1,accruals,substitution risk unassessed (cannot be automated),0.0,no moat evidence
CELH,7822595113.519058,278060000.0,159958000.0,0.019746304188786975,0.045,0.1,1603798823.529412,3031530213.9483795,2780308783.3859262,3031530213.9483795,1599580000.0,1599580000.0,,-3.8904056774397393,11,2025-12-31,-0.017277228963420523,0.08348202713346815,0.5007671929262361,0.5038558500104761,0.039134686159738044,0.008659442567313751,0.05608227191604556,0.1466113400265696,2.2979873440386562,0.0815464109377465,0.6461155395430256,0.8065271509400624,1.0,0.739614219927021,1.6307261029950795,2.880168242236152,1.8051961345749439,0.022649823332822283,False,0.21965489172546357,,0,2,107999000.0,159958000.0,"min(depreciation & amortization, capex)",False,False,True,True,False,False,False,False,False,False,True,leverage,1,dilution,substitution risk unassessed (cannot be automated),0.0,ejected
CF,17962334434.776398,1233000000.0,1963333333.3333333,0.10228179873627732,0.045,0.05099411879684501,21865039215.686275,30075168047.715347,27549497783.990524,32816503999.699474,19633333333.333332,19633333333.333332,-0.06511212021614779,0.08511030043583712,11,2025-12-31,0.12780537954334398,0.3042308122677246,0.0382585051342237,0.3845285149632976,0.11781049259890779,0.019789421235524653,0.3246753246753247,0.12945443194967354,1.010278772776826,,0.05099411879684501,0.11427395430219223,0.6,-0.10152505446623095,0.38555347091932457,14.838709677419354,,-0.03684654629879769,False,0.02443348234931401,0.15059271183960193,10,8,1798000000.0,1963333333.3333333,"min(depreciation & amortization, capex)",False,True,False,False,False,False,False,False,False,False,False,,1,structural_decline,substitution risk unassessed (cannot be automated),0.0,no moat evidence
CFG,29745514251.640076,-1445000000.0,,,0.045,0.0,,,,,,,,,11,2025-12-31,0.07908003659020432,0.07361691862335155,0.005708288558791383,,,,1.4238532110091744,1.4044588444904968,0.41247277312851083,0.02304142707817385,-0.10254838012783485,0.0864726552341748,0.6,-0.07849829351535831,-0.514967925873129,,0.37065071742849864,-0.02064255885136357,True,0.0933852140077821,0.23654568210262833,10,10,,,"min(depreciation & amortization, capex)",False,False,False,False,True,True,False,False,False,False,True,altman_distress,1,accruals,substitution risk unassessed (cannot be automated),0.0,ejected
CFR,9850344987.608276,-8874055000.0,609690666.6666666,0.624497510376289,0.045,0.0,16046886372.549019,7460965214.699408,6826484909.49163,8150821966.80896,6096906666.666666,6096906666.666666,0.06319046394200131,-0.6156299458318115,11,2025-12-31,0.11759193856905142,,0.8905174021507172,,,,6.347695192972066,4.3074135279053385,0.9917161608341866,0.16223422616476935,-0.1951153668276585,0.08494070027349898,0.8,-0.0911410044615264,-10.324827484301682,,0.46168568669162124,0.0009817569115688762,True,0.03640208139080218,0.053611731301266785,10,10,648557000.0,609690666.6666666,"min(depreciation & amortization, capex)",False,False,False,False,True,True,False,False,False,False,True,altman_distress,1,accruals,substitution risk unassessed (cannot be automated),0.0,ejected
CG,16094456301.603567,-1970200000.0,511266666.6666667,0.03619777606334014,0.045,0.047464192218953816,7985101960.784314,7711752276.174595,7063538067.685884,8415402030.703129,5112666666.666667,5112666666.666667,0.21988902987599462,-2.147957289399576,11,2025-12-31,0.23335730724613765,0.20556200624451385,-0.07764652636519022,,0.0018992596443807932,,0.2684421942340684,0.1770821072372651,0.0700050784075345,0.19108652786477673,0.047464192218953816,0.10248366220404392,0.4,-0.13100384957062483,-1.3355477223427332,10.35593220338983,0.8159391199835653,0.006891223303024274,True,6.433501868542537,-0.5650788230607251,10,10,901400000.0,511266666.6666667,"min(depreciation & amortization, capex)",True,False,False,True,True,True,False,False,False,False,True,altman_distress,2,dilution;accruals,substitution risk unassessed (cannot be automated),0.0,ejected
CART,11373092556.009186,-637000000.0,-229333333.33333334,-0.0213609683538888,0.045,0.1,,,,,,,,,5,2025-12-31,0.21284981584110702,0.21284981584110702,,0.7370390165686799,0.03434145423238975,0.01718681977626728,0.13308391234633885,0.3524814524015427,,,0.19516017433820698,0.19516017433820698,1.0,,-1.0814940577249577,,1.9366407473062863,-0.03298196833565037,False,1.6482627320323655,,0,3,477000000.0,-229333333.33333334,"min(depreciation & amortization, capex)",True,False,False,True,False,False,False,False,False,False,False,,1,dilution,substitution risk unassessed (cannot be automated),0.0,pass
AON,76234156697.4881,14054000000.0,2971000000.0,0.03290575540216623,0.045,0.06126541151846676,20898941176.47059,47599164666.48629,43612608859.91594,51924612154.15787,29710000000.0,20898941176.47059,0.17103231272293534,-2.647752106375492,11,2025-12-31,0.14392110182538634,0.14624404095931998,0.010766839963082975,,,,0.2528374367033351,0.06002219543654017,1.137698983617209,0.08780149242814218,0.06126541151846676,0.09197213054793218,0.9,0.0048124943248888385,3.1010591350397174,5.330061349693252,1.126361486960605,-0.026435469038302073,False,0.16733295259851513,,10,2,3695000000.0,2971000000.0,"min(depreciation & amortization, capex)",False,False,True,False,False,False,False,False,False,False,True,leverage,0,,substitution risk unassessed (cannot be automated),0.0,ejected
APD,66699545605.75299,-1821300000.0,1911300000.0,0.029459797843709234,0.045,0.04401889574419826,24307182352.941177,28397530559.128094,26008450019.126495,30991231560.038467,19113000000.0,19113000000.0,0.24482991071387433,-2.4897475857140683,11,2025-09-30,0.11664212877396528,-0.05220860236266332,7.192715927691335e-05,0.3141319066568084,0.028370213188022523,-0.0032929471754661425,-0.07285686989607304,0.10522587470445521,-0.03883731321054461,,0.04401889574419826,0.06329887156173086,0.4,-0.007018802767157384,-2.6503201396973224,-4.098130841121495,2.1727326967794083,0.0024576838658803,False,,,10,0,-394500000.0,1911300000.0,"min(depreciation & amortization, capex)",False,True,True,False,True,False,False,False,False,False,True,leverage,2,structural_decline;accruals,substitution risk unassessed (cannot be automated),0.0,ejected
APG,17918309889.46138,1847000000.0,235000000.0,0.01188951761010836,0.045,0.1,917705882.3529415,4453729105.626911,4084650746.419014,4453729105.626911,2350000000.0,917705882.3529415,,-18.525111731353334,8,2025-12-31,0.04495442738271695,0.07708927045152432,-0.0033597717949679492,0.3143723928706864,0.04521512635976415,0.017861190846334907,0.07002907344204272,0.07929757646693492,3.9389312977099236,0.19418545760400874,0.11347213822574309,0.17138592550771303,0.8571428571428571,2.6416243654822336,2.890453834115806,,2.044652622216579,0.20917674679126264,False,0.11589147286821705,0.44999999999999996,0,4,302000000.0,235000000.0,"min(depreciation & amortization, capex)",False,False,False,True,False,False,False,False,False,False,False,,1,dilution,substitution risk unassessed (cannot be automated),0.0,no moat evidence
APP,170314622047.3218,1025891000.0,1432576500.0,0.008360991072813835,0.045,0.1,15827950176.47059,27150245336.540977,24900317744.797188,27150245336.540977,14325765000.0,14325765000.0,,-10.888692998057822,7,2025-12-31,0.10585070604587793,1.1409472869370259,0.21467459089437316,0.8786399662671873,0.12323319841495761,0.03453418100398478,0.757549422821868,0.3151659168061313,0.8496171078863419,1.7984063364805278,0.3291304042143277,0.304454229088547,0.8333333333333334,0.45969234607244314,0.23601649254191465,20.69593001520325,7.858360524795245,-0.0005793511521759998,False,0.30890747408798297,0.7260214167040591,0,6,,1432576500.0,"min(depreciation & amortization, capex)",False,False,False,True,False,False,False,False,False,False,False,,1,dilution,substitution risk unassessed (cannot be automated),0.0,no moat evidence
BNY,104274703259.60243,26762000000.0,4893666666.666667,0.037345770650011045,0.045,0.02551412186801616,30810549019.60785,67031722608.56335,61366053556.943726,73186533918.95955,48936666666.666664,30810549019.60785,0.12728353142543947,-2.3843831602365135,11,2025-12-31,0.059779272603625866,,,,,,,0.035358572586580095,1.0209394048045894,,0.02551412186801616,0.04900451212527002,0.8,-0.03972785809743651,,,,-0.04513834325853883,False,2.341317225070825e-05,0.19947497250700624,10,10,5848000000.0,4893666666.666667,"min(depreciation & amortization, capex)",False,False,False,False,True,False,False,False,False,False,False,,1,accruals,substitution risk unassessed (cannot be automated),0.0,no moat evidence
AVT,7146757952.244133,2469585000.0,503248000.0,0.05233257616738375,0.045,0.023173340020794075,3450979705.882354,6822595346.181869,6245602571.661734,7449452510.804104,5032480000.0,3450979705.882354,0.033721679316646366,-1.070935954813688,11,2025-06-28,0.06590066220081535,0.06590066220081535,0.0029269067756255065,0.107426801810425,0.008227651472040201,-0.0018323529971940582,0.023163807859859175,0.013779784676774187,0.28067468932047845,0.17654972035737773,0.023173340020794075,0.04713273709815646,0.6,-0.09653662518280004,4.215243996108351,2.0870528648306426,5.137028489570376,-0.045180077534767715,False,0.37727469283605775,-0.19484952057346866,10,9,240217000.0,503248000.0,"min(depreciation & amortization, capex)",False,False,True,True,True,False,False,True,False,False,True,leverage,3,dilution;accruals;auditor_change,substitution risk unassessed (cannot be automated),0.0,ejected
AVTR,7093828861.185465,3580900000.0,432133333.3333333,0.04048190253380763,0.045,0.1,1503021568.627451,8189807677.354222,7511122308.734198,8189807677.354222,4321333333.333333,1503021568.627451,0.06684838218179434,-3.719711951747639,9,2025-12-31,0.07707238460080057,-0.02691916596507725,-0.009413279874775487,0.32651628460669696,0.012693880330374024,0.0009820115911016527,-0.03757516559323586,0.10596833401393504,2.6825147118802075,-0.5111838223461889,0.23040383390954755,0.004912704170707327,0.625,0.05849047232753346,21.834756097560977,-1.4499411071849235,1.8564427800044911,0.03130020480253615,False,0.08879235447437012,,0,1,-248800000.0,432133333.3333333,"min(depreciation & amortization, capex)",False,True,True,True,False,False,False,False,False,False,True,leverage,2,structural_decline;dilution,substitution risk unassessed (cannot be automated),0.0,ejected
APPF,6208251288.883408,-106967000.0,134888000.0,0.022108132257624365,0.045,0.1,1693884647.0588236,2556402602.552352,2344554765.4594383,2556402602.552352,1348880000.0,1348880000.0,,-3.602523047923764,11,2025-12-31,0.039224137931034485,0.30705058231139243,0.02457267821357923,,0.025194483019352624,0.00785363930265369,0.16082610625332608,0.11909096973504384,1.3316570378424226,0.4341428405852772,0.28919055847508823,0.2512146374383639,1.0,0.21109947971188858,-0.6092625079741183,,9.769248857703651,0.008838451356665722,False,0.4370943947045921,0.7485173111576344,0,3,160419000.0,134888000.0,"min(depreciation & amortization, capex)",False,False,False,True,False,False,False,False,False,False,False,,1,dilution,substitution risk unassessed (cannot be automated),0.0,no moat evidence
BXP,10656279217.951363,-1478206000.0,844533666.6666666,0.09201644469504189,0.045,0.034075156811722795,11413896196.078432,12012089320.954184,10998961322.908894,13112363570.023243,8445336666.666666,8445336666.666666,0.006916079304980706,-0.261794483577094,11,2025-12-31,0.08547527621032912,,,0.591178650533171,0.011239150429771718,-0.0021953685809320655,,0.012911123846431241,1.9566453609817558,,0.034075156811722795,0.04715781564685306,0.9,-0.06582398882374363,,,,0.003219256840538254,False,0.04427863972590043,,10,0,972201000.0,844533666.6666666,"min(depreciation & amortization, capex)",False,False,False,False,False,False,False,False,False,False,False,,0,,substitution risk unassessed (cannot be automated),0.0,no moat evidence
ARES,27470387470.338135,-488896000.0,,,0.045,0.1,,,,,,,,,11,2025-12-31,0.4729702136551368,0.2874260510906053,0.027024259304960822,,,,0.2297415219757914,0.08122802614170783,-2.5343864609710427,0.2370402614774443,0.21267459196820848,0.2599653672156943,0.7,-0.0007884728888808423,-0.36701341422858613,,0.36190597100688426,,True,,,0,0,,,"min(depreciation & amortization, capex)",True,False,False,False,True,True,False,False,False,False,True,altman_distress,1,accruals,substitution risk unassessed (cannot be automated),0.0,ejected
ARMK,15219752565.184708,4766842000.0,432489000.0,0.021638953979352067,0.045,0.025911646325019744,321263882.3529415,5934461844.138607,5432917208.885009,6479299655.546484,4324890000.0,321263882.3529415,0.24686645157635656,-46.37461445623769,11,2025-10-03,0.06639468292438135,0.07596989698602942,-0.0027646888182706266,,0.054914112645703395,-0.012322397435691662,0.04278791777869795,0.022341205195938435,1.255955208024815,,0.025911646325019744,0.07602303664219501,0.8,-0.20938624510324888,3.7587729293142753,2.1731563000856258,,0.008104913407585679,False,0.2014460901849213,-0.08212243691989501,10,8,326394000.0,432489000.0,"min(depreciation & amortization, capex)",False,False,True,True,False,False,False,False,False,False,True,leverage,1,dilution,substitution risk unassessed (cannot be automated),0.0,ejected
ARW,10554557981.118103,2778589000.0,690487666.6666666,0.05178729880083892,0.045,0.02855514899256728,5344795313.725491,9585526351.946009,8775945647.879427,10464910477.61942,6904876666.666666,5344795313.725491,0.05050460788250634,-0.9747356749123557,11,2025-12-31,0.10348677269861607,0.06968212562813429,0.0003607912254465545,0.11236269742246564,0.007751287038242863,-0.0012562973487381978,0.026649749853620085,0.01325870351935554,0.6582535168451548,-0.02267186503521692,0.02855514899256728,0.014760538553130642,0.6,-0.008420143454782592,2.894444947930827,,,-0.058700245955087715,False,0.09481052798164664,0.49314419374790197,0,10,607762000.0,690487666.6666666,"min(depreciation & amortization, capex)",False,False,False,False,False,False,False,False,False,False,False,,0,,substitution risk unassessed (cannot be automated),0.0,no moat evidence
ARWR,10761476619.330757,-226548000.0,-268799666.6666667,-0.025515091404932792,0.045,0.1,,,,,,,,,11,2025-09-30,-0.6641888158012015,0.23995342319482335,0.14657740772347821,,,,0.1185680114968027,166.4933855838807,,,1.1561182726089911,0.5662792521544311,0.5,-0.4787080262565464,-1.8793489622218904,1.100547218585289,,0.07698696238628577,False,,,0,0,-1631000.0,-268799666.6666667,"min(depreciation & amortization, capex)",False,False,True,True,False,False,False,True,False,False,True,leverage,2,dilution;auditor_change,substitution risk unassessed (cannot be automated),0.0,ejected
CAVA,8407082961.624999,-282917000.0,69114000.0,0.008507211734283157,0.045,0.1,1096022882.3529413,1309851205.984248,1201304475.2681007,1309851205.984248,691140000.0,691140000.0,,-11.164081027903173,5,2025-12-28,0.10020385525478684,0.10020385525478684,,,0.04556676146720869,,0.046865039536681634,0.07749710320743358,-1.0247197289210914,,0.23931426031653968,0.23931426031653968,1.0,,-2.1940734881268127,,2.370513784000191,4.227507546095133e-05,False,,,0,3,63743000.0,69114000.0,"min(depreciation & amortization, capex)",False,False,False,False,True,False,False,False,False,False,False,,1,accruals,substitution risk unassessed (cannot be automated),0.0,no moat evidence
CBOE,28054540643.387207,-773600000.0,954266666.6666666,0.0349792435363836,0.045,0.1,12000266666.666668,18085298841.969814,16586578945.884188,18085298841.969814,9542666666.666666,9542666666.666666,0.2034593747443903,-1.9399057541624152,11,2025-12-31,0.12358998216606261,0.23601514993182646,-0.07043463326811819,0.5152730049637266,0.15616997843852692,-0.024540979139604468,0.3112086886428238,0.10748447096078022,1.4898228628011883,9.78462808432975,0.21656992371787775,0.06585038230655771,0.8,0.3729818516886343,-0.4866939289084618,28.051625239005737,5.047313117468522,0.023764743556826007,False,0.042919036014080696,0.048358989253557916,10,9,1151400000.0,954266666.6666666,"min(depreciation & amortization, capex)",False,False,False,True,False,False,False,False,False,False,False,,1,dilution,substitution risk unassessed (cannot be automated),0.0,no moat evidence
CBRE,40856696910.42789,3257000000.0,1386000000.0,0.03141881313675091,0.045,0.1,13048882352.941177,26267525703.825096,24090748657.603207,26267525703.825096,13860000000.0,13048882352.941177,0.20410312934505154,-2.1310495263388525,11,2025-12-31,0.11572967023536448,0.11572967023536448,-0.0001891114147049769,0.17333333333333334,0.3252657969776307,-0.06794129398994152,0.04393483709273183,0.011630147629730631,1.0065858702196162,0.11643478649848149,0.13901925594963926,0.11483071681632295,0.9,-0.004467071231067932,1.3122481869460112,,2.115470166276708,-0.011143506991439511,False,0.11059310353825118,0.04449516969208506,0,8,1520000000.0,1386000000.0,"min(depreciation & amortization, capex)",False,False,False,False,False,False,False,False,False,False,False,,0,,substitution risk unassessed (cannot be automated),0.0,no moat evidence
BWA,13330419577.417213,1583000000.0,497333333.3333333,0.033348041389945536,0.045,0.05961331543624415,4267980392.156863,7910689115.835614,7247858527.386433,8629906623.189043,4973333333.333333,4267980392.156863,0.18139428458071544,-2.123355393551975,11,2025-12-31,0.10266309831965954,0.04877889761212681,-0.008544088890316883,0.18678401788208998,0.013869257564165462,-0.003654233812411753,0.037440625873148926,0.030775746340486482,1.150456207182575,,0.05961331543624415,0.0708850639834262,0.7,-0.000295043273013329,1.2613545816733067,5.414141414141414,4.1915284412300196,-0.00417602764249736,False,0.07634484692310774,0.18697645013434488,10,9,527000000.0,497333333.3333333,"min(depreciation & amortization, capex)",False,False,False,False,False,False,False,False,False,False,False,,0,,substitution risk unassessed (cannot be automated),0.0,no moat evidence
BWXT,17040324714.0,1516204000.0,285578333.3333333,0.015389641981793628,0.045,0.08493005430075695,1843541098.0392156,5071000721.233978,4648999228.305485,5412291638.736555,2855783333.333333,1843541098.0392156,,-8.243257300921599,11,2025-12-31,0.19223024197077154,0.12191736260532152,-0.021256946713288927,0.22913121301890774,0.02245846484625296,-0.006155797059636219,0.12645567740372216,0.014762178003304373,0.5976636740854818,0.0447876199648132,0.08493005430075695,0.08536578491776514,1.0,0.12063622738690816,2.951851960011292,89.08788546255506,4.352516419015516,-0.015679828410658292,False,0.1281557389383846,0.42144924495956837,10,8,328945000.0,285578333.3333333,"min(depreciation & amortization, capex)",False,False,False,False,True,False,False,False,False,False,False,,1,accruals,substitution risk unassessed (cannot be automated),0.0,no moat evidence
APTV,12817855255.80854,5700000000.0,1788333333.3333333,0.09657345889299909,0.045,0.06502495264570984,15339215686.27451,29124752783.941772,26687913174.6869,31768405277.574425,17883333333.333332,15339215686.27451,-0.1,0.16437349092900988,11,2025-12-31,0.14495118138600202,0.04368417521969545,-0.015131254240293638,0.19109716638886165,0.03700391530983986,-0.0070115494208023215,0.05804490636336896,0.029182174056962017,0.7768093162820604,-0.2470617634463689,0.06502495264570984,0.09317322677777895,0.7,-0.08992129274918159,2.6206896551724137,3.2797783933518008,2.9405957733811707,-0.025781456648956813,False,0.08479720408350962,0.6730840889330518,5,8,500000000.0,1788333333.3333333,"min(depreciation & amortization, capex)",False,False,True,False,False,False,False,False,False,False,True,leverage,0,,substitution risk unassessed (cannot be automated),0.0,ejected
CHWY,8548777098.557531,-860100000.0,218400000.0,0.028405406703966525,0.045,0.1,3429511764.7058825,4139125262.420924,3796117970.28899,4139125262.420924,2184000000.0,2184000000.0,0.2728610726075512,-2.914275228277258,9,2026-02-01,,,,0.2978931079633377,0.04240601166683912,0.014723386639683944,0.02018013728524382,0.05758034488782644,,1.193402777852438,0.25073314484779696,0.12013053807210916,1.0,0.3719124318500966,-2.242179353493222,55.28260869565217,-1.145181451215378,0.011208135373785177,False,1.0404134914464938,1.0,0,2,222900000.0,218400000.0,"min(depreciation & amortization, capex)",False,False,False,True,False,True,False,False,False,False,True,altman_distress,1,dilution,substitution risk unassessed (cannot be automated),0.0,ejected
CI,77629677017.43127,23787000000.0,,,0.045,0.1,,,,,,,,,10,2025-12-31,0.10043656957148675,0.11350726127747075,-0.0030695311960865267,0.21793015642051655,0.30276641704262686,-0.08709045816280774,0.03346671516915242,0.021087544990292844,0.4004714677087094,,0.23939168786856113,0.11376491684986534,1.0,0.04450855006967691,1.9863883089770356,6.571428571428571,1.4027653193938088,-0.05613047655575598,False,0.13209948560216364,-0.10302330059695741,7,10,,,"min(depreciation & amortization, capex)",False,False,False,False,True,False,False,False,False,False,False,,1,accruals,substitution risk unassessed (cannot be automated),0.0,no moat evidence
CIEN,65216262396.634094,443786000.0,154040333.33333334,0.0023460283246033954,0.045,0.05464278898170849,1368453215.6862748,2397594243.423711,2196439071.5778165,2615898733.354083,1540403333.3333333,1368453215.6862748,,-46.65691778796278,11,2025-11-01,0.08297208087768916,0.04912746088071296,-0.0039762837315153055,0.42036147551518427,0.018276463651218162,-0.0005261987824177746,0.04141539156982053,0.03226861192137937,1.1285509776987117,-0.2151566068591597,0.05464278898170849,0.061907524784472256,0.6,-0.011190519048713488,1.471126816590644,2.2094448732145455,1.902917658088763,-0.015565508184187338,False,0.3475048370249341,-0.48166975809030665,0,10,123338000.0,154040333.33333334,"min(depreciation & amortization, capex)",False,False,True,True,False,False,False,False,False,False,True,leverage,1,dilution,substitution risk unassessed (cannot be automated),0.0,ejected
UDR,12908898744.955418,5820147000.0,726935000.0,0.03881324280473802,0.045,0.0,2732029470.588236,8895718837.225952,8139227117.928598,9718235968.47298,7269350000.0,2732029470.588236,0.08494344814665472,-3.7250217773734304,11,2025-12-31,0.030422755388963833,0.0606528774232871,0.0008554031678055373,,,,48.728633042865944,23.996810466837715,2.50122093176282,0.34719845946084726,-0.35212146190493954,0.1751650145135415,0.7,-0.6393454286730701,4.717861193005096,2.8156281946302237,,0.022987145677603626,False,0.04141826440416299,0.4057531159473473,10,5,804882000.0,726935000.0,"min(depreciation & amortization, capex)",False,False,True,True,False,False,False,False,False,False,True,leverage,1,dilution,substitution risk unassessed (cannot be automated),0.0,ejected
CNP,28482539758.110046,22942000000.0,996000000.0,0.019368185008265884,0.045,0.02371674127989931,-11224352941.17647,13535265784.679562,12390729295.639204,14778691408.34343,9960000000.0,,0.1968378616703616,,11,2025-12-31,0.048019842300428286,0.052208479703098554,-0.0008513028312952354,0.9995715968726572,0.20688273433552698,0.04525027922521133,0.2259826496733426,0.03598758827941036,-1.5077191569338166,0.07135745711374274,0.02371674127989931,0.04902056924673248,0.6,-0.02143522833178002,6.302747252747253,2.336655592469546,,0.04304293327127562,False,,,10,0,1052000000.0,996000000.0,"min(depreciation & amortization, capex)",False,False,True,True,True,False,False,False,False,False,True,leverage,2,dilution;accruals,substitution risk unassessed (cannot be automated),0.0,ejected
CNX,4525868199.678349,2420580000.0,780836666.6666666,0.11240804569777442,0.045,0.06447537072822773,6765733725.490196,12686272820.447529,11624669315.233536,13837995497.416399,7808366666.666666,6765733725.490196,-0.1,0.33106025402286476,11,2025-12-31,,,,,,,,,1.8752578549208005,,0.06447537072822773,0.12222879428190492,0.6,-0.3456377776471573,,,,-0.035085690323354846,False,0.11558184273224442,0.05634498354396461,1,9,712288000.0,780836666.6666666,"min(depreciation & amortization, capex)",False,False,False,False,False,False,False,False,False,False,False,,0,,substitution risk unassessed (cannot be automated),0.0,no moat evidence
COF,124140248443.03917,-11093000000.0,6690000000.0,0.0591787955225719,0.045,0.0,89798882352.94118,81867510879.29678,74905499692.4654,89437155494.07341,66900000000.0,66900000000.0,0.09510768311177642,-0.8556090948137394,11,2025-12-31,0.08943496662267972,0.020366161739317035,0.006056718338819909,,,,0.28293227486975936,1.4194203077766514,2.9496046370174245,-0.0769804192215306,-0.10112650861350869,0.16622927552384348,0.8,-0.021727748691099502,-1.4710250629889936,,0.5553818052301586,,True,0.022798813661092814,0.2186407495455181,10,10,6135000000.0,6690000000.0,"min(depreciation & amortization, capex)",False,False,False,False,False,True,False,False,False,False,True,altman_distress,0,,substitution risk unassessed (cannot be automated),0.0,ejected
CINF,27732238916.93341,-641000000.0,2189333333.3333335,0.08081333378832255,0.045,0.09403336323667855,26397862745.09804,40437383482.3861,37080736753.75923,41492330164.19511,21893333333.333332,21893333333.333332,0.00779263868043473,-0.26669787988429117,11,2025-12-31,0.11799243265608124,0.15949967695573636,0.006165210224877121,,,,0.2401235056606761,0.13038820611412913,1.2703836524798702,0.2559884310135238,0.09403336323667855,0.1088157063187396,0.7,-0.04896516910651183,-0.20886282176604756,57.22641509433962,2.492229743953462,-0.004876147602189129,True,0.010173102529960053,0.0330788804071247,10,10,2409000000.0,2189333333.3333335,"min(depreciation & amortization, capex)",False,False,False,False,False,False,False,False,False,False,False,,0,,substitution risk unassessed (cannot be automated),0.0,no moat evidence
CCI,34767766564.1149,27021000000.0,-115000000.0,-0.0018611797320904706,0.045,0.0,,,,,,,,,11,2025-12-31,0.063844254040502,0.08056923707430023,0.004329611661252272,0.4744186046511628,2.763616289165352,-0.5044547279031989,9.651162790697674,3.3790279142991957,3.442255946102883,,-0.24690447732828047,-0.16191701561424354,0.5,-0.22388059701492535,9.77251356238698,2.1347736625514404,-2.388811008848562,0.027224658341632013,False,0.058043581641511376,-2.617687440522458,5,5,952000000.0,-115000000.0,"min(depreciation & amortization, capex)",False,False,True,True,False,True,True,False,False,False,True,leverage;altman_distress,2,dilution;late_filing,substitution risk unassessed (cannot be automated),0.0,ejected
CLH,16072063970.197266,1949848000.0,397405666.6666667,0.022051248908764743,0.045,0.06295483549320213,2725512784.3137264,6414013622.27973,5877063665.384276,6996575341.368393,3974056666.6666665,2725512784.3137264,0.2808869739846086,-4.89689546227689,11,2025-12-31,0.07290429939201598,0.10619732271589649,0.009281658053329289,0.3127655414994635,0.010930661500834804,0.002451774016138432,0.11165481673605172,0.03294995533700775,1.184890063084062,0.13148228542194246,0.06295483549320213,0.13913797730430133,0.8,-0.07856918870285656,1.7419030926103605,,,-0.008383362327307409,False,0.08186174602874775,-0.1305016223483677,0,10,412062000.0,397405666.6666667,"min(depreciation & amortization, capex)",False,False,False,False,False,False,False,False,False,False,False,,0,,substitution risk unassessed (cannot be automated),0.0,no moat evidence
CMC,6929508276.880264,203553000.0,476637666.6666667,0.06682091295241617,0.045,0.03696887591067077,5403948960.784314,6866095818.870558,6287414960.8558,7494490976.291737,4766376666.666667,4766376666.666667,0.0390633113717319,-0.4538314450348231,11,2025-08-31,0.09455112722102571,0.01925616024495186,0.0087777253393994,0.15646074619669473,0.03002279255404865,0.006045845603004615,0.01379050789384598,0.048743941630809313,0.4392242652292296,-0.12049757810952406,0.03696887591067077,0.0732517274824569,0.5,-0.060476218742076204,0.5173909949113166,,5.672917700407956,-0.0033245431435866557,True,0.23278060057368974,0.24391552754860674,10,5,84662000.0,476637666.6666667,"min(depreciation & amortization, capex)",False,False,False,True,True,False,False,False,False,False,False,,2,dilution;accruals,substitution risk unassessed (cannot be automated),0.0,no moat evidence
CMCSA,84197425998.33237,89456000000.0,20251000000.0,0.11661733641923352,0.045,0.05200540504230733,148791058823.52942,311588331073.6185,285428461707.7384,339980997112.93445,202510000000.0,148791058823.52942,-0.1,0.43412308062009963,11,2025-12-31,0.09228380689546933,0.08463863213099451,-0.0018521259007761113,,,,0.16710452925056787,0.028247822734380403,1.153939933563919,0.6135616605590544,0.05200540504230733,0.03618450068524881,0.8,-0.04936571753777241,2.4254649964752453,4.688591517350873,,-0.03010273238258998,False,0.06805515161947044,0.11087893057006681,10,10,24458000000.0,20251000000.0,"min(depreciation & amortization, capex)",False,False,False,False,False,False,False,False,False,False,False,,0,,substitution risk unassessed (cannot be automated),0.0,no moat evidence
CACI,10746315586.91925,2811759000.0,530105666.6666667,0.03909888998384103,0.045,0.1,3424778254.9019613,10046583134.855703,9214027689.4934,10046583134.855703,5301056666.666667,3424778254.9019613,0.11564971235567334,-2.137813542099495,11,2025-06-30,0.09255078312349235,0.094097125981829,0.003912246325346402,,0.003440696634811277,0.0014424842263779966,0.08857215909828481,0.007247774612104861,1.2558595867518,0.09632511405128158,0.10042908205103318,0.08567643629164134,1.0,0.1471421629607763,2.9310222972761673,4.810915111681902,3.7200200926075127,-0.008497966213285246,False,0.08034054194670648,0.39569706728703435,0,10,629352000.0,530105666.6666667,"min(depreciation & amortization, capex)",False,False,False,False,True,False,False,False,False,False,False,,1,accruals,substitution risk unassessed (cannot be automated),0.0,no moat evidence
COHR,63484959664.5,2777721000.0,413470546000.0,6.239870495029873,0.045,0.1,4861581643705.883,7836109808679.364,7186735209962.457,7836109808679.364,4134705460000.0,4134705460000.0,-0.1,0.9846458326285471,11,2025-06-30,0.08363187986496863,0.0061503330173047896,-0.008447858158862634,0.3516835725282546,0.03199712635062049,-0.005847783600085732,0.016209834056640875,0.053844722178538695,2.7776507420082566,0.002688235740767895,0.22851472147146068,0.19541572150598796,0.9,0.7468462292733336,4.288068924741308,,2.0300914884853754,0.094754526067655,True,0.4957581583970784,-0.4279970608215835,0,4,162126000.0,413470546000.0,"min(depreciation & amortization, capex)",False,False,True,True,False,False,False,False,False,False,True,leverage,1,dilution,substitution risk unassessed (cannot be automated),0.0,ejected
COIN,41908705977.26428,-4078833000.0,,,0.045,0.1,,,,,,,,,7,2025-12-31,0.11093654219161414,0.11093654219161414,-0.11775792168278568,,,,0.1998852579433461,0.4356888603958014,0.5007171747810919,0.0801367065070104,0.542220540647949,0.4124400593047477,0.6666666666666666,1.3934742896755883,-2.51179928922838,16.80588435015747,4.636420648938612,0.06895916572069605,False,1.9190840190641447,,0,1,,,"min(depreciation & amortization, capex)",False,False,False,True,True,False,False,False,False,False,False,,2,dilution;accruals,substitution risk unassessed (cannot be automated),0.0,no moat evidence
COLB,9278166009.436378,-2380000000.0,,,0.045,0.1,,,,,,,,,5,2025-12-31,0.153699300234657,,,,,,,0.7227765204066198,0.7694739668281849,,0.2073034078289293,0.2073034078289293,1.0,,,,,0.10490207412737229,False,0.05439096409421382,,5,5,,,"min(depreciation & amortization, capex)",True,False,False,True,True,False,False,False,False,False,False,,2,dilution;accruals,substitution risk unassessed (cannot be automated),0.0,pass
COO,13788664945.813751,2392900000.0,358800000.0,0.02217338070832409,0.045,0.08577686353959968,1828276470.5882359,6394604908.038399,5862579249.741205,6799991502.548662,3588000000.0,1828276470.5882359,0.2683553074356364,-6.541892688351089,11,2025-10-31,0.05069585546892943,0.042507527128019924,-0.0038883501139147544,0.6553855928061773,0.025500239584409376,0.005848828011297374,0.16687029615873325,0.024867835660736245,0.6497732947824945,0.033725413695233714,0.08577686353959968,0.10979355015450176,0.9,-0.0838546770181654,2.2568141092143734,6.829,4.988083019237003,0.0020080375209758916,False,0.131873688468637,-0.15730961645358538,8,6,389900000.0,358800000.0,"min(depreciation & amortization, capex)",False,False,False,False,False,False,False,False,False,False,False,,0,,substitution risk unassessed (cannot be automated),0.0,no moat evidence
CLF,5361897558.204077,7196000000.0,-198666666.66666666,-0.01582005791541735,0.045,0.1,,,,,,,,,11,2025-12-31,0.1908112663909524,-0.08422596663643868,-0.04035284528444647,-0.046211714132187,0.12451246101786557,-0.02393926467028814,-0.08484685652874799,0.12058441792458051,0.9368400359469782,-0.1743758053935593,0.24906140139617206,0.28296143292956555,0.5,1.6904522613065325,,,0.879727828216504,-0.023196114784988953,False,0.08684313078929225,-0.8614718614718615,2,5,-804000000.0,-198666666.66666666,"min(depreciation & amortization, capex)",True,True,False,False,False,True,False,False,False,False,True,altman_distress,1,structural_decline,substitution risk unassessed (cannot be automated),0.0,ejected
BIO,7924376391.764404,671900000.0,-571266666.6666666,-0.06645513017868576,0.045,0.0249264152383335,,,,,,,,,11,2025-12-31,0.02953730503586726,0.004434116344298837,-0.0009738698575865665,0.5186977392381542,0.014035569054331995,-0.001967665904147479,0.018271910808299784,0.0702338636866508,0.5161185792337943,,0.0249264152383335,0.0029368163926843938,0.7,0.10118094908508879,3.160395108184384,0.963265306122449,6.538152882785074,-0.0074828888095777035,False,0.1742628109563754,0.8026703011798209,0,9,767700000.0,-571266666.6666666,"min(depreciation & amortization, capex)",False,False,True,False,True,False,False,False,False,False,True,leverage,1,accruals,substitution risk unassessed (cannot be automated),0.0,ejected
BJ,11243455945.041122,472854000.0,545511666.6666666,0.04656002352494542,0.045,0.06329629512931989,5944930313.725491,8817516445.507622,8079423912.249147,9618297661.890114,5455116666.666666,5455116666.666666,0.11951381023458618,-1.0610844152507202,10,2026-01-31,0.23923771121481802,0.22843807050694617,0.011718125696559408,0.18639935343138184,0.005860681304633734,0.0009685996316420269,0.03805721080879146,0.009550766094773873,0.9206515701823298,0.09714278342769732,0.06329629512931989,0.068173079427156,1.0,0.014096648609435825,0.4278455082256754,25.57161645894658,1.0923185600103276,0.0425870713225891,False,0.11480175646757547,0.20963960258065778,9,10,578377000.0,545511666.6666666,"min(depreciation & amortization, capex)",True,False,False,True,False,True,False,False,False,False,True,altman_distress,1,dilution,substitution risk unassessed (cannot be automated),0.0,ejected
BAH,7527060211.854694,3212000000.0,876333333.3333334,0.08160242293510578,0.045,0.07572725622687027,7097803921.568628,14952084636.040054,13704656018.97258,16304887236.114786,8763333333.333334,7097803921.568628,-0.0791214320932627,-0.060477338487986865,11,2026-03-31,0.18950700641418367,0.23623300102599823,0.0030829203737008032,0.527057145404297,0.006181909939285657,-0.0003196310810091075,0.09209235981100115,0.01577980189401206,1.000279402725741,0.1735734526445294,0.07572725622687027,0.07374850325215587,0.9,0.11333529334638226,2.68561872909699,4.872641509433962,4.03337277380698,-0.019964985051440065,False,0.11124832855274717,0.17334788897622028,10,10,924000000.0,876333333.3333334,"min(depreciation & amortization, capex)",False,False,False,False,False,False,False,False,False,False,False,,0,,substitution risk unassessed (cannot be automated),0.0,no moat evidence
BALL,16424746897.956059,5781000000.0,1971666666.6666667,0.08879082859618426,0.045,0.05108098483024004,17415078431.37255,30214298715.133217,27677001714.881393,32968246030.32376,19716666666.666668,17415078431.37255,-0.08589983072904489,0.05686632634582056,11,2025-12-31,0.084860912564903,0.10133828685607055,0.002317313605500158,,0.0032802794346585016,-0.001665815741587553,0.10956614239039586,0.016526222184440904,0.29969293756397136,0.18535070814844767,0.05108098483024004,0.022401190765954704,0.6,0.02675614432630291,2.800872093023256,4.592356687898089,3.1505191581333243,-0.002147109458371599,True,0.15846994535519127,0.3778731228930432,10,10,1063000000.0,1971666666.6666667,"min(depreciation & amortization, capex)",False,False,False,False,True,False,False,False,False,False,False,,1,accruals,substitution risk unassessed (cannot be automated),0.0,no moat evidence
BAX,11682529394.39804,7473000000.0,873666666.6666666,0.045609111013249624,0.045,0.012118307928320027,2805431372.549021,11280429586.799767,10323876638.377064,12320040544.734789,8736666666.666666,2805431372.549021,0.02005182023672003,-3.164254206576178,11,2025-12-31,0.051676803035174246,-0.02264372886340244,-0.013613657641621433,0.3005158306652437,0.037479145347180796,-0.00861241858037859,-0.027392387050871575,0.12513895091046814,1.1286068418443234,-0.7038834577290187,0.012118307928320027,-0.007460794983869423,0.9,0.027371941559584556,11.104011887072808,-1.0620689655172413,3.8621538341052104,-0.006759312019207098,False,0.11834475487612019,0.17787953504755194,10,7,-489000000.0,873666666.6666666,"min(depreciation & amortization, capex)",False,False,True,False,False,False,False,False,False,False,True,leverage,0,,substitution risk unassessed (cannot be automated),0.0,ejected
BC,5061508819.343124,1845400000.0,220433333.33333334,0.03191490420664008,0.045,0.03558960464843297,747933333.3333335,3156227316.869403,2890125015.322849,3445203999.817937,2204333333.3333335,747933333.3333335,0.14480632445893432,-5.767326169012109,11,2025-12-31,0.12481826587280555,-0.011725727456064535,-0.015102490298687604,0.24841500708585068,0.023250765265725098,-0.003045488189089947,-0.00758931901245618,0.041985177274690796,1.1434327155519741,-0.30616826517552315,0.03558960464843297,0.04287054657836009,0.6,0.05819783857462757,7.328832406671962,-0.36436884512085943,,-0.03519982807636712,False,0.07660017771241229,0.3472990613538882,10,10,-10600000.0,220433333.33333334,"min(depreciation & amortization, capex)",False,False,True,False,False,False,False,False,False,False,True,leverage,0,,substitution risk unassessed (cannot be automated),0.0,ejected
BCO,4292710270.7478337,2247300000.0,227300000.0,0.03475529710047517,0.045,0.055641544321434866,426817647.0588236,3553330832.602095,3255288748.2609596,3876771210.636964,2273000000.0,426817647.0588236,0.09918649182536399,-9.057480753967553,11,2025-12-31,0.10427578860390047,0.13798863582317544,-0.004847062814059431,0.2581160191591272,0.017127152827161388,0.004904262651656765,0.11128639854025697,0.020903385218200947,3.4150045039248487,0.4233803252447177,0.055641544321434866,0.07347147000760179,0.9,0.0020905734144223143,2.56453269428278,2.3849287169042768,1.7091535533528772,-0.014732400917952138,False,0.12050644359032331,0.43509207999096144,10,7,287400000.0,227300000.0,"min(depreciation & amortization, capex)",False,False,True,False,False,False,False,False,False,False,True,leverage,0,,substitution risk unassessed (cannot be automated),0.0,ejected
UGI,7683870670.793884,6313000000.0,-185000000.0,-0.013217240078242935,0.045,0.0066132116612207525,,,,,,,,,11,2025-09-30,0.09751126050153135,0.09723811448648985,-0.00768713623507275,,,,0.15489016370505107,0.11449032342102637,0.9504405045580745,0.23348600620575788,0.0066132116612207525,0.02067125664315106,0.5,-0.10525585910414648,3.7847721822541964,2.6934306569343067,1.5626640594941203,0.02236767762674985,False,0.04768147943693072,0.08681672025723475,10,8,678000000.0,-185000000.0,"min(depreciation & amortization, capex)",False,False,True,True,False,False,False,True,False,False,True,leverage,2,dilution;auditor_change,substitution risk unassessed (cannot be automated),0.0,ejected
CHTR,18456247706.92093,94279000000.0,4875666666.666667,0.04324882204846874,0.045,0.1,-36918215686.2745,92403823585.82245,84746363784.21408,92403823585.82245,48756666666.666664,,-0.1,,11,2025-12-31,0.06803930832160866,0.09044942050985141,0.008004114337797586,,,,0.23565925439076935,0.0592639609090922,1.0527040044034677,0.5856392472090668,0.18833577174136695,0.026340091213644445,0.9,0.05097893540774412,4.360932513067209,,,-0.057534437463008126,False,0.09694989106753812,-0.06815623592976139,0,10,4987000000.0,4875666666.666667,"min(depreciation & amortization, capex)",False,False,True,False,False,False,False,False,False,False,True,leverage,0,,substitution risk unassessed (cannot be automated),0.0,ejected
UNM,13980420562.5,3609400000.0,1267133333.3333333,0.07203787718191701,0.045,0.019954026803900016,11298050980.392157,16936595628.610481,15503126013.789669,18494118335.30931,12671333333.333332,11298050980.392157,-0.023301651243760046,-0.23741878902503744,11,2025-12-31,0.08850080981150571,0.06135611249929745,0.0027568626469512865,,,,0.08736185996711407,0.03535416364443347,1.0606368979735064,-0.06226364582086894,0.019954026803900016,-0.001319376356087587,0.8,0.09694221970347283,2.852604125503833,5.470785440613027,1.0285736543844095,-0.03536012852559367,True,0.03408545764338059,-0.16081347428776205,10,9,738500000.0,1267133333.3333333,"min(depreciation & amortization, capex)",False,False,False,False,False,True,False,False,False,False,True,altman_distress,0,,substitution risk unassessed (cannot be automated),0.0,ejected
TXNM,6295921587.341892,5400308000.0,178475666.66666666,0.015259247891287964,0.045,0.05881918420519927,-3300594274.509804,2829050803.801981,2591957135.1939516,3086320982.5925026,1784756666.6666665,,0.2474531722775975,,10,2025-12-31,0.04731472380777395,0.047273638292007134,0.000516743244627484,,0.032145200148966595,-0.021906433690125227,0.20645516639805628,0.04444304870187221,-2.08992347868013,0.04539840691714059,0.05881918420519927,0.07160507667219851,0.8888888888888888,0.09803384819141336,5.840968160967901,1.6248370297802757,0.6494611461380937,0.027611353141856698,False,,-0.036528254761161394,9,10,169826000.0,178475666.66666666,"min(depreciation & amortization, capex)",False,False,True,True,True,True,False,False,False,False,True,leverage;altman_distress,2,dilution;accruals,substitution risk unassessed (cannot be automated),0.0,ejected
TYL,12732179413.383636,-415737000.0,374451000.0,0.030402529190824097,0.045,0.1,4821042882.3529415,7096609860.983415,6508517262.329132,7096609860.983415,3744510000.0,3744510000.0,0.23852179776511673,-2.4002257741022555,11,2025-12-31,0.08798441859367893,0.08798441859367893,-0.005913727911959077,0.46464066131010057,0.019693885885654263,-0.0035060521610566033,0.15335499969987224,0.0286876722222076,1.834958756205445,0.06105510715690811,0.14714633340996852,0.15870784367787483,1.0,0.027830677993091024,-0.8381219835737066,71.6068068068068,3.7989471441827174,0.018282296626090266,False,0.24502246811516432,0.1639184500838109,0,7,437946000.0,374451000.0,"min(depreciation & amortization, capex)",False,False,False,True,False,False,False,False,False,False,False,,1,dilution,substitution risk unassessed (cannot be automated),0.0,no moat evidence
UAL,40895785728.0,15324000000.0,3040000000.0,0.054073489619970966,0.045,0.04547595271534166,20440705882.352943,45456685577.7806,41633850254.04242,49606733277.91649,30400000000.0,20440705882.352943,0.021416735673964668,-1.0007032028823684,11,2025-12-31,0.11990861695470037,0.11990861695470037,-0.012461970174151895,,,,0.0797866937531742,0.15546827835129487,0.6290742417383431,0.9560798846901502,0.04547595271534166,0.3092525547522449,0.8,-0.6450449617420653,2.0026136957658127,3.4326292789512016,,-0.013650284505300925,False,0.10857245659800306,0.2068303094983992,0,7,3353000000.0,3040000000.0,"min(depreciation & amortization, capex)",False,False,True,False,False,False,False,False,False,False,True,leverage,0,,substitution risk unassessed (cannot be automated),0.0,ejected
UBER,151733552292.66656,3416000000.0,7749333333.333333,0.04994750689783086,0.045,0.1,87752627450.9804,146865665599.45306,134694979507.44571,146865665599.45306,77493333333.33333,77493333333.33333,0.10756982793148337,-0.9580207195371633,9,2025-12-31,-0.10832733997739649,0.18271661686968513,0.15916640851547068,,,,0.10698425514735567,0.27600280986766407,,0.6334119676668152,0.26501397834892937,0.3610053095492587,0.875,-0.1431538461538462,0.5436028007638447,12.647727272727273,1.064119476305148,0.03872366931329996,False,2.016574585635359,,0,2,10436000000.0,7749333333.333333,"min(depreciation & amortization, capex)",False,False,False,True,False,True,False,False,False,False,True,altman_distress,1,dilution,substitution risk unassessed (cannot be automated),0.0,ejected
UBSI,6353893069.005585,1181702000.0,346322000.0,0.04595814886928386,0.045,0.06810493790082206,2892674470.588236,5716350579.142574,5238462738.572216,6234741895.789392,3463220000.0,2892674470.588236,0.09248201344697896,-1.1965461836822233,5,2022-12-31,0.09091571951408767,0.08140768992223259,0.014149701511713986,,,,1.863532474026869,0.1372125502889375,1.2162846005580783,,0.06810493790082206,0.06810493790082206,0.5,-0.048354270221418916,1.9708862385106882,5.507270815373393,0.4965198101253624,0.06686153197189881,True,0.01740155304069187,-0.09827082955895078,5,5,381002000.0,346322000.0,"min(depreciation & amortization, capex)",False,False,False,True,False,True,False,False,False,False,True,altman_distress,1,dilution,substitution risk unassessed (cannot be automated),0.0,ejected
CME,86815018926.50734,-4416900000.0,3639566666.6666665,0.04417050673101985,0.045,0.06961155678838749,47235331372.54902,60469444080.44116,55416232480.16311,65950659602.19948,36395666666.666664,36395666666.666664,0.15377421280319192,-1.3853119581957745,11,2025-12-31,0.08282852364387053,0.13290520775371623,0.005026836477488831,,,,0.6486366285311168,0.0390066470912947,0.973438378133867,,0.06961155678838749,0.059520819337337105,0.9,0.003204601479046776,-1.0184228729536546,24.391580161476355,0.5940624659633214,0.006443926851328996,False,0.030884211489785644,,10,0,4096200000.0,3639566666.6666665,"min(depreciation & amortization, capex)",False,False,False,False,False,True,False,False,False,False,True,altman_distress,0,,substitution risk unassessed (cannot be automated),0.0,ejected
CHDN,5960479338.192108,4929600000.0,532266666.6666667,0.0488762891561293,0.045,,1332360784.3137264,,,,5322666666.666667,,-0.019966746579453597,,11,2025-12-31,0.08129285786792165,0.0833643118550083,0.00040283930418191457,,,,0.23370586827984552,,1.4092046402304952,0.10826317611342214,,0.22654581111198557,0.9,-0.2073400015040987,5.376376922237975,2.296943231441048,0.9648291255441064,-0.02174495704361934,False,0.07726245561175078,0.24222846441947565,10,10,545900000.0,532266666.6666667,"min(depreciation & amortization, capex)",False,False,True,False,False,True,False,False,False,False,True,leverage;altman_distress,0,,substitution risk unassessed (cannot be automated),0.0,ejected
CHH,4991765547.4964905,1861125000.0,309372666.6666667,0.045144842825439145,0.045,0.06385191149387204,1778553431.3725495,5012748003.266187,4593205231.374324,5467915316.015543,3093726666.6666665,1778553431.3725495,0.06288955751680206,-1.8066435674323449,11,2025-12-31,0.33111180099396487,0.17777035830838198,-0.050431224828059784,,,,0.28081222800951655,0.06249621092288966,0.9078641753221406,0.19720099168854488,0.06385191149387204,0.15626933520319253,0.8,-0.3062545009167952,3.6628099206083675,4.9194606573923725,3.553841460200557,-0.020453730074579513,False,0.12357054264553462,0.3696701273509913,10,10,369946000.0,309372666.6666667,"min(depreciation & amortization, capex)",False,False,True,False,False,False,False,False,False,False,True,leverage,0,,substitution risk unassessed (cannot be automated),0.0,ejected
UHS,9417640568.451477,4614754000.0,1116229333.3333333,0.07954660395902144,0.045,0.06741581260546048,8517355803.92157,18369162074.691994,16833213612.64726,20035329355.708725,11162293333.333332,8517355803.92157,-0.08308390550125175,-0.10570003006278039,11,2025-12-31,0.10009789808792269,0.12850068228119615,0.0008714324183089081,,,,0.11483067296545219,0.018927494967717066,0.8280262040722054,0.16803043334753115,0.06741581260546048,0.08480286480142118,1.0,0.015875715256613576,1.7662385877299007,12.776578158238717,,-0.04362102891514197,False,0.09827508093640067,0.35937971945279723,10,10,1488796000.0,1116229333.3333333,"min(depreciation & amortization, capex)",False,False,False,False,False,False,False,False,False,False,False,,0,,substitution risk unassessed (cannot be automated),0.0,no moat evidence
AAL,11210478576.746815,27224000000.0,593000000.0,0.01542885507906357,0.045,0.029147712514626667,-20247529411.764706,8253669836.008238,7556678507.388181,9010741627.602211,5930000000.0,,0.09941994262974096,,11,2025-12-31,0.08391177532520444,0.03647430915032827,-0.013831787950163215,,,,0.026851902696172644,0.2065388390963457,-1.3480899678686185,,0.029147712514626667,0.258045127379511,0.8,-0.6211982170949135,7.424052358876466,0.8548951048951049,,-0.0038942369923835596,False,,0.722808781632311,5,7,111000000.0,593000000.0,"min(depreciation & amortization, capex)",False,False,True,False,True,False,False,False,False,False,True,leverage,1,accruals,substitution risk unassessed (cannot be automated),0.0,ejected
AAON,9351041113.569641,-13000.0,,,0.045,0.1,,,,,,,,,11,2025-12-31,0.20389748077813633,0.13655591621747631,-0.00949341699034272,0.26747827437666255,0.033358945493360666,0.0007722354133620328,0.10141490462361206,0.036037109575074486,0.25556812046441035,0.06950761150510615,0.1493013347978034,0.22888698448549194,1.0,0.09634523888156177,-5.7665266435709884e-05,,,0.007702900782289079,False,0.5039590455040713,,10,0,,,"min(depreciation & amortization, capex)",True,False,False,True,True,False,False,False,False,False,False,,2,dilution;accruals,substitution risk unassessed (cannot be automated),0.0,pass
ZBH,17670862397.39923,6927200000.0,1651766666.6666667,0.06715027549654924,0.045,0.03216398257281483,12505349019.607845,23297122006.38389,21331246438.804676,25432235656.848343,16517666666.666666,12505349019.607845,-0.030211666360750795,-0.4130643110953629,11,2025-12-31,0.03743110157863435,0.047488523399840166,0.0034636856818126053,0.6970539998785155,0.010946086161475356,0.0004332397803889928,0.13340217457328554,0.0551550769246595,2.3095133499292233,8.337276790870398,0.03216398257281483,0.060813730964938806,0.9,-0.2323544887374408,3.160363155253433,,3.9629628846374727,0.004593042168902217,False,0.060093698263411884,0.494797561242744,10,5,1574400000.0,1651766666.6666667,"min(depreciation & amortization, capex)",False,False,True,False,False,False,False,False,False,False,True,leverage,0,,substitution risk unassessed (cannot be automated),0.0,ejected
ABBV,438305966268.7743,61773000000.0,4455666666.666667,0.008909926166084554,0.045,0.1,-9353392156.86274,84443967311.93605,77446136918.2737,84443967311.93605,44556666666.666664,,,,11,2025-12-31,0.19521412709389163,0.16534115541561412,-0.011719054055354157,0.7023544800523218,0.05480016465582272,-0.01262333382650306,0.24648463047743624,0.07256562486135339,2.3732056745542223,,0.10342044063251343,0.05952891709050534,0.9,0.37690134070823067,3.900549346467134,5.210853784998272,,0.00801270412695576,False,0.038867066363448416,0.011950407209426028,10,10,4226000000.0,4455666666.666667,"min(depreciation & amortization, capex)",False,False,True,False,False,False,False,False,False,False,True,leverage,0,,substitution risk unassessed (cannot be automated),0.0,ejected
ABNB,88206698758.28674,-4561000000.0,,,0.045,0.1,,,,,,,,,7,2025-12-31,0.5728263806679917,0.5597403387156047,-0.9697452384512208,0.8295890858589985,0.03882555081908345,0.015613533592870307,0.20782615799362797,0.46529309113509676,0.8043554751333339,1.264108683490704,0.1686478133170244,0.29369366217901005,0.8333333333333334,-0.2970172763519151,-1.7809449433814917,,2.097330737542539,0.0028288825716431543,False,1.804917344450484,,0,4,,,"min(depreciation & amortization, capex)",True,False,False,True,False,False,False,False,False,False,False,,1,dilution,substitution risk unassessed (cannot be automated),0.0,pass
ALK,5506819888.7274475,4682000000.0,502000000.0,0.049269690256807386,0.045,,1223882352.9411774,,,,5020000000.0,,-0.024593143312845733,,11,2025-12-31,0.0835495730955811,0.02358343711083437,-0.020330897543592213,,,,0.021279584240466325,,1.3274713562483347,0.40270206331567876,,0.31904505535141614,0.9,-0.5938959116273773,4.264116575591985,1.1139705882352942,,-0.007553040287632817,False,0.09173022882376555,0.6035472091810119,5,8,586000000.0,502000000.0,"min(depreciation & amortization, capex)",False,False,True,False,False,False,False,False,False,False,True,leverage,0,,substitution risk unassessed (cannot be automated),0.0,ejected
AEE,31256328186.703125,19174000000.0,1268333333.3333333,0.025150209783242148,0.045,0.03734827660283546,-4252431372.549019,18301147180.555824,16758857576.64475,19975912720.509315,12683333333.333332,,0.16147059609027214,,11,2025-12-31,0.05555685501712365,0.05689843437258367,-0.0006971316040788282,,,,0.2302534378906694,0.012226903136809264,-0.7822257022609377,0.05900066490712444,0.03734827660283546,0.08715374280767585,0.6,-0.019627749576988207,5.270478284771853,2.6108247422680413,,0.011162799675501711,False,,0.36000000000000004,10,2,1461000000.0,1268333333.3333333,"min(depreciation & amortization, capex)",False,False,True,False,True,False,False,False,False,False,True,leverage,1,accruals,substitution risk unassessed (cannot be automated),0.0,ejected
AEP,73688140498.61572,47125000000.0,4802333333.333333,0.039750091037393055,0.045,0.0280753309711006,9373039215.68628,66526596085.49527,60907180292.587845,72630627397.0025,48023333333.33333,9373039215.68628,0.05137911740488288,-6.861712599611736,11,2025-12-31,0.0587512361830786,0.06567105934665243,0.0012418288772378457,,,,0.24509261819187173,0.04580447581817053,1.6685439679022598,0.08160869070013367,0.0280753309711006,0.07784154699085755,0.6,-0.04131376354312599,5.451758445164276,2.625370187561698,0.7335895583574498,0.009170965976334378,False,0.00542764576173054,,9,0,3696000000.0,4802333333.333333,"min(depreciation & amortization, capex)",False,False,True,False,False,True,False,False,False,False,True,leverage;altman_distress,0,,substitution risk unassessed (cannot be automated),0.0,ejected
ANF,4135259236.140518,-759540000.0,467089000.0,0.1383672537097682,0.045,0.04114811297961807,6254704705.882354,6853077527.30928,6276105931.508846,7479527143.434331,4670890000.0,4670890000.0,-0.07240752514014731,0.11467424063925324,11,2026-01-31,0.09515202308055919,0.775257392729789,0.10098388602207636,,0.0176176518111485,-3.535971582288248e-05,0.13275811519756214,0.0557162890766001,1.4055819425454177,1.1095226739248039,0.04114811297961807,0.10999317958895549,0.7,0.009181893920212403,-0.8892203370781255,,,-0.03526931203113626,False,0.125868502088972,0.7228846971583229,5,7,506921000.0,467089000.0,"min(depreciation & amortization, capex)",False,False,False,False,False,False,False,False,False,False,False,,0,,substitution risk unassessed (cannot be automated),0.0,no moat evidence
AGCO,8277742784.542671,1579000000.0,493900000.0,0.050107830831756434,0.045,0.030477015381731754,4231588235.294118,6914662831.328353,6330938703.025251,7548675051.966032,4939000000.0,4231588235.294118,0.07161604729380999,-0.9561787027152286,11,2025-12-31,0.08559088210200336,0.10178556172575823,0.008252147478467302,0.2545923427891291,0.019558243411618378,0.005563688038376948,0.05908549890894664,0.03475838817159549,1.0102751358695652,0.08148246714204886,0.030477015381731754,0.01959563534576092,0.6,0.011978233459420062,1.8528514433231635,,3.405269089139026,-0.015504326813192248,False,0.07319072034966799,-0.24577373211963588,10,8,735100000.0,493900000.0,"min(depreciation & amortization, capex)",False,False,False,False,False,False,False,False,False,False,False,,0,,substitution risk unassessed (cannot be automated),0.0,no moat evidence
AHR,11074113976.473358,-114836000.0,,,0.045,,,,,,,,,,11,2025-12-31,0.15433336711565865,0.1295026954253569,0.023454700065330233,0.14369736825771806,,,0.19821380315931297,,,0.0802656114828697,,0.1439705637548616,0.8888888888888888,-0.02730015522101248,-0.19052991526731364,4.840104925677645,1.2653142601971992,0.27719493399213535,False,0.09247870891262075,,10,8,,,"min(depreciation & amortization, capex)",True,False,False,True,False,False,False,False,False,False,False,,1,dilution,substitution risk unassessed (cannot be automated),0.0,pass
AIG,41976425545.73341,7846000000.0,7244000000.0,0.14539637363400798,0.045,0.0,77377529411.76471,88646972916.23706,81108436438.29883,96843461046.19846,72440000000.0,72440000000.0,-0.1,0.4205352630351544,11,2025-12-31,0.049237662543965464,0.06967780041572459,0.006334626050803078,,,,0.15966386554621848,0.1053400000327876,0.4763851533082302,,-0.07490574481153989,-0.09347855219608714,0.2,-0.12081373376753912,1.015006468305304,10.795454545454545,1.289616938729939,-0.08149097331147093,True,0.3458672086720867,-0.3792108073781139,10,9,,7244000000.0,"min(depreciation & amortization, capex)",False,False,False,True,True,False,False,False,False,False,False,,2,dilution;accruals,substitution risk unassessed (cannot be automated),0.0,no moat evidence
YUM,45075089524.595856,11201000000.0,1547333333.3333333,0.027495395405131347,0.045,0.024980253251870366,7002921568.627453,21145049680.367702,19357588368.36897,23086865797.879227,15473333333.333332,7002921568.627453,0.20126380957278128,-5.436612074384607,11,2025-12-31,0.6685379338220637,0.4984646824799402,0.004448180122363147,0.6977112247382518,0.08238549840221213,0.012861294776493695,0.3133674214755296,0.06722233707313648,0.7030486236171855,0.3405099438461715,0.024980253251870366,0.07763207419433016,0.6,0.009826692871180986,4.029136690647482,4.731617647058823,-0.7555017041887556,-0.04450095050162173,False,0.06074467111883634,0.4734791080320415,9,9,1559000000.0,1547333333.3333333,"min(depreciation & amortization, capex)",False,False,True,False,False,True,False,False,False,False,True,leverage;altman_distress,0,,substitution risk unassessed (cannot be automated),0.0,ejected
AMCR,19964087035.296707,13130000000.0,864666666.6666666,0.02612752742640856,0.045,0.06452981716475192,-2957450980.3921566,14051594117.696766,12875755834.959785,15327246552.419956,8646666666.666666,,0.14610473862018009,,9,2025-06-30,0.09978236517135704,0.03216020844550895,-1.8523170190250267,0.1888200413085482,0.009383275350624143,-0.0017543942703822373,0.06722633086814578,0.01319681679890931,1.099063435357729,0.0020841328772456666,0.06452981716475192,0.03779361122148761,0.875,0.31824910128991335,7.585210860774119,2.547979797979798,0.9734550435290945,0.0399764923456829,False,0.05585815104395443,0.38390568939005637,9,5,653000000.0,864666666.6666666,"min(depreciation & amortization, capex)",False,False,True,True,False,True,False,False,False,False,True,leverage;altman_distress,1,dilution,substitution risk unassessed (cannot be automated),0.0,ejected
AMD,909695814377.4615,-2317000000.0,2276666666.6666665,0.0025090586539962935,0.045,0.1,29101313725.490196,43147474881.46355,39571864678.07357,43147474881.46355,22766666666.666664,22766666666.666664,,-38.95735641482262,11,2025-12-27,0.060874723970864505,0.060874723970864505,0.037751177556965,0.4951644100580271,0.09053168469057385,0.024818102857126014,0.10664280146655504,0.09643797918994303,1.2868537888479192,0.04143646408839779,0.24121884812875116,0.2882389065515516,0.9,0.450453127321349,-0.5497034400948991,28.198473282442748,,0.07647055198625607,False,0.39430442664171683,-0.28642633592210504,0,5,4335000000.0,2276666666.6666665,"min(depreciation & amortization, capex)",False,False,False,True,False,False,False,False,False,False,False,,1,dilution,substitution risk unassessed (cannot be automated),0.0,no moat evidence
AME,53628917428.69913,1825358000.0,1639749666.6666667,0.029569400266981953,0.045,0.06415211143505317,17465814549.01961,26603553295.48783,24377142374.60504,29018990176.4505,16397496666.666666,16397496666.666666,0.22910898780777444,-2.270555165760005,11,2025-12-31,0.12654253770276086,0.12624767156537106,-0.000827205572120598,0.3604103759487083,0.010700433521612722,0.002795435828501726,0.2581120198629504,0.018504684826407693,1.144583171026843,0.14022509055199314,0.06415211143505317,0.10267547865932358,0.8,-0.11990329853871928,0.7823674811550708,23.510436409284466,5.409191451555957,-0.004359193295131125,False,0.034194610116802616,0.07454230980193371,10,10,1772698000.0,1639749666.6666667,"min(depreciation & amortization, capex)",False,False,False,False,False,False,False,False,False,False,False,,0,,substitution risk unassessed (cannot be automated),0.0,no moat evidence
AIZ,13818341208.725464,-1834100000.0,764033333.3333334,0.06375316718233753,0.045,0.02182936612281483,10822727450.980394,10296919010.783482,9425813075.353916,11243350318.509758,7640333333.333333,7640333333.333333,0.08917198746045302,-0.8086044948377642,11,2025-12-31,0.16381460535538575,0.23795429208536167,0.01627154758472315,,,,0.09341907088174929,0.026102634858665,1.3443393190448607,1.1830144186760456,0.02182936612281483,0.05951338665227679,0.8,0.002978336520675917,-1.2674314145532444,10.912488605287146,0.8579178999906101,-0.029635270945666203,True,0.0787571216546177,0.2957286375942541,10,10,887200000.0,764033333.3333334,"min(depreciation & amortization, capex)",True,False,False,False,False,True,False,False,False,False,True,altman_distress,0,,substitution risk unassessed (cannot be automated),0.0,ejected
AES,10540470807.706345,-1382000000.0,946000000.0,0.10329235304260549,0.045,0.008322500584823311,12511411764.705883,12011083748.447374,10991652689.802563,13119175690.48006,9460000000.0,9460000000.0,-0.02109506078562834,-0.11421467311906386,11,2025-12-31,0.5475728155339806,0.5527788138754196,0.04248693590191781,0.1807406196354124,0.02880130706147618,-0.005672713735065137,0.12114771519659936,0.04248551864645962,-7.696551724137931,0.5598591549295775,0.008322500584823311,0.048361756639137,0.5,-0.05191873589164786,-55.28,1.0533049040511726,,0.0035705283362434947,True,,,10,1,910000000.0,946000000.0,"min(depreciation & amortization, capex)",True,True,True,False,True,False,True,False,True,False,True,leverage;restatement,3,structural_decline;accruals;late_filing,substitution risk unassessed (cannot be automated),0.0,ejected
ADC,9362017492.525162,-16295000.0,179578000.0,0.019214993826708313,0.045,0.1,2128977352.9411767,3403369214.1713586,3121333666.980568,3403369214.1713586,1795780000.0,1795780000.0,,-4.213343222736171,11,2025-12-31,0.038734378324785906,0.042993665553368754,0.00023076891166861054,,,,0.47382509416785684,0.04459801302633648,-4.868026282190601,0.06520424490433076,0.26225705545250944,0.2364711263726642,1.0,0.3258515665838124,-0.028109221446154325,2.528712150476926,,0.19929476058987428,False,,0.047042384722869146,10,10,,179578000.0,"min(depreciation & amortization, capex)",False,False,True,True,True,False,False,False,False,False,True,leverage,2,dilution;accruals,substitution risk unassessed (cannot be automated),0.0,ejected
ADI,192715984403.05664,5645660000.0,2405731333.3333335,0.012128006604165168,0.045,0.1,22657061568.627457,45593513445.04384,41815201218.653656,45593513445.04384,24057313333.333332,22657061568.627457,,-7.505780143613354,11,2025-11-01,0.10992636171596247,0.06212611367459264,-0.013783056249140035,0.614669518890112,0.03270651564827305,-0.005365851393031444,0.26611379050277834,0.03382814696504624,1.4598089366874687,0.037066931364167874,0.12362958977082017,0.14485112925375,0.6,-0.064764611967989,1.6906732165482734,9.229928615493082,,0.045976232876657086,False,0.08225638352707751,0.10278488919700207,10,10,2267342000.0,2405731333.3333335,"min(depreciation & amortization, capex)",False,True,False,True,False,False,False,False,False,False,False,,2,structural_decline;dilution,substitution risk unassessed (cannot be automated),0.0,no moat evidence
ADM,38754126101.047516,6597000000.0,2120333333.3333333,0.04675370857625425,0.045,0.0,18348098039.215687,25947146821.285843,23740602069.943806,28346275341.19586,21203333333.333332,18348098039.215687,0.0916052250671619,-1.1121604003977792,11,2025-12-31,0.07992731330910478,0.0544107375929693,0.0015626583160310906,0.20167494790831864,0.09750716331375724,0.023272502663725634,0.07481166853662446,0.06594704863024956,-0.5610981207239976,-0.24191450475947449,-0.09498172736857169,-0.17259424658437517,0.4,-0.004655407077456042,2.1643700787401574,3.0506535947712417,,-0.024616563922195467,True,,-0.15415094339622643,10,8,1078000000.0,2120333333.3333333,"min(depreciation & amortization, capex)",False,False,True,False,True,False,True,False,True,False,True,leverage;restatement,2,accruals;late_filing,substitution risk unassessed (cannot be automated),0.0,ejected
XYL,28813205511.61319,463000000.0,1035333333.3333334,0.03536432796670459,0.045,0.09478250462130156,11717392156.862747,19184776714.736702,17592610824.15472,19621677449.754868,10353333333.333334,10353333333.333334,0.19034403190924187,-1.7829882979665022,11,2025-12-31,0.09114042610250596,0.0823733507516617,-0.003924546081701871,0.38461538461538464,0.007411957492279104,-0.0013830976568148113,0.13536247924737133,0.017761891173256605,1.1120416899311372,0.08456145071757787,0.09478250462130156,0.13128724866322505,0.9,-0.07106115450562012,0.2575083426028921,42.172413793103445,3.8634856853828277,0.029896492815185027,False,0.06326359832635983,0.10218978102189785,10,10,1201000000.0,1035333333.3333334,"min(depreciation & amortization, capex)",False,False,False,True,False,False,False,False,False,False,False,,1,dilution,substitution risk unassessed (cannot be automated),0.0,no moat evidence
VST,53564807072.27985,18058000000.0,1698666666.6666667,0.023716840153338546,0.045,0.1,1926313725.4902,32193196485.49608,29525361991.13658,32193196485.49608,16986666666.666666,1926313725.4902,0.2203010254536631,-26.80689685354804,9,2025-12-31,0.06191899660308335,0.06919430459447762,0.010437415792340818,,,,0.10838166723530081,0.12124536795168347,3.0742664243053754,0.09020778863343333,0.15823292093250618,0.10140607131662738,0.625,-0.060361998787563875,4.639773895169578,1.6166242578456318,0.03816949907600778,-0.026288461721667877,False,0.04941295717543712,0.27753126260588945,7,7,944000000.0,1698666666.6666667,"min(depreciation & amortization, capex)",False,False,True,False,False,True,False,False,False,False,True,leverage;altman_distress,0,,substitution risk unassessed (cannot be automated),0.0,ejected
VTR,44076148867.5867,12269949000.0,354187333.3333333,0.006285924788716929,0.045,0.059069540976382395,-8103039196.078431,5620426394.749805,5149427589.874877,6131502506.46369,3541873333.333333,,,,11,2025-12-31,0.032929803935137524,0.032929803935137524,-0.002627487060886148,,,,0.13996739789988996,0.07454766386360018,1.1396062052124198,0.08498923427805866,0.059069540976382395,0.08978910202316648,0.9,-0.01998399070427992,5.588154066093518,1.3337236992973414,0.2084890473999942,0.03310964042998932,True,0.06819657616705627,,10,0,261518000.0,354187333.3333333,"min(depreciation & amortization, capex)",False,False,True,True,False,True,False,False,False,False,True,leverage;altman_distress,1,dilution,substitution risk unassessed (cannot be automated),0.0,ejected
VTRS,18947272213.6699,13091500000.0,1085266666.6666667,0.033873541077944894,0.045,0.03410526256665447,-323656862.7450962,15438158673.003979,14136077733.02146,16852239281.20182,10852666666.666666,,0.08102096228082167,,8,2025-12-31,0.005760883163520173,-0.09186243090614152,-0.015033265545226144,0.3518146859035536,0.0371764142516541,0.006618201857211347,-0.18687896480098803,0.09033126412051572,,,0.03410526256665447,0.03810826926878108,0.42857142857142855,0.03954161279825508,96.83062130177515,-5.650541056651814,0.6472008172298611,-0.0007862124402487902,False,0.053190311588943696,-0.2668621700879765,0,4,-1095400000.0,1085266666.6666667,"min(depreciation & amortization, capex)",False,True,True,False,False,True,False,False,False,False,True,leverage;altman_distress,1,structural_decline,substitution risk unassessed (cannot be automated),0.0,ejected
VZ,175874536829.22192,139102000000.0,,,0.045,0.0048836667340490525,,,,,,,,,11,2025-12-31,0.1103393564764354,0.09280940392978225,-0.00917550011131209,,0.00048292636874510547,,0.2117286943433364,0.025891345951391097,0.2490409018473706,0.00986237780006483,0.0048836667340490525,0.014976616276052734,0.7,-0.027118027118027133,2.9218198622080322,4.370929190319689,,0.0033215214907207358,False,0.013824702768890468,,10,0,,,"min(depreciation & amortization, capex)",False,False,False,False,True,False,False,False,False,False,False,,1,accruals,substitution risk unassessed (cannot be automated),0.0,no moat evidence
AA,12846262202.413445,842000000.0,244666666.66666666,0.01787419491595714,0.045,0.013696917875193781,2036431372.5490198,3181148101.656893,2911496459.971424,3474197988.5777225,2446666666.6666665,2036431372.5490198,,-5.3082224992112845,11,2025-12-31,0.0420844327176781,0.17557471264367816,0.0031630065035340546,,,,0.09523809523809523,0.061163147383985844,,0.37497312791114296,0.013696917875193781,0.06680824888933179,0.6,-0.10993961468417524,0.45636856368563683,7.734177215189874,1.7793636390896337,0.03670910296849561,True,0.18163869693978282,-0.4285714285714286,5,3,1162000000.0,244666666.66666666,"min(depreciation & amortization, capex)",False,False,False,True,False,False,False,False,False,False,False,,1,dilution,substitution risk unassessed (cannot be automated),0.0,no moat evidence
WAT,36960100678.51532,359614000.0,640899000.0,0.01717320203331996,0.045,0.044789168325692685,7180374235.294118,9554481216.455482,8750822727.286297,10426948651.344517,6408990000.0,6408990000.0,,-4.7669150175792625,11,2025-12-31,0.23391930614402023,0.23391930614402023,0.012223200684124058,0.5928260511056505,0.006656837516973759,0.00047579533479861607,0.2535593940010476,0.014099837275147775,0.2650946542585106,0.07471062284598935,0.044789168325692685,0.059992904419617465,0.7,-0.01713249751931778,0.40372861870910665,11.540058664519469,10.00374952249208,-0.03250553340248963,False,0.2715803722335198,,0,10,642629000.0,640899000.0,"min(depreciation & amortization, capex)",True,False,False,True,True,False,False,False,False,True,True,going_concern,2,dilution;accruals,substitution risk unassessed (cannot be automated);going-concern language found — read the opinion,0.0,ejected
PAG,12775212382.447403,2100800000.0,1004366666.6666666,0.06751585309593754,0.045,0.05131431958153798,9715278431.37255,15406873399.986763,14113133517.145096,16811069703.885843,10043666666.666666,9715278431.37255,0.008731015320967046,-0.31496101451850556,11,2025-12-31,0.12805988382517444,0.1240365847127261,0.004463300692409899,0.1640127638838675,0.010218526959723176,0.0023819889079628722,0.04026282283037553,0.009960913175745401,0.8205590839107005,0.14996852395018054,0.05131431958153798,0.09243571050522181,0.8,-0.11801427129261322,1.4458362009635237,,2.008057437261167,-0.02998808917201401,False,0.034800199360872495,0.2849791936999418,10,10,935400000.0,1004366666.6666666,"min(depreciation & amortization, capex)",False,False,False,False,True,False,False,False,False,False,False,,1,accruals,substitution risk unassessed (cannot be automated),0.0,no moat evidence
AVNT,3304317205.0591125,1412600000.0,177866666.66666666,0.037708244375351,0.045,0.010777236539688317,679949019.6078432,2282969355.998478,2089317143.388655,2493446103.165865,1778666666.6666665,679949019.6078432,0.09537463129766055,-3.859654341387034,11,2025-12-31,0.06871329364404156,0.04022028553409719,-0.008374146401884991,0.3115146310042329,0.0393940990734572,0.01028469131065905,0.06241948346727195,0.016489793707996744,0.7555889849985374,0.04697227932208543,0.010777236539688317,0.08038370180433962,0.6,-0.22628986621022107,3.627632254750899,,,0.0034411480331586475,False,0.06835527043468644,-0.22627416520210897,10,7,161200000.0,177866666.66666666,"min(depreciation & amortization, capex)",False,False,True,False,False,False,False,False,False,False,True,leverage,0,,substitution risk unassessed (cannot be automated),0.0,ejected
WEX,5460232522.5,2680900000.0,459133333.3333333,0.05639673989637273,0.045,0.08001772363680382,2720668627.45098,7981036201.20631,7315969176.9165,8701512723.532635,4591333333.333333,2720668627.45098,-0.0064426666483594075,-1.0069450823254953,11,2025-12-31,0.07186364749782737,0.122711963209895,0.006438052888956034,0.40359813590549476,0.16831170445811558,-0.033667479740694964,0.3597594017557169,0.13461922380474087,2.323711462155831,,0.08001772363680382,0.10327363162465564,0.7,-0.06501232351206843,2.6943718592964823,,1.139287738157976,-0.007848100070228514,False,0.19875800111550823,0.7040685705076333,0,4,494600000.0,459133333.3333333,"min(depreciation & amortization, capex)",False,False,False,False,False,False,False,False,False,False,False,,0,,substitution risk unassessed (cannot be automated),0.0,no moat evidence
WMB,91749325734.77603,28598000000.0,2674000000.0,0.022219023012551332,0.045,0.07306969655121187,2860823529.411766,45100252774.99867,41334900090.59154,49184046343.129135,26740000000.0,2860823529.411766,0.24071888952793924,-31.070949078652625,11,2025-12-31,0.04633342497375389,0.0773821452514897,0.007873575064921458,,,,0.2816296395731257,0.10270480884023024,1.3444745118115995,0.21926485665248022,0.07306969655121187,0.1425233414783127,0.7,-0.05982800982800984,4.370777930612869,2.909847434119279,,0.05038791512112484,False,0.04460642985366915,1.0,10,2,2618000000.0,2674000000.0,"min(depreciation & amortization, capex)",False,False,True,True,False,False,False,False,False,False,True,leverage,1,dilution,substitution risk unassessed (cannot be automated),0.0,ejected
VRT,122476931443.16602,1184600000.0,876833333.3333334,0.007090590930748096,0.045,,9131086274.509806,,,,8768333333.333334,,,,9,2025-12-31,0.10023474178403756,0.2731187547096237,0.03344923896852201,0.363170705480992,0.02816054451820643,0.0051290602184447176,0.1788580533534052,,2.1089334024305724,0.3960343885864215,,0.18540311841994384,0.875,-0.013675753746163588,0.553991488565683,21.250871080139373,3.0774372268047467,0.04932230934010029,False,0.046334196530504274,-1.0,6,1,1421400000.0,876833333.3333334,"min(depreciation & amortization, capex)",False,False,False,True,False,False,False,False,False,False,False,,1,dilution,substitution risk unassessed (cannot be automated),0.0,no moat evidence
AIT,12239151776.566864,183883000.0,375163000.0,0.03019898170998095,0.045,0.1,4229799352.9411764,7110103712.571527,6520892885.016155,7110103712.571527,3751630000.0,3751630000.0,0.22850234087938393,-2.2623557697765677,11,2025-06-30,0.12210094548816511,0.19279969971829017,0.012072035274631191,0.3030967536656686,13.007713327767263,-2.6251683989514643,0.10924450587979552,2.488442186193992,1.1932876905869751,0.6584226243020015,0.6894712703544608,0.07052736644937307,0.7,-0.0653913236785143,0.35130524159960874,27.3706489513561,7.5460808808264686,-0.005911472064673906,False,0.032424493455149084,-0.3903819924388748,10,9,392988000.0,375163000.0,"min(depreciation & amortization, capex)",False,False,False,False,False,False,False,False,False,False,False,,0,,substitution risk unassessed (cannot be automated),0.0,no moat evidence
ZION,10393508327.886322,3893000000.0,805666666.6666666,0.05639353214767379,0.045,0.03635453184459059,5585431372.549021,11574583242.739067,10598915437.201506,12634092608.227154,8056666666.666666,5585431372.549021,0.011923918744931278,-0.8608246408626163,8,2025-12-31,,,,,,,,,1.0022597167821634,,0.03635453184459059,0.056442644778210704,0.8571428571428571,-0.02898550724637683,,,,-0.04724809944599029,False,0.03577333533744176,-0.3771812080536913,8,8,899000000.0,805666666.6666666,"min(depreciation & amortization, capex)",False,False,False,False,False,False,False,False,False,True,True,going_concern,0,,substitution risk unassessed (cannot be automated);going-concern language found — read the opinion,0.0,ejected
ZBRA,12981051464.523926,2377000000.0,514666666.6666667,0.033511195600269494,0.045,0.03986726694964604,3677901960.784314,7508826245.328669,6876440043.440143,8195472573.872597,5146666666.666667,3677901960.784314,0.16696083468656409,-2.5294718573073958,11,2025-12-31,0.09680358114004578,0.08780385582564962,0.006914466678531824,0.48054114158636024,0.011253331960821063,0.002082767670279348,0.12972572275759822,0.05389884324990879,1.6304231387252277,-0.02264941690962099,0.03986726694964604,0.03939693656763299,0.7,-0.008249721293199563,2.685875706214689,,3.300915078804987,0.0004229464511471548,False,0.11629434954007885,-0.662263067202757,0,7,518000000.0,514666666.6666667,"min(depreciation & amortization, capex)",False,False,False,False,False,False,False,False,False,False,False,,0,,substitution risk unassessed (cannot be automated),0.0,no moat evidence
WAB,44321418098.780334,4752000000.0,1307666666.6666667,0.0266471486464312,0.045,0.1,10632313725.490198,24782949335.282795,22729198408.796867,24782949335.282795,13076666666.666666,10632313725.490198,0.23774519059907911,-3.168558156116383,11,2025-12-31,0.06863203530109385,0.08382793386841089,-0.004989592205022876,0.3408256469956121,0.021162772060992683,0.0028338416784630593,0.16056237127249934,0.031326126942810416,1.3753323660128831,0.3666362904476865,0.12937228998366002,0.08125695343398509,0.8,-0.07853658536585362,2.071490845684394,7.9688888888888885,2.3559075785718835,-0.005914942800886225,False,0.05172165632658108,0.6308287520894009,10,7,1411000000.0,1307666666.6666667,"min(depreciation & amortization, capex)",False,False,False,False,False,False,False,False,False,False,False,,0,,substitution risk unassessed (cannot be automated),0.0,no moat evidence
BLDR,8141207277.037353,4259614000.0,1181927333.3333333,0.0953104078293518,0.045,0.1,9645413450.980392,22399932617.883682,20543661124.736317,22399932617.883682,11819273333.333332,9645413450.980392,-0.1,0.1559504091335916,11,2025-12-31,0.17753023302785592,0.0775482194549799,-0.05995983563991851,0.30385669120678144,0.03965322538242295,0.009900595873192244,0.05176056463197925,0.04522311957577295,1.1906340588414293,0.0399555358539973,0.15600218068108718,0.12158418355646372,0.6,0.17559990610445997,3.0918119078934,,1.9679822523981765,-0.13899292993912804,False,0.03014636061366039,0.5187522015295645,0,10,664029000.0,1181927333.3333333,"min(depreciation & amortization, capex)",False,True,True,False,False,False,False,False,False,False,True,leverage,1,structural_decline,substitution risk unassessed (cannot be automated),0.0,ejected
BLK,160592270226.34973,1300000000.0,6177333333.333333,0.03815706163547211,0.045,0.1,71374509803.92157,117073060688.62115,107371273237.7832,117073060688.62115,61773333333.33333,61773333333.33333,0.17413279024979317,-1.5997021944692924,4,2025-12-31,0.127791332756344,0.09607508178527152,-0.021415553212330008,,,,0.2909233564585398,0.03548053592738647,0.7298911600743297,,0.1065430569599104,0.1065430569599104,0.6666666666666666,,0.15909925345734915,11.473941368078176,,0.018095370328530924,False,0.2059768442747166,,3,3,6304000000.0,6177333333.333333,"min(depreciation & amortization, capex)",False,False,False,True,True,False,False,False,False,False,False,,2,dilution;accruals,substitution risk unassessed (cannot be automated),0.0,no moat evidence
BMRN,11426975768.109947,-1311679000.0,320700666.6666667,0.031704523754332706,0.045,0.1,5084628019.607843,6077931460.96718,5574256244.5833,6077931460.96718,3207006666.6666665,3207006666.6666665,0.24989094813103468,-2.5631281614974135,11,2025-12-31,-0.006921660259814305,0.0620084667123847,0.020150186614734295,0.7772785931437239,0.03245513282356464,-0.00482443808208312,0.12711761541238767,0.23841025006612335,0.30109089207480066,0.24177628090350015,0.13728315591116935,0.1160435277590035,0.9,0.09178556003117277,-2.682178167206846,37.57023580144968,7.429083905019177,0.02120894723404687,False,7.25976205832757,,0,1,348901000.0,320700666.6666667,"min(depreciation & amortization, capex)",False,False,False,True,True,False,False,False,False,False,False,,2,dilution;accruals,substitution risk unassessed (cannot be automated),0.0,no moat evidence
BMY,117582466141.40413,34618000000.0,8578000000.0,0.05635987994958229,0.045,0.1,66299647058.82353,162570588374.7559,149098442990.56296,162570588374.7559,85780000000.0,66299647058.82353,0.025676480658642843,-0.7735006347331013,11,2025-12-31,0.12315229252081682,0.1598465536357152,-0.01584058683276354,0.7108353736979707,0.03291901047755739,-7.301965096243767e-05,0.2327883138979956,0.15138950147401373,3.9014908034849953,,0.1127388830025784,0.025378080148594995,0.7,0.6262382864792504,2.2730137885751804,5.932839767318879,2.1554224234092234,0.019616026025280453,True,0.04662749612926277,0.2624484972372161,10,8,9754000000.0,8578000000.0,"min(depreciation & amortization, capex)",False,False,False,False,True,False,False,False,False,False,False,,1,accruals,substitution risk unassessed (cannot be automated),0.0,no moat evidence
BDX,41865613151.08612,18540000000.0,3181333333.3333335,0.05266618725276745,0.045,0.07824512543526163,18887450980.39216,54876864838.55336,50301711343.711845,59838068806.02938,31813333333.333332,18887450980.39216,0.016428728257382452,-1.21658355034507,11,2025-09-30,0.051872286792113496,0.052371293415059215,-0.001559257212329875,0.45444139194139194,0.01916240085468882,-0.0033628625707224206,0.11808608058608058,0.019238355019101067,1.7801392977669275,0.301492514304898,0.07824512543526163,0.0632263568424074,0.7,-0.0703296703296703,3.6778416980757784,4.207177814029364,,0.033504192678350586,False,0.10410616327847692,0.8891687657430731,10,5,3380000000.0,3181333333.3333335,"min(depreciation & amortization, capex)",False,False,True,True,True,False,False,False,False,False,True,leverage,2,dilution;accruals,substitution risk unassessed (cannot be automated),0.0,ejected
BG,22180150847.59037,9033000000.0,1398666666.6666667,0.04481017227309631,0.045,0.0019720306018080613,7421901960.784317,17266140291.22343,15798501523.07132,18861765411.95239,13986666666.666666,7421901960.784317,0.05891865729437938,-1.9884726266643464,5,2025-12-31,0.16403399473806116,0.0527131546099345,-0.06139693389662381,0.2011921624173749,0.03621942578062797,0.004577084439666559,0.10398961284230405,0.039487541751247815,-0.9596651445966514,,0.0019720306018080613,0.0019720306018080613,0.5,,3.664503042596349,2.805732484076433,,0.02237324372921856,True,,-0.2943943551548412,5,5,816000000.0,1398666666.6666667,"min(depreciation & amortization, capex)",False,False,True,True,True,False,False,False,False,False,True,leverage,2,dilution;accruals,substitution risk unassessed (cannot be automated),0.0,ejected
BILL,4119320689.509018,676124000.0,-58501333.333333336,-0.012199355246723323,0.045,0.1,,,,,,,,,8,2025-06-30,-0.055760031385547776,-0.013742315169632261,0.0324576142050844,0.8139555713572684,0.04542862401169769,0.017719910930527202,-0.0551098408965041,0.17099613034671038,,-0.006485719655281885,0.5606333783096324,0.561392502257775,1.0,0.4545320301612352,,,1.8524807338919276,0.058380419234036474,False,1.4893137193486095,,0,3,46964000.0,-58501333.333333336,"min(depreciation & amortization, capex)",False,False,False,True,False,False,False,True,False,False,False,,2,dilution;auditor_change,substitution risk unassessed (cannot be automated),0.0,no moat evidence
BRK-B,1064860269686.7229,-52569000000.0,84062000000.0,0.0830413167803126,0.045,0.016005512516825027,1041533705882.353,1104171610330.8613,1010627912714.4645,1205824299138.1694,840620000000.0,840620000000.0,0.007802975614145703,-0.2667558108143071,11,2025-12-31,0.11759816132611745,0.1073846315129221,0.0017133787852301567,,,,0.35401465758521944,0.23778197640435578,0.4735872099478184,0.09245592564842353,0.016005512516825027,0.08198400179125276,0.6,-0.05540133248730961,-0.5204645360579779,17.267311106727163,4.016130278630387,,True,0.0,,0,7,66968000000.0,84062000000.0,"min(depreciation & amortization, capex)",False,False,False,False,True,False,False,False,False,False,False,,1,accruals,substitution risk unassessed (cannot be automated),0.0,no moat evidence
AJG,65029449839.050285,11348000000.0,2036000000.0,0.026657082742228888,0.045,0.09964954239985446,12604941176.470589,38528074722.67469,35334956354.77457,38586350889.601654,20360000000.0,12604941176.470589,0.2233882682960503,-4.159044292918999,11,2025-12-31,0.08307600731268394,0.05815908959834072,8.83600949084559e-05,,0.09460654155857497,0.039627868664582566,0.18003155931717113,0.0463844912741526,1.4703138435081686,0.038889321077988724,0.09964954239985446,0.14762697783826462,0.9,-0.0266018068102849,3.1244493392070485,3.928012519561815,1.194574330982881,0.04048935914146368,True,0.017858448222927235,,10,3,2471000000.0,2036000000.0,"min(depreciation & amortization, capex)",False,False,True,True,False,False,False,False,False,False,True,leverage,1,dilution,substitution risk unassessed (cannot be automated),0.0,ejected
BRO,22933212163.324066,6534000000.0,972666666.6666666,0.033008438710645384,0.045,0.1,4909137254.901962,18434016354.921032,16906398408.582527,18434016354.921032,9726666666.666666,4909137254.901962,0.15103690775309175,-3.671536152391008,11,2025-12-31,0.10125411600003432,0.0679407766855755,-0.0008419066823189093,,,,0.2826160623517452,0.022580523668735256,1.2626472668267308,0.0555038950696251,0.13520892565970066,0.17695176271623825,1.0,0.09248042886566221,3.792222867092281,5.616161616161616,,0.025628345772637395,True,0.07697740663358514,0.19344613529507654,10,8,1054000000.0,972666666.6666666,"min(depreciation & amortization, capex)",False,False,True,True,False,False,False,False,False,False,True,leverage,1,dilution,substitution risk unassessed (cannot be automated),0.0,ejected
BROS,9268733207.377075,-69228000.0,38939333.333333336,0.00423276387757332,0.045,0.1,527337803.9215687,737979754.1292546,676823731.7662077,737979754.1292546,389393333.3333333,389393333.3333333,,-22.803009486664063,7,2025-12-31,0.1013139059468401,0.22788874175232315,0.12747854065588954,0.2587941707734109,0.059314556460934656,-0.02348112960806877,0.09839093763181718,0.11708024902247521,-1.4618960416960136,0.242419053708234,0.3788531531536614,0.37991401833533933,1.0,0.37356104846288085,-0.25054195785214595,,1.0610713222057346,0.20777113004062264,False,,,0,0,79842000.0,38939333.333333336,"min(depreciation & amortization, capex)",False,False,False,True,True,True,False,False,False,False,True,altman_distress,2,dilution;accruals,substitution risk unassessed (cannot be automated),0.0,ejected
BSX,66544122044.22939,9471000000.0,2595333333.3333335,0.03414232936208717,0.045,0.09543547966315624,21062333333.33334,48227464318.791824,44225745472.18031,49186857895.61862,25953333333.333332,21062333333.33334,0.17085195399226777,-2.1593898449473485,11,2025-12-31,0.056812700964630224,0.09158537564498435,0.004962823137384272,0.6901464581050114,0.021451361996790284,-0.0005849033309323139,0.17998405898176745,0.07239897037674861,1.043719972546328,0.2887039384391059,0.09543547966315624,0.15155785671653277,0.9,-0.07657196087564044,1.9014254165830156,10.35243553008596,,0.010881473946610987,False,0.13342539619911883,-1.0,4,1,3384000000.0,2595333333.3333335,"min(depreciation & amortization, capex)",False,False,False,False,False,False,False,False,False,False,False,,0,,substitution risk unassessed (cannot be automated),0.0,no moat evidence
BSY,9621240688.757847,1125634000.0,260710666.66666666,0.024259207836431963,0.045,0.1,1941550313.7254906,4940998656.513741,4531540507.231484,4940998656.513741,2607106666.6666665,1941550313.7254906,0.25844593970959673,-3.9554423703274484,8,2025-12-31,0.11309970040929726,0.12404519837347938,-0.15678285515050375,0.815199173779897,0.014862485590611532,0.0005453916142913383,0.2414609606340214,0.042044476910066464,1.6214114185578608,0.09279485651059101,0.11711382029589323,0.13379811839169276,1.0,0.08808748747716022,3.1041610938142026,47.83287165281625,0.39927503512661,0.018675118591409356,False,0.16357626773765285,0.4086444368895463,8,5,259606000.0,260710666.66666666,"min(depreciation & amortization, capex)",False,False,True,False,False,True,False,False,False,False,True,leverage;altman_distress,0,,substitution risk unassessed (cannot be automated),0.0,ejected
BKH,5725595685.082626,4518300000.0,275633333.3333333,0.026907081232261695,0.045,0.06127717756972473,-1275554901.9607844,4416220022.344134,4046351079.404043,4817530859.205722,2756333333.333333,,0.12133678497169048,,11,2025-12-31,0.05860655893586739,0.05623651200975878,-0.0007972809641014777,,,,0.2351062899133934,0.021689529589670745,-0.4159216951960069,0.04086429850390406,0.06127717756972473,0.06345576398959385,0.6,-0.02640651717570519,5.501400219164739,2.6861569215392302,,0.049186741776384046,False,,,10,0,291600000.0,275633333.3333333,"min(depreciation & amortization, capex)",False,False,True,True,True,False,False,False,False,False,True,leverage,2,dilution;accruals,substitution risk unassessed (cannot be automated),0.0,ejected
BKR,57103475561.719025,2372000000.0,2503333333.3333335,0.042090177668870736,0.045,0.05210541551736725,27078980392.156868,38533930493.38344,35298840326.86885,42045130015.228455,25033333333.333332,25033333333.333332,0.14325906887348405,-1.2810975590566853,11,2025-12-31,0.023345980554896846,0.1237385645572008,0.014187764829994804,,0.11506307746231172,-0.058330590393342055,0.10373922763494754,0.25146814217883995,,3.865752285951787,0.05210541551736725,0.06019151313311255,0.6,-0.13142881114187432,0.5835178351783518,,,,True,0.12397447584320875,,9,7,2588000000.0,2503333333.3333335,"min(depreciation & amortization, capex)",False,False,False,False,False,False,False,False,False,False,False,,0,,substitution risk unassessed (cannot be automated),0.0,no moat evidence
ASH,3056334114.75,1169000000.0,-49666666.666666664,-0.01175449451282157,0.045,0.0,,,,,,,,,11,2025-09-30,0.01188500868223037,-0.25219655060201757,-0.009501546347452112,0.30098684210526316,0.02292832437424222,0.0019160837362698375,-0.42489035087719296,0.16325079639747314,0.7502401536983669,,-0.060925878206772976,-0.01981768775006343,0.3,-0.06145251396648044,,-12.704918032786885,,-0.03833260454421983,False,0.2893725992317542,-0.030078285949732164,10,7,-706000000.0,-49666666.666666664,"min(depreciation & amortization, capex)",False,False,True,True,False,False,False,False,False,False,True,leverage,1,dilution,substitution risk unassessed (cannot be automated),0.0,ejected
ATI,25525427749.83568,1332700000.0,394300000.0,0.014680844609595409,0.045,0.02669043704184193,3306123529.411765,5429030566.381819,4970290135.735381,5927356085.362853,3943000000.0,3306123529.411765,,-6.72065154939242,11,2025-12-28,0.11756704817099707,0.16372962359695975,0.028125781374736723,0.2195143218380782,0.039526848728006395,0.008627388131607721,0.13970876749356934,0.16129936141253878,0.9217303484261908,0.35635249025554316,0.02669043704184193,0.10379372350265892,0.6,-0.27662825955124315,1.6473423980222497,5.789521228545619,3.892459245219869,0.025625691450681387,False,0.34569028487947406,-0.5888584474885845,0,5,404300000.0,394300000.0,"min(depreciation & amortization, capex)",False,False,False,True,False,False,False,False,False,False,False,,1,dilution,substitution risk unassessed (cannot be automated),0.0,no moat evidence
BRKR,9142671186.490082,1570300000.0,245900000.0,0.022953482812508603,0.045,0.07785013664554796,1322641176.4705887,4234421452.993278,3881354374.9317694,4617285415.197716,2459000000.0,1322641176.4705887,0.2602691637136251,-5.912435019516713,11,2025-12-31,0.16474296788769316,0.009315088904340916,-0.013370321264761828,0.45910082933216934,0.02398501222405948,0.0042808266495943485,0.01984577331587371,0.04468358781996828,0.8730938750696591,-0.04821827023042624,0.07785013664554796,0.11573701752026233,0.8,-0.041059538743607016,5.442980935875217,1.1310116086235489,2.979287638280263,0.015504800579495104,False,0.10827434141812696,0.3509306803594352,10,8,120900000.0,245900000.0,"min(depreciation & amortization, capex)",False,False,True,False,False,False,False,False,False,False,True,leverage,0,,substitution risk unassessed (cannot be automated),0.0,ejected
AKAM,18346190416.63495,-930231000.0,692082333.3333334,0.039738398372258905,0.045,0.06713046492079155,9072376098.039217,11375071234.722061,10423865212.012772,12406931245.916016,6920823333.333333,6920823333.333333,0.17876176680133177,-1.6508681890885262,11,2025-12-31,0.12986409756965844,0.105116668256265,0.001197503829704558,0.589486416320614,0.02774716206920426,-0.00791221791346268,0.13472443517676902,0.03669045414403676,1.85491998877467,-1.2370568024566595,0.06713046492079155,0.056425850397398225,1.0,0.10524267724443148,-0.7292754918447264,18.43180857635164,2.8620808024009383,-0.020259042715880304,False,0.2878895460807984,0.2883454760773498,0,10,652856000.0,692082333.3333334,"min(depreciation & amortization, capex)",False,False,False,True,False,False,False,False,False,False,False,,1,dilution,substitution risk unassessed (cannot be automated),0.0,no moat evidence
ALB,14865663118.457993,1575540000.0,-15908000.0,-0.0009675690936596129,0.045,0.06168477558963592,,,,,,,,,11,2025-12-31,0.07187210403285499,-0.03304412091020672,-0.014222271793239044,0.13003183326841972,0.12870092576241499,-0.02651897547798463,-0.0713791674582367,0.18806173620832833,-0.14454819091851445,-0.19903518791593883,0.06168477558963592,0.10448598383827279,0.6,-0.12829847215168322,5.403197596658368,-1.7677930758821292,,0.005344872954519131,False,,0.3333333333333333,10,2,-441751000.0,-15908000.0,"min(depreciation & amortization, capex)",False,True,True,False,True,False,False,False,False,False,True,leverage,2,structural_decline;accruals,substitution risk unassessed (cannot be automated),0.0,ejected
ALGM,10222778142.68045,118523000.0,39584666.666666664,0.0038278226424809806,0.045,0.05376557163883833,347178960.78431374,613766840.9762273,562260759.5499761,669665706.3453543,395846666.6666666,347178960.78431374,,-28.445269723678305,7,2026-03-27,0.07968879924335627,0.01693825184956227,-0.012918541203945234,0.4628377163811544,0.059032778449814645,0.005131115747666084,0.020769669788427314,0.0952783451539731,1.2172116732867815,0.0174198273883633,0.05376557163883833,0.08527414408604073,0.6666666666666666,,1.3768935873605948,0.8351931330472103,3.7675085555543273,0.009585674836328328,False,0.5372345958691155,,1,1,14520000.0,39584666.666666664,"min(depreciation & amortization, capex)",False,True,True,True,False,False,False,False,False,False,True,leverage,2,structural_decline;dilution,substitution risk unassessed (cannot be automated),0.0,ejected
WFRD,6064758632.239029,458000000.0,519000000.0,0.07956756171151559,0.045,0.0,5647882352.941177,6351156673.595671,5811054460.446865,6938398161.647846,5190000000.0,5190000000.0,-0.010395740845336433,-0.168546942627944,11,2025-12-31,-0.10073295734609078,0.28911996706215515,0.10367077582404244,,0.059776415678037834,0.04465155095955482,0.15372102480683206,0.2584080531998521,,,-0.015491156572622677,0.05942497406264646,0.4,-0.25615664109810254,0.447702834799609,,3.095157645659062,0.007320601499975377,False,,0.010000000000000009,2,2,472000000.0,519000000.0,"min(depreciation & amortization, capex)",False,False,False,False,False,False,False,False,False,False,False,,0,,substitution risk unassessed (cannot be automated),0.0,no moat evidence
AMGN,196124597594.74292,45475000000.0,9760666666.666666,0.04040017766519265,0.045,0.054282653402344616,69356372549.0196,151683133812.25848,138955909240.588,165495577376.29224,97606666666.66666,69356372549.0196,0.11358788839219536,-1.8277804963938422,11,2025-12-31,0.14409589598313233,0.14409589598313233,0.0003132077098115064,0.6724714973742211,0.06996167537748216,-0.018591429610306746,0.24706810699028597,0.07893690792283317,1.4241874463806028,-0.02011592588087708,0.054282653402344616,0.07647774623365566,0.8,0.08826299118226189,3.191900049133151,3.2958257713248638,,-0.034000166210405025,False,0.04056723021014378,0.39413304747572614,10,8,11020000000.0,9760666666.666666,"min(depreciation & amortization, capex)",False,False,True,False,False,False,False,False,False,False,True,leverage,0,,substitution risk unassessed (cannot be automated),0.0,ejected
AMH,11971045846.840244,2680352000.0,441142666.6666667,0.0301092545078765,0.045,0.07707916812399773,2509561725.490197,7571136521.837893,6939720772.124219,8255858237.010616,4411426666.666667,2509561725.490197,0.18432987543199203,-3.7701739013818907,5,2020-12-31,,,,,,,,,3.5823102465399197,,0.07707916812399773,0.07707916812399773,1.0,0.03451002205744724,,,,0.07029215849824921,False,0.014176078011903903,1.0,5,2,481014000.0,441142666.6666667,"min(depreciation & amortization, capex)",False,False,False,True,False,False,False,False,False,False,False,,1,dilution,substitution risk unassessed (cannot be automated),0.0,no moat evidence
AMKR,17467576646.038757,66899000.0,362573333.3333333,0.020677740278777192,0.045,0.08805431921281981,4198669627.4509807,6525880535.034432,5983274713.788151,6871503862.088656,3625733333.333333,3625733333.333333,,-3.8176672248479644,11,2025-12-31,0.09483773599972972,0.08712516054606138,0.0035377926419391374,0.13992272786699902,0.01903059280575112,-0.0025959464406027505,0.06967595763911674,0.024863690360682908,0.6177169160392002,-0.0041344633069216215,0.08805431921281981,0.05840031165133852,0.7,0.24624356902273825,0.06030234551687274,6.195124860823922,4.483734811884114,0.004658872372226952,False,0.046889895786135026,,5,0,373895000.0,362573333.3333333,"min(depreciation & amortization, capex)",False,False,False,False,False,False,False,False,False,False,False,,0,,substitution risk unassessed (cannot be automated),0.0,no moat evidence
AMP,45556247165.74121,-11158000000.0,3173333333.3333335,0.09225276270744985,0.045,0.04480553914784746,48491333333.333336,47311243226.67766,43331757408.74622,51631448747.443405,31733333333.333332,31733333333.333332,0.03618793908136053,-0.43559602413050036,11,2025-12-31,1.0348888134628227,,,,,,0.23816826185817777,0.055724429056058476,1.6089501656011707,,0.04480553914784746,0.09600160240957245,0.8,-0.08738456841944597,-2.3969924812030077,,0.668219251571223,-0.06096412113135785,True,0.041481162334242906,0.0009796146848906062,10,10,3563000000.0,3173333333.3333335,"min(depreciation & amortization, capex)",True,False,False,False,False,True,False,False,False,False,True,altman_distress,0,,substitution risk unassessed (cannot be automated),0.0,ejected
BLD,9935550093.039999,2661955000.0,669515333.3333334,0.0531466610561828,0.045,0.1,5214695980.3921585,12688680539.277319,11637175770.378616,12688680539.277319,6695153333.333333,5214695980.3921585,0.04374550543236223,-0.9052980519667457,11,2025-12-31,0.1191199751289871,0.11796454325296375,0.010576654551011555,0.29006693552293306,0.030968505640069546,0.008858391249217432,0.14640791438701473,0.042190797217226655,1.0810949973133153,0.0970869676027664,0.12837295529958848,0.14755543039160002,1.0,0.035789889261966135,2.7691055388248267,7.631765091357644,3.8921706288391236,-0.027655599470063574,False,0.035365597044508645,-0.050984717128414125,0,9,631668000.0,669515333.3333334,"min(depreciation & amortization, capex)",False,False,False,False,False,False,False,False,False,False,False,,0,,substitution risk unassessed (cannot be automated),0.0,no moat evidence
AN,6551760823.116379,3720900000.0,438066666.6666667,0.042643933661363896,0.045,0.02850094455953056,1432825490.1960793,6079903091.7330885,5566395721.641363,6637686970.230696,4380666666.666667,1432825490.1960793,0.04552517692267259,-3.572616042878874,11,2025-12-31,0.1358740648676729,0.15010131598505663,0.009017140449020586,0.17908973124778332,0.015604679512874918,0.0038033255282181305,0.04487286203377317,0.01541619885215319,0.6894522822661837,0.4010679613612095,0.02850094455953056,0.06266684972760994,0.4,-0.04432477022080361,3.000967819985483,6.888333333333334,,-0.10372738890803523,False,0.06556040204816992,0.48076325600662795,0,10,339700000.0,438066666.6666667,"min(depreciation & amortization, capex)",False,False,True,False,False,False,False,False,False,False,True,leverage,0,,substitution risk unassessed (cannot be automated),0.0,ejected
AM,10582554726.142883,3042095000.0,489239500.0,0.035908409378132534,0.045,0.1,2713663823.5294123,9272085960.733433,8503712718.52198,9272085960.733433,4892395000.0,2713663823.5294123,0.13079811218052745,-2.8997294485722738,11,2025-12-31,0.07586212368869787,0.0941525522169586,0.023521975235344397,,,,0.5424561562941235,0.57595330193382,2.0621062939110475,,0.9829990541892153,0.057003837718765604,0.9,0.1364277531327751,3.9052336455796626,,1.5729408653573795,0.014361223570599435,False,0.10428808907308854,,9,4,,489239500.0,"min(depreciation & amortization, capex)",False,False,True,False,False,False,False,False,False,False,True,leverage,0,,substitution risk unassessed (cannot be automated),0.0,ejected
WMG,15121634037.33168,3531000000.0,627666666.6666666,0.033650296543128684,0.045,0.0850149344201041,3853313725.490196,11149545441.619726,10221717784.85561,11895562987.085777,6276666666.666666,3853313725.490196,0.1561227898392688,-2.9243194597159343,11,2025-09-30,0.1254286300446459,0.1254286300446459,0.012022534536105713,0.4584762188758014,0.0108829898437206,-0.000376273890197482,0.10347398240644103,0.05296383767509286,2.1617777777777776,0.4455862818500181,0.0850149344201041,0.08487645515663855,0.9,-0.0026815642458100086,3.3,3.92090395480226,-0.8471566401201281,,False,0.21689967105263158,,9,1,602000000.0,627666666.6666666,"min(depreciation & amortization, capex)",False,False,True,True,False,True,False,False,False,False,True,leverage;altman_distress,1,dilution,substitution risk unassessed (cannot be automated),0.0,ejected
WBS,12396647708.105942,-1710071000.0,911667666.6666666,0.08530960770394806,0.045,0.03581115439113858,12435572960.784315,13066225698.655354,11964670484.361439,14262462490.086964,9116676666.666666,9116676666.666666,0.023852752085831708,-0.35977705049383224,10,2025-12-31,0.11359734129168378,0.1503329606586696,0.0019407164189705604,,,,6.17795324561809,1.5583963968290897,1.395291379426212,0.1981501149011595,0.03581115439113858,0.0366868773832878,0.6666666666666666,-0.04587768191921959,-1.1079213084590491,0.9649090911477579,0.42477285293550543,-0.0046792609466799195,False,0.041155512456787086,0.28544920619749314,10,9,1026582000.0,911667666.6666666,"min(depreciation & amortization, capex)",False,False,True,False,False,True,False,False,False,False,True,leverage;altman_distress,0,,substitution risk unassessed (cannot be automated),0.0,ejected
WCC,16317112382.752075,5176600000.0,799533333.3333334,0.037198475493462446,0.045,0.1,4229674509.8039227,15152786713.130081,13897082667.178223,15152786713.130081,7995333333.333333,4229674509.8039227,0.11721097608241104,-2.857770224382702,11,2025-12-31,0.08383913730674318,0.09067008273652132,0.002872361071058493,0.21147637904121067,0.011490712259911955,0.0025299748835623382,0.05244376012828093,0.010954133078937205,0.6603620787335153,0.2662549948523265,0.1207632453210985,0.13786163170666832,0.8,0.47459234252475535,3.6184817559066125,,4.104528890633867,-0.0017467374424174897,False,0.09800115360348854,0.394322374774915,4,8,738000000.0,799533333.3333334,"min(depreciation & amortization, capex)",False,False,True,False,False,False,False,False,False,False,True,leverage,0,,substitution risk unassessed (cannot be automated),0.0,ejected
WDAY,34316964153.346752,1486000000.0,891666666.6666666,0.02490482807087123,0.045,0.1,9004196078.431374,16898901216.3858,15498497513.008316,16898901216.3858,8916666666.666666,8916666666.666666,0.26871439182868617,-2.848631493833281,11,2026-01-31,-0.06739534905156795,0.05329848605047309,0.05933822179563492,,,,0.07548157453936348,0.10544083041763538,92.92977685917245,0.1327652665228835,0.23505908107798712,0.17209392670406998,1.0,0.2852497005860717,1.5511482254697286,6.324561403508772,1.7181944733908066,0.027994480797392196,False,1.1416988002213315,,0,4,768000000.0,891666666.6666666,"min(depreciation & amortization, capex)",False,False,False,True,False,False,False,False,False,False,False,,1,dilution,substitution risk unassessed (cannot be automated),0.0,no moat evidence
WDC,200808371955.8902,2597000000.0,-155333333.33333334,-0.000763663869049724,0.045,0.0,,,,,,,,,11,2025-06-27,0.05900082349711776,0.295144157814871,-0.00113669274764963,0.3878151260504202,0.05632145617872304,0.0017144920374463505,0.24516806722689075,0.099119122740447,3.067061143984221,,-0.04167729319761204,-0.10670057130224286,0.7,0.01007906331100239,0.9324955116696589,6.53781512605042,2.1617876183133644,0.04240049817018443,False,0.29949471750114837,0.38962708958422637,6,4,1928000000.0,-155333333.33333334,"min(depreciation & amortization, capex)",False,False,False,True,True,False,True,False,False,False,False,,3,dilution;accruals;late_filing,substitution risk unassessed (cannot be automated),0.0,no moat evidence
WEC,37445423644.669235,19989900000.0,1470500000.0,0.025602711131174797,0.045,0.0515892871079906,-2689900000.0,22584448613.79357,20688131799.15177,24642649090.274734,14705000000.0,,0.16922413030205202,,11,2025-12-31,0.05976352289347149,0.06129390643862723,0.0009059850802943988,0.6667585024642606,0.03972174851921741,0.0021872111227748425,0.22906909113172313,0.017865568001018843,-0.07860606744107364,0.05956871273602914,0.0515892871079906,0.06237537503079338,0.6,-0.03740479323683055,5.36872213568244,2.507987934309016,,0.017323719970528062,False,,0.004788855028297734,10,10,1555500000.0,1470500000.0,"min(depreciation & amortization, capex)",False,False,True,False,True,False,False,False,False,False,True,leverage,1,accruals,substitution risk unassessed (cannot be automated),0.0,ejected
WELL,163482724890.36407,14163624000.0,1661801333.3333333,0.009354548200475135,0.045,0.08154425219649841,5386979921.568626,29078688961.555695,26656548029.41892,31494523259.72882,16618013333.333332,5386979921.568626,,-29.347750923630656,11,2025-12-31,0.028871390504999254,,-0.003263783757178014,0.23245190226045298,0.16274970290528043,-0.04815908663080717,,0.06608349802823309,1.5932346496724574,,0.08154425219649841,0.12911445752147932,0.8,-0.10062648082344616,,,,0.06877187122854167,True,0.13772745968146546,1.0,10,1,1996442000.0,1661801333.3333333,"min(depreciation & amortization, capex)",False,False,False,True,False,False,False,False,False,False,False,,1,dilution,substitution risk unassessed (cannot be automated),0.0,no moat evidence
AMT,78544910796.55862,35745500000.0,2735400000.0,0.02393376645455513,0.045,0.0,-3564323529.411762,33473899739.794983,30627280098.47082,36568967883.18212,27354000000.0,,0.19781679472749458,,11,2025-12-31,0.07533425869903074,0.10620038947702906,5.3189822091236084e-05,,0.04710655170445252,-0.024465679202542723,5.177689924137194,2.1904076271124735,1.6286872165525108,0.19348397347280474,-0.15031597735092694,0.13553913348333957,0.7,-0.05974962063732925,5.189984609576909,3.5646608797999115,-0.10758156387532507,0.010320580685448055,False,0.05120944389823432,0.8705164254852205,10,6,2989700000.0,2735400000.0,"min(depreciation & amortization, capex)",False,False,True,False,False,True,False,False,False,False,True,leverage;altman_distress,0,,substitution risk unassessed (cannot be automated),0.0,ejected
FDX,75087160628.17603,15825000000.0,4201333333.3333335,0.04621310619287198,0.045,0.06361723048652834,33602450980.392166,68004378613.72775,62312385629.39519,74179744019.92407,42013333333.333336,33602450980.392166,0.08642413293420029,-1.2345739205747575,11,2025-05-31,0.10081457796135683,0.08937645162404105,0.001386053994105929,,0.006575529035488855,,0.05933398539681096,0.01236245525378211,0.4803808167986476,0.23117843648698455,0.06361723048652834,0.04901309314609992,0.7,-0.006829954227827728,1.6691277291424955,6.612167300380228,,-0.016504362883740353,False,0.1129221460764339,0.2654769230769231,10,9,4301000000.0,4201333333.3333335,"min(depreciation & amortization, capex)",False,True,False,False,True,False,False,False,False,False,False,,2,structural_decline;accruals,substitution risk unassessed (cannot be automated),0.0,no moat evidence
FE,27718420846.860886,26174000000.0,1033333333.3333334,0.01917400103939704,0.045,0.00042511421872726274,-14017137254.901958,12669056811.26195,11591786845.462551,13840332306.022343,10333333333.333334,,0.18157603073608686,,11,2025-12-31,0.04968788222518845,0.04649150111138828,-0.0008207800602977783,,,,0.1461895294897283,0.032344581159263135,-5.125465838509316,-0.011210260190632683,0.00042511421872726274,0.07115661744148571,0.7,-0.009625173530772746,6.763307493540052,1.8126540673788003,0.311177001159983,0.031469042895588384,False,,,10,0,1020000000.0,1033333333.3333334,"min(depreciation & amortization, capex)",False,False,True,True,True,True,False,False,False,False,True,leverage;altman_distress,2,dilution;accruals,substitution risk unassessed (cannot be automated),0.0,ejected
EXPE,32505577502.285435,748000000.0,1174666666.6666667,0.035324520093693225,0.045,0.08243406594387759,13071607843.137257,20634111158.901527,18915790068.27008,22262328181.885437,11746666666.666666,11746666666.666666,0.18898843072744115,-1.7672171539970578,11,2025-12-31,0.10894787085989886,0.752934506104713,0.0422004859967345,,0.00882372284484908,0.004097383740544216,0.12699382338966944,0.1818240903103324,3.9525247914665806,,0.08243406594387759,0.23161302817574048,0.9,-0.5691555481892765,0.271211022480058,6.25752508361204,,-0.0015591940063983678,False,0.23891198865952973,0.4629626278243794,4,10,1411000000.0,1174666666.6666667,"min(depreciation & amortization, capex)",False,False,False,True,False,False,False,False,False,False,False,,1,dilution,substitution risk unassessed (cannot be automated),0.0,no moat evidence
F,55785696820.0,-23356000000.0,3074333333.3333335,0.0947999406345771,0.045,0.022739808373583248,59524627450.9804,41599562661.6296,38081077906.2224,45422175504.49974,30743333333.333332,30743333333.333332,0.08993224770407954,-0.8145624033394774,11,2025-12-31,0.19419357119544048,-0.5022282832344636,-0.050920038776742955,0.0683569448968585,0.029184886627983027,-0.005695461127767881,-0.04896217699861695,0.03563726397990186,2.5871612053759967,-0.2796832102101637,0.022739808373583248,0.08052066341481323,0.8,-0.1844515715202053,-3.4321822189566493,-7.311802232854864,0.384807731553109,-0.000576204402122138,False,0.03260003264804448,0.08487555839183147,10,7,-1003000000.0,3074333333.3333335,"min(depreciation & amortization, capex)",True,False,True,False,False,True,False,False,False,False,True,leverage;altman_distress,0,,substitution risk unassessed (cannot be automated),0.0,ejected
ETR,53681766528.43521,28348245000.0,1730349333.3333333,0.021094100818619513,0.045,0.023112460360062537,-7991194019.6078415,23452267161.395824,21468859086.52955,25607088155.13668,17303493333.333332,,0.21637598812565967,,11,2025-12-31,0.050249952948162604,0.055227356924039725,0.0038498770305081245,,,,0.24734345144386757,0.09059312902063721,-0.37807215089860496,0.05322511171426346,0.023112460360062537,0.05063111672779641,0.5,-0.07032447799469654,5.146884099519123,2.2663694172850515,,0.030715730602361546,False,,,10,0,1773328000.0,1730349333.3333333,"min(depreciation & amortization, capex)",False,False,True,True,True,False,False,False,False,False,True,leverage,2,dilution;accruals,substitution risk unassessed (cannot be automated),0.0,ejected
EVRG,19757271161.709023,13386400000.0,820133333.3333334,0.02474479454408888,0.045,0.09302397268887574,-3737772549.0196056,15082089123.811928,13829794336.919224,15543198711.325462,8201333333.333333,,0.15610803332869294,,10,2025-12-31,0.06075821033744848,0.06275322238235469,-0.0027034524009378114,,,,0.2686894182398205,0.018122389033524245,-0.21532342537913865,0.09255637731363833,0.09302397268887574,0.03594811301765888,0.7777777777777778,-0.04741413658458837,4.965650270791602,2.4872626967386013,,0.012530290890330642,False,,-1.0,10,2,855600000.0,820133333.3333334,"min(depreciation & amortization, capex)",False,False,True,False,True,False,False,False,False,False,True,leverage,1,accruals,substitution risk unassessed (cannot be automated),0.0,ejected
EWBC,18020487383.70529,-3080210000.0,759819666.6666666,0.05085713251183467,0.045,0.019163220166943162,12019264901.960785,10120441284.271652,9263708556.975613,11051341134.297667,7598196666.666666,7598196666.666666,0.15242315978577975,-1.371679514793461,4,2019-12-31,0.4230585010990625,0.5187784633275196,0.09482195415395364,,,,22.749367271675464,4.380528290402418,1.2614027335200257,,0.019163220166943162,0.019163220166943162,0.6666666666666666,,-2.196099764577044,3.0360517941455343,0.5979506016901335,0.0023068740215184125,True,0.037140340675996183,,0,0,808354000.0,759819666.6666666,"min(depreciation & amortization, capex)",True,False,True,False,False,True,False,False,False,False,True,leverage;altman_distress,0,,substitution risk unassessed (cannot be automated),0.0,ejected
EXC,47886140264.95414,50467000000.0,2518666666.6666665,0.02560840111339216,0.045,0.0,-20835627450.980392,30821669766.017265,28200595698.86738,33671507070.912735,25186666666.666664,,0.10073862229245487,,11,2025-12-31,0.05462548145590806,0.05462548145590806,-0.0006891109700193868,,,,0.21221864951768488,0.03512187329892039,-0.6675150393336419,0.20969497917672084,-0.019197885338779863,0.07800396810291854,0.8,-0.5161449561530866,5.740757592992834,,0.8089983471959727,0.012588300834930788,False,,,10,0,2768000000.0,2518666666.6666665,"min(depreciation & amortization, capex)",False,False,True,False,True,True,False,False,False,False,True,leverage;altman_distress,1,accruals,substitution risk unassessed (cannot be automated),0.0,ejected
COP,132842779638.66145,16947000000.0,,,0.045,0.05295080519217499,,,,,,,,,11,2025-12-31,0.11832054601688939,0.10720642222671882,0.02180558341428916,0.5692150355047855,0.07518424354210078,-0.004419756904951865,0.266903365236184,0.25731245325495666,0.7061764913022044,0.2733940664525926,0.05295080519217499,0.3055795231251637,0.6,-0.5804955936991434,0.6689957366177167,11.761904761904763,3.973423087542038,0.030611434021626582,True,0.07923606263089658,-0.15631938893329783,10,10,,,"min(depreciation & amortization, capex)",False,False,False,True,False,False,False,False,False,False,False,,1,dilution,substitution risk unassessed (cannot be automated),0.0,no moat evidence
FHN,12216662397.988604,1659000000.0,935666666.6666666,0.0674322161947598,0.045,0.1,9348843137.254902,17732790921.26913,16263283184.678257,17732790921.26913,9356666666.666666,9348843137.254902,0.014646895894921689,-0.30675659208629935,11,2025-12-31,0.1096887170108757,0.09499333714068152,0.0025176038299177706,,,,0.37437847323778883,0.1867528907833418,1.424033806498005,0.025139772221530802,0.11348571044428679,0.12045401930812005,0.7,,1.234375,,0.42238959959221317,-0.033435642708877444,True,0.04738366338448454,0.7695911278550471,10,10,1013000000.0,935666666.6666666,"min(depreciation & amortization, capex)",False,False,False,False,False,True,False,False,False,False,True,altman_distress,0,,substitution risk unassessed (cannot be automated),0.0,ejected
FICO,29009504881.58423,2921555000.0,538502000.0,0.016864520062817367,0.045,0.09028342551084645,3413762647.0588245,9786307985.997862,8973111418.236519,10205710769.52469,5385020000.0,3413762647.0588245,,-7.497809566982571,11,2025-09-30,0.27006435000475576,0.638945376493522,0.055066431851708356,0.8223278377432166,0.051615131486473426,0.014980553226174182,0.46454588423447246,0.11957034350825607,1.253106063922065,2.857149274344582,0.09028342551084645,0.08989325752163668,1.0,0.11592187800355669,3.1086920436432357,6.9200954753941355,10.25871190862426,-0.02794495987596357,False,0.2635194055763866,-0.09442413074149636,2,10,657976000.0,538502000.0,"min(depreciation & amortization, capex)",False,False,True,True,False,False,False,False,False,False,True,leverage,1,dilution,substitution risk unassessed (cannot be automated),0.0,ejected
FIS,21698586522.371502,9754000000.0,58333333.333333336,0.0018546434421805717,0.045,0.04934152568151351,-9067725490.19608,887137560.7551192,812605058.3191173,968038923.6704597,583333333.3333334,,,,11,2025-12-31,0.03472292013217472,0.057019524928307266,-0.000586855930875957,0.36864287721270017,0.017179205670699055,0.00455610090898062,0.16306078486466236,0.0402364763394324,,,0.04934152568151351,-0.031839717237975185,0.7,0.21474886286654415,2.6915011037527594,4.452685421994885,-1.7298199562037861,0.06151502594322822,False,0.0733529391880472,0.1723303418372492,10,10,2111000000.0,58333333.333333336,"min(depreciation & amortization, capex)",False,False,False,True,True,True,False,False,False,False,True,altman_distress,2,dilution;accruals,substitution risk unassessed (cannot be automated),0.0,ejected
FISV,26902664000.540504,28199000000.0,3817666666.6666665,0.06928405404652059,0.045,0.1,16714725490.196083,72352566591.12767,66356744679.05951,72352566591.12767,38176666666.666664,16714725490.196083,-0.1,-0.6095187453913073,11,2025-12-31,0.08726331916274142,0.08726331916274142,-0.006933496725346561,,0.005446350601847523,0.004058152287728829,0.2745246071816166,0.06236817833926785,1.4887770301504957,1.6831749832385567,0.14966215933204952,0.07369640630416341,1.0,0.457936585844704,4.347001695699091,3.800130633572828,2.1496262769639842,0.022897290798093772,False,0.08607900638261169,-0.07513477088948783,0,3,3480000000.0,3817666666.6666665,"min(depreciation & amortization, capex)",False,False,True,True,False,False,False,False,False,False,True,leverage,1,dilution,substitution risk unassessed (cannot be automated),0.0,ejected
FITB,51723199767.775665,13238000000.0,2564333333.3333335,0.0394748456386328,0.045,0.00479478754235263,16930627450.980396,32054221169.808826,29331380345.744576,35014225097.60855,25643333333.333332,16930627450.980396,0.11447708197745632,-2.0550078499766733,8,2023-12-31,0.0994475697112299,0.16787740285424327,0.009944510686017833,,,,11.9948006932409,2.279202907596555,1.147210743801653,1.3960056027183503,0.00479478754235263,0.009998418489249428,0.2857142857142857,-0.010619469026548645,1.793038060409048,1.759725400457666,0.6691634004919501,-0.015013980415840233,True,0.05327930361698934,0.178815331010453,8,7,2349000000.0,2564333333.3333335,"min(depreciation & amortization, capex)",False,False,True,False,False,True,False,False,False,False,True,leverage;altman_distress,0,,substitution risk unassessed (cannot be automated),0.0,ejected
FBIN,6156733324.180923,2280900000.0,394100000.0,0.04670741010640646,0.045,0.0,2355570588.2352943,4822718391.26022,4412594533.453006,5268637216.773441,3941000000.0,2355570588.2352943,0.055487467424529924,-1.6136908632372244,11,2025-12-27,0.11683723613784289,0.08154344386146506,-0.0007773623654013116,0.4457340025094103,0.07227453247935393,0.01045006899955922,0.11563452231582722,0.02286402917212975,1.018676699234121,,-0.0025668986299255403,0.04269278581077263,0.5,-0.371803767824307,3.5919685039370077,4.480034722222222,3.614269217722943,-0.029196124158173187,False,0.07753909930280761,0.3325347388596071,10,10,305900000.0,394100000.0,"min(depreciation & amortization, capex)",False,False,True,False,False,False,False,False,False,False,True,leverage,0,,substitution risk unassessed (cannot be automated),0.0,ejected
FCFS,9583138171.82579,2083237000.0,208397333.33333334,0.01786307488521468,0.045,0.09002357578514375,368496333.3333335,3782993738.3293214,3468621890.7597065,3949554336.1774464,2083973333.3333333,368496333.3333335,,-25.006061132654743,11,2025-12-31,0.08320070126804438,0.07577409994818805,-0.0015171109538975195,1.1032102420867773,0.1582213264474975,0.038156373267686644,0.2682572029656979,0.053361466510957335,1.543667548494771,0.07997729147040582,0.09002357578514375,0.09178474095136835,0.8,-0.08510234687948992,4.654622924593856,,4.1781476538322675,0.046267760161663674,True,0.030996608380911075,0.456788428962342,10,9,275469000.0,208397333.33333334,"min(depreciation & amortization, capex)",False,False,True,True,False,False,False,False,False,False,True,leverage,1,dilution,substitution risk unassessed (cannot be automated),0.0,ejected
TDY,29400469843.71753,2123000000.0,1082133333.3333333,0.03432786234187342,0.045,0.1,10607980392.156862,20508632863.130783,18809092458.40381,20508632863.130783,10821333333.333332,10607980392.156862,0.18461524869680856,-1.7715426270447407,11,2025-12-28,0.08650763469682127,0.07446094846174799,-0.0038083001995121574,0.4275762828269614,0.2429592325477084,0.04172191412446952,0.18801713706380613,0.044185909671362274,1.079706382597798,0.05698833408472852,0.19609435823692634,0.1465689073362828,0.9,,1.4285714285714286,19.29194630872483,4.85523767659396,0.027892232176461862,False,0.0,-0.5127410812431299,0,2,1113800000.0,1082133333.3333333,"min(depreciation & amortization, capex)",False,False,False,True,False,False,False,False,False,False,False,,1,dilution,substitution risk unassessed (cannot be automated),0.0,no moat evidence
SWX,6599140942.227058,2931367000.0,263176666.66666666,0.027614128046691326,0.045,0.0,164829078.43137264,3220570795.442511,2946693531.250233,3518351638.128339,2631766666.6666665,164829078.43137264,0.16557429192653572,-39.036266689282265,11,2025-12-31,0.0600398891820906,0.04879792229089665,-0.0059884793859404685,,0.3025006946027715,0.024205740452833465,0.2442232964677022,0.10256472935356885,-1.0780232187834746,0.003013984294036512,-0.019366974670766424,0.07698944722574885,0.5,-0.03330917480332696,3.6432147251463443,,,0.04321493021285372,False,,,10,0,439826000.0,263176666.66666666,"min(depreciation & amortization, capex)",False,False,True,True,True,False,False,False,True,False,True,leverage;restatement,2,dilution;accruals,substitution risk unassessed (cannot be automated),0.0,ejected
ECL,77201120486.51672,7590100000.0,1853433333.3333333,0.02185878824126681,0.045,0.0173107266049346,14214998039.215687,24485895973.90341,22412143105.471138,26739315343.63209,18534333333.333332,14214998039.215687,0.2881530852054177,-4.4309624435781,11,2025-12-31,0.10305888737831531,0.12955281418949005,0.002873381760280274,0.44464343456955946,0.02456599067329452,-0.002560394074615927,0.1702360520359177,0.021575727330961855,1.198130673674152,0.18475738709118342,0.0173107266049346,0.0640436792245791,0.7,-0.06143926126412991,2.225705237229488,8.940561724363162,3.239777843797928,-0.005509526346564209,False,0.06556713107195374,0.3446373549327479,10,10,2075600000.0,1853433333.3333333,"min(depreciation & amortization, capex)",False,False,False,False,False,False,False,False,False,False,False,,0,,substitution risk unassessed (cannot be automated),0.0,no moat evidence
ED,40951021831.797066,24172000000.0,,,0.045,0.03107837555110815,,,,,,,,,11,2025-12-31,0.060774119067386945,0.04727459163266787,-0.0016922269925337724,,,,0.17215085928793478,0.02424644805639949,-0.34819607157428456,-0.020637658125909817,0.03107837555110815,0.07229811428616828,0.5,-0.009716732542819462,4.598934550989346,2.3803730738037308,,0.01995111509309111,False,,,10,1,,,"min(depreciation & amortization, capex)",False,False,True,False,True,False,False,False,False,False,True,leverage,1,accruals,substitution risk unassessed (cannot be automated),0.0,ejected
EFX,20078422619.19806,4912500000.0,747600000.0,0.02991486194374003,0.045,0.08593580571594206,3882794117.6470604,13333049894.518366,12223800225.646263,14168544167.517782,7476000000.0,3882794117.6470604,0.18186760419505582,-4.171127288965146,11,2025-12-31,0.08542642597824945,0.08542642597824945,-0.0030330354212682676,,0.014129721338700734,,0.1802946744588032,0.09981263326176087,1.1766696143642585,0.08027980874336921,0.08593580571594206,0.08035053389890412,1.0,0.1767305279963507,2.6960649799681686,5.1587376354215735,2.559266128302845,0.0026158087321386247,False,0.09966017514050451,0.8899905571293674,10,3,905800000.0,747600000.0,"min(depreciation & amortization, capex)",False,False,False,False,False,False,False,False,False,False,False,,0,,substitution risk unassessed (cannot be automated),0.0,no moat evidence
TKR,9542290998.435669,1533100000.0,394133333.3333333,0.03558640353094552,0.045,0.04780540158449709,3103762745.0980396,5953844564.057061,5453436012.106314,6497041928.313277,3941333333.333333,3103762745.0980396,0.15728556252916598,-2.0744266820994572,11,2025-12-31,0.11716736025385718,0.08740221970940859,-0.0022931895010437297,0.30409446069230434,0.018073330621442524,0.0035599868538947446,0.11798856344668035,0.018238178564073716,1.0176993837092807,0.05325342910976627,0.04780540158449709,0.05454872456659543,0.7,-0.07300984194833637,1.989230569612041,4.901178603807797,,-0.01930292614439233,False,0.08209534037348606,0.49119878603945377,10,10,370300000.0,394133333.3333333,"min(depreciation & amortization, capex)",False,False,False,False,False,False,False,False,False,False,False,,0,,substitution risk unassessed (cannot be automated),0.0,no moat evidence
TLN,18439312345.56488,6122000000.0,56000000.0,0.0022800084625816874,0.045,0.0,-5463176470.588235,685288581.3513632,627011656.6185443,748651824.7635442,560000000.0,,,,6,2025-12-31,-0.004320213623015151,-0.012474012474012475,0.006320469029619263,,,,-0.035742652899126294,0.08122151914802732,,0.034668136833046474,-0.10943585515996168,-0.10943585515996168,0.4,,32.39153439153439,-0.2980132450331126,0.0584146324116686,-0.19109159791806818,False,0.6258134490238612,,0,2,-38000000.0,56000000.0,"min(depreciation & amortization, capex)",False,True,True,True,False,True,False,False,False,False,True,leverage;altman_distress,2,structural_decline;dilution,substitution risk unassessed (cannot be automated),0.0,ejected
EQIX,103674791887.57031,-428000000.0,1044666666.6666666,0.010118151349479675,0.045,0.1,12718196078.431374,19798563144.730125,18157865871.315163,19798563144.730125,10446666666.666666,10446666666.666666,,-8.924198330016303,11,2025-12-31,0.049303552628983,0.12033258518669658,0.0010945109319427878,0.5109037647824671,0.014079559592541481,-0.0015365752392103467,0.2004990777910383,0.018861250474407447,0.05753872403408332,,0.12955788757935327,0.08970447217891375,1.0,0.07845990931547919,-0.10979989738327348,3.506641366223909,1.5785335553054427,0.05311092343852719,False,9.386830330560235,,10,0,1350000000.0,1044666666.6666666,"min(depreciation & amortization, capex)",False,False,True,True,True,False,False,False,False,False,True,leverage,2,dilution;accruals,substitution risk unassessed (cannot be automated),0.0,ejected
EGP,11268170840.503296,-1007000.0,358933333.3333333,0.03185658240302113,0.045,0.1,4223752098.039216,6802518441.048308,6238797054.956019,6802518441.048308,3589333333.333333,3589333333.333333,0.21922933349328994,-2.139349231195198,11,2025-12-31,0.1043400020048128,,-0.006069937487181306,,,,,0.010335382303299638,1.4833326363252721,,0.11867902718081935,0.14720410714254406,1.0,0.0954654226025764,,,,0.05073866633733237,False,0.035276598416801336,,0,0,398360000.0,358933333.3333333,"min(depreciation & amortization, capex)",False,False,False,True,False,False,False,False,False,False,False,,1,dilution,substitution risk unassessed (cannot be automated),0.0,no moat evidence
EHC,10927771016.07788,2418600000.0,457966666.6666667,0.034313946923472394,0.045,0.05574299453823661,2969243137.254903,7162465328.932114,6561716500.45376,7814405993.846508,4579666666.666667,2969243137.254903,0.15385702138010732,-2.6803220588330543,10,2025-12-31,0.1113516932328511,0.17673420055748149,0.006461741091730561,,,,0.18132497641191536,0.018058155529808745,0.9618627171745942,2.5004593715588768,0.05574299453823661,0.10724441128279283,0.8888888888888888,-0.2255591748099891,1.7225268855494622,8.73538961038961,2.3485400221776978,0.0029793220070677418,True,0.15240887151698201,-0.13225058004640372,10,6,566200000.0,457966666.6666667,"min(depreciation & amortization, capex)",False,False,False,False,False,False,False,False,False,False,False,,0,,substitution risk unassessed (cannot be automated),0.0,no moat evidence
EPR,4561386965.200996,2838834000.0,203819666.66666666,0.027542375778387414,0.045,0.054882456103126476,-440955568.62745094,3175719244.4394293,2909297060.7591243,3464852663.605173,2038196666.6666665,,0.138775039133689,,11,2025-12-31,0.06040038327413617,0.07944528248098663,0.0004183965888735443,,,,0.576734130801259,0.15210103478523168,0.6954077664711522,,0.054882456103126476,0.11616764052712147,0.8,-0.36398663126621056,4.8655077203103545,3.1131959212197264,,0.02748525063442031,False,0.10702534392058043,-0.06726510190567292,10,10,292347000.0,203819666.66666666,"min(depreciation & amortization, capex)",False,False,True,True,False,False,False,False,False,False,True,leverage,1,dilution,substitution risk unassessed (cannot be automated),0.0,ejected
EL,29905968998.83255,4396000000.0,171000000.0,0.004985136567694406,0.045,0.028846580766578755,-2384235294.117647,2376911893.9297576,2176175623.9409523,2594953816.8308477,1710000000.0,,,,11,2025-06-30,0.19407287308418436,-0.09502481539765162,-0.022505304065146246,0.7397040346223649,0.03298687332024953,-0.00916289440025581,-0.05479547675554935,0.07004169342374923,1.3664685012183604,-0.369933852260524,0.028846580766578755,0.000447339905560451,0.6,-0.03828298459261248,99.9090909090909,-2.1988795518207285,,-0.006844279948778342,False,0.16345260223048327,0.39124533423820834,10,10,-906000000.0,171000000.0,"min(depreciation & amortization, capex)",False,True,True,False,False,False,False,False,False,False,True,leverage,1,structural_decline,substitution risk unassessed (cannot be automated),0.0,ejected
ELAN,12396338497.640083,3291000000.0,116000000.0,0.00739449843690505,0.045,0.05494454434304563,-1926294117.6470587,1807889209.2637305,1656221531.0869415,1972485492.9875486,1160000000.0,,,,10,2025-12-31,-0.012399860738401804,-0.02276885545842651,-0.0011708279284173989,0.5499469777306468,0.03247873850516149,0.008120359026602355,-0.04750795334040297,0.10023596236550437,,,0.05494454434304563,0.07573955599918736,0.7777777777777778,0.0657766199934875,7.217105263157895,,1.2780209987679014,0.06021202115382196,True,0.25696146134996656,,0,0,172000000.0,116000000.0,"min(depreciation & amortization, capex)",False,False,True,True,False,False,False,False,False,False,True,leverage,1,dilution,substitution risk unassessed (cannot be automated),0.0,ejected
ELF,4523417896.75,581991000.0,123361666.66666667,0.024162935655397986,0.045,0.1,869322725.4901962,2337955086.604163,2144209888.636143,2337955086.604163,1233616666.6666667,869322725.4901962,0.2568803317848596,-4.20338162585054,11,2026-03-31,0.06964044995688597,0.027968451983019317,0.0012981369721697343,0.7072207773796313,0.059073836764964936,0.017132437009351707,0.04499435370724339,0.03624597654869464,1.3870963263266043,0.028015694089624912,0.23934926884582586,0.3876062632592656,0.9,,3.804036785996745,,2.175533302270794,0.023271299449454386,False,0.5358483389552283,0.19990716509407536,0,3,83230000.0,123361666.66666667,"min(depreciation & amortization, capex)",False,False,True,True,False,False,False,False,False,False,True,leverage,1,dilution,substitution risk unassessed (cannot be automated),0.0,ejected
ELS,12309216725.650177,3319734000.0,372185333.3333333,0.023813840088605827,0.045,0.06423970189107409,1058916980.3921566,6040697897.919486,5535172863.8235855,6589141200.47686,3721853333.333333,1058916980.3921566,0.23180923449462387,-10.624345395888932,11,2025-12-31,0.07323528405768469,0.060907242284243386,-0.0030577787239642,,,,0.2555528274460585,10.579619246854186,0.9516317330674771,0.02921181299122306,0.06423970189107409,1.3419024185309958,0.9,0.13751242739783365,5.530640872711764,2.987282928132514,,0.008609481255771989,False,0.0402499063988215,1.0,10,1,402061000.0,372185333.3333333,"min(depreciation & amortization, capex)",False,False,True,False,False,False,False,False,True,False,True,leverage;restatement,0,,substitution risk unassessed (cannot be automated),0.0,ejected
ESS,18864032699.004944,-76241000.0,,,0.045,0.0,,,,,,,,,11,2025-12-31,0.0590896242518071,0.1299986477908764,0.008674743564763058,140.60100202537043,17.88975733391193,13.379577611371568,95.86568596098498,30.98972338759814,0.09559038933560127,,-0.3841007438130988,-0.0045632319332888915,0.5,0.007452503411357281,-0.05059600838300623,3.480271203232148,,-0.001022535596414964,False,0.167307862812294,,0,7,,,"min(depreciation & amortization, capex)",False,True,True,False,True,False,False,False,False,False,True,leverage,2,structural_decline;accruals,substitution risk unassessed (cannot be automated),0.0,ejected
ETN,158146823526.00098,9273000000.0,3822666666.6666665,0.022832819830759115,0.045,,35699549019.60785,,,,38226666666.666664,,0.28647654724774685,,11,2025-12-31,0.12043600237353282,0.1495193012311502,0.0011060856142830623,0.3758743806470417,,,0.18846546196444186,,0.9557671957671958,0.44813789145645333,,0.0897718296066381,0.8,-0.16512388966806923,1.500728273183363,21.46473029045643,,-0.01757614836025878,True,0.002103631532329495,-0.1130625686059275,10,9,4174000000.0,3822666666.6666665,"min(depreciation & amortization, capex)",False,False,False,False,False,False,False,False,False,False,False,,0,,substitution risk unassessed (cannot be automated),0.0,no moat evidence
ENS,7498295728.667358,670308000.0,321818666.6666667,0.03939702271726784,0.045,0.1,3115793960.784314,6099119840.286716,5593688753.240732,6099119840.286716,3218186666.6666665,3115793960.784314,0.14824497350139104,-1.406544149915443,11,2026-03-31,0.11716331100419762,0.1399124498430127,0.0018630195804374375,0.2925758441702458,1.9797485147608795,-0.5317553291327405,0.11368095333552275,0.6835370513154765,1.0393732915603797,0.36789867347020294,0.39399650159687094,0.04726156210236354,0.9,0.15848690487676764,1.2412697354532627,8.44458525573751,6.097353702734156,-0.017423387908177435,False,0.12268174726275285,0.07676303045530442,10,8,327041000.0,321818666.6666667,"min(depreciation & amortization, capex)",False,False,False,False,False,False,False,False,False,False,False,,0,,substitution risk unassessed (cannot be automated),0.0,no moat evidence
ENSG,9853309771.966553,-362125000.0,,,0.045,0.1,,,,,,,,,11,2025-12-31,0.17188569503242265,0.17188569503242265,0.013232955227733136,0.20131523147907104,0.01524295555632868,0.0019430201854032207,0.08451828832312756,0.02266258641743205,0.16039227933309833,0.12473365763974276,0.1413148324716158,0.16081685790921485,0.9,0.1723107608847232,-0.6837281664850944,53.24311467200801,2.7508914489904437,0.012083273357252011,False,0.7469191275331425,0.37318624982835175,10,7,,,"min(depreciation & amortization, capex)",True,False,False,True,True,False,False,False,False,False,False,,2,dilution;accruals,substitution risk unassessed (cannot be automated),0.0,pass
ENTG,22136805929.56543,3337200000.0,236366666.66666666,0.009278739563781632,0.045,0.1,-556415686.2745094,4479630225.248287,4108405452.88755,4479630225.248287,2363666666.6666665,,,,11,2025-12-31,0.10953621428119899,0.05811157709152068,-0.00681696716120139,0.44419070262153537,0.014353201624933337,-1.208265140636411e-06,0.14262028405180505,0.038054199000283034,0.9095998343023537,0.017467359098712013,0.11450340376917167,0.11446685773149401,0.8,0.16859577163989425,5.047186932849365,2.2817817817817816,,0.007586408783155862,False,0.18128647407814547,0.5260510231794433,9,6,235600000.0,236366666.66666666,"min(depreciation & amortization, capex)",False,False,True,False,False,False,False,False,False,False,True,leverage,0,,substitution risk unassessed (cannot be automated),0.0,ejected
EIX,28936503188.902084,37840000000.0,2313333333.3333335,0.03464292412540999,0.045,0.05301278228489248,-10624313725.490192,35750791119.697464,32750067048.123276,39007520829.30417,23133333333.333332,,0.0049492893648159265,,11,2025-12-31,0.05064935358573538,0.1004129488734578,0.002252946660933035,,,,0.36718952218253353,0.0981705357427738,-1.6949835771872201,0.20905828790778272,0.05301278228489248,0.0730520166744526,0.8,0.09970033206446915,3.6631171345595352,4.608836907082521,0.9264360515389938,0.016106292076728534,False,,-0.7241379310344827,10,2,4459000000.0,2313333333.3333335,"min(depreciation & amortization, capex)",False,False,True,False,True,True,False,False,False,False,True,leverage;altman_distress,1,accruals,substitution risk unassessed (cannot be automated),0.0,ejected
SOLV,13282499881.91272,4157000000.0,1312333333.3333333,0.07525062887235731,0.045,0.007931997022665449,11282215686.27451,16633550608.587755,15221660862.337227,18168254128.07576,13123333333.333332,11282215686.27451,-0.04260857384204836,-0.17729533375892426,4,2025-12-31,0.11706485932513838,0.2151973528266991,0.026157294730511642,0.5346546546546547,0.01929989955289375,-0.014457741969356785,0.26198198198198197,0.056266414136046994,0.8145639288738358,,0.007931997022665449,0.007931997022665449,1.0,,1.556928838951311,,2.34043424029855,0.004993361072810121,False,0.0906964656964657,,0,0,1666000000.0,1312333333.3333333,"min(depreciation & amortization, capex)",False,False,False,False,False,False,False,False,False,False,False,,0,,substitution risk unassessed (cannot be automated),0.0,no moat evidence
SON,5525770967.865341,3948527000.0,605750666.6666666,0.06393620600927212,0.045,0.04000700513971189,3177951431.372549,8843132954.837366,8098399161.346508,9651762685.354076,6057506666.666666,3177951431.372549,-0.06576191149438235,-0.7387839579029611,11,2025-12-31,0.09343292280309554,0.10228613250310434,-0.004467804911838407,0.20939815418860017,0.01414813935705258,0.0032146174340245692,0.13535954698870942,0.021209321452240807,0.930146899229395,0.10822092134200607,0.04000700513971189,0.0749921718163662,0.5,-0.02544821961640109,2.5688309930901942,4.358888151273101,2.172189640315191,-0.0027898637785400693,False,0.06276306590326479,0.5602697238188996,10,10,1178344000.0,605750666.6666666,"min(depreciation & amortization, capex)",False,False,False,False,False,False,False,False,False,False,False,,0,,substitution risk unassessed (cannot be automated),0.0,no moat evidence
FTV,18962355738.7905,2830500000.0,1100933333.3333333,0.050518084758103154,0.045,0.0,10121656862.745098,13472447181.47192,12326750592.141235,14718138373.982347,11009333333.333332,10121656862.745098,0.07790091122220683,-0.8734438438221974,11,2025-12-31,0.06319116560320483,0.06862219549942129,-0.010072229344365188,0.6350171912192542,0.054826723698599596,0.01568841959380046,0.1731624630328677,0.03379585196010189,1.0802183417321891,,-0.0388093833757065,-0.02140910787620065,0.7,0.015447314796555478,2.4447227500431854,,,-0.0031139586079032,False,0.05927592133505469,-0.5547815269786969,10,4,911700000.0,1100933333.3333333,"min(depreciation & amortization, capex)",False,False,False,False,False,False,False,False,False,False,False,,0,,substitution risk unassessed (cannot be automated),0.0,no moat evidence
FLG,6289740254.58094,19300000000.0,,,0.045,0.0,,,,,,,,,10,2022-12-31,0.18385555841660514,0.04258639446270976,-0.017709311036234462,,,,56.370370370370374,22.923069509008144,0.7333281404236583,0.017436636678154357,-0.3608991414313365,-0.031946434277675295,0.3333333333333333,-0.24137931034482762,12.532467532467532,2.1867816091954024,0.2650432981602284,,True,0.07526207739724827,0.7218193465727099,10,9,,,"min(depreciation & amortization, capex)",False,False,True,False,True,True,True,False,False,False,True,leverage;altman_distress,2,accruals;late_filing,substitution risk unassessed (cannot be automated),0.0,ejected
FLR,7086850757.471283,-1065000000.0,750333333.3333334,0.12460178167026112,0.045,0.0,9892450980.392159,9182051170.36856,8401209756.240139,10031043199.659153,7503333333.333333,7503333333.333333,-0.058028862743880125,0.05550634063021542,11,2025-12-31,0.10183311614554773,-0.10648903348343094,-0.01027706705277912,-0.007740437334709411,0.02079166537914104,-0.0026667547574828303,-0.024382377604334645,0.029464523971129395,1.596356383328542,-2.412601315834074e-05,-0.015444906549281212,-0.003636692002666253,0.5,0.021580532873177738,,-9.0,,0.011194877667902281,False,0.23712799410052068,0.8559270043980542,5,4,-33000000.0,750333333.3333334,"min(depreciation & amortization, capex)",False,False,True,True,True,False,False,False,False,False,True,leverage,2,dilution;accruals,substitution risk unassessed (cannot be automated),0.0,ejected
FLS,9007839269.119682,814895000.0,287081000.0,0.02922618001614008,0.045,,2562528529.411765,,,,2870810000.0,,0.2191053918102951,,11,2025-12-31,0.09363261372571552,0.09363261372571552,0.002693450742179114,0.33439417583300557,,,0.08456375838926175,,1.19341319673358,0.16653823018611258,,0.04872189548784123,0.7,-0.053700322639025244,1.6449963462244992,5.144378698224852,,-0.002136848837392291,False,0.13021956472954466,0.0013370147880054084,10,5,370774000.0,287081000.0,"min(depreciation & amortization, capex)",False,False,False,False,False,False,False,False,False,False,False,,0,,substitution risk unassessed (cannot be automated),0.0,no moat evidence
FNF,13331372627.63855,1764000000.0,,,0.045,0.0,,,,,,,,,11,2025-12-31,0.16209581163194448,0.08362538093164999,0.002635491632055984,,,,0.6655550262029538,0.38712239798183123,0.0,-0.8583955317462706,-0.10910249019304052,-0.02636441553052571,0.6,0.13053722902921772,0.7871485943775101,,0.32803100267374186,-0.003112153948461316,True,,,10,9,,,"min(depreciation & amortization, capex)",True,False,False,False,True,True,False,False,False,False,True,altman_distress,1,accruals,substitution risk unassessed (cannot be automated),0.0,ejected
SR,4772498816.611145,3851200000.0,246700000.0,0.028607214287771902,0.045,0.022809127541120855,-948847058.8235292,3339178520.991154,3056756100.240008,3646012028.98899,2467000000.0,,0.1047664999747028,,11,2025-09-30,0.054658812141307724,0.05932134329835361,0.0003909865272740931,0.587627200775319,0.05513677586766859,,0.21155709901469877,0.030722938984813146,-0.9496000369907985,0.1110049217289287,0.022809127541120855,0.059440689323386975,0.4,-0.049682442122515824,4.684588249604671,2.56687898089172,,0.05639461459676576,False,,,10,0,271700000.0,246700000.0,"min(depreciation & amortization, capex)",False,False,True,True,True,False,False,False,False,False,True,leverage,2,dilution;accruals,substitution risk unassessed (cannot be automated),0.0,ejected
TECH,11109299963.096375,183814000.0,241164333.33333334,0.021354989785935915,0.045,0.1,2653413450.9803925,4570555789.811816,4191796060.253804,4570555789.811816,2411643333.3333335,2411643333.3333335,,-3.606526931053807,11,2025-06-30,0.10506986114186645,0.03625319983337499,-0.0024377061813570704,0.6479577906504815,0.011407470255148891,-0.0011160866176121759,0.08384065724581535,0.06546591632739818,1.2694122369634149,-0.10625324315385638,0.1042960391431611,0.10548642568521105,1.0,0.0345725386061182,0.8664014555189999,12.017275825596426,,-0.003437327536208845,False,0.15584834186372426,-0.7361809668516852,10,7,152297000.0,241164333.33333334,"min(depreciation & amortization, capex)",False,False,False,False,False,False,False,False,False,False,False,,0,,substitution risk unassessed (cannot be automated),0.0,no moat evidence
GATX,6395466804.450836,11762600000.0,259200000.0,0.014274647339465998,0.045,0.01842980907725167,-8713188235.294117,3441269635.514085,3149901572.2045918,3757869268.5100756,2592000000.0,,0.1617605181221144,,11,2025-12-31,0.04175824615095575,0.035759980726440446,-0.0018045982790241566,,,,0.38531372098368194,0.044089727657353577,-1.4057260768635542,0.03970114259278107,0.01842980907725167,0.0755489663308806,0.7,0.005906330588137498,10.475198147653398,1.7128991060025542,1.0764866602448924,-0.019693157947138107,True,,0.8133254192016619,10,9,,259200000.0,"min(depreciation & amortization, capex)",False,False,True,False,True,True,False,False,False,False,True,leverage;altman_distress,1,accruals,substitution risk unassessed (cannot be automated),0.0,ejected
GBCI,6701045472.900124,-1235261000.0,175813333.33333334,0.0321661664862624,0.045,0.050772673725920425,3303653156.8627453,2690575471.093825,2464611736.0285826,2935835989.428447,1758133333.3333333,1758133333.3333333,0.2663371580178153,-2.8114546524155113,10,2025-12-31,0.1433977513250273,0.08024951654490761,-0.002584452404567034,,,,2.871695425043533,1.5960769368118677,0.6765573481970504,-0.03798259056169131,0.050772673725920425,0.13139694696498672,0.7777777777777778,-0.21977188488343802,-4.255881177475814,,0.3385659073729117,0.05147311156171597,True,0.032313100487135295,,10,0,212180000.0,175813333.33333334,"min(depreciation & amortization, capex)",True,False,False,True,False,True,False,False,False,False,True,altman_distress,1,dilution,substitution risk unassessed (cannot be automated),0.0,ejected
GDDY,11773883352.790329,2699400000.0,1172466666.6666667,0.08100903147457725,0.045,0.1,11094325490.196081,22220633696.641273,20379220617.66559,22220633696.641273,11724666666.666666,11094325490.196081,-0.04436512626913608,-0.06125274251190538,11,2025-12-31,0.11620327377407397,0.33180530747210535,0.030171306074918098,,0.004260118148792271,,0.2276867766758902,0.07335304981452508,2.332402313443363,1.2029762367849912,0.11907830232778238,0.08342562059026815,1.0,0.10996954586526564,2.1701101374708576,7.465562913907284,,-0.03642042736726869,False,0.24481081865686086,0.9890140687181213,1,8,967700000.0,1172466666.6666667,"min(depreciation & amortization, capex)",False,False,False,True,False,False,False,False,False,False,False,,1,dilution,substitution risk unassessed (cannot be automated),0.0,no moat evidence
XYZ,46007493116.34827,-6564092000.0,1635511666.6666667,0.04146477282327435,0.045,0.1,25805405725.4902,30996280478.407288,28427633829.90216,30996280478.407288,16355116666.666666,16355116666.666666,0.19290709239340192,-1.8130336245241256,11,2025-12-31,-0.014754115512555017,0.08430102737362238,0.22894337362776496,0.428208016117265,0.0552802057436244,0.0037836336496561195,0.07061372177191873,0.05818725353074366,1.3244537440832236,0.09882291339075025,0.3430385930334474,0.20564048608902796,0.9,1.014973586506842,-3.158949630281987,6.66304992199688,4.003349467595651,0.06903148183278995,False,1.2792831442882637,0.9142591254006494,0,3,1520127000.0,1635511666.6666667,"min(depreciation & amortization, capex)",False,False,False,True,False,False,False,False,False,False,False,,1,dilution,substitution risk unassessed (cannot be automated),0.0,no moat evidence
GEF,4181668258.9054413,2524300000.0,378933333.3333333,0.05650687845563758,0.045,0.025409037690064418,1933739215.6862745,5188093758.114683,4749573272.354418,5664475364.164447,3789333333.333333,1933739215.6862745,-0.023255760755468702,-1.1624778692929323,11,2024-10-31,0.09226986225890227,0.09226986225890227,0.0050078287943819645,0.19654558469925296,0.009212489704412803,0.00138589618780456,0.08527743617040803,0.01980674493043776,1.1662725853223288,0.16537446568965006,0.025409037690064418,0.03464630462010909,0.6,-0.017410228509249226,3.477476236396198,,,,False,0.05232958457654349,,10,3,343600000.0,378933333.3333333,"min(depreciation & amortization, capex)",False,False,True,False,False,False,False,False,False,False,True,leverage,0,,substitution risk unassessed (cannot be automated),0.0,ejected
FOUR,4030702737.3816986,3582000000.0,449333333.3333333,0.05902415329143357,0.045,0.1,1704274509.8039217,8515782743.808619,7810083980.386995,8515782743.808619,4493333333.333333,1704274509.8039217,-0.06948924058603306,-1.3650548747838953,8,2025-12-31,0.022690008133203092,0.0526671974522293,0.04383759171174086,,0.019904195666579166,-0.014743082279901204,0.08397129186602871,0.057098690273482376,5.231070889894419,0.07155425605973116,0.33243542240601376,0.4037426936112758,1.0,0.048537052228602606,4.574712643678161,23.4,0.9728574531553776,-0.1713022773206606,False,0.20794648520846548,0.3462186762557591,0,5,541000000.0,449333333.3333333,"min(depreciation & amortization, capex)",False,False,True,True,False,True,False,False,False,False,True,leverage;altman_distress,1,dilution,substitution risk unassessed (cannot be automated),0.0,ejected
FRT,10447909696.091125,4856187000.0,,,0.045,0.05567007671280866,,,,,,,,,11,2025-12-31,0.05402209829878548,0.05869735017676921,-0.0005312679533513732,,,,0.4708450126077523,0.05373478524323084,0.6208301700805892,0.11593682016910849,0.05567007671280866,0.088889334567813,0.9,-0.10717598430413722,5.0061667496528495,3.2797008942673216,,0.02277696637355886,False,0.07351471801261282,,0,0,,,"min(depreciation & amortization, capex)",False,False,True,True,False,False,False,False,False,False,True,leverage,1,dilution,substitution risk unassessed (cannot be automated),0.0,ejected
FSLR,24481099889.042984,-2304942000.0,1217016666.6666667,0.054879509460382336,0.045,0.024117254585257042,16622785137.254904,16568009435.200686,15167163212.537392,18089869426.590355,12170166666.666666,12170166666.666666,0.11384621376677576,-1.011566526536995,11,2025-12-31,0.06942446979187462,0.21341594745779957,0.019181166395449485,0.4062437732020073,0.12130768673913703,0.017561151845125782,0.30594921691788446,0.16359782014082203,-0.4135176845911986,0.4609805624493249,0.024117254585257042,0.13995360646283728,0.6,-0.11484543358937971,-1.0841275963275137,36.18463211801228,6.973489923444182,0.005482728784193869,False,,,0,0,1528229000.0,1217016666.6666667,"min(depreciation & amortization, capex)",False,False,False,False,True,False,False,False,False,False,False,,1,accruals,substitution risk unassessed (cannot be automated),0.0,no moat evidence
SRE,61579235179.24333,33116000000.0,2591333333.3333335,0.027364981230875482,0.045,0.019561334528786167,-2629725490.1960754,34576009982.12762,31649306341.658913,37756034415.94673,25913333333.333332,,0.15288716591027324,,11,2025-12-31,0.0529046852582932,0.031211599863483458,-0.001404347222151681,,,,0.26743436946368176,0.05521338028066325,-1.0044497454011652,-0.022634265569442022,0.019561334528786167,0.037907375337024485,0.6,0.01666502317325702,5.628144119646499,2.1677545691906004,,0.010902575417887306,True,,-0.09250585480093676,10,10,1837000000.0,2591333333.3333335,"min(depreciation & amortization, capex)",False,False,True,False,True,False,False,False,False,False,True,leverage,1,accruals,substitution risk unassessed (cannot be automated),0.0,ejected
STT,49878955025.11038,-4433000000.0,1593000000.0,0.03505262457615458,0.045,0.03015544377232504,23174176470.588238,22270680606.953304,20390476860.39457,24312887156.990166,15930000000.0,15930000000.0,0.21859814401937583,-2.1311333976842675,11,2025-12-31,0.12747010855970783,0.12581168831168832,0.009058714563299968,,,,0.267570281124498,0.13884124392600491,0.8899424314256688,0.31401632746924224,0.03015544377232504,0.03566198138570109,0.6,-0.004508336168764893,-1.1881533101045296,,0.43450634613454026,-0.035214880496816536,True,0.046169457128361235,-0.14281986037711225,10,10,1890000000.0,1593000000.0,"min(depreciation & amortization, capex)",False,False,False,False,False,True,False,False,False,False,True,altman_distress,0,,substitution risk unassessed (cannot be automated),0.0,ejected
STWD,6169255978.513031,-499480000.0,400379000.0,0.07061637029705084,0.045,0.09623174584735095,5209821176.470589,7465617646.539771,6846289338.547995,7587998321.624668,4003790000.0,4003790000.0,0.0523354848463895,-0.540854035429688,11,2025-12-31,0.1264788755226175,0.07037650356510032,0.013602641848708732,,,,0.2601609617581626,0.3727708215742778,0.26151210364114624,-0.5029564030708317,0.09623174584735095,0.10173787178531168,0.7,-0.05037031341026843,-0.8938551485075868,,0.17713458598095622,0.041016840874761984,True,0.4767210496005624,,10,3,411544000.0,400379000.0,"min(depreciation & amortization, capex)",False,False,False,True,True,True,False,False,False,False,True,altman_distress,2,dilution;accruals,substitution risk unassessed (cannot be automated),0.0,ejected
STX,205966357355.54663,4104000000.0,494000000.0,0.0023515930863291625,0.045,0.0,1707764705.8823538,6045224271.206669,5531138542.313587,6604178597.021265,4940000000.0,1707764705.8823538,,-119.60581685878654,11,2025-06-27,0.29828506654965625,0.5026119834618733,-0.002259045284365465,0.3517643179070023,0.043864682835445507,0.0002034109483272999,0.20776080026382324,0.0700302957822643,1.1631541346669048,,-0.04039101185835636,-0.028445068519773242,0.5,0.011453320500481201,1.9168612797758058,5.88785046728972,-0.9633415026360324,-0.04134316285115147,False,0.10848368522072936,0.07889569134804209,10,8,1469000000.0,494000000.0,"min(depreciation & amortization, capex)",True,True,False,False,False,True,False,False,False,False,True,altman_distress,1,structural_decline,substitution risk unassessed (cannot be automated),0.0,ejected
STZ,22894556445.100464,10194100000.0,1110900000.0,0.03357343933994921,0.045,0.023795688750213317,2875311764.705883,15101965856.615788,13824974610.399834,16489286729.327179,11109000000.0,2875311764.705883,0.11949312542217372,-6.9624605324989375,11,2026-02-28,0.08813417789757431,0.11001359323668704,-0.002989569297446061,0.5155378050114893,0.03338499638404129,0.006751237208765126,0.29777875041032936,0.08244712036601422,1.1791608463966061,,0.023795688750213317,0.011881573321183447,0.9,0.02803104977821591,3.2450818106576684,7.525995575221239,3.5485067597071365,,False,0.04233314947600662,,10,9,1686700000.0,1110900000.0,"min(depreciation & amortization, capex)",False,False,True,False,False,False,False,False,False,False,True,leverage,0,,substitution risk unassessed (cannot be automated),0.0,ejected
SW,23197045929.859398,12677000000.0,733666666.6666666,0.02045118267677766,0.045,0.1,-4045627450.9803925,13904479094.304722,12752221692.0117,13904479094.304722,7336666666.666666,,0.22094614919819017,,4,2025-12-31,0.07612125117183494,0.040412592999873945,-0.07253906757869626,0.1938163507489015,0.02987156467245881,-0.019899003506466437,0.0551332627730203,0.036491940890635906,0.8168230795968022,,0.3215380139788915,0.3215380139788915,0.6666666666666666,,2.969547903490279,2.0464285714285713,1.6557272965872996,0.3521850899742931,False,0.20382978723404255,0.39325842696629215,4,3,1057000000.0,733666666.6666666,"min(depreciation & amortization, capex)",False,False,True,True,False,False,False,False,False,False,True,leverage,1,dilution,substitution risk unassessed (cannot be automated),0.0,ejected
SWK,13714290045.845093,4978000000.0,211366666.66666666,0.011307692430850605,0.045,0.030796002669079003,-2491333333.333333,2963314596.0882607,2713176484.9030848,3234999257.9376583,2113666666.6666665,,,,11,2026-01-03,0.10825350282112134,0.06402467051929607,-0.012911491706222402,0.30325040977105694,0.04567274894372392,-0.010803995916544955,0.061743245386771006,0.06012642404665032,0.6555064808238636,,0.030796002669079003,0.03482769922221651,0.5,,3.829819972303431,1.8094131319000581,,-0.0005435459450870983,True,0.16836242360629095,0.6928881717760953,10,10,484200000.0,211366666.66666666,"min(depreciation & amortization, capex)",False,False,True,False,False,False,False,False,False,False,True,leverage,0,,substitution risk unassessed (cannot be automated),0.0,ejected
THG,7486822742.318161,95600000.0,374600000.0,0.0494037344962745,0.045,0.027368409661036708,4311458823.529412,5173202504.746613,4736152238.314152,5647955213.8556595,3746000000.0,3746000000.0,0.11234280251109233,-0.9986179237368289,11,2025-12-31,0.11398815880996588,0.19921575257734145,0.006765548994464606,,,,0.1414836831250758,0.03304716830947488,2.1354908552219247,0.573990630800893,0.027368409661036708,0.06448413781319173,0.8,-0.013474553744862727,0.1029728565273589,21.59722222222222,1.3701763311956172,-0.020281102631046544,False,0.03163020277481323,0.681733746130031,10,9,662500000.0,374600000.0,"min(depreciation & amortization, capex)",False,False,False,False,False,False,False,False,False,False,False,,0,,substitution risk unassessed (cannot be automated),0.0,no moat evidence
SYK,126424711624.39032,11848000000.0,3883333333.3333335,0.028084596647545177,0.045,0.09705954897331792,33838274509.803925,72669313406.8872,66642256049.570984,73597083802.20355,38833333333.333336,33838274509.803925,0.22799937050790015,-2.736145340027945,11,2025-12-31,0.10339936177179444,0.10259312053510913,-0.0046968639578430565,0.6396321070234113,0.012762371114765558,-0.003139075362764634,0.19465679248287943,0.016891919594904263,1.0019922699924293,0.16737693370606893,0.09705954897331792,0.11844250103109899,0.9,-0.035810266057511475,1.8343396810651804,8.400343642611684,3.961989965000053,0.0014605650419654559,False,0.06760249731578319,0.7032258064516128,10,4,4055000000.0,3883333333.3333335,"min(depreciation & amortization, capex)",False,False,False,False,False,False,False,False,False,False,False,,0,,substitution risk unassessed (cannot be automated),0.0,no moat evidence
SO,107781258667.82999,64732000000.0,4239333333.3333335,0.02457395661104556,0.045,0.05386179261221824,-14857490196.078423,65759215916.66545,60240973176.5655,71748071703.79941,42393333333.333336,,0.16884877068746423,,11,2025-12-31,0.05720391963488305,0.06033234081604108,0.0008045396790109768,,,,0.24650627685852536,0.06670967257185667,-0.382204569175461,0.06188096094217344,0.05386179261221824,0.07721102899843224,0.7,-0.04874177132452495,4.861584678933534,2.249845583693638,0.6974776221539596,0.019526538498519708,False,,,10,0,4341000000.0,4239333333.3333335,"min(depreciation & amortization, capex)",False,False,True,False,True,True,False,False,False,False,True,leverage;altman_distress,1,accruals,substitution risk unassessed (cannot be automated),0.0,ejected
SYY,40086048904.218506,12238000000.0,1877666666.6666667,0.03588534729229038,0.045,0.052714739601680494,9852196078.431377,28980114220.34546,26547494386.465935,31620298982.22059,18776666666.666668,9852196078.431377,0.1277305185424752,-3.0687425001595,11,2025-06-28,0.17551456872357896,0.166151393615512,-0.007831620003416648,0.1839621482118717,0.004756801764326182,0.00013832375384196298,0.0379501044611036,0.0081557192607473,1.2213440700421607,0.39497495871515936,0.052714739601680494,0.08996540561991173,0.8,-0.1201154700902729,3.034465658318869,,,-0.019567491983694008,False,0.05981914204802812,0.3517505659389332,10,9,1867000000.0,1877666666.6666667,"min(depreciation & amortization, capex)",False,False,True,False,False,False,False,False,False,False,True,leverage,0,,substitution risk unassessed (cannot be automated),0.0,ejected
T,146818393752.27197,125495000000.0,16195333333.333334,0.059473142727847234,0.045,0.0,65038333333.33334,198187089366.29364,181333263978.97977,216511890225.96164,161953333333.33334,65038333333.33334,-0.06714763042531574,-1.2574132242872964,11,2025-12-31,0.06207270432856335,0.08303019698470583,-0.0011088886535385793,,,,0.1922991213548962,0.0693473637757822,1.6239788125499208,,-0.015438936707435014,-0.02560837254106174,0.5,-0.21051033980341405,2.785806251109927,3.551146384479718,,0.024312111718436835,False,0.024906809788423703,-0.4777874857181262,10,10,21997000000.0,16195333333.333334,"min(depreciation & amortization, capex)",False,False,True,True,True,False,False,False,False,False,True,leverage,2,dilution;accruals,substitution risk unassessed (cannot be automated),0.0,ejected
TAP,7346386427.783203,5363600000.0,9433333.333333334,0.000742198537105648,0.045,0.1,-5252619607.843137,178780898.84998807,163965412.941359,178780898.84998807,94333333.33333333,,,,11,2025-12-31,0.059267610331025795,-0.12975556504775923,-0.009341859735130117,0.3277992070734569,0.031955760408758624,-0.003346740170416194,-0.17920599986196636,0.16555184715202445,2.5814007617435464,,0.1383933761324223,0.021512855109274698,0.5,-0.09880007071972696,,-9.426784993949173,0.3254853004439848,0.006613000848143091,False,0.030377796175315785,,10,4,-2139600000.0,9433333.333333334,"min(depreciation & amortization, capex)",False,False,True,False,False,True,False,False,False,False,True,leverage;altman_distress,0,,substitution risk unassessed (cannot be automated),0.0,ejected
TDG,72229831041.48401,26607000000.0,1835666666.6666667,0.01857269853073493,0.045,0.1,-5010921568.627449,34789625793.88283,31906626468.836185,34789625793.88283,18356666666.666668,,0.2741446259242003,,11,2025-09-30,0.14083850051856614,0.1941811846243442,0.0068137347057145815,0.6014041444909977,0.027680996339107332,0.004906407250893283,0.471634016532669,0.04078559429800896,1.0512179612496186,0.2925379219898049,0.1255124877908742,0.1159297693411061,0.8,-0.022975301550832827,5.870917917034422,,0.7834664411264912,0.009190219433316882,False,0.09917442219983395,-0.3921095389080813,10,5,2219000000.0,1835666666.6666667,"min(depreciation & amortization, capex)",False,False,True,False,False,True,False,False,False,False,True,leverage;altman_distress,0,,substitution risk unassessed (cannot be automated),0.0,ejected
ST,6590980280.337662,2255600000.0,185900000.0,0.02101376962725132,0.045,0.022174005139136144,-68541176.4705882,2509193516.4804306,2296936905.5128784,2739801451.4578366,1859000000.0,,0.24868007012705517,,11,2025-12-31,0.08064341968226102,0.02591251735766713,-0.008436463611887886,0.2926980699149683,0.023352477672135347,-0.005697210151777402,0.06411121608854096,0.05579508785119048,1.5228167717859897,-0.8918988808928572,0.022174005139136144,0.03994883920382919,0.6,-0.11738519708424344,4.566916379833975,1.5928906773977196,3.266758897097563,-0.01523736228378303,False,0.06017013999719148,0.08456699863046224,4,8,156500000.0,185900000.0,"min(depreciation & amortization, capex)",False,False,True,False,False,False,False,False,False,False,True,leverage,0,,substitution risk unassessed (cannot be automated),0.0,ejected
STAG,7453172956.373272,3239405000.0,355362333.3333333,0.033234486087755935,0.045,0.1,941328333.3333335,6734840710.681526,6176727745.102989,6734840710.681526,3553623333.333333,941328333.3333335,0.1235843605315618,-6.9177187092423695,10,2025-12-31,,,,,,,,,1.542891972575426,,0.14480666097648376,0.11821920717047263,1.0,0.19081413967237348,,,,0.11397735926244401,False,0.05088637033300198,,10,0,370799000.0,355362333.3333333,"min(depreciation & amortization, capex)",False,False,False,True,False,False,False,False,False,False,False,,1,dilution,substitution risk unassessed (cannot be automated),0.0,no moat evidence
STE,21050858880.0,1492100000.0,734533333.3333334,0.032583714375889125,0.045,0.09546532626485082,7149468627.450981,13651135198.07743,12518428992.192429,13920904194.55243,7345333333.333333,7149468627.450981,0.19735483115753227,-1.94439488819819,10,2026-03-31,0.07728282831934447,0.09520332486534008,0.0012254926556201158,0.4424771306794252,0.01564228224527432,0.004074671462196149,0.18561633450698292,0.03128853760594946,1.3409320077300575,0.12049798082246364,0.09546532626485082,0.1381894523048055,1.0,0.08939964128719669,0.9394320972108544,18.15156507413509,4.49943816050266,0.015298646935381965,False,0.07936786964711375,0.13828699295960445,10,10,899800000.0,734533333.3333334,"min(depreciation & amortization, capex)",False,False,False,False,False,False,False,False,False,False,False,,0,,substitution risk unassessed (cannot be automated),0.0,no moat evidence
SNPS,85304039287.5,10596485000.0,1843177000.0,0.019219675947488496,0.045,0.1,11087950294.11765,34931961922.22167,32037167271.62706,34931961922.22167,18431770000.0,11087950294.11765,,-6.693400224995171,11,2025-10-31,0.14538456147882067,0.022560726336628412,0.009593627810822927,0.7698457566565516,0.016530425928331666,0.003002008519189802,0.1297000160755796,0.049314677696204824,1.1767285248737474,0.007345732928786278,0.12144245540512677,0.13866287520721876,1.0,0.0965833247537562,6.72640233293152,2.048058218741116,2.6311471200815153,0.004701719379045732,False,0.36482785553533387,-0.35074988039962846,0,8,1823196000.0,1843177000.0,"min(depreciation & amortization, capex)",False,False,True,True,False,False,False,False,False,False,True,leverage,1,dilution,substitution risk unassessed (cannot be automated),0.0,ejected
SNX,20111225644.660645,2175062000.0,972109000.0,0.043619153422929914,0.045,0.1,9261514470.588236,18423447434.646255,16896705329.577198,18423447434.646255,9721090000.0,9261514470.588236,0.12038821570093952,-1.1714834769764497,11,2025-11-30,0.08730753845340733,0.10424499202593654,-0.0003412103225848276,0.06989466930726371,0.014869476509865632,-0.0030129478581352623,0.022635775473912288,0.004427594977997782,1.3986927583050541,0.11646723676528982,0.1670333210074897,0.25626289920213563,0.8,0.047571128848131305,1.189118590286791,3.9677152503589377,1.77769886641742,-0.04790489139718068,False,0.06707173789438482,-0.9024015229526194,10,8,1099597000.0,972109000.0,"min(depreciation & amortization, capex)",False,False,True,False,False,False,False,False,False,False,True,leverage,0,,substitution risk unassessed (cannot be automated),0.0,ejected
SYNA,4951584893.206879,443300000.0,51500000.0,0.009546079484447884,0.045,0.0,162582352.94117653,630220748.9213431,576626791.3545539,688492303.1307594,515000000.0,162582352.94117653,,-29.455857008038244,11,2025-06-28,0.08792556480419991,-0.02815526058100316,-0.007262416576987411,0.4471749045890347,0.08686665819272117,0.020541641819904657,-0.0875919203202085,0.09228144974023754,3.171750758999566,-0.061795130700006154,-0.0450270003310278,-0.04236400731140999,0.4,-0.09394104061948105,,-2.364321608040201,3.7085139208517184,-0.011257394314117986,False,0.3932722548885546,-0.5433996383363473,0,7,-44700000.0,51500000.0,"min(depreciation & amortization, capex)",False,True,True,True,False,False,False,False,False,False,True,leverage,2,structural_decline;dilution,substitution risk unassessed (cannot be automated),0.0,ejected
CVS,132887830970.96057,52049000000.0,6550333333.333333,0.03541930127677969,0.045,0.1,25013745098.039215,124142171141.38214,113854569954.43976,124142171141.38214,65503333333.33333,25013745098.039215,0.11582389018535932,-4.312592354728098,11,2025-12-31,0.08097997119780892,0.02962280977542128,-0.0053954460517769386,0.449925012497917,0.12154624524484545,0.03314168662282088,0.011590108116308973,0.016954565101004893,1.8203471871572092,-5.997451917015406,0.1012310814074806,0.08393742925077285,1.0,0.04646072841698601,5.6172026764515435,1.4940686117345303,0.9919981848497301,0.012186908746503633,False,0.04221027661935187,-0.15949548260130597,10,5,3542000000.0,6550333333.333333,"min(depreciation & amortization, capex)",False,False,True,False,False,True,False,False,False,False,True,leverage;altman_distress,0,,substitution risk unassessed (cannot be automated),0.0,ejected
CVX,351317827769.0521,34841000000.0,18815000000.0,0.04872347502373449,0.045,0.02907224003190012,186511941176.4706,261789610688.93024,239682049621.48172,285802899366.4109,188150000000.0,186511941176.4706,0.0965525694654229,-0.8836210998235676,11,2025-12-31,0.0598967044794312,0.0598967044794312,0.010667600522639596,0.4132580029495966,0.03410847276053613,-0.008561461602915097,0.11364622191376768,0.08396908554338733,1.0423113307116778,0.27338195109853974,0.02907224003190012,0.14316140269739064,0.4,-0.3245558216851965,0.8478779324442713,17.222678718159408,4.0905015479308355,-0.001017984008204631,True,0.0,0.0688534042314653,10,10,15084000000.0,18815000000.0,"min(depreciation & amortization, capex)",False,True,False,False,False,False,False,False,False,False,False,,1,structural_decline,substitution risk unassessed (cannot be automated),0.0,no moat evidence
CW,27881713301.393555,586539000.0,465679666.6666667,0.01635785933525224,0.045,0.047206403625304816,4892045313.725491,7016211924.707933,6426422403.334974,7656446128.249842,4656796666.666667,4656796666.666667,,-4.98731602368872,11,2025-12-31,0.12483330254515157,0.15857762047092555,0.0013579543349303228,0.3720399088490304,0.009784358210116228,0.002461851674472892,0.18109023282829842,0.017383367264488914,1.1908022124937405,0.5791339523140658,0.047206403625304816,0.07905871656219388,0.8,-0.03883702357070706,0.7734532622656388,14.682511356262168,5.266643660117075,-0.023259299587323756,False,0.04255217645452311,0.016577543472062806,10,10,519353000.0,465679666.6666667,"min(depreciation & amortization, capex)",False,False,False,False,False,False,False,False,False,False,False,,0,,substitution risk unassessed (cannot be automated),0.0,no moat evidence
CXT,2924878619.973221,905700000.0,222933333.33333334,0.058198344284313856,0.045,0.0,1717045098.039216,2728101209.570189,2496103547.3004913,2980347264.2967753,2229333333.3333335,1717045098.039216,0.01574265264023359,-0.7034372733210639,11,2025-12-31,0.15451717902350817,0.09161481216826067,-0.0006460135520309541,0.42482042614836724,0.1667368989155187,0.016470242504452892,0.14891048469849702,0.05650418979062708,1.345356350660623,-0.024796664000481316,-0.04908563837033153,-0.10819286510451409,0.6,-0.04475524475524473,2.563543730540617,,2.228612023696397,-0.001368946572436136,False,0.06523297491039426,0.26836363636363636,8,6,208500000.0,222933333.33333334,"min(depreciation & amortization, capex)",False,False,False,False,False,False,False,False,False,False,False,,0,,substitution risk unassessed (cannot be automated),0.0,no moat evidence
CYTK,11522850600.815071,165047000.0,-628208000.0,-0.05374858862180578,0.045,0.1,,,,,,,,,11,2025-12-31,-1.5147132198918958,,0.1656940768241848,,,,-6.954395211213212,19.780323923776432,,,0.11877543571442084,0.09537949334799944,0.7,1.0778621408366829,,-13.432896728756663,-7.909381974932093,0.13231305518925396,False,,,0,0,-784955000.0,-628208000.0,"min(depreciation & amortization, capex)",False,False,True,True,False,True,False,False,False,False,True,leverage;altman_distress,1,dilution,substitution risk unassessed (cannot be automated),0.0,ejected
D,61636236489.15546,48539000000.0,,,0.045,0.03526957898826644,,,,,,,,,11,2025-12-31,0.038597393561452926,0.048487489746534634,-0.002977056128359662,,,,0.26714277068328995,0.0779649986118339,-0.14962060975055658,0.1087416512360587,0.03526957898826644,0.037396092518362734,0.7,0.0005092761004001911,7.137038670783708,2.182987141444115,0.5573011881025748,0.03718240887274393,False,,,10,1,,,"min(depreciation & amortization, capex)",False,False,True,True,True,True,False,False,False,False,True,leverage;altman_distress,2,dilution;accruals,substitution risk unassessed (cannot be automated),0.0,ejected
TSN,20363643962.428192,7601000000.0,418000000.0,0.01494744580197776,0.045,0.027829097074321796,-2683352941.17647,5784270979.577318,5295651252.706318,6315033479.751473,4180000000.0,,,,11,2025-09-27,0.09289422899242944,0.02818301692329703,-0.008489591776568708,0.06542862915817123,0.031487327674306606,-0.0055914879956067455,0.020168622912878163,0.031222639972768407,0.9011988867480197,-3.147207512153253,0.027829097074321796,0.04741462587264644,0.8,0.018394057304563116,3.104983660130719,2.44543429844098,,-0.01446553520957472,False,0.054816486518588906,-0.28602150537634413,10,5,846000000.0,418000000.0,"min(depreciation & amortization, capex)",False,False,True,False,False,False,False,False,False,False,True,leverage,0,,substitution risk unassessed (cannot be automated),0.0,ejected
TTMI,15207802893.500183,414917000.0,71676333.33333333,0.004587954838974883,0.045,0.0332518672998281,428333980.39215684,1015795108.4598538,930102851.673982,1108860974.0443172,716763333.3333333,428333980.39215684,,-34.5045445602444,11,2025-12-29,0.048300307898172745,0.10256301551445153,0.00030313787729343417,0.20702497466749473,0.016445861653228637,0.004312403488510635,0.09107108756875044,0.025937037342014507,1.5181292636676225,0.6079641284558841,0.0332518672998281,0.0666101876812415,0.6,-0.013073255797600769,1.1065692690914717,5.838531786297261,,0.013000441092709814,False,0.16598856645295712,-0.30101505534281064,0,5,177448000.0,71676333.33333333,"min(depreciation & amortization, capex)",False,False,False,False,False,False,False,False,False,False,False,,0,,substitution risk unassessed (cannot be automated),0.0,no moat evidence
ECHO,27822094848.0,24096797000.0,-5104549333.333333,-0.09831776356624931,0.045,0.1,,,,,,,,,11,2025-12-31,0.016097879477709427,-0.455702191179577,-0.017741750614882413,,0.01764260698768229,,-1.1811502161047902,0.38393892020800385,,-0.5527555013517073,0.23291528269991946,0.5137390581525174,0.4,0.0009681450584571039,,,-3.9267585668380027,-0.021040619727162424,False,0.1476590750299897,1.0,0,5,-13877361000.0,-5104549333.333333,"min(depreciation & amortization, capex)",False,True,False,False,False,True,False,False,False,False,True,altman_distress,1,structural_decline,substitution risk unassessed (cannot be automated),0.0,ejected
TWLO,32564599031.05835,309952000.0,,,0.045,0.1,,,,,,,,,11,2025-12-31,-0.08648526911281673,0.011917659800708065,0.32670873060774613,0.4891703932333706,0.030203265319076047,-0.007855839901855732,0.03114173057416098,0.11973494758255054,,1.8563324015814386,0.4067806906406526,0.23527546095366625,1.0,0.552953454835218,0.8774395180695606,,3.343964077899942,0.034874465954631395,False,,,0,5,,,"min(depreciation & amortization, capex)",False,False,False,True,False,False,False,False,False,False,False,,1,dilution,substitution risk unassessed (cannot be automated),0.0,no moat evidence
TPR,28433751737.99185,1313300000.0,680166666.6666666,0.022865011049077597,0.045,0.05278128295104545,6688660784.313725,10500821586.049614,9619387385.288689,11457462579.261318,6801666666.666666,6688660784.313725,0.289046205946083,-3.251038085931163,11,2025-06-28,0.21647190313525655,0.16204624499048553,0.0033595366047348106,0.7544039824839175,0.030987093246122244,0.006374810452499489,0.059195230148202035,0.08538096103917968,1.4848035988588983,,0.05278128295104545,0.07159684971325997,0.7,-0.17681803852599098,2.2725385014708426,1.53023598820059,0.6590384134424745,-0.0217413900701654,False,0.10552373914649917,0.16612488477026832,9,5,223400000.0,680166666.6666666,"min(depreciation & amortization, capex)",True,False,True,False,False,True,False,False,False,False,True,leverage;altman_distress,0,,substitution risk unassessed (cannot be automated),0.0,ejected
TRGP,58672912195.132416,17266400000.0,1526966666.6666667,0.020107723161134225,0.045,0.1,697913725.4902,28939131432.576332,26540959722.370018,28939131432.576332,15269666666.666666,697913725.4902,0.2683205060653776,-83.06900459497595,10,2025-12-31,0.057273838663934346,0.12892131572882815,0.019391286077834885,0.3829213720688501,0.07421562642542481,0.0013200604580900267,0.19562727929388135,0.11892151637151276,0.5540123456790124,0.37912678425037294,0.10936971550192731,0.19892244153238936,0.6666666666666666,-0.07080387677584177,3.5626534612607035,,,0.03848771129864792,False,0.2587332754920316,,0,0,1923000000.0,1526966666.6666667,"min(depreciation & amortization, capex)",False,False,True,True,True,False,False,False,False,False,True,leverage,2,dilution;accruals,substitution risk unassessed (cannot be automated),0.0,ejected
TRMB,12312950362.44001,1138800000.0,940433333.3333334,0.0699115957399278,0.045,0.04588909841312505,9925121568.627453,14087636059.963848,12903013998.653667,15373636697.148766,9404333333.333334,9404333333.333334,0.015273988419079124,-0.3092847654386286,11,2026-01-02,0.07064548495453925,0.07064548495453925,0.0019078190907202664,0.6907423410364341,0.0561150858360223,0.015420207711292577,0.16502662169319543,0.03086593248720232,1.0800885889052942,0.03755794219481746,0.04588909841312505,0.026490354149407702,0.7,,1.4380603611567118,7.956989247311828,3.466741813795889,-0.0067795366288400105,False,0.214013709063214,0.33439243359071935,0,10,598600000.0,940433333.3333334,"min(depreciation & amortization, capex)",False,False,False,True,True,False,True,True,False,False,False,,4,dilution;accruals;auditor_change;late_filing,substitution risk unassessed (cannot be automated),0.0,no moat evidence
TRU,14463855352.783203,4447100000.0,406033333.3333333,0.0214707996375009,0.045,0.1,329762745.0980396,7695159466.048426,7057465353.493618,7695159466.048426,4060333333.333333,329762745.0980396,0.249829819929631,-42.86139904458597,11,2025-12-31,0.05739114753765147,0.07054391255527823,-0.0016550039551331418,,0.009005517296556619,-0.0005429756800566452,0.18744400498219085,0.05769998691647921,1.185496429146754,0.06916157899934278,0.11749576909462123,0.12579209969405802,1.0,0.02736278012341664,3.104216110568198,3.6378286683630194,2.5362231588881556,0.016573411935293603,False,0.1667081870682822,1.0,8,3,704200000.0,406033333.3333333,"min(depreciation & amortization, capex)",False,False,True,False,False,False,False,False,True,False,True,leverage;restatement,0,,substitution risk unassessed (cannot be automated),0.0,ejected
DBX,6810046068.905989,-891300000.0,575700000.0,0.09726722405349136,0.045,0.1,7664241176.470589,10910688706.848564,10006525254.099686,10910688706.848564,5757000000.0,5757000000.0,-0.007644878720019158,-0.18291576670244725,10,2025-12-31,-3.1365079365079365,,,0.8013486711622372,0.08911016894739297,0.025001328760623956,0.27334391114637047,0.20871352899955797,4.8176,,0.12916565498353716,0.056648937436204694,0.8888888888888888,0.15204959971106957,-1.0860241257463141,,-4.771568158981974,-0.06625526365529022,False,0.5397926899613698,0.14003701418877235,0,6,619000000.0,575700000.0,"min(depreciation & amortization, capex)",False,False,False,True,False,True,False,False,False,False,True,altman_distress,1,dilution,substitution risk unassessed (cannot be automated),0.0,ejected
DD,18184411937.76837,2419000000.0,429666666.6666667,0.020854151145667254,0.045,0.0,2635901960.784314,5257958222.392305,4810821579.650617,5744120250.715527,4296666666.666667,2635901960.784314,0.29208680592821434,-5.8987436590234905,11,2025-12-31,0.017269555637164893,0.017269555637164893,-0.02436967531100092,0.34501387063804934,0.28251592837209405,-0.021256682123327212,0.07490144546649145,0.0995146209183688,0.140292260243795,,-0.17824885537897506,-0.09250966195399901,0.5,-0.2790878465923814,2.0853448275862068,1.6389776357827477,-0.5584164199260087,-0.08350325149794813,True,0.31326877780685686,0.2910229645093945,10,6,-465000000.0,429666666.6666667,"min(depreciation & amortization, capex)",False,False,True,True,True,True,False,False,False,False,True,leverage;altman_distress,2,dilution;accruals,substitution risk unassessed (cannot be automated),0.0,ejected
DDOG,91673990116.712,-401305000.0,120616666.66666667,0.0013214979543160366,0.045,0.1,1820324607.8431375,2285931740.2426915,2096497691.6194615,2285931740.2426915,1206166666.6666667,1206166666.6666667,,-75.00441352774243,9,2025-12-31,-0.018802602030020273,-0.011299586250923522,0.014494167587831874,0.7995549081775629,0.019546125439158006,0.006169781749505617,-0.012947462591453327,0.02322498361894844,15.17417890483359,-0.009184436530377746,0.554015002719485,0.4153252804745149,1.0,0.6634489222118087,-83.13755956080381,-4.012388100189891,5.111682172175639,0.03888784459888717,False,0.7469524265561599,,0,0,107741000.0,120616666.66666667,"min(depreciation & amortization, capex)",False,False,True,True,False,False,False,False,False,False,True,leverage,1,dilution,substitution risk unassessed (cannot be automated),0.0,ejected
TTWO,45154131874.99031,972500000.0,-2798700000.0,-0.06067427614452476,0.045,0.1,,,,,,,,,11,2026-03-31,0.17023281482305166,-0.023241290092340633,-0.06937345891514476,0.5723363980530016,0.06250579760740332,0.009376718678443446,-0.01565410732528093,0.33107361498997506,,-0.25289393623462986,0.16758438132082576,0.14564420997425698,0.9,0.15761390559265243,10.312831389183456,-0.7291812456263121,-1.5759415285786926,0.08226276334036675,False,0.7163839090151694,0.5683339282527218,0,3,-262500000.0,-2798700000.0,"min(depreciation & amortization, capex)",False,False,True,True,False,True,False,False,False,False,True,leverage;altman_distress,1,dilution,substitution risk unassessed (cannot be automated),0.0,ejected
CMS,23292538462.173904,18248000000.0,,,0.045,0.025504596998092488,,,,,,,,,11,2025-12-31,0.052119852037173245,0.05061995220390007,-0.0011428247689297807,,,,0.20794701986754968,0.01949680394251058,-0.3891990429531731,0.03447698107004456,0.025504596998092488,0.058909521165088075,0.5,-0.025769170701233746,6.016485328058028,2.164160401002506,,0.00852608616460504,False,,,0,0,,,"min(depreciation & amortization, capex)",False,False,True,False,True,False,False,False,False,False,True,leverage,1,accruals,substitution risk unassessed (cannot be automated),0.0,ejected
CNC,33257227196.525578,-487000000.0,310666666.6666667,0.009480149917898792,0.045,0.1,4141901960.784314,5887766704.176287,5399850348.457478,5887766704.176287,3106666666.6666665,3106666666.6666665,,-9.70511605038377,11,2025-12-31,0.07955846268444172,-0.3886374019250981,-0.031729523466776856,0.08138915460445295,0.43919948173888174,-0.11434577226527201,-0.043664545397265456,0.02152659933375608,3.749085684430512,,0.2259774213245751,0.10958333315636093,1.0,0.47518617474845093,,-11.243362831858407,0.3845705823949005,0.046362669533828615,False,0.07058495627634742,0.2108096232011425,0,10,-6166000000.0,310666666.6666667,"min(depreciation & amortization, capex)",False,False,True,True,False,True,False,False,False,False,True,leverage;altman_distress,1,dilution,substitution risk unassessed (cannot be automated),0.0,ejected
CROX,6597791400.783691,1100531000.0,563327666.6666666,0.0731753799515229,0.045,0.1,5526853313.725491,10676207766.120117,9791475634.589283,10676207766.120117,5633276666.666666,5526853313.725491,-0.009882089191219561,-0.19376994942105896,11,2025-12-31,0.33158854103829566,0.03435239747114855,0.040830749457821426,0.5833360350458726,0.04648965270364095,0.011648374998119916,0.037002737432891314,0.12450527127397358,1.1689667789443887,-0.06405625981370415,0.13992780525117254,0.23862718346827405,0.7,0.12624645191383332,4.8100761810688075,1.6935109359248814,3.7218033990377304,-0.03272077301578624,False,0.06282640237091262,-0.16770830293200806,0,8,-53147000.0,563327666.6666666,"min(depreciation & amortization, capex)",False,False,True,False,False,False,False,False,False,False,True,leverage,0,,substitution risk unassessed (cannot be automated),0.0,ejected
CRS,28748591231.503418,379900000.0,235200000.0,0.008074568577229414,0.045,0.025957391728584245,2387158823.529412,3227981803.2027617,2955175485.471745,3524336214.4589896,2352000000.0,2352000000.0,,-11.223040489584786,11,2025-06-30,0.04682332000584462,0.18520972043665992,0.007242346091437685,0.2671439991658267,0.06880860558244836,0.0038254224714655044,0.18136317820027112,0.08929655775703914,1.1714566445590764,1.3878185137021004,0.025957391728584245,0.05695348694739,0.6,-0.08364843290479795,0.5747352496217851,10.78099173553719,6.253156127996554,-0.0038614797335202455,False,0.16565317676661773,-1.0,10,2,376000000.0,235200000.0,"min(depreciation & amortization, capex)",False,False,False,False,False,False,False,False,False,False,False,,0,,substitution risk unassessed (cannot be automated),0.0,no moat evidence
CRWD,190597764572.4463,-4484654000.0,-279683666.6666667,-0.001502761765715571,0.045,0.1,,,,,,,,,9,2026-01-31,-0.30601769503612963,,,0.7466899972049074,0.06928249369410164,0.02006957252957115,-0.06095006135696035,0.36049957535793287,,-0.791212299155438,0.5884027934193152,0.40643417090854195,1.0,0.9270086140643012,,-10.466864137611077,2.062078118864937,0.028475305452310362,False,0.7754938636928674,,0,1,-464610000.0,-279683666.6666667,"min(depreciation & amortization, capex)",False,False,True,True,False,False,False,False,False,False,True,leverage,1,dilution,substitution risk unassessed (cannot be automated),0.0,ejected
CSGP,11593218499.609451,-640000000.0,173666666.66666666,0.01585530925662251,0.045,0.1,2683137254.901961,3291337395.7895327,3018585870.757881,3291337395.7895327,1736666666.6666665,1736666666.6666665,,-5.675557677318302,11,2025-12-31,0.08973911657774662,-0.0051468676891083965,-0.0035969296385944993,0.7887280566676933,0.02344592994851474,0.004238757227505417,-0.02217431475207884,0.0993995893707095,1.3123765468261752,-0.0561096107337544,0.16389720974540833,0.14373703938612636,1.0,0.18525146833042916,-3.350785340314136,-2.5714285714285716,5.5739424446985675,0.02334577598709142,False,0.26844777722632374,,0,1,7000000.0,173666666.66666666,"min(depreciation & amortization, capex)",False,False,True,True,False,False,False,False,False,False,True,leverage,1,dilution,substitution risk unassessed (cannot be automated),0.0,ejected
CSL,13357116788.652466,1774300000.0,984466666.6666666,0.06506110302935741,0.045,0.03545192502811911,9807660784.313726,14087352804.265862,12899603439.548254,15377208184.874092,9844666666.666666,9807660784.313726,0.023353169337473736,-0.36190648131057945,11,2025-12-31,0.12817569757643582,0.21977305439104028,0.012272665465249097,0.3570987469869918,0.03922015969754003,0.008116749340674594,0.19970517340982888,0.04506472985693835,1.024335500930068,,0.03545192502811911,0.048052648278835264,0.6,-0.11477054809793519,1.4798165137614678,12.770700636942674,,-0.04121077371504567,False,0.037549525753391766,0.3245037380768239,10,10,806000000.0,984466666.6666666,"min(depreciation & amortization, capex)",False,False,False,False,False,False,False,False,False,False,False,,0,,substitution risk unassessed (cannot be automated),0.0,no moat evidence
CPAY,23114589992.609985,10939120000.0,1202234333.3333333,0.03530406330453366,0.045,0.1,3204813333.333334,22784791668.72609,20896627093.704536,22784791668.72609,12022343333.333332,3204813333.333334,0.1033340230082237,-6.212460629826588,11,2025-12-31,0.13449510836527134,0.09353901613858126,-0.007286671494422091,,0.0038629058485466594,,0.44035568389120844,0.024366049897333913,1.3585463945055936,0.05454273446645164,0.10274852364071285,0.13645189195144858,0.9,-0.09815323491570671,4.5820011719808615,4.937768665438481,,-0.027735698973242018,False,0.0800434246486235,0.28282550428851777,0,10,1262373000.0,1202234333.3333333,"min(depreciation & amortization, capex)",False,False,True,False,False,False,False,False,True,False,True,leverage;restatement,0,,substitution risk unassessed (cannot be automated),0.0,ejected
CVNA,47153265696.113205,2714000000.0,580666666.6666666,0.011644245148815638,0.045,0.1,4117372549.0196075,11004817165.960392,10092853333.704853,11004817165.960392,5806666666.666666,4117372549.0196075,,-10.452270868066316,11,2025-12-31,0.07129592214523019,0.24142810722989438,0.16557533366960153,0.20627890955614606,0.06173395291599477,0.01688222050676261,0.09255978742249779,0.12065422146344568,,,0.656805585601808,0.2946654403024904,0.9,0.418020304568528,1.442849548112706,3.724752475247525,3.8564123466132636,,False,,,1,0,1260000000.0,580666666.6666666,"min(depreciation & amortization, capex)",False,False,True,False,False,False,False,False,False,False,True,leverage,0,,substitution risk unassessed (cannot be automated),0.0,ejected
CPT,11193273633.43985,3875597000.0,902358000.0,0.05988225806368967,0.045,0.0,6740379470.588236,11042422030.197384,10103374722.196363,12063427915.892538,9023580000.0,6740379470.588236,0.0030620740528072886,-0.6606295954525847,10,2025-12-31,,,,-42.70401789157091,40.829841747680604,-6.660735961575979,,,1.7835707554786975,,-0.3738486563118193,0.03724930157466333,0.4444444444444444,0.2419503219871204,,,,0.021041694973205516,False,0.02594247180091365,0.6881531634081914,10,2,993042000.0,902358000.0,"min(depreciation & amortization, capex)",False,False,False,True,False,False,False,False,False,False,False,,1,dilution,substitution risk unassessed (cannot be automated),0.0,no moat evidence
CSX,91810640591.43051,18203000000.0,3342333333.3333335,0.030381081067447958,0.045,0.01781441297684183,21118568627.45099,44254166108.469025,40506661300.40393,48326278605.184265,33423333333.333332,21118568627.45099,0.18723177098371135,-3.3473893619897312,11,2025-12-31,0.1411739618715923,0.11049390270793016,0.0021458322732111315,,,,0.3208203235878513,0.04916728715720953,0.7131578947368421,0.029955489765437108,0.01781441297684183,0.05894344821402786,0.4,-0.11342883471559018,2.9354942751169166,5.356635071090047,1.8487722577294718,-0.04014556340780351,False,0.024100553505535055,0.2088232082408183,10,10,2889000000.0,3342333333.3333335,"min(depreciation & amortization, capex)",False,True,False,False,False,False,False,False,False,False,False,,1,structural_decline,substitution risk unassessed (cannot be automated),0.0,no moat evidence
CTRE,9501582540.079193,696178000.0,,,0.045,0.0,,,,,,,,,11,2025-12-31,0.05396534923387734,0.07678839028510179,0.006675192790487396,,0.021295513027554183,-0.009167803449759832,301.2195918367347,,0.5079442276776229,,-0.3372711668737626,-0.10021257696053376,0.5714285714285714,-0.3871348480377692,1.5072539701440835,8.442446290067952,,0.3152990004317928,True,0.1378062226176775,,10,0,,,"min(depreciation & amortization, capex)",False,False,False,True,True,False,False,False,False,False,False,,2,dilution;accruals,substitution risk unassessed (cannot be automated),0.0,no moat evidence
CTVA,57304497804.107666,-2053000000.0,1531333333.3333333,0.027715689061726875,0.045,0.028568710822397314,20068686274.509804,21259629608.69834,19464075838.06036,23209998168.50949,15313333333.333332,15313333333.333332,0.261847077570846,-2.742130897090183,8,2025-12-31,0.04500096203394696,0.06031364019702218,0.015044223244674491,0.4729038561002241,0.049085548432865514,0.018114595526944045,0.10735015229009827,0.19363599727226796,28.214046822742475,,0.028568710822397314,0.04124576663707025,0.5714285714285714,0.026794742163801732,-0.6685118853793552,10.377777777777778,,-0.013497140061390134,True,0.0,-0.12072712902588423,5,7,1706000000.0,1531333333.3333333,"min(depreciation & amortization, capex)",False,False,False,False,False,False,False,False,False,False,False,,0,,substitution risk unassessed (cannot be automated),0.0,no moat evidence
CUBE,9099563478.768196,-5782000.0,,,0.045,0.09114344141121067,,,,,,,,,9,2025-12-31,0.09521404475492436,,,0.6871143521115474,0.01805170337535195,0.004500367517902399,,,0.2184940759692631,,0.09114344141121067,0.10582871936845129,1.0,0.05476188627380951,,,,0.029611366829241925,False,0.15009699949556274,,9,1,,,"min(depreciation & amortization, capex)",False,False,False,True,True,False,False,False,False,False,False,,2,dilution;accruals,substitution risk unassessed (cannot be automated),0.0,no moat evidence
CUZ,4978990514.2402935,3335095000.0,155082666.66666666,0.018653003556559817,0.045,0.1,-1510593039.2156863,2939132707.708807,2695568213.432558,2939132707.708807,1550826666.6666665,,0.22463593801836884,,11,2025-12-31,0.06014627857639579,0.06636763515970996,-0.0022900555345074783,0.6835450425430865,0.015320000229107185,0.004543533301983017,0.6775006641068366,0.1773857840149629,0.2611145214383767,0.1065052817535105,0.17135651242992211,0.06065697910799828,1.0,0.12596670798384824,3.063458164549404,4.228251518139173,,0.0600381906567975,False,0.2409044568541822,,10,1,188631000.0,155082666.66666666,"min(depreciation & amortization, capex)",False,False,True,True,True,False,False,False,False,False,True,leverage,2,dilution;accruals,substitution risk unassessed (cannot be automated),0.0,ejected
CVLT,6236864016.111511,-899987000.0,108711000.0,0.020369777994098812,0.045,0.07142602737268655,2178939941.1764708,1820486765.094286,1668429587.5317745,1985412874.467174,1087110000.0,1087110000.0,,-4.737104815622624,11,2026-03-31,0.0059808453250543465,,0.42261978943996614,0.8115047013998598,0.019562156521579537,-0.004975620108565895,0.06250792014801172,0.042842875395288596,6.980818315414958,,0.07142602737268655,0.10347691032108464,0.9,-0.0563634650196847,-10.671192107946595,19.496706192358367,,-0.004019085419869173,False,0.6423681920832152,0.5159362728181347,0,10,73476000.0,108711000.0,"min(depreciation & amortization, capex)",False,False,False,True,False,False,False,False,False,False,False,,1,dilution,substitution risk unassessed (cannot be automated),0.0,no moat evidence
CRM,133759085998.53517,7112000000.0,6367333333.333333,0.045199717800142064,0.045,0.1,67797803921.568634,120673948050.61737,110673756819.99435,120673948050.61737,63673333333.33333,63673333333.33333,0.12395861758863713,-1.100708082900249,11,2026-01-31,0.025256647509074723,0.09849455577503739,0.0067684278955751345,0.7767609873570138,0.014938751108573463,0.002676967822147458,0.20062612883804937,0.07224583886562978,2.5133016491965083,0.21467018983412878,0.20070553205342456,0.14335729427517552,1.0,0.2873061285950911,0.7461966215507292,25.712962962962962,1.7919880894617202,0.03748817264364135,False,0.3637154269081475,0.2747698548915587,2,4,8063000000.0,6367333333.333333,"min(depreciation & amortization, capex)",False,False,False,True,False,False,False,False,False,False,False,,1,dilution,substitution risk unassessed (cannot be automated),0.0,no moat evidence
TSLA,1531434002315.951,-8360000000.0,8627333333.333334,0.005664421636909836,0.045,0.1,109858039215.6863,163505555619.62515,149955929955.76868,163505555619.62515,86273333333.33333,86273333333.33333,,-16.75095435803977,11,2025-12-31,0.043114381903500844,0.043114381903500844,0.04093136457193553,0.18026511436616155,0.03146691145021792,-0.0021491515521719433,0.04592573845001951,0.11004561223348247,0.5992716718747214,0.027857523782965608,0.3708512895765279,0.24630713363610557,0.9,0.28309870615998056,-0.8907831646244007,12.884615384615385,4.462683543544839,0.01661326698175003,False,0.6238205230725611,,0,0,3794000000.0,8627333333.333334,"min(depreciation & amortization, capex)",False,False,False,True,True,False,False,False,False,False,False,,2,dilution;accruals,substitution risk unassessed (cannot be automated),0.0,no moat evidence
CPRI,2070921857.3389738,222000000.0,-386000000.0,-0.16834415824705348,0.045,0.0,,,,,,,,,11,2026-03-28,0.1330080001121839,0.05694126384848673,-0.042903812590904346,0.6226252158894646,0.026299604932411742,0.004770367738609291,0.006620610247553253,0.09348195111317266,2.4385104525996426,,-0.030022787541619023,-0.030694323447915117,0.4,0.05975563192058031,1.5416666666666667,,4.947767470624613,-0.0445574982363679,False,0.10829512723058306,0.40100178002235376,0,10,195000000.0,-386000000.0,"min(depreciation & amortization, capex)",True,True,False,False,False,False,False,False,False,False,False,,1,structural_decline,substitution risk unassessed (cannot be automated),0.0,pass
CR,12650347854.962036,641700000.0,310533333.3333333,0.023362339401855864,0.045,0.02813037113061778,3011633333.3333335,4302852177.334341,3939400761.088237,4697646714.60327,3105333333.333333,3011633333.3333335,0.2826759139908145,-3.200494035892606,5,2025-12-31,0.12850942088454936,0.12028596961267249,0.016009843485063964,0.4220390455531453,0.03513874010714226,0.021131815279924998,0.1840347071583514,0.07134533219402607,0.1729486229115584,,0.02813037113061778,0.02813037113061778,0.75,,1.3526559865092749,37.53982300884956,,-0.002543471208589554,False,0.39960435212660733,,5,2,366600000.0,310533333.3333333,"min(depreciation & amortization, capex)",False,False,False,True,True,False,False,False,False,False,False,,2,dilution;accruals,substitution risk unassessed (cannot be automated),0.0,no moat evidence
CRH,69967244005.60443,13437000000.0,3474333333.3333335,0.04165655326963784,0.045,0.06410929667394982,27437509803.921577,56357607699.89436,51641071461.91408,61474593128.74844,34743333333.333336,27437509803.921577,0.11410834947074922,-1.550058095855484,5,2025-12-31,0.11946042872817972,0.11381714375952887,-0.010834954078407158,0.36125724357091354,0.013213744271637885,0.007611957851887575,0.14527198440462522,0.014146390670889897,0.7818504286136565,,0.06410929667394982,0.06410929667394982,1.0,,1.768957345971564,6.716049382716049,3.55537742003716,-0.0368784966121275,False,0.04551984877126654,0.3175294720656074,0,5,3753000000.0,3474333333.3333335,"min(depreciation & amortization, capex)",False,False,False,False,False,False,False,True,False,False,False,,1,auditor_change,substitution risk unassessed (cannot be automated),0.0,no moat evidence
CRL,11242830035.695496,1922756000.0,221807666.66666666,0.016847534630458953,0.045,0.1,686745960.7843137,4203707493.125639,3855348303.027488,4203707493.125639,2218076666.6666665,686745960.7843137,,-15.371162959379287,11,2025-12-27,0.08939811259565689,0.004945958494205079,-0.006889230158994996,,0.019717623397152176,,0.006266402548997829,0.05043379569139727,1.590017065187737,-0.26819667833552974,0.11407256529297105,0.06549616324686203,0.8,0.11548298391668621,4.4874508138183415,0.23509516112455503,1.8052642779446844,0.0039796952177426625,False,0.1627361208181815,-0.5209372470536928,0,10,39822000.0,221807666.66666666,"min(depreciation & amortization, capex)",False,False,True,False,False,False,False,False,False,False,True,leverage,0,,substitution risk unassessed (cannot be automated),0.0,ejected
DRI,23393774362.75,1888900000.0,1019700000.0,0.040331967471857556,0.045,0.0596793417054704,10107570588.235294,16224237094.977633,14864844379.669292,17699269858.665424,10197000000.0,10107570588.235294,0.14460340666367216,-1.314480434099484,11,2025-05-25,0.25699120858567653,0.2871320119719623,0.019053597510437444,0.2047496418723658,0.014954573639295832,0.0022791889410858296,0.11280399446868764,0.033347061164183,1.1240183333780054,0.8229277130691567,0.0596793417054704,0.09117380667048192,0.8,-0.08266356457980828,1.005589863713799,11.754098360655737,0.2766837710893646,-0.009074116333286697,False,0.0757463754292255,0.4031677654907935,10,10,1049600000.0,1019700000.0,"min(depreciation & amortization, capex)",True,False,False,False,False,True,False,False,False,False,True,altman_distress,0,,substitution risk unassessed (cannot be automated),0.0,ejected
DT,12731660106.391335,-1097220000.0,266995000.0,0.022948676305731924,0.045,0.1,4238337647.0588236,5060099585.348328,4640771600.170828,5060099585.348328,2669950000.0,2669950000.0,,-3.768501322643246,9,2026-03-31,0.08206731846004209,0.08913322150088827,0.03228787604567714,0.8155933426047631,0.02813881394214726,0.00832467619220054,0.12157579294753681,0.15618939182486566,4.207443058568329,0.1366583320122755,0.22499343337797706,0.2346588009593682,1.0,0.26646417582825555,-4.158767098884522,306.73375,3.0471274872374767,0.023036723968004047,False,0.6446098232036925,1.0,0,2,162669000.0,266995000.0,"min(depreciation & amortization, capex)",False,False,False,True,False,False,False,False,False,False,False,,1,dilution,substitution risk unassessed (cannot be automated),0.0,no moat evidence
DTM,14809389323.266571,3270000000.0,393000000.0,0.021737459876160964,0.045,0.1,1353529411.7647066,7448151227.707983,6830926567.4156275,7448151227.707983,3930000000.0,1353529411.7647066,0.26355042962149133,-9.941313276641964,7,2025-12-31,0.053464881896802166,0.058224726104251244,-0.0012963138973828496,,,,0.49396621078037006,0.022575436632748823,0.8250421585160203,0.04222319678955236,0.16235850767058557,0.10514676449823357,1.0,0.49603174603174605,3.75,3.633136094674556,1.647053118306146,0.0097555104481315,False,0.05620848237097598,,5,1,441000000.0,393000000.0,"min(depreciation & amortization, capex)",False,False,True,False,False,False,False,False,False,False,True,leverage,0,,substitution risk unassessed (cannot be automated),0.0,ejected
DUK,97823735926.21274,86967000000.0,4111000000.0,0.0222467862330584,0.045,0.03560352668027722,-38602294117.64706,58866069593.37302,53903074188.76727,64255685764.60622,41110000000.0,,0.15320509272023652,,11,2025-12-31,0.04548868698698324,0.05515839097203333,0.0013092293761891747,,0.009605330115543355,0.0014771683147211175,0.27176207428877475,0.02427449106421061,-0.5760351353694125,0.09876383894359894,0.03560352668027722,0.06421241901401809,0.8,-0.04497289305076391,5.3255970606246175,2.3736929003852505,,0.011360889232838067,False,,,7,0,4968000000.0,4111000000.0,"min(depreciation & amortization, capex)",False,False,True,False,True,False,False,False,False,False,True,leverage,1,accruals,substitution risk unassessed (cannot be automated),0.0,ejected
DVA,14942268195.877075,9596751000.0,945503333.3333334,0.03853060816270082,0.045,0.02728678985105093,1526817627.4509811,13052651302.571365,11949895329.599957,14250540616.605265,9455033333.333334,1526817627.4509811,0.058129010230917016,-8.786544199665261,10,2025-12-31,0.13946806730881184,0.1787307621216488,0.008840261273955749,,,,0.1497914435527666,0.02072616161933168,1.6753935091866605,,0.02728678985105093,0.0338593890156329,0.7777777777777778,0.014235878206387387,3.487360035931969,3.785004926619302,1.0264036007100643,-0.10449683833435652,False,0.07116297682785981,0.12823603119937577,0,10,879191000.0,945503333.3333334,"min(depreciation & amortization, capex)",False,False,True,False,False,True,False,False,False,False,True,leverage;altman_distress,0,,substitution risk unassessed (cannot be automated),0.0,ejected
DE,158415473281.3385,5520000000.0,8048666666.666667,0.04909655308618847,0.045,0.055398493179384944,89170196078.43138,125689514842.00233,115146406864.81775,137131171336.16028,80486666666.66667,80486666666.66667,0.10877754900817274,-0.9682200772136813,11,2025-11-02,0.09472795991950221,0.23928025397065295,0.023600577088898223,,0.008436207709446523,,0.20635233342089135,0.043633638414021805,0.9997018327077266,,0.055398493179384944,0.0515001521854499,0.6,-0.0947068113505527,0.4735758407687028,2.9738170347003154,2.7736871181385987,-0.015177702880512567,True,0.022720587033617155,0.17883495323172016,10,10,5896000000.0,8048666666.666667,"min(depreciation & amortization, capex)",False,False,True,False,False,False,False,False,False,False,True,leverage,0,,substitution risk unassessed (cannot be automated),0.0,ejected
TMO,195863088591.85516,32853000000.0,6344666666.666667,0.0277403601370114,0.045,0.1,41790137254.90198,120244368505.67747,110279776322.4674,120244368505.67747,63446666666.666664,41790137254.90198,0.21518524597872862,-3.686825683226979,11,2025-12-31,0.08435083127547573,0.08307692937341074,0.0026417371965702942,,0.011130066924604819,,0.17384863991381633,0.03990783780126913,1.0888834337292521,0.007167466579604857,0.10137504787668217,0.06699288544037874,0.9,0.2613734241641219,3.7349931787175987,5.45877378435518,,-0.006136881246882053,False,0.04163776359600444,-0.38095238095238093,10,10,6704000000.0,6344666666.666667,"min(depreciation & amortization, capex)",False,False,True,False,False,False,False,False,False,False,True,leverage,0,,substitution risk unassessed (cannot be automated),0.0,ejected
TMUS,203032427616.89532,80684000000.0,13765666666.666666,0.04851910332543226,0.045,0.1,81265019607.84314,260887448049.7511,239267832446.6184,260887448049.7511,137656666666.66666,81265019607.84314,0.04234650695708109,-1.4983988018050023,11,2025-12-31,0.08014512533184974,0.10057572617956399,-0.00036449235827205515,,0.001389281328913996,,0.20698909510921876,0.05073129164209936,0.7320219037988208,0.48117217684134456,0.10523920193271308,0.05243088054913425,0.8,0.5200008889283969,2.538270362097713,,,0.0323557256796656,False,0.14687483709534482,-0.11507460126907909,5,7,14545000000.0,13765666666.666666,"min(depreciation & amortization, capex)",False,False,False,True,False,False,False,False,False,False,False,,1,dilution,substitution risk unassessed (cannot be automated),0.0,no moat evidence
TNL,4635021278.25,5345000000.0,372000000.0,0.03727446962570308,0.045,0.0,-968529411.7647057,4552274147.548341,4165148861.823186,4973187121.643543,3720000000.0,,0.004065756211659784,,11,2025-12-31,0.12169565395080914,0.08648450908022749,-0.06364356704521604,0.9321064411837852,0.018645180892661088,-0.0011284827827905894,0.13752797811489678,0.07268627472547225,1.1911545821815863,4.048447842958229,-0.019135023170402166,0.13233795409330007,0.8,-0.4657432599554786,7.895125553914328,2.3836206896551726,1.5798642263286857,-0.05596539210011375,False,0.09996429846483398,0.1104620286776421,10,10,237000000.0,372000000.0,"min(depreciation & amortization, capex)",False,False,True,False,False,False,False,False,False,False,True,leverage,0,,substitution risk unassessed (cannot be automated),0.0,ejected
TPL,27439407849.963806,-144809000.0,,,0.045,0.1,,,,,,,,,8,2025-12-31,1.2019550005341475,0.3554123171037275,-0.15341500534262945,,,,0.741879752941029,0.051200439515179226,0.48410984576926364,0.26390311926605414,0.14991745407168078,0.21410935617420757,0.7142857142857143,-0.383146855427975,-0.22118577533931882,858.204347826087,15.97193904669848,-0.001099506032201658,False,0.034727665456024986,-0.4307551981038489,8,7,,,"min(depreciation & amortization, capex)",True,False,False,False,True,False,False,False,False,False,False,,1,accruals,substitution risk unassessed (cannot be automated),0.0,pass
TEX,7706192522.144531,1826000000.0,371000000.0,0.03892074138642484,0.045,0.007680522903267262,2538705882.3529415,4697118637.586597,4298393893.381357,5130530314.512627,3710000000.0,2538705882.3529415,0.12132442768091345,-2.035480626452964,11,2025-12-31,0.10669151553902194,0.09168666785451013,0.01227987855072721,0.19387566869581258,0.018133237307820797,0.0021107596024726454,0.0876222099243682,0.04287244140535272,1.1054081798044195,0.12202604554528558,0.007680522903267262,0.11997240164553924,0.5,-0.2932852449978176,2.8892405063291138,2.6836158192090394,3.8432568239832596,-0.04902237799869269,False,0.1893939393939394,-0.6766908356115535,10,10,260000000.0,371000000.0,"min(depreciation & amortization, capex)",False,False,True,False,False,False,False,False,False,False,True,leverage,0,,substitution risk unassessed (cannot be automated),0.0,ejected
THC,17593482250.0,10288000000.0,2620333333.3333335,0.09398113449773042,0.045,0.001259260903401005,20539450980.392162,32245263327.784164,29503929289.140312,35225729260.97864,26203333333.333332,20539450980.392162,-0.1,0.14342977001695467,10,2025-12-31,0.12265842204828584,0.20440535271180435,0.02066055459609726,,,,0.1646175504458001,0.06767370066205207,0.9185043144774688,0.8090413066635108,0.001259260903401005,0.03852504349303931,0.5555555555555556,-0.04540288976676232,2.3536948066803935,4.272838002436053,2.2418098557034916,-0.00987694092604463,False,0.05769595748718922,-0.30462519936204147,0,4,2367000000.0,2620333333.3333335,"min(depreciation & amortization, capex)",False,False,False,False,False,False,False,False,False,False,False,,0,,substitution risk unassessed (cannot be automated),0.0,no moat evidence
ELV,90389499813.21716,22405000000.0,6215000000.0,0.05510020444517926,0.045,0.09663959047981385,50712647058.82353,116091452544.14957,106461908439.03183,117786920814.77127,62150000000.0,50712647058.82353,0.03914873482885964,-0.782385756917223,11,2025-12-31,0.09741183806772322,0.09162509627949654,0.0026052097433826226,0.8936446955430006,0.04513784043916977,-0.015559126870607197,0.03615317011927181,0.007190394878495266,1.0823423562873673,0.07513757774858534,0.09663959047981385,0.10318394736699799,1.0,0.16940304952357188,2.562035448827902,5.134807417974322,3.1286905040770656,-0.019289959499962483,False,0.04578583342122716,-0.00858306662787317,10,9,6092000000.0,6215000000.0,"min(depreciation & amortization, capex)",False,False,False,False,True,False,False,False,False,False,False,,1,accruals,substitution risk unassessed (cannot be automated),0.0,no moat evidence
DY,12784991059.259491,2105332000.0,254100000.0,0.017064774148200155,0.045,0.1,884079764.7058825,4815713045.701267,4416637253.893921,4815713045.701267,2541000000.0,884079764.7058825,,-13.461354698591963,11,2026-01-31,0.08377435644734893,0.07092729718085755,0.0010749584874779222,,,,0.06633264285477303,0.02489712482845909,0.7320579247673652,0.09561806692319551,0.10614607214264615,0.11631630174433849,0.8,0.06777568181091542,3.3027872383483334,,3.60735850284703,-0.017281146337994047,True,0.209851148672216,0.05951546430390847,0,8,309964000.0,254100000.0,"min(depreciation & amortization, capex)",False,False,True,True,False,False,False,False,False,False,True,leverage,1,dilution,substitution risk unassessed (cannot be automated),0.0,ejected
TMHC,6610196698.219208,1441070000.0,813199333.3333334,0.10100265757103763,0.045,0.09631081296032273,8125980980.3921585,15168398000.979229,13910094893.931456,15411785274.651348,8131993333.333333,8125980980.3921585,-0.09132393986989923,0.1865355439337737,10,2025-12-31,0.061394865802144045,,-0.015638581460171854,0.230279210193216,0.03206423092855122,0.008035156893712102,,0.016479036477299213,1.0949237375358958,,0.09631081296032273,0.057899901526500486,0.7777777777777778,0.2871155103286205,,,,-0.02003935976739346,False,0.03927455961734692,0.5827173604026958,0,8,782500000.0,813199333.3333334,"min(depreciation & amortization, capex)",False,False,False,False,True,False,False,False,False,False,False,,1,accruals,substitution risk unassessed (cannot be automated),0.0,no moat evidence
EQR,25753303523.57373,9085226000.0,1469163000.0,0.042170637512294565,0.045,0.05114674088856486,8199044588.235294,22520286302.552937,20629139361.14373,24572906606.47067,14691630000.0,8199044588.235294,0.08195171101128912,-2.1410127419634746,11,2019-12-31,0.07674597035916815,0.06990251708028336,-0.001577495672516294,,0.02246603655685736,,0.5020815786307303,0.09284869321120502,0.8998237032900138,0.048210265643001,0.05114674088856486,0.006517570758632907,0.8,,4.153734175855175,3.4766558311713616,1.709473598311789,0.035101988205283874,False,0.026106710027242037,-1.0,10,2,1623037000.0,1469163000.0,"min(depreciation & amortization, capex)",False,False,True,True,False,False,False,False,False,False,True,leverage,1,dilution,substitution risk unassessed (cannot be automated),0.0,ejected
EQT,30554599345.596313,7689533000.0,1439007000.0,0.037626870103792454,0.045,0.1,9239961117.64706,27272116421.705803,25012089432.562492,27272116421.705803,14390070000.0,9239961117.64706,0.12645942454647174,-2.3067887360739228,10,2025-12-31,-0.013123854979460156,0.08072486641132919,0.017841115264841695,0.8227611519431907,0.1619415465214653,0.03089238650601944,0.37593008777782033,0.3769217019451932,6.460997279542444,0.18571936235530043,0.22544110374152493,0.26673595375868553,0.6666666666666666,-0.30097346267118286,1.314448063242296,7.407467602776417,2.4885029973663397,0.15602998483529507,False,0.06827809502767682,1.0,9,6,2351212000.0,1439007000.0,"min(depreciation & amortization, capex)",False,False,False,True,False,False,False,False,False,False,False,,1,dilution,substitution risk unassessed (cannot be automated),0.0,no moat evidence
ES,28138307355.729485,28129981000.0,694787666.6666666,0.012347766156919545,0.045,0.05468318342513023,-19956008450.980392,10816082469.563242,9908636206.04332,11800890955.725124,6947876666.666666,,0.2812316079263224,,11,2025-12-31,0.05240899111665687,0.05326261393329774,-0.0023402800744367004,,,,0.2206049437066314,0.020724830246567853,-0.9903393474474822,0.05504591634566992,0.05468318342513023,0.0875493314655047,0.7,0.04432784024338332,5.2159311667209645,2.4038210648405087,,0.015467353629695202,False,,,10,0,1699891000.0,694787666.6666666,"min(depreciation & amortization, capex)",False,False,True,False,True,False,False,False,False,False,True,leverage,1,accruals,substitution risk unassessed (cannot be automated),0.0,ejected
ESAB,5540043045.268707,1049089000.0,258526000.0,0.03923521310908214,0.045,0.07828057018499401,1992393352.941177,4460167333.54564,4088321147.0696754,4863389334.027037,2585260000.0,1992393352.941177,0.12861056876708543,-1.7805970327548422,6,2025-12-31,0.1013101906588391,0.10118880144182733,0.0093515025028409,0.3688027144593508,0.014878648119607192,0.0062572737840012405,0.1449998328968129,0.020686068925414143,1.109935240381247,0.23395996794349266,0.07828057018499401,0.07828057018499401,0.8,,2.1139267543196816,,2.841061937299049,0.00407098197789546,False,0.053862467041776926,,4,0,263584000.0,258526000.0,"min(depreciation & amortization, capex)",False,False,False,False,False,False,False,False,False,False,False,,0,,substitution risk unassessed (cannot be automated),0.0,no moat evidence
DELL,281052572695.9081,19975000000.0,5110000000.0,0.016975189196911267,0.045,0.08351009311816204,40142647058.82353,90181500631.08206,82673788930.32648,96844917998.9511,51100000000.0,40142647058.82353,,-6.0013462810278595,11,2026-01-30,0.10953789231925978,0.38046967796577313,0.046085010638196394,0.19999471542567246,0.029615519971923472,-0.00012413052873988127,0.07177332699184415,0.03990362660920231,2.4568144205394282,,0.08351009311816204,0.05549088853532669,0.8,-0.06406903477118986,1.7869923063159778,5.223717948717948,0.2556473794765231,-0.015453965135184045,False,0.18266062228048136,-0.39542782495101236,5,10,6332000000.0,5110000000.0,"min(depreciation & amortization, capex)",False,False,False,False,True,True,False,False,False,False,True,altman_distress,1,accruals,substitution risk unassessed (cannot be automated),0.0,ejected
DGX,22962867502.014954,5251000000.0,953000000.0,0.03377771586727482,0.045,0.03946928376595915,5960764705.882355,13879716320.527657,12710661639.445679,15149095721.09071,9530000000.0,5960764705.882355,0.15615732240042263,-2.852335838613819,11,2025-12-31,0.10287657500611917,0.09542701374965962,-0.0003780546757376859,0.3321250566379701,0.026055200321926056,-0.0052476582966889136,0.14100589034888988,0.02953214216184952,1.0941807752798594,-0.10854154153259093,0.03946928376595915,0.03178135709578789,0.7,0.22146000517732323,2.4698965192850424,,,-0.02462629317629872,False,0.06958653927454131,0.37829044661342803,10,10,1035000000.0,953000000.0,"min(depreciation & amortization, capex)",False,False,False,False,False,False,False,False,False,False,False,,0,,substitution risk unassessed (cannot be automated),0.0,no moat evidence
DHR,140881745464.29456,13803000000.0,4353333333.333333,0.02814326209262956,0.045,0.05462779454135891,37412686274.5098,67753963562.08597,62069468082.06404,73923089171.4029,43533333333.33333,37412686274.5098,0.22655634142601117,-2.765614274008461,11,2025-12-31,0.06574464134009139,0.06012723705399316,0.0012288155859091687,0.5911348095083034,0.025706460832786347,0.006314531758786256,0.19089873005535657,0.040600114650389485,1.1954743829537535,0.04883328544718156,0.05462779454135891,0.019706835895877406,0.7,0.24415163865780798,2.537316176470588,17.69811320754717,,0.0010675457099174057,False,0.042482820504954444,-1.0,10,2,3614000000.0,4353333333.333333,"min(depreciation & amortization, capex)",False,True,False,False,False,False,False,False,False,False,False,,1,structural_decline,substitution risk unassessed (cannot be automated),0.0,no moat evidence
DINO,14074103311.574303,1791000000.0,1184666666.6666667,0.07467122296029421,0.045,0.1,12146254901.960787,22451848569.358917,20591274826.628616,22451848569.358917,11846666666.666666,11846666666.666666,-0.006674865482763697,-0.1880222266382361,6,2025-12-31,0.0708281128153666,0.06761790955599538,0.017675274503982014,,0.019704782238270636,0.008032320182598635,0.034500725743421785,0.058289310838859236,1.2514003393880757,0.18846319817029222,0.19160863485165702,0.19160863485165702,0.4,,0.9754901960784313,4.271889400921659,3.690924656848053,0.0285504001833099,False,0.030418539915588922,0.6010302997187476,6,6,1039000000.0,1184666666.6666667,"min(depreciation & amortization, capex)",False,True,False,True,False,False,False,False,False,False,False,,2,structural_decline;dilution,substitution risk unassessed (cannot be automated),0.0,no moat evidence
DPZ,9960599305.97992,-110975000.0,568330666.6666666,0.05770074563368075,0.045,0.08344113385549035,6797218137.254902,10026927240.543316,9192158399.4814,10771024815.973103,5683306666.666666,5683306666.666666,0.08190997475718703,-0.7526063417271027,11,2025-12-28,0.9459888483853945,,-0.018769053870061236,0.3995065581051313,0.036419731180698585,0.008894599595223665,0.1931123802984376,0.008031228688983786,0.9811991176172453,,0.08344113385549035,0.037099536577790415,0.9,,-0.10642011275401539,4.867909701385912,-3.0513236929713146,-0.047214122296531325,False,0.06791109919490387,0.04324056157567885,10,10,601704000.0,568330666.6666666,"min(depreciation & amortization, capex)",True,False,False,False,False,True,False,False,False,False,True,altman_distress,0,,substitution risk unassessed (cannot be automated),0.0,ejected
DAR,9667551782.294693,3848789000.0,429599000.0,0.03178367628631706,0.045,0.06108852955880684,1205316882.3529415,6877409815.888966,6301381597.160566,7502409185.926553,4295990000.0,1205316882.3529415,0.140073371610064,-7.020755308282354,11,2026-01-03,0.05963104012174428,0.03184830590400317,0.003692791765206573,0.24013812532422016,0.014639967561095483,0.002370934020113752,0.04456412669289166,0.052649673624737374,0.9657363912683061,-0.021689308150003042,0.06108852955880684,0.11428147751196249,0.7,,4.922077540079597,1.230165692665524,2.7048062176625622,-0.003046534063231965,False,0.0678413251244361,-0.052620638930638564,0,8,190831000.0,429599000.0,"min(depreciation & amortization, capex)",False,False,True,False,False,False,False,False,False,False,True,leverage,0,,substitution risk unassessed (cannot be automated),0.0,ejected
DASH,83579568445.33923,-4378000000.0,611000000.0,0.007714493689877873,0.045,0.1,11566235294.11765,11579695674.629965,10620091940.689438,11579695674.629965,6110000000.0,6110000000.0,,-12.679143771741282,8,2025-12-31,-0.17424354839608086,0.1268983596184213,0.21343460119367208,,,,0.05270831814536706,0.30362525708724214,,0.2176623063475797,0.7340128323407016,0.3658171522120788,1.0,2.2610169491525425,-2.9782312925170067,,1.4595317177008744,0.06887640035739784,False,0.8385846672283066,,0,4,1425000000.0,611000000.0,"min(depreciation & amortization, capex)",False,False,False,True,False,False,False,False,False,False,False,,1,dilution,substitution risk unassessed (cannot be automated),0.0,no moat evidence
DVN,48708212680.62396,7005000000.0,3092333333.3333335,0.05550448779646108,0.045,0.02475173628209304,29375392156.862747,42215699144.60191,38646865082.42746,46092747269.69949,30923333333.333332,29375392156.862747,0.05737077808810634,-0.6581297849753007,11,2025-12-31,0.08293908360434463,0.13604209498313802,0.06761178954834526,,0.31895581639078663,0.22900874436329022,0.2360895984749196,0.6508481668364763,5.653053210288632,0.31012734342524373,0.02475173628209304,0.29142826541130273,0.6,-0.2998201977824393,0.9268324953691452,7.9738430583501,,-0.012253461995733739,True,0.04831370914521899,0.15525114155251146,6,8,2645000000.0,3092333333.3333335,"min(depreciation & amortization, capex)",False,False,False,False,False,False,False,False,False,False,False,,0,,substitution risk unassessed (cannot be automated),0.0,no moat evidence
DLB,4710986054.827366,-701893000.0,288916333.3333333,0.07206525999326654,0.045,0.03347422799408295,4100908686.27451,4098517945.8660135,3752787128.3139496,4473995202.564714,2889163333.333333,2889163333.333333,0.06530293859481742,-0.630571037807035,11,2025-09-26,0.1246682582815931,0.11659069017516727,-0.00032155687773862096,0.8813072127963947,0.009927835468987109,-0.0009066019052384725,0.19639248997502093,0.031206837553918676,1.3879291417942055,0.02246343704702113,0.03347422799408295,0.03035073110512565,0.6,-0.06429342310851949,-1.9895715816387272,,9.766354553562696,-0.006322540565303014,False,0.3161559645711709,-0.14473999356114775,10,10,306497000.0,288916333.3333333,"min(depreciation & amortization, capex)",False,False,False,True,False,False,False,False,False,False,False,,1,dilution,substitution risk unassessed (cannot be automated),0.0,no moat evidence
DLTR,24004528490.84436,1713900000.0,-915333333.3333334,-0.03559056237278214,0.045,0.022684936857535476,,,,,,,,,11,2026-01-31,0.13852025210878224,0.22729775881921085,0.013927953290017281,0.36351871806637553,0.03100628900439799,0.00705051170720265,0.08523023144305181,0.04377782815768425,2.9267780715862934,,0.022684936857535476,-0.0533172843938553,0.9,0.034504212800077205,0.74478532939336,,2.257734415499533,-0.007976020788959315,False,0.07473710682451123,0.38592978240555337,0,7,1282500000.0,-915333333.3333334,"min(depreciation & amortization, capex)",True,False,False,False,False,False,False,False,False,False,False,,0,,substitution risk unassessed (cannot be automated),0.0,pass
DOC,14925936285.307255,9380437000.0,368285333.3333333,0.015151801093911236,0.045,0.0,-5047668372.54902,4506816671.652035,4123557088.6008234,4923526550.600895,3682853333.333333,,0.28140799493378454,,11,2025-12-31,0.024448818293431554,0.033779984679780176,0.002119701297275211,,0.7175340336684708,-0.07605827976337193,0.975964794060819,0.4890063047244282,0.89278863401035,0.03754850514385382,-0.11016028646781029,0.06711235989942899,0.8,2.0243405599783824,5.690849019344952,1.9315678063294208,,0.0416571604669449,True,0.06309798700469038,0.35176387443805335,10,10,235263000.0,368285333.3333333,"min(depreciation & amortization, capex)",False,False,True,True,False,False,False,False,False,False,True,leverage,1,dilution,substitution risk unassessed (cannot be automated),0.0,ejected
DOCN,13618482551.979568,1041287000.0,123842000.0,0.008447745345579263,0.045,0.1,415677705.88235307,2347058382.54914,2152558798.885206,2347058382.54914,1238420000.0,415677705.88235307,,-31.762119207408084,7,2025-12-31,-0.004239201002407413,0.15503601136483713,0.05964639724443501,0.5985975569846477,0.03836068783947049,0.011245354256352785,0.1741560880692502,0.1019912558767177,2.0354423065313196,0.1867247943682125,0.23437937423558797,0.23139378336961025,1.0,0.24941626148346097,3.5365238182571543,17.157267759562842,-0.20676139521876358,0.03102569115173437,False,1.005720157198394,,0,5,267625000.0,123842000.0,"min(depreciation & amortization, capex)",False,False,True,True,False,True,True,False,True,False,True,leverage;altman_distress;restatement,2,dilution;late_filing,substitution risk unassessed (cannot be automated),0.0,ejected
DOV,28996642523.192413,1651164000.0,1766391000.0,0.05763515241011789,0.045,0.01524475110985124,19129906588.235294,23124102615.47394,21164705431.337112,25253408592.144638,17663910000.0,17663910000.0,0.06684728863082648,-0.6415755358350679,11,2025-12-31,0.12664733001047895,0.12109901416798824,0.002940653910545266,0.397669541607976,0.009083963860583757,0.001998777950070491,0.16970638873603952,0.019566180666213222,0.8069636457192078,0.11030581236341286,0.01524475110985124,0.03899422656407947,0.6,-0.06342654423513716,0.9419409015036471,12.511031957147543,,-0.014331210646761239,False,0.03643949717318439,0.023824012170222952,10,8,1253270000.0,1766391000.0,"min(depreciation & amortization, capex)",False,False,False,False,False,False,False,False,False,False,False,,0,,substitution risk unassessed (cannot be automated),0.0,no moat evidence
DOW,20923124440.03387,14255000000.0,9000000.0,0.0002558408142350449,0.045,0.0,-14149117647.058823,110135664.86004052,100769730.52798033,120319043.2655696,90000000.0,,,,9,2025-12-31,0.057683332536495185,-0.05293858659212356,-0.0027891546929174004,0.06337570056044836,0.040376986176763725,-0.011241298830428901,-0.04118294635708567,0.06326372783559131,1.002712249274631,-0.585889390478654,-0.01118142191141902,0.00729257790550264,0.375,-0.1026518590952481,11.99915824915825,-1.9028901734104047,,-0.005683757256250699,True,0.11568220418946971,0.5101772816808929,8,6,-2089000000.0,9000000.0,"min(depreciation & amortization, capex)",False,True,True,False,False,False,False,False,False,False,True,leverage,1,structural_decline,substitution risk unassessed (cannot be automated),0.0,ejected
DIS,166045227132.35107,36331000000.0,6710000000.0,0.03315606825505132,0.045,0.06956081284707927,42610176470.58824,111458432426.06061,102144129428.57529,121561668677.20021,67100000000.0,42610176470.58824,0.16244998711594671,-2.896844389906813,9,2025-09-27,0.07710243459650981,0.12004787961696306,-0.007796798259523021,,,,0.18587238549113053,0.0566845538845585,0.9120392400893151,0.43112815596037074,0.06956081284707927,0.07626145769160764,0.875,-0.060611720085623544,1.588101586746514,,,0.017364153715741848,False,0.14934178840905443,0.6921335597057159,6,4,12404000000.0,6710000000.0,"min(depreciation & amortization, capex)",False,False,False,False,False,False,False,False,False,False,False,,0,,substitution risk unassessed (cannot be automated),0.0,no moat evidence
ACN,82752928785.57124,-6330076000.0,7882616000.0,0.10314474941307412,0.045,0.0778735399214352,99066734823.52942,135753189215.41226,124434127878.93634,148027506138.52814,78826160000.0,78826160000.0,-0.03443623226113143,-0.04981555343519517,11,2025-08-31,0.5765848223637238,0.31362046094562696,-0.12685881517322245,0.31913952808418106,0.010776594751457456,0.002967756237424405,0.14676657206710142,0.005541308971031778,1.3044050048147926,0.17341621845187527,0.0778735399214352,0.09465969836955224,1.0,0.025732399987939303,-0.5835162599508839,44.7404957231301,,-0.007043643251734233,False,0.18756187252789328,-0.05191444001648238,7,10,7700887000.0,7882616000.0,"min(depreciation & amortization, capex)",True,False,False,False,False,False,False,False,False,False,False,,0,,substitution risk unassessed (cannot be automated),-0.04981555343519517,pass
EEFT,2942824050.1187897,980500000.0,320433333.3333333,0.0816739400671304,0.045,0.09125636926227276,2789303921.5686274,5847853197.595375,5362055379.754156,6072864949.275389,3204333333.333333,2789303921.5686274,-0.06426358374650615,-0.05503886735434227,11,2025-12-31,0.16223126288131123,0.1617068507128748,-0.003870048042862553,,0.023137912464978823,-0.000191633788976195,0.12482917864379624,0.04059218794543358,1.81743434116947,0.41776697328720336,0.09125636926227276,0.11320287517825278,0.9,-0.09723578229081098,1.4671554691007034,6.269822485207101,2.3616037814954707,-0.016511610861266734,False,0.08412770362489588,0.025449869901254696,0,7,322500000.0,320433333.3333333,"min(depreciation & amortization, capex)",True,False,False,False,False,False,False,False,False,False,False,,0,,substitution risk unassessed (cannot be automated),-0.05503886735434227,pass
EMR,77786690734.86328,7380000000.0,6841666666.666667,0.08033265831551216,0.045,0.010376353177747433,73110196078.43138,87659241672.24283,80222861967.06906,95741805488.29263,68416666666.666664,68416666666.666664,-0.01655809159842856,-0.13695528479702723,11,2025-09-30,0.16953484409609815,0.08090521292748175,-0.016887009216390688,0.528363676731794,0.055234176150568845,0.011110581094131143,0.16285523978685612,0.030644499415513338,0.6984526604622218,0.015573976387842251,0.010376353177747433,0.014255579608092983,0.7,-0.0863814500326584,1.6576819407008085,,,-0.01755433389628891,True,0.07371106881049776,0.4506019830028329,10,10,3380000000.0,6841666666.666667,"min(depreciation & amortization, capex)",True,False,False,False,True,False,False,False,False,False,False,,1,accruals,substitution risk unassessed (cannot be automated),-0.06847764239851362,pass
UFPI,4790653091.363602,-684441000.0,407888000.0,0.09933437214748142,0.045,0.08150446891287966,5483123352.941177,7136113203.089502,6541696431.316933,7730309180.578507,4078880000.0,4078880000.0,-0.00925178936892972,-0.1745020915946538,11,2025-12-27,0.14979991568813336,0.11548175104164597,0.00933220412539974,0.16773614976275814,0.021533421966547176,0.005361297517451246,0.0575761473704829,0.0190538353413516,0.999587473000213,0.01642191274535977,0.08150446891287966,0.04164391317657845,0.6,0.16711673368419322,-1.3627197811496414,33.33342493358981,9.01741108066325,-0.005250540819010552,False,0.05096224887237165,-0.4325555180074394,10,7,294792000.0,407888000.0,"min(depreciation & amortization, capex)",True,True,False,False,False,False,False,False,False,False,False,,1,structural_decline,substitution risk unassessed (cannot be automated),-0.0872510457973269,pass
SWKS,9081512206.5909,-165500000.0,808300000.0,0.09065712128595875,0.045,0.022913620443790084,9674911764.705883,10945687971.730022,10019942756.374,11951446080.024036,8083000000.0,8083000000.0,-0.019225582987565902,-0.12353237740825196,11,2025-10-03,0.22728815688266282,0.08099906511697351,-0.03271597893044988,0.41158335168465093,0.03457602370055996,-0.008509118044411132,0.12234211749736965,0.07505590510756147,1.1463419407234905,-0.18152399755040222,0.022913620443790084,0.04021275962874182,0.5,-0.00624851930822079,-0.21253371002953642,18.45018450184502,7.0056697028840755,-0.022582758010534665,False,0.13620417395757756,0.2671336405529954,10,10,560800000.0,808300000.0,"min(depreciation & amortization, capex)",True,False,False,False,False,False,False,False,False,False,False,,0,,substitution risk unassessed (cannot be automated),-0.12353237740825196,pass
FOX,20470156785.0,1251000000.0,1750666666.6666667,0.08059730354120119,0.045,0.0640303587190798,19345078431.37255,28388021978.17962,26012194600.45649,30965571739.267853,17506666666.666668,17506666666.666668,-0.010255049747709244,-0.16927780569306927,9,2025-06-30,0.13633977546622145,0.19638900666888484,-0.011755250264169409,,,,0.21251533742331288,0.04130177735535249,1.1107824684054854,,0.0640303587190798,0.05787734376570852,0.875,0.08025287558170158,0.3250194855806703,8.595533498759306,,-0.04166882127210736,True,0.04363350278382958,0.5152249659142554,9,6,2347000000.0,1750666666.6666667,"min(depreciation & amortization, capex)",True,False,False,False,False,False,False,False,False,False,False,,0,,substitution risk unassessed (cannot be automated),-0.16927780569306927,pass
AMG,9677652161.573944,2105300000.0,626400000.0,0.05316154995882854,0.045,0.0,5264111764.705883,7665442274.258821,7013573244.747429,8374205411.283642,6264000000.0,5264111764.705883,0.052944737400853925,-0.8384207239784269,10,2025-12-31,0.17955160552440624,0.16917117353144825,0.0002939717867220061,,,,0.5718762051677594,0.174353023796093,1.962379451923995,0.30928938277934115,-0.006239104598863787,0.004584164929612555,0.4444444444444444,-0.09470441150205389,1.7746775689117424,,4.272726149201741,-0.05891995427802443,True,0.08342740365901129,0.32228233924683664,9,10,710500000.0,626400000.0,"min(depreciation & amortization, capex)",True,True,False,False,True,False,False,False,False,False,False,,2,structural_decline;accruals,substitution risk unassessed (cannot be automated),-0.20960518099460673,pass
CBT,4507582116.686394,858000000.0,385333333.3333333,0.07181575548624768,0.045,0.026051537948488024,3675333333.333334,5290666470.074661,4843546939.955545,5776378899.940506,3853333333.333333,3675333333.333334,-0.010156935396579476,-0.22644171504255195,11,2025-09-30,0.14044635785796963,0.16842751300973155,0.02284929524530691,0.25316455696202533,0.020647982777900628,0.00119855767179859,0.1672502019929976,0.07992230198151459,1.5978407557354926,0.501399545407345,0.026051537948488024,0.07271381365161012,0.6,-0.21666167216062326,1.1070967741935485,8.171052631578947,,-0.015556030629160889,False,0.08445945945945946,-0.14618369987063384,10,10,331000000.0,385333333.3333333,"min(depreciation & amortization, capex)",True,False,False,False,False,False,False,False,False,False,False,,0,,substitution risk unassessed (cannot be automated),-0.22644171504255195,pass
ALL,64769680354.41726,6812000000.0,5265666666.666667,0.07356165209583161,0.045,0.06620234999056351,55137019607.84315,86197463311.85623,78987671550.64636,94018830554.11401,52656666666.666664,52656666666.666664,0.0011600213287671487,-0.23003760880706325,11,2025-12-31,0.15956007355237137,0.274330607663941,,,,,0.19437098323114427,0.09701303469873535,1.6393354313742168,,0.06620234999056351,0.10061905384493608,1.0,0.008858717893165835,0.49948672825927554,,2.79710453726491,-0.041197198366909604,True,0.019975441448608636,-0.22980440856876744,10,10,10536000000.0,5265666666.666667,"min(depreciation & amortization, capex)",True,False,False,False,False,False,False,False,False,False,False,,0,,substitution risk unassessed (cannot be automated),-0.23003760880706325,pass
MMS,2975360812.809162,1111922000.0,262580000.0,0.06424316887911422,0.045,0.09969426406587067,1977254470.5882354,4969869037.747216,4557982897.444805,4976426334.278783,2625800000.0,1977254470.5882354,-0.01731612963991075,-0.5047940753543922,11,2025-09-30,0.17966788698638414,0.13599455157219034,-0.016539793300059474,0.2455119202191161,0.017403794005046193,-0.0018748042975214882,0.09726793482783788,0.022798374894117894,1.0367966612522221,0.10299897212260443,0.09969426406587067,0.09427525593181763,0.9,0.19908515093623946,1.9508841002319468,6.283170789724072,3.244460670142409,-0.014859362041819923,False,0.11059068015217022,0.5400022760896779,0,9,319034000.0,262580000.0,"min(depreciation & amortization, capex)",True,False,False,False,False,False,False,True,False,False,False,,1,auditor_change,substitution risk unassessed (cannot be automated),-0.2523970376771961,pass
GNTX,5153434884.069366,-141849790.0,405910794.0,0.08099449303581588,0.045,0.05082717500953415,4917270895.882354,6213374097.87591,5691561064.461388,6779747709.427299,4059107940.0,4059107940.0,0.008309557308773814,-0.26959789201106243,11,2025-12-31,0.21889208919063302,0.16855335901022794,-0.007766793493328829,0.3419956413347784,0.02674212744733759,-0.007276894481615088,0.18701083450311676,0.04363650235770968,0.9473983443100866,0.0722661876933013,0.05082717500953415,0.08464172427386996,0.9,-0.09183293303277651,-0.2454244076670124,,10.34762991505902,-0.030268672196115953,False,0.0764603123194908,0.23562988252896577,10,10,384841367.0,405910794.0,"min(depreciation & amortization, capex)",True,False,False,False,False,False,False,False,False,False,False,,0,,substitution risk unassessed (cannot be automated),-0.26959789201106243,pass
YETI,3705339566.3701973,-115822000.0,176275333.33333334,0.04910836347057831,0.045,0.09598834213182061,2189649450.9803925,3283443905.6141624,3011039304.555501,3340776947.535116,1762753333.3333333,1762753333.3333333,0.12410424636054354,-1.1020181872885586,10,2026-01-03,0.3060796909400463,0.3000045280431597,0.015142113321535582,0.5740901496071168,0.04708026209883719,0.010422942285855866,0.11429365039438179,0.03925232682893167,1.2905301622258538,-0.006342284063908794,0.09598834213182061,0.1134635602079519,0.8888888888888888,,-0.4325121644279638,,6.116448007345841,-0.0015672649787878967,False,0.24311897936169347,0.6664565868363312,4,4,176952000.0,176275333.33333334,"min(depreciation & amortization, capex)",True,False,False,True,True,False,False,False,False,False,False,,2,dilution;accruals,substitution risk unassessed (cannot be automated),-0.27550454682213965,pass
FOXA,22725022837.737717,1251000000.0,1750666666.6666667,0.07301739235546427,0.045,0.0640303587190798,19345078431.37255,28388021978.17962,26012194600.45649,30965571739.267853,17506666666.666668,17506666666.666668,0.013327787737885684,-0.2980782275935481,9,2025-06-30,0.13633977546622145,0.19638900666888484,-0.011755250264169409,,,,0.21251533742331288,0.04130177735535249,1.1107824684054854,,0.0640303587190798,0.05787734376570852,0.875,0.08025287558170158,0.3250194855806703,8.595533498759306,,-0.04166882127210736,True,0.04363350278382958,0.5152249659142554,9,6,2347000000.0,1750666666.6666667,"min(depreciation & amortization, capex)",True,False,False,False,False,False,False,False,False,False,False,,0,,substitution risk unassessed (cannot be automated),-0.2980782275935481,pass
EXP,6480326720.25,1462161000.0,464797000.0,0.05852032969657143,0.045,0.07278488811885975,4006039000.000001,7829665807.325296,7175928391.568799,8538697559.069795,4647970000.0,4006039000.000001,0.029535626246114326,-0.617639448904516,11,2026-03-31,0.16141108641685664,0.15667628713612491,0.006616214301996236,0.2826503535820377,0.030174458238388574,0.007609676192952395,0.25489180294352826,0.023892090260647137,1.0839514713022147,0.12964017644268347,0.07278488811885975,0.07306833082953701,0.9,0.07157314535960202,1.9412549588159382,12.659911363538574,4.117440987561633,-0.04320535972001094,True,0.05193186585898046,0.41335149209345173,10,9,423809000.0,464797000.0,"min(depreciation & amortization, capex)",True,False,False,False,True,False,False,False,False,False,False,,1,accruals,substitution risk unassessed (cannot be automated),-0.308819724452258,pass
REGN,69667635592.27734,-1132200000.0,4290366666.6666665,0.06260070618344636,0.045,0.1,51607101960.78432,81311195306.99933,74572976201.75003,81311195306.99933,42903666666.666664,42903666666.666664,0.06435003440189935,-0.6238154219672913,11,2025-12-31,0.22491921062544665,0.1022894421427882,-0.012429389565878765,,0.011706286999566698,-0.0011166661141105508,0.24945443390109392,0.09640444576120141,0.8604446554579972,-0.011193447188510626,0.1333024830413807,0.11038413551359794,0.8,0.29576369403440284,-0.2746991459627329,81.68721461187215,9.206733573170894,-0.005908349001838675,False,0.22665725276421475,0.43589856718986114,1,8,4504900000.0,4290366666.6666665,"min(depreciation & amortization, capex)",True,False,False,True,False,False,False,False,False,False,False,,1,dilution,substitution risk unassessed (cannot be automated),-0.31190771098364567,pass
RJF,32763734724.50268,-11389000000.0,1983000000.0,0.09277308118948539,0.045,0.1,34718411764.70589,37581892835.99219,34467499702.7613,37581892835.99219,19830000000.0,19830000000.0,0.06833341999275527,-0.6522306971509169,11,2025-09-30,0.47515853658536583,,0.2427132794720551,,,,,0.03875689479607475,0.908169841026296,,0.11600371987704583,0.14267258577581754,1.0,0.018073040009971342,,,,-0.0073882138019014665,True,0.13807262133711598,0.4308360939094216,6,6,2142000000.0,1983000000.0,"min(depreciation & amortization, capex)",True,False,False,False,True,False,False,False,False,False,False,,1,accruals,substitution risk unassessed (cannot be automated),-0.32611534857545843,pass
ADBE,88896899757.38525,779000000.0,6647666666.666667,0.07412991321694766,0.045,0.1,77428843137.25491,125986836246.12408,115546368561.46722,125986836246.12408,66476666666.666664,66476666666.666664,0.02006553282069224,-0.337264700757939,11,2025-11-28,0.3252843379114037,0.5730641995553359,0.04149242272549689,0.8926753334174765,0.015529782785069316,0.004206486641749265,0.36627540073204595,0.05249970054947297,1.3826345125957344,,0.17359324714668167,0.13057654594156753,1.0,0.151911198639334,0.08179336413271734,33.10266159695818,7.670744412278957,-0.017057879410834698,False,0.1971955942775076,0.5478189549113983,0,10,7769000000.0,6647666666.666667,"min(depreciation & amortization, capex)",True,False,False,False,False,False,False,False,False,False,False,,0,,substitution risk unassessed (cannot be automated),-0.337264700757939,pass
FCN,4728394603.378464,99909000.0,278117666.6666667,0.057601528303245476,0.045,0.07852344273891254,3172063549.0196085,4803228822.44405,4402807971.664307,5237432975.886787,2781176666.6666665,2781176666.6666665,0.07490707585732062,-0.7001417637541174,11,2025-12-31,0.15968716993995932,0.15491633332623847,0.01098546116247595,0.32133041706245447,0.012152609204274,-0.0022418853846600997,0.1026898085623184,0.01901405971416304,1.005655412545662,0.12921495862638088,0.07852344273891254,0.09010822077481628,0.9,0.04614154613580812,0.22975984325305113,18.184567208824078,4.544365559922099,-0.023548439129435828,False,0.12261172541989503,0.7840016431978456,0,10,270871000.0,278117666.6666667,"min(depreciation & amortization, capex)",True,False,False,False,True,False,False,False,False,False,False,,1,accruals,substitution risk unassessed (cannot be automated),-0.3500708818770587,pass
DAL,57414734971.60248,8998000000.0,4357000000.0,0.06560488740394468,0.045,0.045250898556193686,42260823529.411766,65085401027.147125,59611505274.014626,71027875981.39319,43570000000.0,42260823529.411766,0.016735193893871708,-0.35858059963370614,11,2025-12-31,0.16821747010144603,0.15782568920112441,-0.014492394206929163,,,,0.09188182564232056,0.2591749507873417,0.7622206703910615,1.6900321277344181,0.045250898556193686,0.29955509431200555,0.8,-0.6363307592486225,1.0886872353297035,,,-0.020437457099399703,False,0.10684837379752633,0.6672619047619048,8,5,5005000000.0,4357000000.0,"min(depreciation & amortization, capex)",True,False,False,False,False,False,False,False,False,False,False,,0,,substitution risk unassessed (cannot be automated),-0.35858059963370614,pass
FHI,4519839429.12011,-234173000.0,328764000.0,0.07671245661261102,0.045,0.06869454516051254,4101984764.7058825,5440484021.162605,4985730582.101139,5933770243.525671,3287640000.0,3287640000.0,0.026346966988379683,-0.3747975536007926,11,2025-12-31,0.353993713545033,0.4036768466733469,-0.01792681808588041,,,,0.2853848832346752,0.02964308381972948,1.0597174762051815,0.5772080861726352,0.06869454516051254,0.04451985835526573,0.8,0.09147226530529196,-0.44845092324132196,40.36145146088596,6.706550449867632,-0.028687310381645625,False,0.09540237519214104,0.3957952170233785,10,10,408837000.0,328764000.0,"min(depreciation & amortization, capex)",True,False,False,False,False,False,False,False,False,False,False,,0,,substitution risk unassessed (cannot be automated),-0.3747975536007926,pass
NKE,65706956072.452,497000000.0,4778000000.0,0.07217091369541531,0.045,0.04230057752367489,55714764705.882355,70457438814.4025,64527257507.777695,76895907479.453,47780000000.0,47780000000.0,0.02641309637228273,-0.37519790859045643,11,2025-05-31,0.33700815631442144,0.2347921225382932,4.918825121055786e-05,0.42734673605562634,0.01146105755906543,-0.001964726655510648,0.08389297976635211,0.0239454070684132,0.9656755094869993,0.14801915542011318,0.04230057752367489,0.04364258812735411,0.8,-0.04381726615026715,0.10665236051502146,,,-0.017164705459658647,True,0.11668523866918336,0.06718679986293785,10,10,3564000000.0,4778000000.0,"min(depreciation & amortization, capex)",True,False,False,False,False,False,False,False,False,False,False,,0,,substitution risk unassessed (cannot be automated),-0.37519790859045643,pass
OSK,9124490330.722687,621100000.0,661700000.0,0.06789737486850952,0.045,0.05505937968777097,7163605882.3529415,10317936419.931278,9452368765.798847,11257283958.375313,6617000000.0,6617000000.0,0.02703143378852768,-0.3789467025423434,11,2025-12-31,0.14089314363786892,0.14089314363786892,0.002633157507736348,0.17452961438454084,0.015112797218486873,-0.00026864253108585024,0.09014325053011331,0.016047178766250083,0.890824228280471,0.17745350006714952,0.05505937968777097,0.08734764340365353,0.8,-0.1819613457408733,0.5337744929529048,7.988945578231292,,-0.019968836772784382,False,0.07413846483602848,0.37434286059580635,10,10,705700000.0,661700000.0,"min(depreciation & amortization, capex)",True,False,False,False,False,False,False,False,False,False,False,,0,,substitution risk unassessed (cannot be automated),-0.3789467025423434,pass
ZTS,31676875572.573853,6730000000.0,2501000000.0,0.06511854876802191,0.045,0.07106282835046285,22693529411.76471,41815928625.38466,38322887849.02077,45604640069.39844,25010000000.0,22693529411.76471,0.007769532467787894,-0.3958549592621774,11,2025-12-31,0.24800770018297466,0.2832331705169892,0.016161406024659347,0.7183901975282561,0.024551410579546518,0.007080924879211823,0.3783669589098975,0.06607833460469803,0.8651063363297522,0.379219642808121,0.07106282835046285,0.0723886810840868,1.0,0.06629392971246006,1.6539690341607274,16.135135135135137,6.6638967992394464,-0.01224294733438136,True,0.04054995881644808,0.38444904946391567,0,10,2673000000.0,2501000000.0,"min(depreciation & amortization, capex)",True,False,False,False,False,False,False,False,False,False,False,,0,,substitution risk unassessed (cannot be automated),-0.3958549592621774,pass
BBY,17451518676.010223,-562000000.0,1217333333.3333333,0.0720762596427586,0.045,0.005341816558090295,14883568627.450981,15253589601.338154,13958042364.94897,16661954557.877895,12173333333.333332,12173333333.333332,0.03586888197497609,-0.4335858715232934,11,2026-01-31,0.4394672886554652,0.4394672886554652,0.03131755744683132,0.22482070470845025,0.007075000215565688,-0.0015865793393524466,0.033316543138806935,0.008419944069575542,1.229086314669504,-0.36875092641982277,0.005341816558090295,-0.024772266419715416,0.6,0.017700972504022916,-0.2531531531531532,29.5531914893617,,-0.04904385256678634,False,0.07812584537142239,0.2068142539708666,10,10,1196000000.0,1217333333.3333333,"min(depreciation & amortization, capex)",True,False,False,False,False,False,False,False,False,False,False,,0,,substitution risk unassessed (cannot be automated),-0.4335858715232934,pass
MO,119881493289.48108,21235000000.0,8870333333.333334,0.06285823241892119,0.045,0.0,83121862745.09805,108548895466.31622,99317899965.92906,118585557790.37306,88703333333.33333,83121862745.09805,0.02246521052208148,-0.4422378100104698,11,2025-12-31,0.3423870369048469,0.41303520474595,0.01701346043742524,0.6246831908587138,0.06341365148322904,0.018918426664434666,0.4252330426564715,0.05298441276424923,1.0872760988457248,,-0.00881444250269936,-0.023013503096606436,0.2,0.04153723616089211,2.08903098868667,8.41036533559898,4.5009950328801756,-0.016340201315541814,False,0.0,0.287465564738292,10,9,6997000000.0,8870333333.333334,"min(depreciation & amortization, capex)",True,False,False,False,False,False,False,False,False,False,False,,0,,substitution risk unassessed (cannot be automated),-0.4422378100104698,pass
ALSN,9472118314.079842,1395000000.0,675666666.6666666,0.062175329939239535,0.045,0.042458380710233445,6554019607.843138,9970424758.561928,9131279248.167639,10881490148.800821,6756666666.666666,6554019607.843138,0.030782053939638704,-0.445238018931869,11,2025-12-31,0.2053835942128987,0.2090406337411654,0.010898926176864537,0.48604651162790696,0.0192080187036228,-0.0009225937853682746,0.292358803986711,0.03629948952640657,1.1749035458386918,0.9096228980309445,0.042458380710233445,0.07661117422411223,0.6,-0.22868791697553748,1.399197592778335,,3.329377031108656,-0.07072433171946724,False,0.02830336200156372,0.07192575406032486,10,10,623000000.0,675666666.6666666,"min(depreciation & amortization, capex)",True,False,False,False,False,False,False,False,False,False,False,,0,,substitution risk unassessed (cannot be automated),-0.445238018931869,pass
TSCO,15959001974.929321,1570865000.0,1101517666.6666667,0.06283662438751096,0.045,0.09566059834578255,11388166372.549023,20488724944.12638,18788761130.81743,20876005499.55564,11015176666.666666,11015176666.666666,0.03827640191433124,-0.44881942958058074,11,2025-12-27,0.2970253532938911,0.2770340428560438,0.00609167137003828,0.3642418993089817,0.008335971738934439,0.0022788113637820257,0.09452361839175173,0.0055632734095504,0.7275764502134366,0.1465981441174913,0.09566059834578255,0.07888014810034849,1.0,0.27160437508403734,0.800889670643418,21.222217401365267,4.004283853801149,-0.01727723036546447,False,0.07005043129390758,0.04145147694154988,10,10,1096087000.0,1101517666.6666667,"min(depreciation & amortization, capex)",True,False,False,False,False,False,False,False,False,False,False,,0,,substitution risk unassessed (cannot be automated),-0.44881942958058074,pass
FND,6175418904.957008,-53078000.0,220166333.33333334,0.03596113590392748,0.045,0.1,2643270156.8627453,4172600880.194991,3826819479.941862,4172600880.194991,2201663333.3333335,2201663333.3333335,0.19221471308921684,-1.8048879278955794,11,2025-12-25,0.149295597679501,0.08970121199520072,-0.003671266820441229,0.4363513238863147,0.011662796857294776,0.0026249262423449797,0.057656901407488505,0.013869469449604415,0.13835107071841873,0.006446256667012744,0.19572203768497487,0.14065534648494626,1.0,0.1859399566649198,-0.10382411047864953,79.222645937225,2.701188614549488,0.023102209872424506,False,0.6779264703616389,,1,0,208647000.0,220166333.33333334,"min(depreciation & amortization, capex)",True,False,False,True,True,False,False,False,False,False,False,,2,dilution;accruals,substitution risk unassessed (cannot be automated),-0.45122198197389485,pass
DKS,19509762632.863907,-1353226000.0,1020355333.3333334,0.05619768538270993,0.045,0.0900133073470697,13357406392.156864,18521476938.37628,16982313000.292582,19337813813.39708,10203553333.333334,10203553333.333334,0.10205340350230363,-0.9120557315194027,11,2026-01-31,0.19668262724570246,0.1946509922685909,0.09180653547484702,0.3292025847046085,0.03250446008206498,0.007007638333340579,0.06365967823634108,0.03669412051716193,0.8616155772600754,0.07490497721370282,0.0900133073470697,0.12427480353242015,0.9,0.03723942313049022,-0.8540187398353717,17.05349890294571,,-0.03111250285307543,False,0.08879578050906616,0.1946390673339451,10,9,849239000.0,1020355333.3333334,"min(depreciation & amortization, capex)",True,False,False,False,True,False,False,False,False,False,False,,1,accruals,substitution risk unassessed (cannot be automated),-0.45602786575970133,pass
EXLS,4170973899.735874,152272000.0,216494333.33333334,0.05007680302121143,0.045,0.1,2394720156.8627453,4103008993.9147277,3762994639.342497,4103008993.9147277,2164943333.3333335,2164943333.3333335,0.10381180333417811,-0.9265972626239056,11,2025-12-31,0.13875479294722687,0.23501480838594843,0.01229458936638172,0.3837160789565829,0.017065453270961543,0.003682495860158292,0.15028651435397875,0.03131296311783805,1.1936666911214242,0.4882123547366474,0.12755152548904358,0.16847736030817684,0.9,-0.033199306801056316,0.4082381138772862,17.815569814320597,7.337624439579764,-0.013014213005143938,False,0.2878865781800591,-0.5629538277964523,0,10,257669000.0,216494333.33333334,"min(depreciation & amortization, capex)",True,False,False,True,False,False,False,False,False,False,False,,1,dilution,substitution risk unassessed (cannot be automated),-0.4632986313119528,pass
COLM,3220335734.6677246,-442028000.0,218451000.0,0.07862735912014654,0.045,0.038603328599052356,3012039764.7058825,3169504973.822886,2902486640.981271,3459446584.7658567,2184510000.0,2184510000.0,0.04223041607376306,-0.47416845638963645,11,2025-12-31,0.1763033508272709,0.1260081914049214,-0.00582717098786561,0.5053119327381834,0.017044209482066298,0.004108495272543752,0.060941303974773285,0.028026846765732985,1.056661808707541,0.23751663100608136,0.038603328599052356,0.0631293483398987,0.8,-0.17779060358037102,-1.6751479872969675,,6.63999109413442,-0.02572184465195304,False,0.07434989632016213,0.1175131466792117,10,10,177224000.0,218451000.0,"min(depreciation & amortization, capex)",True,False,False,False,False,False,False,False,False,False,False,,0,,substitution risk unassessed (cannot be automated),-0.47416845638963645,pass
STLD,32941083171.95851,3441285000.0,1724537000.0,0.04740035040734859,0.045,0.0911935994941695,16847385588.235294,31463963036.09594,28850116348.767044,32683492045.236237,17245370000.0,16847385588.235294,0.10182090673203337,-0.9552638003941463,11,2025-12-31,0.14078533318232134,0.09467326767843263,0.012089496779239423,0.13160797401887628,0.0589715894708194,0.005029799975360337,0.0812026200086804,0.06947054316787767,0.7078714255685836,0.07727978135147628,0.0911935994941695,0.13647433753701965,0.6,-0.08261698349996915,1.6974083741743022,21.072569707179877,6.717434717689238,-0.04773028353973474,False,0.050044698517610356,0.3249284501551266,10,10,1185595000.0,1724537000.0,"min(depreciation & amortization, capex)",True,True,False,False,False,False,False,False,False,False,False,,1,structural_decline,substitution risk unassessed (cannot be automated),-0.47763190019707313,pass
BF-B,12008477850.058565,2126000000.0,869333333.3333334,0.06150445333427944,0.045,0.0,8101450980.3921585,10638289405.740211,9733609526.554546,11621928327.281685,8693333333.333334,8101450980.3921585,0.027425910154049542,-0.48226260692344325,11,2026-04-30,0.2250162155557938,0.13158436611199054,-0.01927832002857079,0.6053971486761711,0.04161122408344315,-0.003237355664756636,0.25483706720977595,0.03788489570661781,0.7062831188493566,-0.07230366848347637,-0.0020888349710106446,0.025637699680790327,0.6,0.011732851985559511,1.9451052150045747,9.718446601941748,6.298494735158245,-0.008962096244556683,False,0.031082529474812434,0.9985057900635039,10,6,715000000.0,869333333.3333334,"min(depreciation & amortization, capex)",True,False,False,False,False,False,False,False,False,False,False,,0,,substitution risk unassessed (cannot be automated),-0.48226260692344325,pass
DOCS,3981124546.9021797,-219178000.0,200659333.33333334,0.053339230324409764,0.045,0.1,2579876039.215687,3802903460.350462,3487758705.004007,3802903460.350462,2006593333.3333333,2006593333.3333333,0.11063719157225252,-0.9840216155252417,7,2026-03-31,0.19162624478064066,0.23035013978498386,-18.869511794640033,0.8909442780869735,0.017659606749905767,0.006134889420420443,0.3332800920505596,0.0674413832536944,1.30678306061249,0.16711045880560507,0.3302294005662063,0.25528590733718937,1.0,,-0.9558444503560791,,11.52095510086227,0.01034907816672237,False,0.2795013382119346,0.5499341609723585,0,6,210434000.0,200659333.33333334,"min(depreciation & amortization, capex)",True,False,False,True,False,False,False,False,False,False,False,,1,dilution,substitution risk unassessed (cannot be automated),-0.49201080776262085,pass
NEU,7026458447.272888,805793000.0,468054666.6666667,0.05975991320217875,0.045,0.024427258294642984,4700732490.196079,6380629167.740202,5841179985.163267,6966673112.757603,4680546666.666667,4680546666.666667,0.04637793233583165,-0.501204655711061,11,2025-12-31,0.2001109554262012,0.15718416661448206,-0.011478075038242566,0.31462268945522276,0.03410416273217431,-0.001589936252410202,0.1995197362071857,0.031039049423586405,0.8381251278521067,0.11218900650870312,0.024427258294642984,0.06267204044266395,0.5,-0.08189033897260412,1.2096324084623964,13.698259138890988,4.896302814767941,-0.03054852795415519,False,0.0,-0.14095446798149497,10,9,463532000.0,468054666.6666667,"min(depreciation & amortization, capex)",True,False,False,False,False,False,False,False,False,False,False,,0,,substitution risk unassessed (cannot be automated),-0.501204655711061,pass
KMB,37311802875.54932,6480000000.0,2130000000.0,0.04863923976944239,0.045,0.0,18578823529.411766,26065440683.542923,23848836224.955345,28475506906.184807,21300000000.0,18578823529.411766,0.08179433240274203,-1.00829739388405,11,2025-12-31,0.2488953375318481,0.20855910936058372,-0.005325316703753445,0.36012646683285704,0.02685022426180224,0.0005841882074965011,0.14294400194564358,0.030907246297902972,1.048522420061527,,-0.012178682466418622,-0.029872195796569856,0.5,0.0373983739837398,2.053231939163498,9.18359375,,-0.009426267511998043,False,0.05014447655034452,0.2853077729519245,10,10,2021000000.0,2130000000.0,"min(depreciation & amortization, capex)",True,False,False,False,True,False,False,False,False,False,False,,1,accruals,substitution risk unassessed (cannot be automated),-0.504148696942025,pass
AOS,8330361845.281189,-19500000.0,552133333.3333334,0.06643514759505097,0.045,0.04207423574689728,6515186274.509805,8133803813.741576,7449167533.106907,8877127347.727245,5521333333.333333,5521333333.333333,0.0475243112489971,-0.5087590881335167,11,2025-12-31,0.2816009248321415,0.302698626584459,0.008492103109251319,0.38833481280350896,0.018308165254521374,-0.0035917122897743234,0.1902250535220093,0.02818880909830728,1.049342253966819,0.36777760706194756,0.04207423574689728,0.05756136403417389,0.7,-0.032545861596551595,-0.023964606120191717,53.97037037037037,8.070979224132616,-0.022953460538056247,False,0.027442110931610125,0.08735590118938696,10,10,560500000.0,552133333.3333334,"min(depreciation & amortization, capex)",True,False,False,False,False,False,False,False,False,False,False,,0,,substitution risk unassessed (cannot be automated),-0.5087590881335167,pass
FDS,8788601352.437485,1030609000.0,578442666.6666666,0.05890928556419775,0.045,0.08714774083516708,5774598843.137255,10370493204.345823,9508003852.327225,10962667831.786293,5784426666.666666,5774598843.137255,0.04912329901802262,-0.5219414527612045,11,2025-08-31,0.31163029233357775,0.19262689260468469,-0.03185785822176971,0.5271743531167035,0.025290225780612807,-0.0042441807762794385,0.3223015589977896,0.02150384910207516,1.1333574007561615,0.10112375690894729,0.08714774083516708,0.09216044460399142,1.0,0.04093772185340039,1.137545061004819,12.957852084018771,4.329683084708396,-0.009512715409070505,False,0.09985237356892374,0.3099345806499371,10,10,645925000.0,578442666.6666666,"min(depreciation & amortization, capex)",True,False,False,False,False,False,False,False,False,False,False,,0,,substitution risk unassessed (cannot be automated),-0.5219414527612045,pass
TROW,25401306795.18979,-3378200000.0,1656800000.0,0.07523007609270971,0.045,0.1,22869964705.882355,31399737796.60708,28797656836.88095,31399737796.60708,16568000000.0,16568000000.0,0.05118993755212749,-0.5331546834373364,11,2025-12-31,0.29148970823499903,0.22466679053367414,-0.009731590547294045,,,,0.2992289604637174,0.061965641040297885,0.6951462896692753,-0.23666332188549571,0.11926412966257338,0.033399722000542864,0.8,0.10480784634827955,-1.5434027777777777,,,-0.018341397087280442,False,0.16566842272743343,-0.09355186190158032,10,10,1812900000.0,1656800000.0,"min(depreciation & amortization, capex)",True,False,False,False,False,False,False,False,False,False,False,,0,,substitution risk unassessed (cannot be automated),-0.5331546834373364,pass
CRUS,7586070709.273895,-800930000.0,365872000.0,0.053922536860573585,0.045,0.055006834201463795,5105306470.588236,5703759273.215826,5225266555.1360035,6223039033.433271,3658720000.0,3658720000.0,0.12090623350476087,-1.0734220463096098,11,2026-03-28,0.19716825659643517,0.28941975369593836,0.003028034306717349,0.5277776526137503,0.016549717031274072,0.003977055004164765,0.2304920598444261,0.04355197715230734,1.3125257172045537,0.4573125429841887,0.055006834201463795,0.0784420534993624,0.7,0.08063944719803229,-1.562241554185847,512.6726057906459,,-0.022016118845064048,False,0.20578885793938784,0.1805087733210926,0,10,452720000.0,365872000.0,"min(depreciation & amortization, capex)",True,False,False,True,False,False,False,False,False,False,False,,1,dilution,substitution risk unassessed (cannot be automated),-0.5367110231548049,pass
LSTR,7101853165.697632,-396694000.0,223353333.33333334,0.033310668369509876,0.045,0.03629688641146145,3024380274.5098042,3207986023.1746206,2937568148.521972,3501642156.1710453,2233533333.3333335,2233533333.3333335,0.2223036295805071,-2.1796495085653365,11,2025-12-27,0.4410490302036139,0.2901657013547275,0.0023144228151740338,,,,0.03195292341939727,0.013353879460990236,1.1673254735904957,,0.03629688641146145,0.02794969022389071,0.5,0.011850431513471316,-2.0038592680524334,27.13515932688865,,-0.02300144860418407,False,0.03330767333476052,0.2854740667939993,10,9,151515000.0,223353333.33333334,"min(depreciation & amortization, capex)",True,True,False,False,False,False,True,False,False,False,False,,2,structural_decline;late_filing,substitution risk unassessed (cannot be automated),-0.5449123771413341,pass
ALV,9003065187.805344,1549000000.0,623000000.0,0.05904057536717831,0.045,0.016640983457299585,5780411764.705883,8206221697.376224,7511110037.751428,8961573913.972387,6230000000.0,5780411764.705883,0.037693113934044856,-0.5575127783761673,11,2025-12-31,0.13771014209995774,0.19707302378900332,0.004079822459083004,0.1917706888580675,0.01569541857634556,-0.0027700448326965672,0.10060101710587148,0.016804578874537263,0.742356599035357,1.1827354665849579,0.016640983457299585,0.07747954443802052,0.6,-0.12880205896116048,1.0361204013377927,10.563106796116505,,-0.013839944355256595,False,0.0074636883507396565,,10,1,735000000.0,623000000.0,"min(depreciation & amortization, capex)",True,False,False,False,False,False,False,False,False,False,False,,0,,substitution risk unassessed (cannot be automated),-0.5575127783761673,pass
RLI,5576059915.43676,48435000.0,353973000.0,0.06293418437067123,0.045,0.09007300440447419,4115953235.294118,6426972619.670439,5892889921.576621,6708510011.515211,3539730000.0,3539730000.0,0.05739261355715619,-0.5752783165486519,11,2025-12-31,0.1968853822498058,0.22314746041614553,0.013424097428123153,,,,0.2716351261761281,0.09008068034904335,1.2919439382841762,0.4047619720990399,0.09007300440447419,0.1386194486551211,0.7,-0.019893562218074923,0.093239622074892,95.43467711832774,1.9789866377172454,0.002910358284647474,True,0.006222418625312165,,10,0,405943000.0,353973000.0,"min(depreciation & amortization, capex)",True,False,False,False,False,False,False,False,False,False,False,,0,,substitution risk unassessed (cannot be automated),-0.5752783165486519,pass
FCX,88438683552.86269,5555000000.0,4100666666.6666665,0.043627045048834835,0.045,0.055990027803410225,42688137254.90196,64202470725.30967,58817863704.48188,70045868971.29927,41006666666.666664,41006666666.666664,0.13010764844996314,-1.1566903809021953,11,2025-12-31,0.1736366564667505,0.1736366564667505,0.044129293494503306,0.26077979830064324,0.36736459314485553,0.07525158446218749,0.258794568411022,0.3715859779273012,1.198426947080448,0.3532410402671914,0.055990027803410225,0.12633189095015696,0.6,-0.031642040702536955,0.6339876740470213,,2.431252615831596,0.029209786206348065,False,0.07219289484947924,0.9410294852573713,10,4,4152000000.0,4100666666.6666665,"min(depreciation & amortization, capex)",True,False,False,True,False,False,False,False,False,False,False,,1,dilution,substitution risk unassessed (cannot be automated),-0.5783451904510977,pass
LNTH,6877806462.742401,210295000.0,311456000.0,0.04394068025650087,0.045,0.1,3453893235.294118,5902726180.094191,5413570139.900768,5902726180.094191,3114560000.0,3114560000.0,0.135644037804191,-1.2082754747837257,11,2025-12-31,0.2394462160258074,0.17795343553022713,-0.006664535673320458,0.6110187472958448,0.07883171596741077,0.016684133086782772,0.2016282987450125,0.12921434603257553,1.35473634744515,0.3640151474586795,0.18043583311024425,0.35347400998701417,0.9,-0.02282221588831601,0.5520568083374898,15.739126031697808,4.606717101509872,0.1084670389136444,False,0.21879800210289777,0.6842218278503718,0,3,267568000.0,311456000.0,"min(depreciation & amortization, capex)",True,False,False,True,False,False,False,False,False,False,False,,1,dilution,substitution risk unassessed (cannot be automated),-0.6041377373918628,pass
DECK,14719992335.748268,-1907249000.0,916575000.0,0.0715362023558768,0.045,0.1,12690484294.117647,17370964914.851006,15931441522.974499,17370964914.851006,9165750000.0,9165750000.0,0.061816062817503015,-0.605977943512344,11,2026-03-31,0.6416220527025822,1.6841861850912154,0.1526502872681459,0.5770385958654284,0.04158009086050378,0.011333385350515304,0.23078119312259424,0.07032973743341119,1.0713863334350282,2.5234035154194294,0.11304383402200058,0.1653985803329907,0.9,0.055558277738924744,-1.4247278654431692,499.1711462450593,,-0.030717401916236176,False,0.04828827644278593,-0.38481902983328187,0,10,1024071000.0,916575000.0,"min(depreciation & amortization, capex)",True,False,False,False,False,False,False,False,False,False,False,,0,,substitution risk unassessed (cannot be automated),-0.605977943512344,pass
SAIA,11194621010.878296,144260000.0,323986000.0,0.02857301348247453,0.045,0.1,3667340000.0000005,6140195225.598468,5631360241.40132,6140195225.598468,3239860000.0,3239860000.0,0.24241887796620276,-2.4552792438186515,11,2025-12-31,0.13362808597913842,0.09780889254614965,0.006478295053912829,,,,0.10889575009754858,0.039372394254607784,0.028831337542365255,0.07272227346830881,0.10228834442929569,0.12157562774149278,1.0,0.019941961174992473,0.24012397361399396,21.418146436390174,,0.0050465725536694706,False,1.5231872043692398,,0,0,255036000.0,323986000.0,"min(depreciation & amortization, capex)",True,False,False,True,True,False,False,False,False,False,False,,2,dilution;accruals,substitution risk unassessed (cannot be automated),-0.6138198109546629,pass
HON,71735868908.65324,22452000000.0,5679666666.666667,0.06030146697739823,0.045,0.0,44367607843.13727,69503762724.08261,63593164387.63915,75930228822.29779,56796666666.666664,44367607843.13727,0.007137170871072695,-0.616852302749274,11,2025-12-31,0.2038538748158632,0.1823912039059247,-0.0017256872395611856,0.3693445862934672,0.031844526140358625,0.00885204241673791,0.2170557128358528,0.021313866108432982,1.0042590052696168,0.13792357999980023,-0.0029922002509037426,0.0278500503505279,0.7,-0.11092647579612624,2.359642669469259,6.046875,,-0.020321952532238896,False,0.03626365727429557,-0.007110862262038109,10,10,5131000000.0,5679666666.666667,"min(depreciation & amortization, capex)",True,False,False,False,False,False,False,False,False,False,False,,0,,substitution risk unassessed (cannot be automated),-0.616852302749274,pass
BIIB,29401930949.44455,3278300000.0,1816533333.3333333,0.05558508249661583,0.045,0.0,18092680392.156864,22229456267.454697,20339063832.788204,24284839191.853634,18165333333.333332,18092680392.156864,0.0636081144364985,-0.6250732512906281,11,2025-12-31,0.19447921475398044,0.07035480305370714,-0.019569979030001863,0.7569207125957981,0.05516068177492043,-0.015327162546919073,0.18441752775362466,0.1205618200895501,1.1368380292640687,-0.4515986596102195,-0.008424695777289437,-0.059551646346515,0.5,-0.06491212207624197,1.2589961212028111,6.818691588785047,5.659844017350093,-0.044209995781555045,True,0.06225409605239514,0.31640773585327836,0,7,1919000000.0,1816533333.3333333,"min(depreciation & amortization, capex)",True,False,False,False,False,False,False,False,False,False,False,,0,,substitution risk unassessed (cannot be automated),-0.6250732512906281,pass
HRL,13609288684.155804,2186745000.0,692707333.3333334,0.043853244883122325,0.045,0.027120574023540733,5962753039.215688,9555814016.023018,8748455870.639093,10432826885.83702,6927073333.333333,5962753039.215688,0.1083557143253554,-1.28238342165952,11,2025-10-26,0.149050143873887,0.0512972821707148,-0.014691037639786492,0.1562688746885883,0.02310556625552294,-0.006155414115626764,0.05935845883418028,0.024019134360106872,0.9277091165696271,-0.09305900225032408,0.027120574023540733,0.04729856026370727,0.6,0.01170277879531656,2.2256855951731493,9.208372843999078,,0.0017411855379645402,False,0.027157443825982786,0.8113536194814666,10,7,478197000.0,692707333.3333334,"min(depreciation & amortization, capex)",True,True,False,False,False,False,False,False,False,False,False,,1,structural_decline,substitution risk unassessed (cannot be automated),-0.64119171082976,pass
ULTA,20170585245.971863,-361956000.0,1215200666.6666667,0.06134703474819092,0.045,0.1,14658434431.372551,23030530120.470467,21122001319.782486,23030530120.470467,12152006666.666666,12152006666.666666,0.06939151901648494,-0.65985633478135,11,2026-01-31,0.4649758167388146,0.4745808098826298,0.04663929892106269,0.39097025535753765,0.02430423258734406,0.004650742301130477,0.12370001339485283,0.03207166195131809,0.9086176778798205,0.6575872483470575,0.12187076411830722,0.15035378713848258,0.9,0.10145780277714289,-0.19738417811670422,,3.844446824534176,-0.035042122001610165,False,0.04539452010289167,0.5769903642523797,0,10,1153479000.0,1215200666.6666667,"min(depreciation & amortization, capex)",True,False,False,False,False,False,False,False,False,False,False,,0,,substitution risk unassessed (cannot be automated),-0.65985633478135,pass
TREX,4899864043.786312,-3807000.0,210993333.33333334,0.04309454147416631,0.045,0.1,2486081509.8039217,3998753828.765562,3667379048.891216,3998753828.765562,2109933333.3333333,2109933333.3333333,0.14746683289931867,-1.322283821188495,11,2025-12-31,0.37461863371230386,0.1847869440452149,-0.03389178401260272,0.3917030794529694,0.027346070276503303,0.0015493422425494,0.21967831847441852,0.028999503048861206,0.48029877856740627,0.027556847390357776,0.10294062349115274,0.05919239307727042,0.8,0.18177305335635618,-0.011862843467801743,,8.067421043770704,-0.013916440260584473,False,0.0995550153351779,-0.4554232565845075,0,10,190415000.0,210993333.33333334,"min(depreciation & amortization, capex)",True,False,False,False,True,False,False,False,False,False,False,,1,accruals,substitution risk unassessed (cannot be automated),-0.6611419105942475,pass
NFLX,308946299564.6636,5429155000.0,8369739000.0,0.026623385758885437,0.045,0.1,93038362647.05884,158623617833.19434,145478555973.11627,158623617833.19434,83697390000.0,83697390000.0,0.2585014824408163,-2.691229793003863,11,2025-12-31,0.16031333677399684,0.3589546874601327,0.023963491335768503,0.48486575802475956,0.05980485780434337,0.017069026069286213,0.29494704605507255,0.08602685049878621,0.39471878242572,0.5859716327185144,0.20886472226701724,0.12569512175392594,1.0,0.24010228588401517,0.39744935428951933,17.16217820762128,5.294945588597596,-0.016951704949647706,False,0.21904230486227075,-0.9455423560108733,0,4,10981201000.0,8369739000.0,"min(depreciation & amortization, capex)",True,False,False,True,True,False,False,False,False,False,False,,2,dilution;accruals,substitution risk unassessed (cannot be automated),-0.6728074482509657,pass
ADSK,44013226926.58583,251000000.0,1180666666.6666667,0.026673156827630908,0.045,0.1,13639196078.431376,22376040414.36953,20521748856.476807,22376040414.36953,11806666666.666666,11806666666.666666,0.2609112398246324,-2.7278283675820862,11,2026-01-31,0.32748222569452906,0.33570096118321835,0.12396489669640552,0.9097973910630031,0.028497622632612022,0.007125046832849769,0.2189841798501249,0.17515485965269942,2.8138152721890752,0.19463165174461425,0.11148667092324849,0.13713233616993747,0.9,0.2741458479259087,0.14156796390298929,19.725,,-0.004977269254825778,False,0.41720156153688104,0.25556358961998876,0,10,1276000000.0,1180666666.6666667,"min(depreciation & amortization, capex)",True,False,False,True,False,False,True,False,False,False,False,,2,dilution;late_filing,substitution risk unassessed (cannot be automated),-0.6819570918955216,pass
EW,53094517472.839355,-2339700000.0,2216833333.3333335,0.04367729889915646,0.045,0.09299273118742835,28420092156.86275,40761621191.05161,37377076084.64101,42013511229.74719,22168333333.333332,22168333333.333332,0.15473605634835175,-1.3950613099544107,11,2025-12-31,0.2135440638295484,0.13113223036507843,-0.006490358679876364,0.7801107521919705,0.032356565498517,0.006991845423070217,0.2083525611444393,0.04718137598440527,0.6265665421098017,0.060456279774444566,0.09299273118742835,0.06704742515528728,0.9,0.008808647654093837,-1.6467483108108107,61.970588235294116,9.599249404405054,-0.012760034979811374,False,0.12721204683862236,0.2781294527107519,0,10,1073500000.0,2216833333.3333335,"min(depreciation & amortization, capex)",True,False,False,False,True,False,False,False,False,False,False,,1,accruals,substitution risk unassessed (cannot be automated),-0.6975306549772053,pass
PGR,134325184710.69334,-138000000.0,7908000000.0,0.05893260237219817,0.045,0.1,93173294117.64706,149872722414.03235,137452842990.13434,149872722414.03235,79080000000.0,79080000000.0,0.07469807014307117,-0.6985986938630924,11,2025-12-31,0.20400932174400113,0.3819454687842092,0.013630387506992352,,,,0.16540247060031255,0.04468118824901479,1.8973805834124096,0.4442266555508762,0.15442859499631134,0.15497049664906393,1.0,0.09317236554482955,-0.009315512353179425,52.16187050359712,1.8594507737072885,-0.00018685085346092922,True,0.004497470622521893,,10,1,11308000000.0,7908000000.0,"min(depreciation & amortization, capex)",True,False,False,False,False,False,False,False,False,False,False,,0,,substitution risk unassessed (cannot be automated),-0.6985986938630924,pass
TGT,61379386598.463745,11040000000.0,4008000000.0,0.05534429644126567,0.045,0.03569297683208994,36112941176.4706,57413748228.83498,52573307042.532684,62670259321.73567,40080000000.0,36112941176.4706,0.05093137108223683,-0.6996507235045013,11,2026-01-31,0.1701057494884017,0.14618733437669773,0.0022806434276747265,0.2793376598587517,0.014405427114853533,-0.002016878781600945,0.048835655659477,0.013707011185939037,1.0165305281527983,-0.12362262287514478,0.03569297683208994,0.02290831244420044,0.6,0.03657306651096137,1.3380196339837596,11.498876404494382,,-0.0323353812962609,False,0.05014425713536327,0.40797725562337983,10,9,3705000000.0,4008000000.0,"min(depreciation & amortization, capex)",True,False,False,False,False,False,False,False,False,False,False,,0,,substitution risk unassessed (cannot be automated),-0.6996507235045013,pass
EBAY,52036798645.01953,4879000000.0,2257666666.6666665,0.03966678357177415,0.045,0.02594214580577714,21681784313.72549,30983068328.156376,28364587465.0858,33827572680.83384,22576666666.666664,21681784313.72549,0.14569859636654386,-1.4000238122504531,11,2025-12-31,0.1546916880772922,0.20750413032062137,0.006427699242098301,0.7145045045045045,0.032786629836425475,-0.00858879084960381,0.20513513513513512,0.032236194852485064,0.6479807925760069,,0.02594214580577714,0.04531015795011939,0.7,0.19720016152914255,1.808376575240919,9.25609756097561,8.708052988973392,-0.09136679780840096,False,0.22131557035803498,0.16448283001567626,7,10,2031000000.0,2257666666.6666665,"min(depreciation & amortization, capex)",True,False,False,True,False,False,False,False,False,False,False,,1,dilution,substitution risk unassessed (cannot be automated),-0.7000119061252266,pass
OLED,3788692249.441719,-138353000.0,222388333.33333334,0.06092264804356069,0.045,0.1,2754686333.3333335,4214712310.2916,3865441156.3611927,4214712310.2916,2223883333.3333335,2223883333.3333335,0.07537998528836021,-0.7036380428117717,11,2025-12-31,0.1327002575808361,0.12579457354582294,0.0037213687912134325,0.7631057575110166,0.04996218022106212,-0.0013025890121730603,0.38206854787269195,0.08316271405671986,0.8246644758601647,0.05645415965933619,0.13036407202082878,0.08692544155745852,0.8,0.058468274359107175,-0.4995288247336325,,15.051707563423136,0.0018078839677397873,False,0.17310384007983057,0.9337783397535802,9,3,242075000.0,222388333.33333334,"min(depreciation & amortization, capex)",True,False,False,False,False,False,False,False,False,False,False,,0,,substitution risk unassessed (cannot be automated),-0.7036380428117717,pass
INTU,75211731182.6477,3089000000.0,3101333333.3333335,0.039607974108173113,0.045,0.1,33397274509.803925,58776589501.776985,53905802191.039024,58776589501.776985,31013333333.333332,31013333333.333332,0.1576810608322382,-1.4251418051154676,11,2025-07-31,0.21591084050844217,0.17282482302980465,-0.04238119503322619,,0.0050334365328197446,,0.2614306197227975,0.034489109998315504,1.6309050772626932,0.10269236999716637,0.1621045750244654,0.1965028658180299,1.0,0.13192806603773577,0.6062806673209028,19.931174089068826,4.493210137007049,-0.0010539355370644543,False,0.2936593875955002,-0.06891068115557908,10,10,3957000000.0,3101333333.3333335,"min(depreciation & amortization, capex)",True,False,False,True,False,False,False,False,False,False,False,,1,dilution,substitution risk unassessed (cannot be automated),-0.7125709025577338,pass
SAM,1840992341.2655334,-223378000.0,107352666.66666667,0.06636480892143908,0.045,0.07426638265607388,1486350549.019608,1820073990.7204952,1668167936.8694596,1984820211.9144244,1073526666.6666666,1073526666.6666666,0.07689733312378,-0.7149013605613277,11,2025-12-27,0.1644012629989415,0.1644012629989415,-0.020920166180003596,0.4847750171247342,0.04719353106752713,-0.009456171867134421,0.07373152284434456,0.05388400980540183,1.2082944717442274,,0.07426638265607388,0.02503970839227798,0.6,0.3893412192436696,-0.9492520822709501,,4.6847726534961645,-0.02097867418581123,False,0.12102232656813056,0.12443871393338779,0,6,144344000.0,107352666.66666667,"min(depreciation & amortization, capex)",True,False,False,False,False,False,False,False,False,False,False,,0,,substitution risk unassessed (cannot be automated),-0.7149013605613277,pass
QCOM,199374643859.86328,9291000000.0,8116333333.333333,0.038896356789736505,0.045,0.05765800157861012,86195274509.80392,128003063687.5969,117272256912.71133,139647516800.90857,81163333333.33333,81163333333.33333,0.16071176588716934,-1.4564619967127599,11,2025-09-28,0.2691709966406119,0.22281699839328462,0.01958789846672514,0.5542859723602204,0.028562356824726028,-0.0026263179462384,0.27899467076144885,0.09356569474000904,1.257773893699849,0.06981193105148044,0.05765800157861012,0.13480513327048627,0.6,-0.03056894491822193,0.6656874686537222,18.606927710843372,5.940548995088134,-0.03865707946627861,False,0.22264332095303066,-0.2609542356377799,0,10,5951000000.0,8116333333.333333,"min(depreciation & amortization, capex)",True,False,False,True,False,False,False,False,False,False,False,,1,dilution,substitution risk unassessed (cannot be automated),-0.7282309983563799,pass
HLNE,3543419086.7354736,-93484000.0,203829666.66666666,0.05908217445898148,0.045,0.1,2491480078.4313726,3862987740.5258083,3542863830.1801653,3862987740.5258083,2038296666.6666665,2038296666.6666665,0.08003612607043134,-0.7384216658364127,10,2026-03-31,0.5510617737778505,0.47182347873070574,-0.3285692001815111,,,,0.6099173510164125,0.11122788453934876,1.6453658845744472,0.4279065757878152,0.1735155916619815,0.17310012936050678,1.0,0.0867201471970307,-0.1977237780799956,,,,True,0.08079330723491802,,9,7,253214000.0,203829666.66666666,"min(depreciation & amortization, capex)",True,False,False,False,False,False,False,False,False,False,False,,0,,substitution risk unassessed (cannot be automated),-0.7384216658364127,pass
IDCC,6845831407.716431,-264292000.0,392852666.6666667,0.05969008803716533,0.045,0.06568955635353801,4886088078.431374,6416539018.3596945,5879768636.911594,6998851510.473273,3928526666.6666665,3928526666.6666665,0.08058893194463737,-0.7425951224419411,11,2025-12-31,0.24884824061374944,0.47705438646252,0.01010846400947849,,,,0.5525715964341169,0.1908081685330348,1.4284690088085603,2.036477042959718,0.06568955635353801,0.18363571248553634,0.7,0.12563181196774154,-0.49089868941127524,11.532280666633302,8.057351399120773,-0.0055935605659226395,False,0.09627801701920813,0.1930217931237117,10,10,468287000.0,392852666.6666667,"min(depreciation & amortization, capex)",True,False,False,False,False,False,False,False,False,False,False,,0,,substitution risk unassessed (cannot be automated),-0.7425951224419411,pass
HLI,9345806969.161514,-1189454000.0,375867333.3333333,0.04608276943806333,0.045,0.1,5611422627.45098,7123452265.1959095,6533135249.5937195,7123452265.1959095,3758673333.333333,3758673333.333333,0.1635816371611531,-1.4864642761794093,10,2026-03-31,0.28890586086088227,0.34484899434871574,0.009519506253032611,,0.02762913519043863,0.005654974974103314,0.20134318185638597,0.029081604359144156,1.498413850289267,0.1528188633885248,0.12989059425805238,0.11403326661658908,0.8888888888888888,0.06914795022063203,-2.088032539107141,,3.3916743328387895,0.003059304025542442,False,0.2575159301592137,0.26971395497239814,10,9,446019000.0,375867333.3333333,"min(depreciation & amortization, capex)",True,False,False,True,False,False,False,False,False,False,False,,1,dilution,substitution risk unassessed (cannot be automated),-0.7432321380897047,pass
PCTY,6344970873.0,-235570000.0,252877333.33333334,0.041391510982836985,0.045,0.1,3210597450.9803925,4792541019.65951,4395385482.350851,4792541019.65951,2528773333.3333335,2528773333.3333335,0.16572672064346528,-1.50911016395301,11,2025-06-30,0.2113398120469118,0.22383193993931938,0.050598510915041875,0.7453439697350389,0.0732119545156081,0.020426074865454436,0.2065659691765395,0.09031890886576482,1.837286102652588,0.2114456974695685,0.25430043961788096,0.21926349549441415,1.0,0.2198985152495132,-0.583585195461527,,2.152623409366652,0.012129514820408804,False,0.47480342606024667,0.7908669003583073,0,3,313690000.0,252877333.33333334,"min(depreciation & amortization, capex)",True,False,False,True,False,False,False,False,False,False,False,,1,dilution,substitution risk unassessed (cannot be automated),-0.754555081976505,pass
TXT,15808247899.510468,-2025000000.0,900666666.6666666,0.06534502413604962,0.045,0.00980677002356467,12621078431.37255,11510816289.101627,10534189084.199356,12572328077.191956,9006666666.666666,9006666666.666666,0.08224737786628855,-0.7551718615296596,11,2026-01-03,0.18486699758177422,0.15777777777777777,-0.007022267316560294,,0.01714660394451539,-0.008079254708652513,0.07682951550780458,0.01716452493981261,0.9698311007571345,0.21027003098716246,0.00980677002356467,0.04899600344582322,0.7,,-1.3166449934980493,,2.26794483643504,-0.04264821631630644,True,0.09608455440787893,0.13684460825109973,10,10,939000000.0,900666666.6666666,"min(depreciation & amortization, capex)",True,False,False,False,False,False,False,False,False,False,False,,0,,substitution risk unassessed (cannot be automated),-0.7551718615296596,pass
PCAR,65559475385.9202,0.0,3712866666.6666665,0.05663356280401316,0.045,0.04054922721128351,43680784313.725494,54331862910.30347,49756878574.02328,59299275238.0778,37128666666.666664,37128666666.666664,0.08363206898050046,-0.7657374010895499,11,2025-12-31,0.23773483597895684,0.12332848837209302,-0.009693771433992969,0.20067288221397234,0.020127915436862785,0.0017714430505885274,0.10629359320508494,0.028350659469494863,1.1223269314573865,0.123082914313858,0.04054922721128351,0.087176303639803,0.6,-0.26840939542260256,0.0,,,0.0021397108447107627,True,0.006299250815574438,0.7911675741076829,10,9,2375800000.0,3712866666.6666665,"min(depreciation & amortization, capex)",True,False,False,False,False,False,False,False,False,False,False,,0,,substitution risk unassessed (cannot be automated),-0.7657374010895499,pass
GEHC,29431497165.98044,5505000000.0,1881666666.6666667,0.05385962587282355,0.045,0.04066966706760278,16632254901.960789,27549731081.90062,25229992386.030895,30068439417.76571,18816666666.666668,16632254901.960789,0.05576460728287998,-0.7695434166602833,5,2025-12-31,0.13536320221897777,0.13536320221897777,0.0018777272961846218,0.3999030303030303,0.009526794141232997,0.0009555545614043654,0.13396363636363637,0.012811958921143169,0.8111745513866232,,0.04066966706760278,0.04066966706760278,1.0,,1.8049180327868852,6.279545454545454,1.9874783679423451,0.002195402893810039,False,0.06435394670688788,,3,1,2084000000.0,1881666666.6666667,"min(depreciation & amortization, capex)",True,False,False,False,False,False,False,False,False,False,False,,0,,substitution risk unassessed (cannot be automated),-0.7695434166602833,pass
LII,19210627354.570312,1128200000.0,736033333.3333334,0.036188582581578393,0.045,0.04126355634685441,7531015686.274511,10804467422.640732,9894848727.837309,11792086291.589937,7360333333.333333,7360333333.333333,0.17507309115003455,-1.6100213787288138,11,2025-12-31,0.42573828232064237,0.36744856267328174,0.007491255904746848,0.3339171943872346,0.021470674424115058,0.004344868823455843,0.20046965526533597,0.03339792174900117,0.8969644303122469,0.3155779993664288,0.04126355634685441,0.07409513973577586,0.7,-0.04546648455557889,0.9776429809358752,25.464547677261614,7.183720491345146,-0.025001737110879496,False,0.06361194292760261,0.02435203160655286,10,9,805800000.0,736033333.3333334,"min(depreciation & amortization, capex)",True,False,False,False,False,False,False,True,False,False,False,,1,auditor_change,substitution risk unassessed (cannot be automated),-0.8050106893644069,pass
MORN,6281467734.714478,598100000.0,347166666.6666667,0.05046344189837025,0.045,0.1,3486213725.4901967,6579516118.454508,6034274826.092771,6579516118.454508,3471666666.6666665,3471666666.6666665,0.08926752701462129,-0.8093522039504017,11,2025-12-31,0.20854667079819544,0.2184209697907499,-0.014060011807626465,0.6103455326109181,0.012623029735863867,0.0026947508635429495,0.21533428746677571,0.04874592697213637,1.367803189747907,0.4362518764498033,0.11979900308331248,0.11970037384029908,1.0,0.1785411365564038,0.8347522679692951,,3.502740532561095,-0.004844672135750239,False,0.15650538553598906,0.6178006390772348,10,10,417000000.0,347166666.6666667,"min(depreciation & amortization, capex)",True,False,False,False,False,False,False,False,False,False,False,,0,,substitution risk unassessed (cannot be automated),-0.8093522039504017,pass
TTD,9181216613.127794,-658175000.0,349649333.3333333,0.04102400870538735,0.045,0.1,4771696568.627451,6626567713.317923,6077427278.233662,6626567713.317923,3496493333.333333,3496493333.333333,0.1765074712521662,-1.6258355837833127,11,2025-12-31,0.21715883301414604,0.21715883301414604,-0.1358119102763509,0.7862547319254604,0.020046350915063075,0.0018882795219954845,0.20347486641503387,0.07855698408124377,1.8740177932882374,0.20182828815806617,0.38215309889539295,0.28210485560993837,1.0,0.26468933134460215,-0.9334425369271243,329.22960893854747,3.1684503386068754,0.00532879069823311,False,0.7929702178618906,1.0,0,3,443304000.0,349649333.3333333,"min(depreciation & amortization, capex)",True,False,False,True,False,False,False,False,False,False,False,,1,dilution,substitution risk unassessed (cannot be automated),-0.8129177918916564,pass
EXR,30413125764.937866,-138920000.0,1153257333.3333333,0.03809372712492364,0.045,0.1,13706653333.333334,21856577666.9972,20045333733.673195,21856577666.9972,11532573333.333332,11532573333.333332,0.1775288283796671,-1.6371499999079018,10,2025-12-31,0.25385102869294296,0.1015690584771355,-0.017136756876200514,-6.091260156322408,0.6669005259160009,0.02274298351123751,10.910832895671785,1.910971654206896,0.6183855028777966,0.06468707352267503,0.13991381189403818,0.19956000133196894,0.8888888888888888,0.04487873321306868,-0.06528600458299105,,1.1070612710346541,0.05948084924463748,False,0.04685282900632039,0.4071397655206157,10,3,1127453000.0,1153257333.3333333,"min(depreciation & amortization, capex)",True,False,False,True,False,False,False,False,False,False,False,,1,dilution,substitution risk unassessed (cannot be automated),-0.8185749999539509,pass
UPS,95600207236.73532,18306000000.0,6020666666.666667,0.05285635271968719,0.045,0.0427003078840571,52525372549.01962,88937794956.11513,81452944531.70926,97064075470.76183,60206666666.666664,52525372549.01962,0.0592162325322373,-0.8200767095467214,11,2025-12-31,0.26328350925200733,0.1771863949780725,-0.01512886440082712,,,,0.08873123470296974,0.01717095261151247,0.8264925654766397,0.03452675824480734,0.0427003078840571,0.00935446750891411,0.8,0.1421707560666181,1.684549553694672,7.735496558505408,,-0.006359984788936401,False,0.12523972164891967,0.22523571179140967,10,10,5572000000.0,6020666666.666667,"min(depreciation & amortization, capex)",True,False,False,False,False,False,False,False,False,False,False,,0,,substitution risk unassessed (cannot be automated),-0.8200767095467214,pass
ALGN,12851872671.588821,-1094908000.0,480403666.6666667,0.040861198454358,0.045,0.1,6746715843.137256,9104628905.034986,8350132747.37205,9104628905.034986,4804036666.666667,4804036666.666667,0.18093631693741902,-1.6752236844408253,11,2025-12-31,0.21460991601464502,0.12952056023224692,-0.026102210019930447,0.6718803439138491,0.02830433857946499,-0.00783479215659137,0.13525647316803818,0.04191791541255441,0.8598677100474799,-0.0066591257412059795,0.16915831949131555,0.10296139708637742,0.9,0.027067104981062018,-1.3980089148113295,,4.556224350031573,-0.011539012670037097,False,0.24626119313782047,-0.12081832944778464,0,9,545342000.0,480403666.6666667,"min(depreciation & amortization, capex)",True,False,False,True,False,False,False,False,False,False,False,,1,dilution,substitution risk unassessed (cannot be automated),-0.8376118422204126,pass
CPRT,25478332408.442863,-2780531000.0,1384403333.3333333,0.06099283839968655,0.045,0.1,19067629039.215687,26237265615.29183,24062996207.85094,26237265615.29183,13844033333.333332,13844033333.333332,0.09320051607284541,-0.8403836364000037,11,2025-07-31,0.25427441247871824,0.2163306798248624,0.002489643821322108,,0.011419723969867469,-0.0009877850825216823,0.36512359268149186,0.03719393493176021,0.6744333501411952,0.1684244140678402,0.15025841527063144,0.16072427791153787,1.0,0.08013195184815358,-1.4538245276103323,,17.960804209628954,0.004239423930761044,False,0.05452593997522839,1.0,0,2,1552449000.0,1384403333.3333333,"min(depreciation & amortization, capex)",True,False,False,False,False,False,False,False,False,False,False,,0,,substitution risk unassessed (cannot be automated),-0.8403836364000037,pass
LOPE,4003658695.9999995,-111762000.0,215796333.33333334,0.055447600537579474,0.045,0.0357838582798673,2650542392.156863,3092470743.624236,2831756534.0890074,3375594291.2982807,2157963333.3333335,2157963333.3333335,0.09506849307838686,-0.8552950525881653,11,2025-12-31,0.24356704350479685,0.3233795617728195,0.02287668471628822,,,,0.24040973898577847,0.0320460622812034,0.8872653308827014,,0.0357838582798673,0.055548405808820256,0.8,0.08406034601222889,-0.3761801701127914,,15.744964834823946,-0.05096037214492388,False,0.06891806389614703,0.5360758898379099,0,10,216170000.0,215796333.33333334,"min(depreciation & amortization, capex)",True,False,False,False,False,False,False,False,False,False,False,,0,,substitution risk unassessed (cannot be automated),-0.8552950525881653,pass
DXCM,28925038002.64274,-917700000.0,651333333.3333334,0.023255810076340505,0.045,0.1,8580445098.039217,12344094570.773026,11321145473.05355,12344094570.773026,6513333333.333333,6513333333.333333,,-3.440896315656511,11,2025-12-31,0.30326486437012795,0.38320016930113215,0.08348004871181201,0.601008151008151,0.031392581118379025,-0.0070558468472325594,0.19558129558129558,0.13996635366283108,1.0785354946897707,0.3666406485678792,0.2777168484798116,0.19330547815255028,1.0,0.3053523035230352,-0.7886730835338605,63.76223776223776,4.976704382197029,-0.007191171980893141,False,0.43547551179061933,0.0014420765902900534,0,5,836300000.0,651333333.3333334,"min(depreciation & amortization, capex)",True,False,False,True,False,False,False,True,False,False,False,,2,dilution;auditor_change,substitution risk unassessed (cannot be automated),-0.8602240789141278,pass
OLLI,3923418743.044403,-258137000.0,207265666.66666666,0.056548358679382356,0.045,0.1,2696556607.8431373,3928106945.661697,3602586638.540572,3928106945.661697,2072656666.6666665,2072656666.6666665,0.09972309092385767,-0.8929419455438368,11,2026-01-31,0.1388769952185435,0.1388769952185435,0.002843169493525439,0.40500710026204156,0.012956565204118834,-0.0006781910184436104,0.11236042002145555,0.019897401113262523,0.6614934750670842,-0.02171084636804426,0.13264773811931296,0.07930394735622293,0.9,0.13438463899363362,-0.7315460586910008,,5.560711841248928,0.010228375203808593,False,0.09583949616360907,0.4398720704443268,0,7,240596000.0,207265666.66666666,"min(depreciation & amortization, capex)",True,False,False,False,False,False,False,False,False,False,False,,0,,substitution risk unassessed (cannot be automated),-0.8929419455438368,pass
CNM,8584663343.913437,1928000000.0,547666666.6666666,0.05209590079603867,0.045,0.1,4515137254.901961,10379399887.297894,9519264079.952396,10379399887.297894,5476666666.666666,4515137254.901961,0.056258734476242994,-0.9013072824294106,7,2026-02-01,0.14000734530267894,0.14000734530267894,-0.004069414453343471,0.2692559173532104,0.015465122761122519,0.006244016141302842,0.09441611089316072,0.027605045772748565,1.601203501094092,,0.14525778748385298,0.1599258568319386,1.0,,2.1094091903719914,6.016666666666667,3.2640764303260528,-0.05148931947974633,False,0.029039972668261017,-0.8149253731343284,0,3,587000000.0,547666666.6666666,"min(depreciation & amortization, capex)",True,False,False,False,False,False,False,False,False,False,False,,0,,substitution risk unassessed (cannot be automated),-0.9013072824294106,pass
NTAP,33084997115.84973,417000000.0,1173000000.0,0.03501283806884026,0.045,0.02245450135042515,13383000000.000002,15852206342.02918,14511335425.73924,17308992605.41249,11730000000.0,11730000000.0,0.19354395083147075,-1.8205453636700537,11,2026-04-24,0.7300803010954451,0.7331058076703422,0.0396782786755323,0.7074368231046931,0.03574012308827352,0.010301089491495635,0.24173285198555958,0.04827948676507647,1.393349994566989,0.17240651026895895,0.02245450135042515,0.03810448963486701,0.7,-0.11942726976895546,0.22504047490555856,15.357798165137615,2.316031345208116,-0.03829037892298759,False,0.21882554784371833,0.3399014778325123,10,10,1276000000.0,1173000000.0,"min(depreciation & amortization, capex)",True,False,False,True,False,False,False,False,False,False,False,,1,dilution,substitution risk unassessed (cannot be automated),-0.9102726818350269,pass
MLI,12600489371.109009,-1367003000.0,657655666.6666666,0.05854421725725925,0.045,0.07122465153003854,9104128490.19608,11003535985.320196,10084409585.495228,12000456918.43961,6576556666.666666,6576556666.666666,0.10252802296893843,-0.9159706225865425,11,2025-12-27,0.183476978440568,0.39303061000198397,0.03814815219670352,,0.01609213662512896,0.006030092865837155,0.22939600775101968,0.07181960567832257,0.9645613295190101,0.6338991061605944,0.07122465153003854,0.11746431943595614,0.6,-0.01340112959019446,-1.3309307829886583,8875.388888888889,15.362264516387716,-0.004662958233859205,False,0.04175359814040541,-0.6481781212697513,10,8,765191000.0,657655666.6666666,"min(depreciation & amortization, capex)",True,False,False,False,False,False,False,False,False,False,False,,0,,substitution risk unassessed (cannot be automated),-0.9159706225865425,pass
MUSA,10901952046.794434,2153700000.0,509966666.6666667,0.03906098790308059,0.045,0.04319616595238451,3845907843.1372557,7549662539.465103,6914376602.594955,8239378963.9426775,5099666666.666667,3845907843.1372557,0.12804699962082022,-1.8346888410881137,11,2025-12-31,0.19985344738967686,0.19985344738967686,0.008470694608823883,,0.009308848736092752,,0.03706665290961618,0.00998850489369,0.7783708666263065,0.11356577599740494,0.04319616595238451,0.11467391607176425,0.4,-0.1973907343280179,2.163870189892495,6.478809738503156,3.8077928995026635,-0.07759878341089654,False,0.052553293310788375,0.100835091754649,6,10,470600000.0,509966666.6666667,"min(depreciation & amortization, capex)",True,True,False,False,False,False,False,False,False,False,False,,1,structural_decline,substitution risk unassessed (cannot be automated),-0.9173444205440568,pass
EXPO,3012572086.8771286,-221930000.0,106264333.33333333,0.03807881126463213,0.045,0.06405046544010218,1472098627.4509804,1723285548.2483437,1579062499.5112586,1879753915.0098605,1062643333.3333333,1062643333.3333333,0.19476333113451766,-1.834979519823643,11,2026-01-02,0.4323636629567053,0.5119034657217962,0.03470968633412251,,,,0.205814636761315,0.022553825103081078,1.1248351213012024,3.4507002387727774,0.06405046544010218,0.07794451119234314,0.9,,-1.7088627088627089,,7.002174457087578,-0.006480558234976952,False,0.2013123191508947,-0.13344755637771882,10,10,106702000.0,106264333.33333333,"min(depreciation & amortization, capex)",True,False,False,True,False,False,False,False,False,False,False,,1,dilution,substitution risk unassessed (cannot be automated),-0.9174897599118215,pass
KNSL,7854504435.747131,61036000.0,408850000.0,0.05165155851565169,0.045,0.1,4748964000.0,7748541041.8534565,7106423224.142185,7748541041.8534565,4088500000.0,4088500000.0,0.10315108968872994,-0.9211213001705103,11,2025-12-31,0.20781776829338472,0.25342063907866536,0.007529446411089179,,,,0.34415820387227875,0.0731225027142042,2.495613698303904,0.278348250024388,0.36976261420744194,0.3244125181831279,1.0,0.4558514410170693,0.09378870343678836,60.58125117414991,2.1470979199046294,0.009890117918197161,True,0.013831631171960736,1.0,10,2,503614000.0,408850000.0,"min(depreciation & amortization, capex)",True,False,False,False,False,False,False,False,False,False,False,,0,,substitution risk unassessed (cannot be automated),-0.9211213001705103,pass
WMS,11525356276.26062,1388811000.0,462184000.0,0.03578891229398945,0.045,0.08981692127523844,4048647823.5294123,8382434562.266031,7685803021.415097,8759329076.404547,4621840000.0,4048647823.5294123,0.16426639196928944,-1.846717417424907,11,2026-03-31,0.15504182185232399,0.14468986001528297,0.015426384635530123,0.38270232915548774,0.07810126389150455,0.02039967028312475,0.2029920245897555,0.09564139899299244,1.2804124707009847,0.12034910298039111,0.08981692127523844,0.08997307300246837,0.8,0.20875648951819592,1.662324962326279,,4.087163971417779,0.03573145726076454,False,0.09589673863990944,0.3827845569949894,10,6,426465000.0,462184000.0,"min(depreciation & amortization, capex)",True,False,False,True,False,False,False,False,False,False,False,,1,dilution,substitution risk unassessed (cannot be automated),-0.9233587087124535,pass
AMZN,2639149189634.529,-18414000000.0,55781000000.0,0.02128448544539094,0.045,0.1,674661058823.5294,1057163673365.8499,969557035259.5703,1057163673365.8499,557810000000.0,557810000000.0,,-3.731269051531039,11,2025-12-31,0.20610001678133916,0.16372900602607646,-0.009103598500755695,0.5028566486824266,0.0551860370176195,0.016288381162037128,0.11155296795755199,0.03132695524976413,0.5278629184094066,0.14299997783203064,0.20950174403196176,0.13178194800406007,1.0,0.37623430604373276,-0.1263560944479898,35.16930518909411,,0.012042208843778157,False,0.9870215540385058,,0,1,77670000000.0,55781000000.0,"min(depreciation & amortization, capex)",True,False,False,True,True,False,False,False,False,False,False,,2,dilution;accruals,substitution risk unassessed (cannot be automated),-0.9328172628827598,pass
QLYS,5377284884.809021,-250258000.0,185826666.66666666,0.03624452745064718,0.045,0.1,2436454078.4313726,3521794186.9572906,3229944820.019392,3521794186.9572906,1858266666.6666665,1858266666.6666665,0.19966657582193192,-1.8937100262658864,11,2025-12-31,0.23247409969288343,0.5736109256489866,0.07094569104324228,0.828480478236503,0.0447467479026852,0.010357769753867107,0.3317048384083691,0.06905975459483896,1.6798409838673052,,0.12953751678447656,0.13013149996459727,0.9,0.12859172841387156,-1.05842845844453,,3.1092658383182847,-0.005109510047328736,False,0.3059619543986356,0.5136534437332911,0,8,207821000.0,185826666.66666666,"min(depreciation & amortization, capex)",True,False,False,True,False,False,False,False,False,False,False,,1,dilution,substitution risk unassessed (cannot be automated),-0.9468550131329432,pass
DG,26232163657.333786,3441781000.0,1432946000.0,0.048289703864695104,0.045,0.07689045792847948,13416407235.294119,24572876908.097076,22523449021.71383,26795337805.49112,14329460000.0,13416407235.294119,0.09197299878910623,-0.9552301295927916,11,2026-01-30,0.18276507786853,0.1419093433899751,-0.0021453357803626924,0.30660930299520633,0.006073167522575543,-0.0004904820344429283,0.05157871377807827,0.01972505621901739,0.829809502200348,-0.42393259798453237,0.07689045792847948,0.048307062204305806,1.0,0.083080055709565,1.0590141003684324,,1.5378695357358174,-0.028619441988829264,False,0.03932592240337285,0.05664959687071569,10,7,1512311000.0,1432946000.0,"min(depreciation & amortization, capex)",True,False,False,False,False,False,False,False,False,False,False,,0,,substitution risk unassessed (cannot be automated),-0.9552301295927916,pass
SFM,7604422236.260086,-257282000.0,387709000.0,0.05277005576762415,0.045,0.09378649250158877,4818564352.941176,7153421900.058206,6559586063.880244,7347875990.695763,3877090000.0,3877090000.0,0.10796749964624885,-0.9613736684627094,11,2025-12-28,0.2622937218720315,0.4552951144377856,0.02366229061389354,0.38795449866394643,0.027404730199532622,0.0076328875235489955,0.0779179662779198,0.011027551255240953,0.968783541370805,0.5134668509672392,0.09378649250158877,0.06363620116503488,0.9,,-0.3048798407356496,,1.9872147723498983,-0.044665918604378074,False,0.07111216381311984,-0.1365125102989655,0,9,523670000.0,387709000.0,"min(depreciation & amortization, capex)",True,False,False,False,False,False,False,False,False,False,False,,0,,substitution risk unassessed (cannot be automated),-0.9613736684627094,pass
UTHR,23220909651.35028,-1557100000.0,1171533333.3333333,0.054077900064096664,0.045,0.08061775444311103,15339845098.039215,20417634958.866203,18716494152.328503,22202945127.14374,11715333333.333332,11715333333.333332,0.11041125199603294,-0.982095514540797,11,2025-12-31,0.20983277094796093,0.20983277094796093,-0.043325243848366904,0.8792220441763283,0.027794528783851486,-0.006083944145474838,0.4689414647940428,0.20062512734974708,0.8448349421364194,0.23728079685702178,0.08061775444311103,0.16496624408174876,0.8,0.023812810601877343,-0.9866928585007287,76.53846153846153,16.93468541914116,-0.0066402581636102465,False,0.17750844301360352,0.20496104309111152,0,4,1334700000.0,1171533333.3333333,"min(depreciation & amortization, capex)",True,False,False,False,False,False,False,False,False,False,False,,0,,substitution risk unassessed (cannot be automated),-0.982095514540797,pass
SNA,20821262243.50952,-438100000.0,1037733333.3333334,0.05091130222759092,0.045,0.027421631813766112,12646727450.980394,14334390033.007545,13123386510.880909,15649859220.032848,10377333333.333334,10377333333.333334,0.11324944980413537,-1.006417407507663,11,2026-01-03,0.18720097355112192,0.18856183825494097,0.003090449199780117,,0.0022065869996837914,,0.2819314972501221,0.02505950434886487,0.9935616944666341,0.30580007952586064,0.027421631813766112,0.05699920607723108,0.6,,-0.3071799186649839,26.291089108910892,9.467713915230055,-0.010834777436053322,False,0.041904167616670464,0.2592270321223986,10,10,1039400000.0,1037733333.3333334,"min(depreciation & amortization, capex)",True,False,False,False,False,False,False,False,False,False,False,,0,,substitution risk unassessed (cannot be automated),-1.006417407507663,pass
ORCL,405109439681.9,-24090000000.0,13332333333.333334,0.03499121552554914,0.045,0.06160503358438141,180940980392.1569,213917386221.12015,196002851574.13904,233354585547.45877,133323333333.33333,133323333333.33333,0.21137802073208228,-2.038548688765908,11,2026-05-31,0.8246114785073216,0.8838494950591812,0.1418297200067533,,0.0059763934328278786,,0.30592217586887777,0.03817730039301937,0.692947797468806,0.12163040995774808,0.06160503358438141,0.10721151086579872,0.9,-0.01108692350529028,-0.8533777321194517,4.480539247662535,,-0.03827337568532285,False,0.36930779725590135,0.493059856160255,10,10,17087000000.0,13332333333.333334,"min(depreciation & amortization, capex)",True,False,False,True,False,False,False,False,False,False,False,,1,dilution,substitution risk unassessed (cannot be automated),-1.019274344382954,pass
HII,11273098512.308136,1926000000.0,630333333.3333334,0.047755786711156725,0.045,0.059257785635330906,5489686274.509805,10010672979.794044,9171807642.342037,10920911547.601631,6303333333.333333,5489686274.509805,0.08658074210867345,-1.0535050544968994,11,2025-12-31,0.21136182813669596,0.07309097107639756,-0.025994959033214766,,0.011893862164392675,,0.05262736302467158,0.02997500803653113,0.8633004926108374,-0.0445933847055152,0.059257785635330906,0.059269098321768965,1.0,0.05191594561186652,1.9533468559837728,6.257142857142857,2.652208449274608,-0.020409551322048913,False,0.0681169757489301,0.0474885844748858,10,9,605000000.0,630333333.3333334,"min(depreciation & amortization, capex)",True,False,False,False,False,False,False,False,False,False,False,,0,,substitution risk unassessed (cannot be automated),-1.0535050544968994,pass
LPX,5111314876.652832,56000000.0,248000000.0,0.047993978675563875,0.045,0.03648083734270946,2861647058.8235297,3564860369.922026,3264373641.6646357,3891167262.1112604,2480000000.0,2480000000.0,0.11950584814254056,-1.0610140631664646,11,2025-12-31,0.2367480643240024,0.08712013064879003,0.015964203788467538,0.21750369276218612,0.11423818255618913,0.013125353354767713,0.07717872968980798,0.14060606080755314,0.8417221892385162,-0.4544815223386652,0.03648083734270946,0.024527647060481605,0.6,0.038528138528138633,0.15819209039548024,12.294117647058824,5.868264387847354,-0.06855159133106992,False,0.02706444786958907,0.8107452339688042,8,7,146000000.0,248000000.0,"min(depreciation & amortization, capex)",True,False,False,False,False,False,False,False,False,False,False,,0,,substitution risk unassessed (cannot be automated),-1.0610140631664646,pass
ALLE,11741417108.038696,1623900000.0,620733333.3333334,0.046443591896520545,0.045,0.06997459770283654,5678845098.039217,10329453192.368462,9466342583.882202,11265657134.347084,6207333333.333333,5678845098.039217,0.09955126467188644,-1.0675712940458184,11,2025-12-31,0.2227765142250074,0.1950772498662635,-0.0037807392605062585,0.4519705947434416,0.013754484894000425,0.00047961975866951407,0.21131954859489097,0.01790936766833051,1.0492052980132451,0.19490562755087415,0.06997459770283654,0.08380376143729995,0.9,-0.04698668535388928,1.6416295996765062,8.509900990099009,3.9895181096127494,-0.011175060225402711,False,0.05060068589703129,0.19266662254285527,10,10,675400000.0,620733333.3333334,"min(depreciation & amortization, capex)",True,False,False,False,False,False,False,False,False,False,False,,0,,substitution risk unassessed (cannot be automated),-1.0675712940458184,pass
MAS,15848774750.768585,2298000000.0,846666666.6666666,0.04665659205533518,0.045,0.005730643302406024,7662784313.725491,10627289904.748436,9724755028.013235,11608405570.908978,8466666666.666666,7662784313.725491,0.09713255200522788,-1.068278852946499,11,2025-12-31,0.4783976517820505,0.446484631534178,-0.0005449197392258626,0.3542713567839196,0.01847325325388917,0.0016120237136081992,0.16503570483998942,0.014738564297565595,1.0563956370847793,-0.0963977529982215,0.005730643302406024,0.010196177670730222,0.6,0.07171611748919049,1.646131805157593,12.356435643564357,2.7414092318081424,-0.04732122057234833,False,0.04986507098439517,0.15298402913981507,10,10,810000000.0,846666666.6666666,"min(depreciation & amortization, capex)",True,False,False,False,False,False,False,False,False,False,False,,0,,substitution risk unassessed (cannot be automated),-1.068278852946499,pass
META,1698738315045.7427,22871000000.0,53972000000.0,0.03134973743945268,0.045,0.1,612093705882.353,1022879435271.896,938113915258.4131,1022879435271.896,539720000000.0,539720000000.0,0.219849716592959,-2.147443702374829,11,2025-12-31,0.2440064072329069,0.2440064072329069,0.013889472562532331,0.8199944269179861,0.024871794533246533,-0.005178808525385123,0.41437855159579234,0.06803502170997502,0.9244448695952702,0.23099281777922745,0.27338307879318413,0.18511415178759827,0.9,0.21596390228722573,0.22446315706826836,76.4,5.340159906537461,-0.010238225180879246,False,0.3262034227576331,0.6272209416620202,2,9,60458000000.0,53972000000.0,"min(depreciation & amortization, capex)",True,False,False,True,False,False,False,False,False,False,False,,1,dilution,substitution risk unassessed (cannot be automated),-1.0737218511874145,pass
ORLY,71501536004.50491,5823111000.0,2423823333.3333335,0.03134606399421548,0.045,0.08360334364222477,22692457627.450985,42793027987.74594,39230551496.25804,45936393730.06087,24238233333.333332,22692457627.450985,0.20427663619828512,-2.1508943270212284,11,2025-12-31,0.4925286887688015,0.5357751010011834,0.04127427893185768,0.5159231316716373,0.007081879181868933,-0.001462546062536952,0.19461329191915056,0.009282134317750887,0.9684828685773296,0.6659277393538641,0.08360334364222477,0.08910774866946913,1.0,0.1433014925637821,1.4660983493301094,14.7219991151346,,-0.03281070228155636,False,0.014410545775585282,0.1382787625182454,0,10,2538209000.0,2423823333.3333335,"min(depreciation & amortization, capex)",True,False,False,False,True,False,False,False,False,False,False,,1,accruals,substitution risk unassessed (cannot be automated),-1.0754471635106142,pass
EVR,12948961519.0,-1426020000.0,409993333.3333333,0.03558061391332253,0.045,0.1,6249470980.392157,7770209539.487925,7126296063.943914,7770209539.487925,4099933333.333333,4099933333.333333,0.2206821206964728,-2.158334652352071,11,2025-12-31,1.0796677775579742,1.0903881345190987,-0.13031629677991136,,,,0.21084028077742648,0.06128243017919172,2.0969033322817077,1.1325274613391385,0.12081325722125924,0.1116776118923839,0.7,0.1264182386263657,-1.683662445762862,33.7157105176393,5.839193049980461,-0.003647472430685861,True,0.5563547358193206,,10,0,591922000.0,409993333.3333333,"min(depreciation & amortization, capex)",True,False,False,True,False,False,False,False,False,False,False,,1,dilution,substitution risk unassessed (cannot be automated),-1.0791673261760355,pass
PNR,12312726563.334778,1537000000.0,633966666.6666666,0.04577467026280541,0.045,0.0,5921431372.54902,7758037814.715225,7098294462.63577,8475362532.843956,6339666666.666666,5921431372.54902,0.10568156596427036,-1.0793497025761316,11,2025-12-31,0.13314979107242958,0.13617965938253607,0.010041562679873555,0.4047653256704981,0.021800763580856527,0.004531597310580671,0.20534003831417624,0.026441755583749147,1.1852910094328546,0.13959255147917035,-0.009976038883464766,0.06712183699096541,0.6,0.02049235763560131,1.6759350125395267,,4.08927072417793,-0.009784494613624073,False,0.05446950434237031,-0.49212798374809547,10,8,653800000.0,633966666.6666666,"min(depreciation & amortization, capex)",True,False,False,False,False,False,False,False,False,False,False,,0,,substitution risk unassessed (cannot be automated),-1.0793497025761316,pass
NXPI,73787200014.07788,8955000000.0,2746666666.6666665,0.033195475418823096,0.045,0.03585323706732968,23358725490.19608,39373119818.81914,36053782891.20856,42977757332.87228,27466666666.666664,23358725490.19608,0.18193048274781753,-2.158870977145016,9,2025-12-31,0.16650130967764465,0.12867791840891846,0.0031801010441840625,0.5473958757844976,0.030134489286034908,0.00857419506989833,0.24834949873665335,0.09157404216980566,1.310823754789272,0.43228813019436246,0.03585323706732968,0.07334918054419859,0.5,-0.0298524276219444,2.308584686774942,6.53862660944206,,-0.03767565057918254,False,0.15418341249543296,0.14260912698412698,8,9,2456000000.0,2746666666.6666665,"min(depreciation & amortization, capex)",True,True,False,False,False,False,False,False,False,False,False,,1,structural_decline,substitution risk unassessed (cannot be automated),-1.079435488572508,pass
FAF,7062688751.220703,-1387300000.0,332533333.3333333,0.058592168379973913,0.045,0.03713093440238158,5299456862.745098,4793643066.762156,4389646970.779472,5232343918.25412,3325333333.333333,3325333333.333333,0.12652465838407212,-1.1239039949541012,11,2025-12-31,0.204464539857918,0.1809261825263946,-0.004579635503761618,,,,0.13193419392930947,0.042959327605848946,1.2662281441751841,0.0016262476980468852,0.03713093440238158,0.010128607468112838,0.7,0.14253466623669775,-1.156661664165416,6.2624203821656055,1.7524460087740499,-0.005723078431327799,True,0.07617912192271166,-0.24671381355360578,10,9,649700000.0,332533333.3333333,"min(depreciation & amortization, capex)",True,False,False,False,False,False,False,False,False,False,False,,0,,substitution risk unassessed (cannot be automated),-1.1239039949541012,pass
MZTI,3148089422.4864655,-161476000.0,147138000.0,0.04926583363356822,0.045,0.056248841758904655,1892511294.1176472,2306285371.824023,2112872295.5621188,2516176201.6764293,1471380000.0,1471380000.0,0.12824072731494485,-1.1395488741769397,11,2025-06-30,0.2300569128301918,0.20635168304183896,-0.013331643247027828,0.2386678274096679,0.019482574538076978,-0.002449971965715151,0.1154022634488524,0.028763410211807332,0.8994977543623242,0.15131739835267935,0.056248841758904655,0.07426224058251574,1.0,0.02034046828726699,-0.5716268120431174,,,0.000591244738347374,False,0.057381711264683624,-0.35939961413880384,10,10,171515000.0,147138000.0,"min(depreciation & amortization, capex)",True,False,False,False,False,False,False,False,False,False,False,,0,,substitution risk unassessed (cannot be automated),-1.1395488741769397,pass
DUOL,5812957376.453636,-1036389000.0,174203333.33333334,0.036470394560261826,0.045,0.1,3085839980.392157,3301508323.2506094,3027913938.419916,3301508323.2506094,1742033333.3333333,1742033333.3333333,0.2339655119993136,-2.3368806814567096,6,2025-12-31,0.917331673725584,0.436453896599349,,0.7223062310799363,0.006206522401105337,0.0013152213720306783,0.13065867120796384,0.14508524964293756,2.2481988200020355,0.29617349032235374,0.4503246102127074,0.4503246102127074,1.0,,-6.911056874787445,,6.036843766347186,0.06967203938746769,False,0.5510836775744379,,0,1,414065000.0,174203333.33333334,"min(depreciation & amortization, capex)",True,False,False,True,False,False,False,False,False,False,False,,1,dilution,substitution risk unassessed (cannot be automated),-1.1684403407283548,pass
FIVE,10472386492.140396,-723699000.0,310246666.6666667,0.0318244550270787,0.045,0.1,4373659784.313726,5879806847.902399,5392550121.5915365,5879806847.902399,3102466666.6666665,3102466666.6666665,0.236752900692217,-2.375503306661494,11,2026-01-31,0.27369057865326457,0.2323709763739176,-0.01283235854518176,0.3599145870184106,0.009197785870340012,-0.00014911261800525262,0.09600858243878704,0.016600317246290363,0.559029286287059,0.25304523159557485,0.19066224836443824,0.1941287791697135,1.0,0.18413299110071213,-1.1142024442590088,,4.0709813328947,0.0011685616196390747,False,0.16008155484034853,0.5966753353458363,0,7,376023000.0,310246666.6666667,"min(depreciation & amortization, capex)",True,False,False,False,True,False,False,False,False,False,False,,1,accruals,substitution risk unassessed (cannot be automated),-1.187751653330747,pass
JBL,34610128521.20749,952000000.0,1023000000.0,0.02876655708023589,0.045,0.05230392109494675,11083294117.64706,15760761599.89798,14437645869.558952,17196793230.804985,10230000000.0,10230000000.0,0.23730481867144182,-2.3831992689352384,11,2025-08-31,0.13947849415895036,0.35318403842130636,0.04042602683691106,0.08878598751761627,0.006026948171969885,0.0006718333877577577,0.039661767666599554,0.014268985977404091,-0.043068684957024775,,0.05230392109494675,0.01794613089068231,0.9,0.0784748042085277,0.5129310344827587,,1.6457917902226664,-0.05957026797328324,False,,0.30343406768538483,10,10,863000000.0,1023000000.0,"min(depreciation & amortization, capex)",True,False,False,False,True,False,False,False,False,False,False,,1,accruals,substitution risk unassessed (cannot be automated),-1.1915996344676192,pass
JNJ,618606643654.0555,21729000000.0,28184000000.0,0.04401441693791849,0.045,0.030021220268546367,309847470588.23535,393789320325.65515,360542518792.91693,429900910396.0213,281840000000.0,281840000000.0,0.13421861182733308,-1.194885905670081,11,2025-12-28,0.19607712229927549,0.2672802195705713,0.0016407665963634657,0.6787871710212011,0.015563907715584038,0.0005129895146872806,0.3562048135211746,0.04908946180977495,1.0495391287696472,0.6502381176390009,0.030021220268546367,0.02665503872479502,0.9,,0.5292656192911948,34.55406797116375,4.674074370982248,-0.014550273257340707,True,0.05739349977563328,0.11503232758620685,0,10,29475000000.0,28184000000.0,"min(depreciation & amortization, capex)",True,False,False,False,False,False,False,False,False,False,False,,0,,substitution risk unassessed (cannot be automated),-1.194885905670081,pass
HSY,35225780724.354614,3973881000.0,1671788000.0,0.04264802109150151,0.045,0.04699934288470664,15694213117.64706,25165344997.973724,23049808963.271347,27461839021.579887,16717880000.0,15694213117.64706,0.12466525651594551,-1.2445076067398149,11,2025-12-31,0.2706656885887677,0.12178199535036434,-0.0059138555298132185,0.33548561069861765,0.037311084595528204,-0.004695420655064674,0.12328574986384523,0.04091216022972622,1.116383935526447,-0.15784995725630752,0.04699934288470664,0.0748639898139154,1.0,0.02046855020352467,2.042885953273368,6.4123199558730635,2.8189061045752997,,False,0.04179635233734738,,10,9,932338000.0,1671788000.0,"min(depreciation & amortization, capex)",True,False,False,False,False,False,False,False,False,False,False,,0,,substitution risk unassessed (cannot be automated),-1.2445076067398149,pass
PG,342397178091.2157,20816000000.0,15168666666.666666,0.041762434794855585,0.045,0.01765948152373964,157638901960.78433,200703469149.30774,183706980288.99152,219172286048.2624,151686666666.66666,151686666666.66666,0.14079211113452,-1.257266150120088,11,2025-06-30,0.2108970799747176,0.222862297490374,0.01180158691246306,0.5116036258364577,0.014976168640705903,0.0017670231861455692,0.24264391818138675,0.04599797702159144,1.0681889364494623,0.23740640338344168,0.01765948152373964,0.03504336978124267,0.8,0.04825364931150644,0.8934672504077603,22.54796030871003,4.674728647013468,-0.015986554734714664,False,0.035897292693483754,0.12385252069224983,10,10,15974000000.0,15168666666.666666,"min(depreciation & amortization, capex)",True,False,False,False,False,False,False,False,False,False,False,,0,,substitution risk unassessed (cannot be automated),-1.257266150120088,pass
CHE,6485594424.748779,-74515000.0,286440333.3333333,0.044678955657230464,0.045,0.05066475170287732,3444401274.509804,4381497068.425263,4013513640.41033,4780906907.761526,2864403333.333333,2864403333.333333,0.14151281036064173,-1.2642043280969903,11,2025-12-31,0.29455583298894866,0.27867212912305284,0.013448869877112227,0.32537199928220717,0.19111618781555786,-0.024521620770592206,0.13369523371349473,0.07867246807009615,1.1171283037064983,-0.37392340677125324,0.05066475170287732,0.13644589546917474,0.7,0.041744979643829394,-0.1848608364943548,193.28342857142857,9.647694152672992,-0.018462202297089836,False,0.11420405303785496,-0.08683623566140142,10,10,267284000.0,286440333.3333333,"min(depreciation & amortization, capex)",True,False,False,False,False,False,False,False,False,False,False,,0,,substitution risk unassessed (cannot be automated),-1.2642043280969903,pass
KO,359214247887.72595,33671000000.0,11484000000.0,0.02922990889004252,0.045,0.007943570111479836,101434882352.9412,145564751568.27643,133208952010.39139,158995319821.23285,114840000000.0,101434882352.9412,0.21835348223593454,-2.541328580022849,11,2025-12-31,0.15413542026477117,0.17164147530895799,0.0030641751683086063,0.6162574831563797,0.011918836351030892,-0.0007940824106192708,0.28706117936630443,0.03160499743002025,0.9080680928776416,0.3246949620859831,0.007943570111479836,0.07746156826284567,0.6,-0.11409864219395693,2.273224412638401,8.32043530834341,,-0.0021084283080115007,False,0.03324355060752978,-0.058915715754934095,10,10,13107000000.0,11484000000.0,"min(depreciation & amortization, capex)",True,False,False,False,True,False,False,False,False,False,False,,1,accruals,substitution risk unassessed (cannot be automated),-1.2706642900114244,pass
SSD,7766915885.544205,-69138000.0,340431333.3333333,0.044224624092185805,0.045,0.1,4074212509.8039217,6451867820.144864,5917204680.018807,6451867820.144864,3404313333.333333,3404313333.333333,0.1432997671870101,-1.28149266094118,11,2025-12-31,0.1819376110160232,0.17432913562207816,0.007333163327165743,0.4585053720666253,0.01409710661490577,0.0005328506015475245,0.1963577799801784,0.032416008074205964,0.8273367276113451,0.12173654050941579,0.11378822537385669,0.1296807181620545,1.0,0.11561943760838833,-0.12616055005693264,,7.081248971567788,-0.017746505287027814,False,0.09039738791776485,0.06933870548844262,10,10,345083000.0,340431333.3333333,"min(depreciation & amortization, capex)",True,False,False,False,False,False,False,False,False,False,False,,0,,substitution risk unassessed (cannot be automated),-1.28149266094118,pass
NXT,16909339047.500002,-1094976000.0,467097333.3333333,0.029536272307038883,0.045,0.1,6590238745.09804,8852446760.116518,8118848813.831198,8852446760.116518,4670973333.333333,4670973333.333333,0.25375409073946487,-2.620088970928258,6,2026-03-31,0.5917898537985898,0.46174071667933947,,0.32592522876110797,0.10415938038957655,0.044399554553107345,0.19589480219925323,0.07574606419426903,1.1420037292280925,0.3129685337546133,0.2438176032031829,0.2438176032031829,1.0,,-1.5043606807827794,,3.692102629059631,0.015434904418667461,False,0.2093605963089088,-1.0,0,2,585883000.0,467097333.3333333,"min(depreciation & amortization, capex)",True,False,False,True,False,False,False,False,False,False,False,,1,dilution,substitution risk unassessed (cannot be automated),-1.310044485464129,pass
AZO,50161937033.499756,8527972000.0,2563033333.3333335,0.043670766841202184,0.045,0.06396900220691903,21625361333.33334,41549882502.62398,38072466561.36344,45322560390.786736,25630333333.333332,21625361333.33334,0.1074642770674723,-1.3195883879258066,11,2025-08-30,0.5627099345535294,0.5627099345535294,0.04590977074747759,0.5262486365892685,0.005567629143727495,-0.0002058308147216922,0.1906230501253068,0.011652361563455501,0.9688808639235923,0.44289784373962465,0.06396900220691903,0.08436605609642212,1.0,0.06475393136887742,2.0192411009730415,7.3672894240089795,,-0.060552227506675105,False,0.03505209687980273,0.08967371567986121,0,10,2498247000.0,2563033333.3333335,"min(depreciation & amortization, capex)",True,False,False,False,False,False,False,False,False,False,False,,0,,substitution risk unassessed (cannot be automated),-1.3195883879258066,pass
TTC,8887772582.590485,580500000.0,382866666.6666667,0.040436802312879314,0.045,0.06553033607817338,3923813725.490197,6249100158.00497,5726314525.69129,6816244453.664174,3828666666.6666665,3828666666.6666665,0.1473747714409629,-1.3213753915872761,11,2025-10-31,0.24215756150673776,0.16871829794690077,-0.021833265360498604,0.333628946434906,0.012862944253018163,-0.002743943992741981,0.09087885775097553,0.01831041322856396,1.0352347355691827,-0.003591741655436,0.06553033607817338,0.0594738881494723,0.9,0.07671113966356535,1.0501085383502171,6.93570219966159,,-0.012793260925774264,False,0.05012207870267843,0.11880028765385148,10,9,375300000.0,382866666.6666667,"min(depreciation & amortization, capex)",True,False,False,False,False,False,False,False,False,False,False,,0,,substitution risk unassessed (cannot be automated),-1.3213753915872761,pass
AYI,9971829622.66101,474300000.0,427833333.3333333,0.04095615781037461,0.045,0.048481960151035564,4559033333.333334,6482090519.208187,5937379183.495842,7073365229.75258,4278333333.333333,4278333333.333333,0.14832566719028806,-1.3307743566796288,11,2025-08-31,0.19404081339666962,0.13975576311110963,-0.005992406925850141,0.47829988954344627,0.02302990969932544,0.0042649847091125945,0.12976343888070693,0.012853563642688604,1.1689420738447933,0.14332593647393496,0.048481960151035564,0.05491548293881321,0.6,-0.09431753206088167,0.6804878048780488,13.268235294117646,6.255813454636351,-0.031106489402275006,False,0.09012459512494976,0.4933428968485229,10,9,461300000.0,427833333.3333333,"min(depreciation & amortization, capex)",True,False,False,False,False,False,False,False,False,False,False,,0,,substitution risk unassessed (cannot be automated),-1.3307743566796288,pass
GGG,12281645098.0,-622459000.0,525399333.3333333,0.04506312266715252,0.045,0.056862375090738215,6803627627.450981,8257362128.411177,7564982677.4996195,9008712832.766998,5253993333.333333,5253993333.333333,0.14901227790705568,-1.3375829238458623,11,2025-12-26,0.31914169683207977,0.2503059160512127,0.004864812176699576,0.5245376472544984,0.012489875946554976,-0.0015212336791474966,0.27935074783019254,0.0544859519473867,0.9160552917384576,0.1669058630379885,0.056862375090738215,0.06271051325876531,0.8,0.0024725933981148973,-0.850086721385357,215.96854476322156,,-0.004496757825427133,False,0.07712271433580495,0.6333345498573146,10,9,583603000.0,525399333.3333333,"min(depreciation & amortization, capex)",True,False,False,False,False,False,False,False,False,False,False,,0,,substitution risk unassessed (cannot be automated),-1.3375829238458623,pass
ADP,96703716769.50467,627900000.0,4117966666.6666665,0.042308622864229276,0.045,0.06514426894723169,47818766666.66667,67099974306.61272,61485963613.54161,73190417365.26389,41179666666.666664,41179666666.666664,0.15009296913271214,-1.3483365601835375,11,2025-06-30,0.46382803717667004,0.6499455232372167,0.034752778254174214,0.46027168071436564,0.01720198898663946,0.004685845418784361,0.2804351949574192,0.032817969946140876,1.1246729456370859,1.943428789384575,0.06514426894723169,0.07102240602525911,1.0,0.03398959617865094,0.09890681116501795,12.647510418951525,2.6481557330880214,-0.015086659363689359,True,0.06313782556131806,0.05638602128073428,10,10,4493400000.0,4117966666.6666665,"min(depreciation & amortization, capex)",True,False,False,False,False,False,False,False,False,False,False,,0,,substitution risk unassessed (cannot be automated),-1.3483365601835375,pass
PAYX,38241224325.56152,3319600000.0,1657133333.3333333,0.03987248473111087,0.045,0.07041210250304242,16176086274.509804,27628435316.50682,25320124441.57335,30132190266.489197,16571333333.333332,16176086274.509804,0.1459821289125119,-1.364059122621141,11,2025-05-31,0.4152430405914402,0.225780230751686,-0.003546697827461276,0.715268022181146,0.014876447136782626,0.004941439839148823,0.4080776340110906,0.019370547595607537,1.0774262709410871,0.11857442351270844,0.07041210250304242,0.06473347254645279,1.0,0.07088491020883558,1.3733245076948535,20.945920303605313,2.468641407099413,-0.0007154090147333259,False,0.04215143724490537,0.09978617248752669,10,9,1675000000.0,1657133333.3333333,"min(depreciation & amortization, capex)",True,False,False,False,False,False,False,False,False,False,False,,0,,substitution risk unassessed (cannot be automated),-1.364059122621141,pass
LMT,120635484222.9668,17579000000.0,5770333333.333333,0.04174912177818256,0.045,0.06353019149922656,50307274509.803925,93365383841.45685,85550483972.8158,101843961717.3598,57703333333.33333,50307274509.803925,0.12283391297611523,-1.39797296511178,11,2025-12-31,0.3248982649116708,0.2695287502970718,-0.0034398723409450847,0.10152169278328536,0.014262146784116617,-0.001303593273653016,0.10301407099456347,0.01406114235196136,1.0305312016503352,-0.07336688072787764,0.06353019149922656,0.027909621535260998,0.9,0.09339263024142319,1.8665321724357613,6.915026833631485,1.9878047960849279,-0.029402844518808924,False,0.039018449938277786,-0.01512048699750329,10,10,5055000000.0,5770333333.333333,"min(depreciation & amortization, capex)",True,False,False,False,False,False,False,False,False,False,False,,0,,substitution risk unassessed (cannot be automated),-1.39797296511178,pass
WSM,26110310989.25,-1019801000.0,1071939000.0,0.04272288608160101,0.045,0.046064759838550406,13630848058.82353,16069942209.118534,14718690108.04702,17536824086.425415,10719390000.0,10719390000.0,0.15871663206260744,-1.435801942951045,11,2026-02-01,0.8444173997273705,0.9981890793668854,0.10524419923784423,0.46152631239163316,0.0400328915168686,0.01090396337626534,0.1813443534470391,0.04513997638921858,1.1000528372728138,1.176629057373375,0.046064759838550406,0.02850878391314704,0.8,0.03992088289833218,-0.619122726177185,,4.243845413955413,-0.037693620171153075,False,0.09589446861049238,0.05675384285524121,10,10,1088437000.0,1071939000.0,"min(depreciation & amortization, capex)",True,False,False,False,False,False,False,False,False,False,False,,0,,substitution risk unassessed (cannot be automated),-1.435801942951045,pass
ERIE,13167111533.41919,-345874000.0,535236666.6666667,0.041746100192867175,0.045,0.1,6642775960.784314,10143826045.66835,9303212127.705639,10143826045.66835,5352366666.666667,5352366666.666667,0.16105706991340174,-1.4600540944664706,11,2025-12-31,0.2719127836927076,0.29136262429368825,-0.00020328839881731287,,,,0.17633108103788842,0.021190163579681433,0.8290599590336103,0.36249767633941377,0.10449019658777758,0.0990406294397781,1.0,0.023893370922674517,-0.4396885972383599,,7.532641044934827,,False,0.0,,10,0,559335000.0,535236666.6666667,"min(depreciation & amortization, capex)",True,False,False,False,False,False,False,False,False,False,False,,0,,substitution risk unassessed (cannot be automated),-1.4600540944664706,pass
TTEK,8042670362.609509,595904000.0,328111333.3333333,0.03798211597894015,0.045,0.08998520074960714,3264229333.3333335,5955148710.552662,5460262597.405872,6218378702.777531,3281113333.333333,3264229333.3333335,0.16020525051012502,-1.4638803041441255,11,2025-09-28,0.13581381606210766,0.11288264429176452,0.006647053164851942,0.1766335513055365,0.01775061691156638,0.004912050768651182,0.07504129467771778,0.018203465028446233,1.339604015629813,0.06999733745176732,0.08998520074960714,0.12689880857703995,0.9,-0.03619066805520332,1.2768596192374035,10.049927409631142,,-0.004565116187701168,False,0.08580998870187433,0.07458364030296538,10,8,287592000.0,328111333.3333333,"min(depreciation & amortization, capex)",True,False,False,False,False,False,False,False,False,False,False,,0,,substitution risk unassessed (cannot be automated),-1.4638803041441255,pass
TEL,58484242465.79906,4439000000.0,2384333333.3333335,0.03789272834484492,0.045,0.03503685375201315,23611980392.156868,34056774777.453575,31185040142.43698,37175425047.053955,23843333333.333332,23611980392.156868,0.1603645722149845,-1.476888490269356,11,2025-09-26,0.1453556731334509,0.10849544932673444,0.0005004446438246065,0.3521608156644653,0.013514725553937821,1.4540706993379286e-05,0.18601552543158384,0.03771890988157264,0.9593410605092635,0.34947669579692053,0.03503685375201315,0.07237290827192866,0.5,-0.09488399762046396,1.0963200790318597,41.701298701298704,4.485466667787478,-0.031314192862931245,False,0.053607953194120726,0.2072973597105689,10,10,1842000000.0,2384333333.3333335,"min(depreciation & amortization, capex)",True,False,False,False,False,False,False,False,False,False,False,,0,,substitution risk unassessed (cannot be automated),-1.476888490269356,pass
FFIV,24282280542.783813,-1344273000.0,612780666.6666666,0.02671464230377082,0.045,0.04867912426967447,8553457313.725491,9292237353.601816,8511419965.725374,10139795380.024801,6127806666.666666,6127806666.666666,0.2758756329551746,-2.962638161362328,11,2025-09-30,0.2918831857972993,0.2918831857972993,-0.037790591786004905,0.8141306290785966,0.016493766291296372,-0.0036507602043867964,0.2480346960822157,0.05392532297833959,1.5529108104752989,0.7380774308297112,0.04867912426967447,0.05607201474998624,1.0,0.04832890141885171,-1.5661165401445567,,,-0.020983469042968328,False,0.3020394625551283,0.14395954681802442,0,10,741519000.0,612780666.6666666,"min(depreciation & amortization, capex)",True,False,False,True,False,False,False,False,False,False,False,,1,dilution,substitution risk unassessed (cannot be automated),-1.481319080681164,pass
RMD,29572644297.796875,-541158000.0,1183577333.3333333,0.04076874746241125,0.045,0.1,14465597215.686275,22431203481.816807,20572340587.42394,22431203481.816807,11835773333.333332,11835773333.333332,0.16473164968991466,-1.4985815007550736,11,2025-06-30,0.17258860783635416,0.25931653276298244,0.0019165511013567779,0.5936214313626009,0.012756548584143441,-0.0015942047336072408,0.3274885175388194,0.03506616253273377,1.0181663328596122,0.3250878435334717,0.118528217011447,0.11719460252680114,1.0,0.13444516399316808,-0.2872638594867069,,8.64612438701463,0.003214096279607226,False,0.09456827321983499,0.8057256992366664,10,5,1509331000.0,1183577333.3333333,"min(depreciation & amortization, capex)",True,False,False,False,False,False,False,False,False,False,False,,0,,substitution risk unassessed (cannot be automated),-1.4985815007550736,pass
PPG,26025804476.16577,5141000000.0,1320666666.6666667,0.042374144185253954,0.045,0.010921247800960376,10396254901.960787,16961928278.097181,15523187019.200039,18525659937.970104,13206666666.666666,10396254901.960787,0.10906519698326356,-1.503382681705618,11,2025-12-31,0.18008455623999314,0.13560812015539372,-0.009834667021054492,0.41316535433070867,0.02546548851528524,-0.00403295631831684,0.144,0.013768667241285887,0.9766908125941333,0.02985456996095116,0.010921247800960376,0.027905506355126564,0.6,-0.08662353096527131,1.8269367448471927,9.485477178423237,5.583308731312645,-0.01845525082261712,True,0.03590835658687032,0.31578947368421056,10,9,1576000000.0,1320666666.6666667,"min(depreciation & amortization, capex)",True,False,False,False,False,False,False,False,False,False,False,,0,,substitution risk unassessed (cannot be automated),-1.503382681705618,pass
ITW,77336636297.60742,6831000000.0,3170333333.3333335,0.03766689279622142,0.045,0.01813316259315334,30467039215.68628,42035883743.21397,38476501159.51952,45903536911.82927,31703333333.333332,30467039215.68628,0.15906376648847476,-1.5383705896104876,11,2025-12-31,0.2961742857166537,0.33117629511782837,0.013435921966931408,0.5290451259037646,0.04923700542890915,0.012712315141553703,0.26277736225380205,0.015710348464072592,0.9506291662210815,0.8221776001581504,0.01813316259315334,0.04994811807277366,0.7,-0.10879580409667589,1.5069490403706154,14.438356164383562,,-0.02332297190800059,False,0.020773961301934905,0.30659861465548666,10,10,3066000000.0,3170333333.3333335,"min(depreciation & amortization, capex)",True,False,False,False,False,False,False,False,False,False,False,,0,,substitution risk unassessed (cannot be automated),-1.5383705896104876,pass
VLTO,22767051208.69052,642000000.0,894333333.3333334,0.0382045955370167,0.045,0.04022051292916329,9879568627.450981,13068280396.316107,11967781083.813347,14263190550.459301,8943333333.333334,8943333333.333334,0.1691551944948672,-1.545700843312395,5,2025-12-31,0.2652795261626975,0.27310964998199183,0.002993999458342017,0.599491186625477,0.014284900086742785,0.007569945250458611,0.2320552425949482,0.0044924559322895,1.023853635942566,,0.04022051292916329,0.04022051292916329,1.0,,0.4738007380073801,13.302083333333334,,0.004035594497450168,False,0.06084596245193395,,2,0,955000000.0,894333333.3333334,"min(depreciation & amortization, capex)",True,False,False,False,False,False,False,False,False,False,False,,0,,substitution risk unassessed (cannot be automated),-1.545700843312395,pass
ODFL,47339821274.76013,-80096000.0,1149759333.3333333,0.02432852342346099,0.045,0.06339939100005543,13606676392.156862,18592780239.001133,17036467153.929455,20281270286.263763,11497593333.333332,11497593333.333332,0.28529926598978994,-3.117367861456236,11,2025-12-31,0.23935390019581643,0.2419084515595887,0.014478499702475438,,,,0.247625304540854,0.047787389503920884,0.6975709807188168,0.28744256802803086,0.06339939100005543,0.06481850942440892,0.6,-0.02287161383569336,-0.046412876189063396,4598.125,8.247221796028144,-0.021934782063392166,False,0.01687550747218504,-0.5905342064245496,9,10,1023703000.0,1149759333.3333333,"min(depreciation & amortization, capex)",True,True,False,False,False,False,False,False,False,False,False,,1,structural_decline,substitution risk unassessed (cannot be automated),-1.558683930728118,pass
MCK,94359981932.70905,3818000000.0,3686333333.3333335,0.0375474547425505,0.045,0.07770492194444545,39550627450.9804,63439010631.579056,58149241371.57823,69175235214.6529,36863333333.333336,36863333333.333336,0.17045714343983387,-1.5597246206540114,11,2026-03-31,0.2574440324282695,3.1033081130057223,6.709031629579248,0.036065736311132045,0.007938280498099724,-0.002331738616417193,0.015397962471804279,0.013662198283355402,2.414690365210265,171.85848703461318,0.07770492194444545,0.11110493647209152,1.0,0.07807053970949851,0.5874749961532544,25.149797570850204,,-0.061051903069060165,False,0.03500063637520682,0.12434017595307917,10,10,4762000000.0,3686333333.3333335,"min(depreciation & amortization, capex)",True,False,False,False,False,False,False,False,False,False,False,,0,,substitution risk unassessed (cannot be automated),-1.5597246206540114,pass
BKNG,138230563725.09174,1533000000.0,5399000000.0,0.03862952443470585,0.045,0.1,61984647058.82353,102322057196.93484,93842678212.40958,102322057196.93484,53990000000.0,53990000000.0,0.17051036307593065,-1.5602993836838626,11,2025-12-31,0.24771549647695784,,0.09891687929924234,,0.024906652704518084,,0.3278597169075306,0.13062945698001838,1.4837909149095205,,0.11304006434987146,0.3169056376027688,0.9,-0.5489180937209611,0.16225656223539373,5.457637600494744,7.636752165261604,-0.0447553670997789,False,0.07790855435604441,0.5826783070137365,2,10,5705000000.0,5399000000.0,"min(depreciation & amortization, capex)",True,False,False,False,False,False,False,False,False,False,False,,0,,substitution risk unassessed (cannot be automated),-1.5602993836838626,pass
MSM,6870211392.487686,429021000.0,267051666.66666666,0.036586267200029714,0.045,0.026203902561338754,2712763313.7254906,3669107770.2570715,3359039453.7453117,4005937728.118854,2670516666.6666665,2670516666.6666665,0.17164807917899932,-1.5726150591911754,11,2025-08-30,0.14633607015008573,0.12455583644735375,0.0009135447798999144,0.40751464178074615,0.016737418530340626,-0.004772956114444936,0.080000350177118,0.017631528849342656,1.0776327897766798,-3.166883071976931,0.026203902561338754,0.03379350713818119,0.6,-0.05095937145213314,1.0939111145108238,12.532227901757885,4.08863508932372,-0.009491541296403505,False,0.05631821090078259,-0.3820316774535568,0,10,199328000.0,267051666.66666666,"min(depreciation & amortization, capex)",True,False,False,False,False,False,False,False,False,False,False,,0,,substitution risk unassessed (cannot be automated),-1.5726150591911754,pass
NOC,76645525347.40283,11293000000.0,3478000000.0,0.03955035618643927,0.045,0.05955261609511364,29624647058.823532,55307152944.74614,50672934657.57988,60335614055.49802,34780000000.0,29624647058.823532,0.13516041214087765,-1.587221552216751,11,2025-12-31,0.1681874737273666,0.13309886956916103,-0.011317785185004335,,0.017372390736580465,,0.10752252466987654,0.02365873692600484,0.670811224624482,0.03361218677007982,0.05955261609511364,0.026567406658034587,0.9,0.087408764516415,1.8875146247701822,6.783458646616541,2.330917541651274,-0.028290747319948073,False,0.04285545629845343,0.3604462254955052,10,10,4204000000.0,3478000000.0,"min(depreciation & amortization, capex)",True,False,False,False,False,False,False,False,False,False,False,,0,,substitution risk unassessed (cannot be automated),-1.587221552216751,pass
EA,51757614730.71936,-2864000000.0,1238000000.0,0.025320279689244926,0.045,0.05530864628020371,17428705882.352943,19325257685.340317,17704175181.27318,21084504213.220978,12380000000.0,12380000000.0,0.28906597017650093,-3.1807443239676383,11,2026-03-31,0.3336694793167318,0.22396653628857016,-0.15254517032833426,0.789669366617979,0.02926937431902882,0.007557518386748757,0.15429557827645732,0.040309132050958256,1.442666048094023,0.009547147642617876,0.05530864628020371,0.05994731676895082,0.8,0.11858585858585857,-1.9286195286195287,21.92452830188679,3.4383719249490077,-0.026220431414322287,False,0.24868689034194447,0.04932807596362759,6,10,980000000.0,1238000000.0,"min(depreciation & amortization, capex)",True,False,False,True,False,False,False,False,False,False,False,,1,dilution,substitution risk unassessed (cannot be automated),-1.5903721619838191,pass
BR,17056129199.774446,2690800000.0,787833333.3333334,0.03989649860811433,0.045,0.09843222570560162,6577827450.980394,14830416098.853903,13600883685.347036,14931047859.786104,7878333333.333333,6577827450.980394,0.13100137421441893,-1.592973033555678,11,2025-06-30,0.1857721833370964,0.17564750556501244,-0.010552685670645644,0.31017113991668,0.02166687917958916,0.0001819870782503438,0.17253342236286306,0.01575762401987735,1.2298916863409448,0.16563994792635298,0.09843222570560162,0.08750693129534581,1.0,0.03823758653890241,2.03956643674676,8.75257731958763,2.8477980525319544,-0.004694724629229818,False,0.09469103058189118,0.1005734049331028,10,10,926400000.0,787833333.3333334,"min(depreciation & amortization, capex)",True,False,False,False,False,False,False,False,False,False,False,,0,,substitution risk unassessed (cannot be automated),-1.592973033555678,pass
GOOG,4332279523093.1504,17835000000.0,102027666666.66667,0.02345401853791193,0.045,0.1,1182490490196.0786,1933632291968.2295,1773393126831.4485,1933632291968.2295,1020276666666.6666,1020276666666.6666,0.2929007843597182,-3.246181123838779,11,2025-12-31,0.16255115959648725,0.2479385726141225,0.01758045424825712,0.5965231508603998,0.026350523035725455,-0.0030046568689560075,0.32032638592380025,0.04145678264381171,0.8483413992388291,0.3301124912409952,0.1830771631182213,0.1715483907713573,1.0,0.1277053201282614,0.11876144498085567,175.32472826086956,6.791803512386247,-0.024109275873952063,False,0.31185824463403006,-0.05626259667469652,2,10,132170000000.0,102027666666.66667,"min(depreciation & amortization, capex)",True,False,False,True,False,False,False,False,False,False,False,,1,dilution,substitution risk unassessed (cannot be automated),-1.6230905619193896,pass
BURL,20627419827.153748,845750000.0,484480333.3333333,0.02256212460633954,0.045,0.08454184549593724,4854018627.450981,8588438491.313036,7873644341.695686,9181890049.661678,4844803333.333333,4844803333.333333,0.29356664944217103,-3.257638217269311,11,2026-01-31,0.2500049074988831,0.2500049074988831,0.00012732497419388656,0.43834262066233076,0.015334489566232297,0.002496331792534177,0.07681291666461032,0.04412135744235467,0.876910910699177,0.6033558020224736,0.08454184549593724,0.14962605312770338,0.8,0.09305844558471699,0.648069393040773,12.487985811010542,,-0.01612138731555146,True,0.20341508073778244,0.01451711204246392,0,10,610153000.0,484480333.3333333,"min(depreciation & amortization, capex)",True,False,False,True,False,False,False,False,False,False,False,,1,dilution,substitution risk unassessed (cannot be automated),-1.6288191086346555,pass
GOOGL,4358514980841.906,17835000000.0,102027666666.66667,0.0233134157718892,0.045,0.1,1182490490196.0786,1933632291968.2295,1773393126831.4485,1933632291968.2295,1020276666666.6666,1020276666666.6666,0.29439295681369393,-3.2718951861180523,11,2025-12-31,0.16255115959648725,0.2479385726141225,0.01758045424825712,0.5965231508603998,0.026350523035725455,-0.0030046568689560075,0.32032638592380025,0.04145678264381171,0.8483413992388291,0.3301124912409952,0.1830771631182213,0.1715483907713573,1.0,0.1277053201282614,0.11876144498085567,175.32472826086956,6.791803512386247,-0.024109275873952063,False,0.31185824463403006,-0.05626259667469652,2,10,132170000000.0,102027666666.66667,"min(depreciation & amortization, capex)",True,False,False,True,False,False,False,False,False,False,False,,1,dilution,substitution risk unassessed (cannot be automated),-1.6359475930590262,pass
JKHY,10680353769.991455,-101953000.0,404583666.6666667,0.03824620332161924,0.045,0.06577638788852247,4861760843.137256,6610643519.702841,6057648300.561636,7210555661.479654,4045836666.6666665,4045836666.6666665,0.17777088969905014,-1.6398380977625862,11,2025-06-30,0.22230010101476858,0.21799122510654428,-0.004547582558837708,0.4271233635668601,0.012932636135589875,-0.0013983558757367388,0.23942991334103486,0.014337035570694757,1.2853121695478738,0.21082401072392498,0.06577638788852247,0.06955582479666544,1.0,0.09298437358109246,-0.1664769804789236,,7.631835697862461,-0.01101546325195335,False,0.04545555534325451,-0.3389543228815213,10,10,455748000.0,404583666.6666667,"min(depreciation & amortization, capex)",True,False,False,False,False,False,False,False,False,False,False,,0,,substitution risk unassessed (cannot be automated),-1.6398380977625862,pass
DCI,10343902389.82727,490800000.0,391066666.6666667,0.03609390019183546,0.045,0.04524093375897276,4109984313.7254906,5841546881.50781,5350252366.717066,6374897620.1742325,3910666666.6666665,3910666666.6666665,0.17823942187864822,-1.6450483438017227,11,2025-07-31,0.20454128124859994,0.18998406724389236,0.0007807838227346062,0.3484786908342139,0.008347793883545439,0.0003979790787750825,0.13422200547291988,0.00800243216305725,0.9352973479342314,0.19425815516294867,0.04524093375897276,0.07409312418209346,0.8,-0.09248128229463248,0.8250126071608673,20.47107438016529,6.530152482751566,-0.014545966743500616,False,0.06044069903985633,0.30366698586154456,10,10,387600000.0,391066666.6666667,"min(depreciation & amortization, capex)",True,False,False,False,False,False,False,False,False,False,False,,0,,substitution risk unassessed (cannot be automated),-1.6450483438017227,pass
UNH,385616272392.18115,54024000000.0,16922333333.333334,0.038491317552086686,0.045,0.1,145062274509.80396,320712717028.88135,294135410558.09094,320712717028.88135,169223333333.33334,145062274509.80396,0.14301626672651901,-1.6582808913982627,11,2025-12-31,0.16879039040552096,0.10722759599603227,0.0022957844663413465,0.8868214144474459,0.008842164261583966,0.0008833248763656954,0.04237130977038075,0.012986747019393348,1.2181051682652473,-0.008575515904006695,0.11036624852792287,0.11721651214881779,1.0,0.06188598211889085,2.3161414790996786,4.738630684657672,1.4086943858832135,-0.005947801198274982,False,0.04502984757872741,-0.30914258645191856,10,10,12795000000.0,16922333333.333334,"min(depreciation & amortization, capex)",True,False,False,False,False,False,False,False,False,False,False,,0,,substitution risk unassessed (cannot be automated),-1.6582808913982627,pass
GD,101427545275.99005,5680000000.0,3769000000.0,0.03518893081050644,0.045,0.051575638037724136,38661176470.58824,57882153167.34812,53022026102.93793,63157179169.267235,37690000000.0,37690000000.0,0.18234397298807498,-1.69109963587132,11,2025-12-31,0.1411643421975267,0.1411643421975267,-0.01350100882755424,,0.13845103099015046,-0.06350437988302131,0.10192197906755471,0.013102574785440139,0.8857142857142857,0.16774550132291244,0.051575638037724136,0.06740547524230567,0.8,-0.036213468869123244,0.9044585987261147,,,-0.01798942683645033,False,0.04854188595133428,0.28560954475771516,10,10,4210000000.0,3769000000.0,"min(depreciation & amortization, capex)",True,False,False,False,False,False,False,False,False,False,False,,0,,substitution risk unassessed (cannot be automated),-1.69109963587132,pass
LECO,13749921063.578796,841439000.0,510629666.6666667,0.03499534412431088,0.045,0.05257611792960404,5165968843.137256,7876339818.448225,7215168075.960888,8593929884.806652,5106296666.666667,5106296666.666667,0.1824888383081641,-1.6927383897094623,11,2025-12-31,0.22688077201154627,0.23942608359391918,0.00888641282018043,0.3624500148003675,0.013009715095013034,0.0025953971569468237,0.16963347297415096,0.0302810276199413,1.0683336249805302,0.3134936358634874,0.05257611792960404,0.09775070595834379,0.6,-0.11583100032231508,1.0304112759534905,12.299953750492472,7.052674787389402,-0.028818832351633517,False,0.0517390872806695,0.22461563182573996,10,10,520533000.0,510629666.6666667,"min(depreciation & amortization, capex)",True,False,False,False,False,False,False,False,False,False,False,,0,,substitution risk unassessed (cannot be automated),-1.6927383897094623,pass
JBHT,26400004066.100677,1449513000.0,632485000.0,0.022710806743930254,0.045,0.0684699362810306,5991487000.000001,10456322451.215986,9582257735.37434,11404456872.628614,6324850000.0,5991487000.000001,0.28866836840173016,-3.406252415485617,11,2025-12-31,0.16044343653292253,0.1299687087195834,-0.006414575270014105,,,,0.07209451445342216,0.015029469319237551,0.5045275042856245,0.07728442108140321,0.0684699362810306,0.044828913865963216,0.7,0.05142408429746337,0.9174980726067092,11.502659362284923,4.52544569971634,-0.017649167844218994,False,0.18773602163401315,-0.1290063342818033,10,10,598282000.0,632485000.0,"min(depreciation & amortization, capex)",True,False,False,False,True,False,False,False,False,False,False,,1,accruals,substitution risk unassessed (cannot be automated),-1.7031262077428084,pass
MANH,9164596488.687927,-328747000.0,205300666.66666666,0.02323496647713412,0.045,0.1,2744048960.7843137,3890866189.523156,3568432005.703494,3890866189.523156,2053006666.6666665,2053006666.6666665,,-3.4639876905845064,11,2025-12-31,2.710410060628677,,4.505275393419803,0.5632120452157959,0.40699795524659266,0.058327617673759345,0.25874058620740675,0.3020026246171312,1.3920828780518537,,0.2347295518953918,0.1302173911042166,0.7,-0.051099686220060225,-1.148994991559397,,,-0.019097267436380294,False,0.24837723718395724,0.07946387565515756,0,10,219948000.0,205300666.66666666,"min(depreciation & amortization, capex)",True,False,False,True,False,False,False,False,False,False,False,,1,dilution,substitution risk unassessed (cannot be automated),-1.7319938452922532,pass
FAST,53372151912.828735,-151800000.0,1189500000.0,0.022350472277002584,0.045,0.07800783017055757,14145917647.058825,20497328679.38554,18788329946.162735,22350547363.872513,11895000000.0,11895000000.0,,-3.48694005151986,11,2025-12-31,0.2917247217243114,0.33201441367594153,0.010256616249535852,0.45011889518931775,0.019534246353497327,-0.005557700813892655,0.2019023230290836,0.004709638697257654,0.8207831010634964,0.43692908837040895,0.07800783017055757,0.07745687030729775,1.0,0.058795957777902697,-0.082729304049267,267.0483870967742,,0.0018817039181369122,False,0.008667761273817251,0.29983087702343564,10,5,1258400000.0,1189500000.0,"min(depreciation & amortization, capex)",True,False,False,False,False,False,False,True,False,False,False,,1,auditor_change,substitution risk unassessed (cannot be automated),-1.74347002575993,pass
EXEL,14201562189.5,-482488000.0,510865333.3333333,0.03723759535642194,0.045,0.1,6492668392.156863,9681939592.010471,8879601979.232332,9681939592.010471,5108653333.333333,5108653333.333333,0.19007941904725112,-1.7799032862215483,11,2026-01-02,0.1448506312338258,0.4104230205422702,-0.009387746660980701,0.9639256661060649,0.002268389645135161,-0.0004071802861071703,0.3759239799907419,0.21491080303011895,1.3570255745946636,5.0027391844907205,0.28334881123850075,0.18629186154922106,0.9,,-0.5353566062983913,,7.687764646153033,0.013179254336381563,False,0.1955919377277563,0.4880018903011365,0,3,803196000.0,510865333.3333333,"min(depreciation & amortization, capex)",True,False,False,False,False,False,False,False,False,False,False,,0,,substitution risk unassessed (cannot be automated),-1.7799032862215483,pass
EXPD,22498691257.460007,-1314285000.0,808675333.3333334,0.03817314129578503,0.045,0.052803150660204246,10828112450.980394,12486009152.620226,11437945182.20116,13623496451.802511,8086753333.333333,8086753333.333333,0.1902735382867421,-1.782166133931789,11,2025-12-31,0.6064805638795746,0.7502129697599444,0.04163848886986832,,,,0.09508945200062625,0.006630850649480489,1.0403849512498862,,0.052803150660204246,0.029221442160778155,0.7,0.20673505307011708,-1.1847716834262585,,,-0.032820618284793435,False,0.07361486310799456,0.11769006978018548,10,10,814000000.0,808675333.3333334,"min(depreciation & amortization, capex)",True,False,False,False,False,False,False,False,False,False,False,,0,,substitution risk unassessed (cannot be automated),-1.782166133931789,pass
BEN,17407844927.0,-1211900000.0,624166666.6666666,0.038538453265923894,0.045,0.009889402869150521,8555037254.901961,7979970637.309895,7302928878.456665,8715856125.161228,6241666666.666666,6241666666.666666,0.19085666231151305,-1.7889738200801073,11,2025-09-30,0.1610744306608083,0.03878573370954921,-0.03996347232585396,,,,0.06887705656333018,0.11562126578696848,1.0360848538972096,-0.22598985838961286,0.009889402869150521,0.0951923677117521,0.3,-0.018150068790348195,-1.661502604880724,6.365648050579558,1.982842841447588,-0.017116163570310094,False,0.12929781374862126,0.11484769676860074,10,10,524900000.0,624166666.6666666,"min(depreciation & amortization, capex)",True,False,False,False,False,False,False,False,False,False,False,,0,,substitution risk unassessed (cannot be automated),-1.7889738200801073,pass
COR,59037608521.40259,3304635000.0,2100674000.0,0.033695835782342705,0.045,0.08981759906694409,21409176764.705883,38099142262.14586,34932871295.8244,39812055043.54768,21006740000.0,21006740000.0,0.19268451567648825,-1.810412682853341,11,2025-09-30,0.3772687700595345,0.379180512855307,0.0586053285971464,0.03572165157521616,0.0034359500074486577,0.0009018865023308536,0.008180306662046867,0.0108111070670328,3.006956458743157,0.8118561022826016,0.08981759906694409,0.11093539055828328,1.0,0.057379895522736035,0.8980777111897895,,,-0.01088201148971668,False,0.03766155205145573,0.22700412859940294,10,10,1937263000.0,2100674000.0,"min(depreciation & amortization, capex)",True,False,False,False,False,False,False,False,False,False,False,,0,,substitution risk unassessed (cannot be automated),-1.810412682853341,pass
MRK,305122110490.2918,34485000000.0,11912000000.0,0.035075826247579475,0.045,0.051093073290793045,105656176470.58826,182552031690.83478,167221963236.5145,199191070565.01825,119120000000.0,105656176470.58826,0.17061856887572252,-1.8878776488303957,11,2025-12-31,0.15376229445572842,0.22320773030645666,0.013808816813403615,0.7480118749134762,0.04262726755399038,0.01211604131718635,0.34492624325114213,0.0923830248202222,1.1499331206914292,0.33856633855485163,0.051093073290793045,0.09383063963833482,0.9,0.06127143989161832,1.3539989791511249,16.524686809137805,,-0.012429041786415795,True,0.04772641863960917,-0.16011537808947462,10,9,18254000000.0,11912000000.0,"min(depreciation & amortization, capex)",True,False,False,False,False,False,False,False,False,False,False,,0,,substitution risk unassessed (cannot be automated),-1.8878776488303957,pass
SPGI,127428000000.0,11343000000.0,4660666666.666667,0.0335853072087588,0.045,0.1,43488372549.019615,88329135255.14252,81009342888.55411,88329135255.14252,46606666666.666664,43488372549.019615,0.18611986657151303,-1.9301625361207657,11,2025-12-31,0.7532088662652454,0.11806654516404688,-0.09919104353630825,0.7024647887323944,0.022837971998020925,-0.000485718171402767,0.42240479916536255,0.07351204022673305,1.1381738793619494,0.051834380298767385,0.1118270307328566,0.15559189413444585,1.0,0.11091207642931789,1.4813895781637718,22.571428571428573,3.133037225572652,0.010588070910819924,False,0.046561272159143643,0.17013877604082034,10,9,5455000000.0,4660666666.666667,"min(depreciation & amortization, capex)",True,False,False,False,False,False,False,False,False,False,False,,0,,substitution risk unassessed (cannot be automated),-1.9301625361207657,pass
A,37927783863.54944,1565000000.0,1277333333.3333333,0.03234346147252158,0.045,0.05577007846227344,13462450980.392157,19979484932.203354,18303725762.21416,21798039517.261307,12773333333.333332,12773333333.333332,0.20584380159710025,-1.9692941438060627,11,2025-10-31,0.16168463920544404,0.16168463920544404,0.0036920471109043234,0.5243235463442717,0.014556810907513687,0.0006583924402762373,0.21286701208981001,0.03388435246759137,1.0730726706201628,0.24673436830250425,0.05577007846227344,0.05409554484855006,0.8,0.03408870811543685,0.8856819468024901,13.205357142857142,3.4773456179449753,-0.016034196579921667,False,0.09366804046459348,-0.20498026116003643,10,10,1303000000.0,1277333333.3333333,"min(depreciation & amortization, capex)",True,False,False,False,False,False,False,False,False,False,False,,0,,substitution risk unassessed (cannot be automated),-1.9692941438060627,pass
WSO,15810531789.736084,45505000.0,529850333.3333333,0.03341631583980151,0.045,0.058159664768319796,6188028333.333334,8374613789.955945,7672642322.886841,9136339716.220825,5298503333.333333,5298503333.333333,0.20702575413215973,-1.983961846408719,11,2025-12-31,0.21132762782006176,0.20297450394997948,0.006207086776336946,0.28047833420128215,0.015754232715696193,0.004032598252351013,0.09950520009558948,0.013532169547460435,1.1196467415615454,0.19652446851192218,0.058159664768319796,0.07447471532269079,0.9,0.05965291522949401,0.05955380127444219,,,0.01729360081680187,False,0.05648772460599065,,10,0,506196000.0,529850333.3333333,"min(depreciation & amortization, capex)",True,False,False,False,False,False,False,False,False,False,False,,0,,substitution risk unassessed (cannot be automated),-1.983961846408719,pass
IEX,16443184223.371216,1240800000.0,554033333.3333334,0.031329666795400155,0.045,0.05518041678101482,5277239215.6862755,8643651662.448315,7918562080.344398,9430543702.553986,5540333333.333333,5277239215.6862755,0.20573160117847655,-2.115868648609834,11,2025-12-31,0.15710555238113777,0.1012421036951672,-0.005374034422779394,0.44506146059291396,0.004505184325005859,-0.0003449570714874226,0.20225596529284165,0.013118832721808147,1.1244750453165557,0.042475215538099784,0.05518041678101482,0.08013924934357308,0.8,-0.05732381945001208,1.600825699909689,,5.265307139526769,-0.003480892904413224,False,0.045792041244508946,0.21832542127677307,10,8,495400000.0,554033333.3333334,"min(depreciation & amortization, capex)",True,False,False,False,False,False,False,False,False,False,False,,0,,substitution risk unassessed (cannot be automated),-2.115868648609834,pass
VRTX,123194615075.48279,-5084800000.0,2345733333.3333335,0.019860613039095854,0.045,0.1,32681662745.098045,44456429024.280426,40772346429.36154,44456429024.280426,23457333333.333332,23457333333.333332,,-4.251859336475422,11,2025-12-31,0.3476442073182704,0.26162500645107073,0.1321579669220247,0.8624065726212994,0.009604164622917933,-0.0017682098759028428,0.3477373284560839,0.2783194649409161,0.9983081529088447,0.09815398825496674,0.2780290393316369,0.14100488310526438,1.0,0.4907514173152685,-1.1600921722068855,313.78195488721803,7.504229142248784,0.0067092954445096,False,0.2618084820532332,-0.10907942767861889,0,7,3953200000.0,2345733333.3333335,"min(depreciation & amortization, capex)",True,False,False,True,False,False,False,False,False,False,False,,1,dilution,substitution risk unassessed (cannot be automated),-2.125929668237711,pass
COKE,11934978117.338104,2504091000.0,537360666.6666666,0.037215741700510056,0.045,0.1,3817799196.078431,10184080175.96772,9340130417.85625,10184080175.96772,5373606666.666666,3817799196.078431,0.13699514619945397,-2.1261408744591597,11,2025-12-31,0.16926587128227494,0.3977579481460941,0.04054639634434741,0.39739072267712405,0.022890309204656872,0.00268860573654953,0.13152307225111043,0.04485989603975437,1.0695487616286512,1.2716380190514196,0.12100510354978078,0.07617420608666192,1.0,0.03746113423897701,2.185572256111132,,1.1606412921589726,0.0023768043617173884,False,0.010791886623192906,,10,2,570582000.0,537360666.6666666,"min(depreciation & amortization, capex)",True,False,False,False,False,False,False,False,False,False,False,,0,,substitution risk unassessed (cannot be automated),-2.1261408744591597,pass
CMG,45216373500.0,-350545000.0,1432869333.3333333,0.0319367630385636,0.045,0.1,17207831274.509804,27155795125.22082,24905407625.19537,27155795125.22082,14328693333.333332,14328693333.333332,0.2204773483432947,-2.1556522599874195,10,2025-12-31,0.35924125358160974,0.5965255044140043,0.05890651515081898,,,,0.16232288838105519,0.05614715583262269,1.0422948256733888,1.1136254750176553,0.13208975750246377,0.14785897917720714,1.0,0.07129228305541568,-0.1525979679433044,,2.3564841567890555,-0.014575314029818154,False,0.14148625629777828,-0.6617060388585028,0,10,1535761000.0,1432869333.3333333,"min(depreciation & amortization, capex)",True,False,False,False,False,False,False,False,False,False,False,,0,,substitution risk unassessed (cannot be automated),-2.1556522599874195,pass
TXN,283457492908.18823,10823000000.0,5436666666.666667,0.018474437815906603,0.045,0.03123775179836108,53137784313.7255,76369094780.65811,69923368052.27132,83369941910.05911,54366666666.666664,53137784313.7255,,-4.3343867564115035,11,2025-12-31,0.2887456322555094,0.19468317746281366,-0.006477084451735078,0.5702409229725144,0.03793465061445099,-0.001247997137154046,0.3406288881348264,0.05665110247057408,0.8031644822293069,-0.014452889404489045,0.03123775179836108,0.041038070937830184,0.7,0.005423068900785699,1.3629265835537085,11.09208103130755,9.036045105265183,-0.013223843872472552,False,0.06594699038098038,0.5352650403890207,10,10,5001000000.0,5436666666.666667,"min(depreciation & amortization, capex)",True,True,False,False,False,False,False,False,False,False,False,,1,structural_decline,substitution risk unassessed (cannot be automated),-2.1671933782057518,pass
TXRH,12455762042.5,-134709000.0,390785000.0,0.031716850714953816,0.045,0.1,4732179588.235294,7406172461.8826065,6792426561.444062,7406172461.8826065,3907850000.0,3907850000.0,0.22288846150339742,-2.187369536317924,11,2025-12-30,0.22263234765541068,0.30853387645876407,0.020224116465979228,,,,0.08076453600881241,0.022553809379295853,0.9173634486187582,0.7384725332951448,0.12517183746096694,0.19638988817884862,0.9,-0.12990523419696154,-0.197700255364114,,2.1369382529783905,-0.006155256838978773,False,0.17228555774191023,0.49904825761709515,10,8,414335000.0,390785000.0,"min(depreciation & amortization, capex)",True,False,False,False,False,False,False,False,False,False,False,,0,,substitution risk unassessed (cannot be automated),-2.187369536317924,pass
GRMN,46885272358.37009,-2278646000.0,1454986333.3333333,0.032618165777522794,0.045,0.09894986801156369,19396132274.509804,27450342200.81849,25174872225.65624,27574957366.19593,14549863333.333332,14549863333.333332,0.22552489370386175,-2.222385756088666,11,2025-12-27,0.23002771661174526,0.23148297285459096,0.0025126509584359287,0.5874393538958355,0.01500284812895222,0.002491192159813202,0.25892913951367735,0.022559603614646852,0.8064348902015454,0.2281366368592852,0.09894986801156369,0.11594339557461586,0.9,0.11418960187677718,-1.1232122057271525,,,0.0009901679748027803,False,0.10237105199336827,,10,2,1663887000.0,1454986333.3333333,"min(depreciation & amortization, capex)",True,False,False,False,False,False,False,False,False,False,False,,0,,substitution risk unassessed (cannot be automated),-2.222385756088666,pass
CHD,22831885633.338898,1796100000.0,754566666.6666666,0.030638586439859294,0.045,0.062136073284974724,7081154901.960785,12135095451.073162,11118983621.710585,13237552771.871254,7545666666.666666,7081154901.960785,0.21037021057536964,-2.2243166474181644,11,2025-12-31,0.14747726941245182,0.14310010869146628,-0.0060297227153697786,0.447317513541398,0.011638603297095101,-0.0009525479203371358,0.1737167913335053,0.0320929148966373,1.2502499166944352,-0.0011113897319927806,0.062136073284974724,0.04847582950857543,1.0,0.12348257108107497,1.3555471698113208,11.319327731092438,4.217128479116364,-0.008920024745650346,False,0.04085936775748586,0.19733200487102848,10,8,861800000.0,754566666.6666666,"min(depreciation & amortization, capex)",True,False,False,False,False,False,False,False,False,False,False,,0,,substitution risk unassessed (cannot be automated),-2.2243166474181644,pass
RL,23503004672.141052,-749100000.0,728400000.0,0.03201208805677309,0.045,0.009188974630281344,9318511764.705883,9283792895.203173,8496000333.114695,10140075278.831963,7284000000.0,7284000000.0,0.22584504105708614,-2.226661816603659,11,2026-03-28,0.17922768134788264,0.4503649810786423,0.04089502206868016,0.6986505638055333,0.04915730662639493,0.013940437037986956,0.14532010598311665,0.05388301137731177,1.3220681122615094,2.2716558753706066,0.009188974630281344,0.13017585944048937,0.6,-0.02426738476160306,-0.5304489449086531,21.756457564575644,6.880180938306324,-0.031611801239253445,False,0.15968083534453037,0.43450496670669136,10,10,,728400000.0,"min(depreciation & amortization, capex)",True,False,False,False,False,False,False,False,False,False,False,,0,,substitution risk unassessed (cannot be automated),-2.226661816603659,pass
FLEX,49755702551.332184,1362000000.0,908333333.3333334,0.017769447529868716,0.045,0.013467029115408424,9324274509.803923,11798132675.169617,10798002788.788511,12885054463.667583,9083333333.333334,9083333333.333334,,-4.477692023999873,11,2026-03-31,0.1444136531636854,0.16188569727277788,0.005543626289131859,0.09196102314250913,0.010683469513747778,0.002486904414046341,0.04900766640395501,0.011509851394052454,-1.5899138694544754,0.1926644124999845,0.013467029115408424,0.029614264794731948,0.5,-0.07634199381938878,0.7463013698630137,6.944162436548224,2.3392663299023044,-0.03937384757051199,False,,0.01717508759564995,0,10,880000000.0,908333333.3333334,"min(depreciation & amortization, capex)",True,False,False,False,True,False,False,False,False,False,False,,1,accruals,substitution risk unassessed (cannot be automated),-2.2388460119999367,pass
HUBB,25942142129.388245,1842900000.0,833400000.0,0.029994555923977262,0.045,0.055967095198929506,7961805882.3529415,13046898057.276957,11952659150.758572,14234371663.531174,8334000000.0,7961805882.3529415,0.21718477858271912,-2.2583238668111814,11,2025-12-31,0.15669171587045985,0.16928886633006346,0.003508355428959268,0.35316360401053964,0.025511895896853338,0.003132304070284757,0.20682339253327858,0.02977059743350888,1.0829709185795864,0.25050104391280487,0.055967095198929506,0.0967872864810233,0.8,-0.06691836010743424,1.3024948759629655,,4.423084551925213,-0.008043611296774333,False,0.044400600621573486,0.12445009287320369,5,10,938100000.0,833400000.0,"min(depreciation & amortization, capex)",True,False,False,False,False,False,False,False,False,False,False,,0,,substitution risk unassessed (cannot be automated),-2.2583238668111814,pass
MSFT,2860690249849.9673,12909000000.0,87443000000.0,0.030429782442546734,0.045,0.1,1015832176470.5884,1657223124184.4,1519889851996.2458,1657223124184.4,874430000000.0,874430000000.0,0.22917817003508312,-2.271491428530548,11,2025-06-30,0.26310857097073437,0.29706098731461084,0.022422435089146115,0.6882374238616519,0.021315008364433518,0.006006273647437066,0.4562195624085985,0.08101267979700195,0.9415902973220999,0.3273577134787465,0.11651376204735198,0.145218753307105,0.9,0.1364557424727637,0.08575813137755102,53.89014675052411,4.485273141281513,-0.00999694503390447,False,0.13083288974330498,0.09340679935529822,10,10,101832000000.0,87443000000.0,"min(depreciation & amortization, capex)",True,False,False,False,False,False,False,False,False,False,False,,0,,substitution risk unassessed (cannot be automated),-2.271491428530548,pass
CL,73809460245.01122,6698000000.0,2477000000.0,0.030767335007981345,0.045,0.024284242923243937,22443176470.588238,33745767665.480907,30892637288.667313,36845351450.40051,24770000000.0,22443176470.588238,0.20669032467321052,-2.2887261008591384,11,2025-12-31,0.3988679044672037,0.3619024314856789,-0.007493528537449256,0.6010695711902659,0.011028274943700787,-7.281970804769748e-05,0.162201942890786,0.03389981161904145,1.2558678761745923,,0.024284242923243937,0.043531026206107715,0.9,0.049576244185305596,1.7017276422764227,12.382022471910112,6.213678891880949,-0.011406795875904097,False,0.04414860881676546,0.08922581510801014,0,10,2198000000.0,2477000000.0,"min(depreciation & amortization, capex)",True,False,False,False,False,False,False,False,False,False,False,,0,,substitution risk unassessed (cannot be automated),-2.2887261008591384,pass
MTD,26192487076.19934,2085284000.0,840370333.3333334,0.02971840782884939,0.045,0.053302280105904876,7801425803.92157,13003723621.163935,11912345256.19823,14188200801.034924,8403703333.333333,7801425803.92157,0.21749170119688593,-2.357397446891448,11,2025-12-31,0.4161927449802604,0.44914015662552653,0.017362817961773837,0.5937429449987446,0.010494798323688912,0.0030159097031608336,0.27752440828641173,0.03027389282237816,0.9718195010830355,0.5422766995027718,0.053302280105904876,0.05469611164747934,0.9,0.025434978854317558,1.784482677471942,16.309187769101655,10.418553775195134,-0.030817314644491,True,0.029651871689572194,-0.03470199712785932,0,10,869193000.0,840370333.3333334,"min(depreciation & amortization, capex)",True,False,False,False,False,False,False,False,False,False,False,,0,,substitution risk unassessed (cannot be automated),-2.357397446891448,pass
TJX,167185966812.0915,-3361000000.0,4944000000.0,0.030178550291853904,0.045,0.06911542287187267,61525705882.35294,81964764833.91058,75114354481.0275,89395526624.47778,49440000000.0,49440000000.0,0.23718973273560717,-2.3815931798562193,11,2026-01-31,0.8132177130120368,0.8132177130120368,0.0253928171989896,0.30963029218843174,0.02033702805523357,0.0023724435126268287,0.12220897104618035,0.03443159354961193,0.980367519864586,0.9781716511549303,0.06911542287187267,0.13439955145745608,0.9,0.07040894072794202,-0.38968115942028986,93.39240506329114,,-0.018043922043447735,True,0.04208929963387337,0.06257627550259315,10,10,5494000000.0,4944000000.0,"min(depreciation & amortization, capex)",True,False,False,False,False,False,False,False,False,False,False,,0,,substitution risk unassessed (cannot be automated),-2.3815931798562193,pass
FN,16880465581.149902,-306425000.0,292703333.3333333,0.01766034853723193,0.045,0.1,3749993627.4509807,5547324914.811413,5087620804.167375,5547324914.811413,2927033333.333333,2927033333.333333,,-4.767090312540537,11,2025-06-27,0.1660043524317638,0.18130385267688295,0.006665116257108305,0.1208860691007324,0.005209122407423233,0.0008029284245471046,0.09488621591324843,0.012263466247244262,0.6797824569720433,0.21952423479711325,0.16022747932833692,0.15803629795973295,0.9,0.03629346066330674,-0.8109055784905261,,9.380355927484,0.0007836910926186658,False,0.2100696871741573,-0.13752860666118605,0,8,332527000.0,292703333.3333333,"min(depreciation & amortization, capex)",True,False,False,True,False,False,False,False,False,False,False,,1,dilution,substitution risk unassessed (cannot be automated),-2.3835451562702685,pass
PKG,20383097854.86049,3438300000.0,797466666.6666666,0.03347690473604816,0.045,0.04584792171512975,5943660784.313726,11943849490.595592,10939486701.206352,13034166011.377419,7974666666.666666,5943660784.313726,0.17011025222332127,-2.42938444748643,11,2025-12-31,0.13450409133310628,0.10374804796092374,-0.0014049124638046719,0.21020546649906,0.014170317516333106,-0.00031373812326862375,0.12314640739545904,0.017121259747580164,0.8874988585517304,0.09323632880126659,0.04584792171512975,0.06187600584788355,0.7,-0.04395273035337366,1.953801568360041,,,-0.007596805541970508,False,0.051078153249158494,0.6661230795639859,10,5,774100000.0,797466666.6666666,"min(depreciation & amortization, capex)",True,False,False,False,False,False,False,False,False,False,False,,0,,substitution risk unassessed (cannot be automated),-2.42938444748643,pass
MA,465418951153.9514,8434000000.0,13514000000.0,0.028519396084987974,0.045,0.1,150554235294.11768,256117851631.66833,234893490157.90027,256117851631.66833,135140000000.0,135140000000.0,0.24162343994460955,-2.4439762553940465,11,2025-12-31,0.8199884569646919,0.9415010352772496,-0.025279603891067242,,,,0.5762861760849013,0.10122542604114747,1.0813591022443891,1.183882557492587,0.12991635335100105,0.06784855475078366,0.8,-0.05460368294635709,0.42085828343313375,27.78970588235294,7.734982020471408,-0.02245496714876971,False,0.033953794835893426,0.17809044125698015,10,10,15622000000.0,13514000000.0,"min(depreciation & amortization, capex)",True,False,False,False,False,False,False,False,False,False,False,,0,,substitution risk unassessed (cannot be automated),-2.4439762553940465,pass
V,663651536207.4646,8007000000.0,19024666666.666668,0.028324908627067984,0.045,0.1,215812607843.1373,360556219822.05725,330677101703.7146,360556219822.05725,190246666666.66666,190246666666.66666,0.2447342519476438,-2.48837405582646,11,2025-09-30,0.2794023716472987,0.43323003517541797,0.027112274013118696,,,,0.59985,0.040360629640566914,1.069879288762655,4.569814684822573,0.11164738964897603,0.12859367600424232,0.9,-0.0492231361796579,0.3175616720869358,40.73684210526316,2.936641943659806,,False,0.03728284742701142,,10,9,20058000000.0,19024666666.666668,"min(depreciation & amortization, capex)",True,False,False,False,False,False,False,False,False,False,False,,0,,substitution risk unassessed (cannot be automated),-2.48837405582646,pass
NYT,12133227768.850273,-255445000.0,346141666.6666667,0.029141942852703977,0.045,0.0598794178942188,4327699901.960785,5512198699.976593,5050368242.00326,6013312463.957845,3461416666.6666665,3461416666.6666665,0.24590912492507505,-2.50527802263532,11,2025-12-31,0.14419681182377392,0.18419935970331874,0.008243047906709263,,0.21286610483580928,0.11870701534686716,0.15276797415004612,0.02370859815622485,1.351573070934737,0.23442613549343622,0.0598794178942188,0.09632616016029694,0.8,-0.015751711746710084,-0.4945079409327789,,,-0.0008928791776835476,False,0.14234599397702666,0.9353197104975566,10,5,395004000.0,346141666.6666667,"min(depreciation & amortization, capex)",True,False,False,False,False,False,False,False,False,False,False,,0,,substitution risk unassessed (cannot be automated),-2.50527802263532,pass
ROST,71495687785.19385,-3076786000.0,2036764666.6666667,0.029769034777278925,0.045,0.066593120502066,27038723254.901962,33398045432.555817,30604833210.56098,36428153337.07657,20367646666.666668,20367646666.666668,0.24625423349979148,-2.5102576628159223,11,2026-01-31,0.6568731973750659,0.6568731973750659,0.015861743454532815,0.2770614559404892,0.02122077925239384,-0.0015766391171566317,0.11900177925298451,0.03805475847459408,1.0168292370733087,0.9208457287103342,0.066593120502066,0.12667161297888763,0.8,0.07044609815530256,-0.9564895975687246,,,-0.022280398070545937,False,0.076512887267801,0.1586503301211295,10,10,2145044000.0,2036764666.6666667,"min(depreciation & amortization, capex)",True,False,False,False,False,False,False,False,False,False,False,,0,,substitution risk unassessed (cannot be automated),-2.5102576628159223,pass
CMI,93273711523.08685,4041000000.0,2621666666.6666665,0.026940085683187835,0.045,0.05827428401881951,26802137254.901962,41457807660.98082,37982862973.07005,45228537981.82239,26216666666.666664,26216666666.666664,0.24952684102833356,-2.5578020924254368,11,2025-12-31,0.2042721791559001,0.18323742636470944,-0.004410117893822279,0.25292545292545293,0.007028736723444503,-0.0009224149240971874,0.11954261954261955,0.018798307454537828,0.8407000625055808,0.1546119376112712,0.05827428401881951,0.11190413083747286,0.6,-0.15951805184336687,0.787719298245614,12.23404255319149,5.0063277380508,-0.024861060966185122,False,0.030377057886351568,0.10104930286042829,10,7,2957000000.0,2621666666.6666665,"min(depreciation & amortization, capex)",True,False,False,False,False,False,False,False,False,False,False,,0,,substitution risk unassessed (cannot be automated),-2.5578020924254368,pass
ISRG,144066360436.4323,-3368000000.0,2345600000.0,0.01667112532601078,0.045,0.1,30963294117.64706,44453902085.78077,40770028897.02314,44453902085.78077,23456000000.0,23456000000.0,,-5.141983306464542,11,2025-12-31,0.15626200507450566,0.17700222235413615,-0.00045123844767187214,0.6599600584220096,0.017915042786480605,-0.002478300465321324,0.29265651236499846,0.03706912202175713,0.8518045127269691,0.2569495424968174,0.15489412511204148,0.182210329592003,0.9,-0.026817014625432622,-0.9499365392751375,,12.01279249471768,0.001989704371305745,False,0.3443824460865631,-0.22510032834731852,0,7,2916200000.0,2345600000.0,"min(depreciation & amortization, capex)",True,False,False,True,False,False,False,False,False,False,False,,1,dilution,substitution risk unassessed (cannot be automated),-2.570991653232271,pass
GWW,64953921056.50562,1903000000.0,1814666666.6666667,0.02714254018866589,0.045,0.06048085160161154,19446019607.84314,28973926725.42298,26546779975.482025,31607472502.43968,18146666666.666668,18146666666.666668,0.2509992959386723,-2.5793858039955335,11,2025-12-31,0.255604625138185,0.32920059228900433,0.020421887493255096,0.3906476424032995,0.018037249246785198,-0.002191524330939984,0.1390591907256716,0.02340882184674061,0.895482881416405,0.5222410289104731,0.06048085160161154,0.08747643442914854,1.0,0.027076440884555186,0.6736283185840708,30.80246913580247,,-0.03099824998266465,False,0.04775215188356712,0.02816253510488026,10,10,1706000000.0,1814666666.6666667,"min(depreciation & amortization, capex)",True,False,False,False,False,False,False,False,False,False,False,,0,,substitution risk unassessed (cannot be automated),-2.5793858039955335,pass
EME,34814671533.92505,-1111968000.0,970985333.3333334,0.028810309901576358,0.045,0.0971891339332478,12535324862.7451,18180338390.746185,16672549911.159763,18402151660.440483,9709853333.333334,9709853333.333334,0.2514148784458182,-2.585499218037455,11,2025-12-31,0.17444965750654473,0.49444265171703894,0.0415256460703769,0.19327130810714582,0.018788902351692387,0.004731184015537616,0.10086985946775608,0.02219083283220857,1.2243749603284437,0.991058399426769,0.0971891339332478,0.14065119855596442,0.9,-0.041151608498714576,-0.6244253941798734,142.54725457570714,4.790426858449183,-0.033245551860153544,False,0.0,-0.02670287935652832,10,9,1272817000.0,970985333.3333334,"min(depreciation & amortization, capex)",True,False,False,False,False,False,False,False,False,False,False,,0,,substitution risk unassessed (cannot be automated),-2.585499218037455,pass
ITT,17518765680.0,-1218600000.0,485666666.6666667,0.029795198171670773,0.045,0.04710434316533485,6932325490.196079,7314079035.795351,6699234338.501212,7981513711.340893,4856666666.666667,4856666666.666667,0.25288203329034864,-2.607158341798215,11,2025-12-31,0.20681126527747792,0.18015582393941904,-0.005579765942154589,0.35353561000380856,0.013622127991376472,0.002639905020314489,0.17379713088739368,0.02923435229078416,0.807377872120708,0.20866632318004358,0.04710434316533485,0.09711693853307479,0.8,-0.12949690837549188,-1.4722725625226531,14.23076923076923,6.3420051088789755,-0.012598121250027683,False,0.07603211824060258,-0.19400428265524622,10,10,509900000.0,485666666.6666667,"min(depreciation & amortization, capex)",True,False,False,False,False,False,False,False,False,False,False,,0,,substitution risk unassessed (cannot be automated),-2.607158341798215,pass
MAR,99175924133.90369,874000000.0,2686333333.3333335,0.026849928738956655,0.045,0.06099189979607256,30729921568.627457,42987135593.954346,39386588709.136375,46893796570.66259,26863333333.333332,26863333333.333332,0.2585437978401234,-2.691869616598971,11,2025-12-31,0.5064503630629275,,0.18039071621472955,,,,0.15813793630184067,0.04638885432510071,1.0996297351181998,,0.06099189979607256,0.1989211404768092,0.9,-0.4959469769216097,0.20391973868408772,5.118665018541409,,0.0002928688556207426,False,0.11033982594280978,-0.01988507172681797,9,9,2601000000.0,2686333333.3333335,"min(depreciation & amortization, capex)",True,False,False,False,False,False,False,False,False,False,False,,0,,substitution risk unassessed (cannot be automated),-2.691869616598971,pass
WTS,11765613511.275635,-207800000.0,312633333.3333333,0.027049522215281705,0.045,0.05207947143695346,3885839215.6862745,4811834063.429082,4407857048.969378,5250290206.68065,3126333333.333333,3126333333.333333,0.26323210176425316,-2.7633906102811503,11,2025-12-31,0.13272807850083848,0.18822917591866264,0.020982503924458943,0.4945663317613287,0.033996943578986145,0.009665361955362122,0.1837605085093295,0.06662440571518456,1.2181555362821626,0.28361157007324594,0.05207947143695346,0.10080332150298088,0.8,-0.0574195563886285,-0.4115666468607645,41.49074074074074,,-0.004085769476451007,False,0.08766850199354471,0.24271079590228523,0,10,351900000.0,312633333.3333333,"min(depreciation & amortization, capex)",True,False,False,False,False,False,False,False,False,False,False,,0,,substitution risk unassessed (cannot be automated),-2.7633906102811503,pass
KBR,4497239929.562897,2096000000.0,278333333.3333333,0.04221495597109047,0.045,0.04329829587522771,1178509803.9215689,4122354931.6731234,3775477747.6701336,4498950795.663902,2783333333.333333,1178509803.9215689,0.06321103551773011,-2.8160394717108295,11,2026-01-02,0.13360204125299555,0.1612481932639631,-0.04837982823978571,0.14770100179809914,0.03603486177847202,0.009081929399834262,0.09992293860775751,0.031167004141040296,1.5956221198156681,0.6092342812072215,0.04329829587522771,0.061873761288427476,0.7,0.022699060117042036,2.2133051742344243,4.924050632911392,2.3071488404161125,-0.01093980976672071,False,0.03393501805054152,-0.10248756218905469,10,10,542000000.0,278333333.3333333,"min(depreciation & amortization, capex)",True,False,False,False,False,False,False,False,False,False,False,,0,,substitution risk unassessed (cannot be automated),-2.8160394717108295,pass
ROL,21410615727.722168,509826000.0,559211333.3333334,0.0255109518448305,0.045,0.097360557841486,6069130862.745099,10478197395.730309,9609228731.765015,10598194857.289785,5592113333.333333,5592113333.333333,0.2674435653105055,-2.82871634594712,11,2025-12-31,0.3275416275046903,0.2895728126967526,-0.006596396501499145,,0.0034460066238285857,0.001257530575018963,0.19304928145065872,0.01240163067062868,1.2148438117337927,0.2642579295325202,0.097360557841486,0.11717710237805679,1.0,0.07231191425156425,0.5992228600442872,25.424329434834373,2.484199608014447,-0.001987335978320681,False,0.053025981587171304,0.1966579581898742,10,10,623363000.0,559211333.3333334,"min(depreciation & amortization, capex)",True,False,False,False,False,False,False,False,False,False,False,,0,,substitution risk unassessed (cannot be automated),-2.82871634594712,pass
SHW,82373828649.23901,9463600000.0,2546233333.3333335,0.027725442347240982,0.045,0.07593591612552486,20492086274.509808,43483470176.5942,39855919081.74751,47417423222.993515,25462333333.333332,20492086274.509808,0.22647752279075495,-3.019787324031725,11,2025-12-31,0.22629375602085444,0.2043356042656334,-0.02186811725412203,0.48847685827362847,0.02869457663990192,-0.0003469118895366795,0.15840979371603822,0.013487347003797182,1.0563880141079265,0.06462033955261415,0.07593591612552486,0.05124800274973418,1.0,0.025747452627815415,2.322526811789825,9.425542655224634,,-0.01862451620858374,True,0.051281147616307546,,10,0,2568500000.0,2546233333.3333335,"min(depreciation & amortization, capex)",True,False,False,False,False,False,False,False,False,False,False,,0,,substitution risk unassessed (cannot be automated),-3.019787324031725,pass
GILD,161193019014.80234,17372000000.0,4885000000.0,0.027356981938299194,0.045,0.0,40098588235.29412,59779191426.810875,54695570403.24266,65306502928.034164,48850000000.0,40098588235.29412,0.2312580904649647,-3.0199175609111064,11,2025-12-31,0.16743253728769725,0.21725093338923776,-0.033882802592875155,0.7882688584723024,0.038648258476448025,-0.0089083451892286,0.34038650952688243,0.1885255096413728,1.6203266687765745,,-0.010252253813553658,0.03584723676709367,0.5,0.09978172747115677,1.6716705157813703,9.787109375,,-0.01903965578262712,False,0.061917217249520186,0.5331988422068239,10,10,8510000000.0,4885000000.0,"min(depreciation & amortization, capex)",True,False,False,False,False,False,False,False,False,False,False,,0,,substitution risk unassessed (cannot be automated),-3.0199175609111064,pass
MCO,85116334495.41193,4610000000.0,2164666666.6666665,0.024125210049423727,0.045,0.08277053888962027,20856666666.666668,38079880018.22032,34909042475.66103,41024846541.7605,21646666666.666664,20856666666.666668,0.2739745609992985,-3.081013320860409,11,2025-12-31,0.30422835927889336,0.30422835927889336,-0.17554599588844658,0.7443638248250842,0.012737316196248903,0.0022718657071864557,0.4341798393366157,0.07799933091830874,1.093616296124984,0.2238766868183383,0.08277053888962027,0.07520165543475321,0.9,0.11223855870780697,1.2033411641868963,,6.37907361685652,-0.012202275286203879,False,0.09556961673094368,-0.15421357513070383,10,10,2613000000.0,2164666666.6666665,"min(depreciation & amortization, capex)",True,False,False,False,False,False,False,False,False,False,False,,0,,substitution risk unassessed (cannot be automated),-3.081013320860409,pass
TT,106040315015.33112,2851800000.0,2522200000.0,0.02316237497678225,0.045,0.04832306320384783,26821141176.470592,38187211870.149475,34978083354.632706,41670684146.23213,25222000000.0,25222000000.0,0.29045143048235156,-3.2042786065867546,11,2025-12-31,0.16230606019146832,0.2804724969276275,0.0165119058079473,,0.0030974118965801122,-0.00020524806892500646,0.18607159774691748,0.02576354215357238,0.9956024378280554,0.6663499093540838,0.04832306320384783,0.11352129327156257,0.8,-0.04750724615514035,0.6565370536639271,17.500661667401854,4.016176134642392,-0.017306941586900382,False,0.04385274447735162,-0.04526029313717994,10,10,2918600000.0,2522200000.0,"min(depreciation & amortization, capex)",True,False,False,False,False,False,False,False,False,False,False,,0,,substitution risk unassessed (cannot be automated),-3.2042786065867546,pass
CHRW,22808433627.0,928567000.0,534864333.3333333,0.02253293673190302,0.045,0.01878577839221829,5363954568.627451,7112289298.209125,6510152542.561701,7766561289.109951,5348643333.333333,5348643333.333333,0.29395538558451495,-3.2643399840956553,11,2025-12-31,0.23534039648586916,0.23285838764720954,-0.004660449639905151,,0.00988208033043244,,0.04897262406898936,0.010319131204189348,1.1253223751537422,2.3083741954614143,0.01878577839221829,0.00031641390725023477,0.6,0.05863010098038424,1.0342935176697161,,6.825837731838323,-0.01776108149046185,False,0.10370437539128102,0.5991178220077396,10,9,670271000.0,534864333.3333333,"min(depreciation & amortization, capex)",True,False,False,False,False,False,False,False,False,False,False,,0,,substitution risk unassessed (cannot be automated),-3.2643399840956553,pass
PM,283065450000.3694,40430000000.0,9021666666.666666,0.027888079002830996,0.045,0.0,65707254901.960785,110400806275.44434,101012324323.69583,120608700221.57932,90216666666.66666,65707254901.960785,0.21909646714675934,-3.3079786307116352,11,2025-12-31,0.8129594552806969,0.3928060032806592,-0.054997251416917976,0.6711769336744735,0.1261259225318503,0.02006857022791541,0.36636488880141704,0.07635094892302419,1.1204434681128579,0.12892009996593792,-0.05803498505546667,0.07213535484188793,0.8,-0.03727562489515179,2.3940075793462814,9.383742911153119,2.8777300329633024,0.0005795064504021674,False,0.0,1.0,10,2,11775000000.0,9021666666.666666,"min(depreciation & amortization, capex)",True,False,False,False,False,False,False,False,False,False,False,,0,,substitution risk unassessed (cannot be automated),-3.3079786307116352,pass
CSCO,478135429588.5068,16265000000.0,11047666666.666666,0.02234558468296988,0.045,0.014287298381360447,113707549019.60785,144016488521.6411,131810587802.2171,157281254436.09848,110476666666.66666,110476666666.66666,0.29761649696757164,-3.3279313543297846,11,2025-07-26,0.17698322039530545,0.17090221996097638,0.01219287242867883,0.6493804497475907,0.013162440971678773,0.0028793428557402543,0.20757581106364953,0.023045512496768145,1.3834029130717136,-0.006591891791594723,0.014287298381360447,0.028193774467121013,0.7,-0.05015027743526512,1.3053772070626004,7.382297551789077,1.295279239468017,-0.024926618537681078,False,0.146556060006572,-0.33173978134789334,10,10,10180000000.0,11047666666.666666,"min(depreciation & amortization, capex)",True,False,False,False,False,False,False,False,False,False,False,,0,,substitution risk unassessed (cannot be automated),-3.3279313543297846,pass
CTAS,71880589058.61583,2161026000.0,1642716666.6666667,0.022186397006145702,0.045,0.08995327466568348,17165052431.372551,29810830182.442245,27333461861.976112,31132829917.58193,16427166666.666666,16427166666.666666,,-3.375714358853677,11,2025-05-31,0.17103044002844187,0.27590929180216966,0.014025213847367235,0.5003939486165667,0.020438184045804903,0.005945950028335031,0.22820935146106244,0.029394045390148553,0.9545249080849944,0.7614479837241068,0.08995327466568348,0.07853982528324233,1.0,0.027975699849527746,0.7572161551051557,23.338667563397554,,-0.00390355316237756,False,0.10701185786452998,-0.16293471614381105,10,10,1897580000.0,1642716666.6666667,"min(depreciation & amortization, capex)",True,False,False,False,False,False,False,False,False,False,False,,0,,substitution risk unassessed (cannot be automated),-3.375714358853677,pass
CLX,11676165357.341858,2317000000.0,423333333.3333333,0.03025286434646619,0.045,0.023073968277489643,2663392156.8627453,5736669644.184572,5251502722.0705185,6263767045.374567,4233333333.333333,2663392156.8627453,0.18820578048791992,-3.3839452358737176,11,2025-06-30,0.32821783592321757,0.33785644659683434,-0.02245707074732128,0.45228040540540543,0.029299580341401024,-0.002950704902773871,0.16413288288288289,0.053007841988807244,1.2284021958971396,,0.023073968277489643,0.011145867999568182,0.8,0.08158995815899583,1.6729241877256318,13.25,1.3617544034253402,-0.006585230750367432,True,0.07103375279313183,0.2888620585571989,10,8,810000000.0,423333333.3333333,"min(depreciation & amortization, capex)",True,False,False,False,False,False,False,False,False,False,False,,0,,substitution risk unassessed (cannot be automated),-3.3839452358737176,pass
ROK,52534658147.03015,2148000000.0,1176500000.0,0.02151504772933019,0.045,0.028344284400465325,11693176470.588236,16317325490.445013,14939113960.42476,17814379530.2353,11765000000.0,11693176470.588236,,-3.4927619350627443,11,2025-09-30,0.32276684349384577,0.23974491554636332,-0.017920338335261736,0.48141932390314074,0.029399449352811156,0.005053156909242185,0.20414768640613762,0.025215921872975555,1.0901647430206176,0.07836115356120572,0.028344284400465325,0.05675920504497323,0.7,-0.05451992591264865,1.0591715976331362,10.916666666666666,,-0.01805248428221229,False,0.0580038005610352,-0.24247608805461862,10,10,1008000000.0,1176500000.0,"min(depreciation & amortization, capex)",True,False,False,False,False,False,False,False,False,False,False,,0,,substitution risk unassessed (cannot be automated),-3.4927619350627443,pass
MSI,70196212526.6853,7248000000.0,1927333333.3333333,0.02488673162851547,0.045,0.07448992421518508,15426509803.92157,32708066117.59581,29978368121.158134,35668474786.78344,19273333333.333332,15426509803.92157,0.25523479709033525,-3.550362552444671,11,2025-12-31,0.35528510788050083,0.23764672128177702,-0.004192571612392828,0.5166067454203047,0.0166702512976628,0.003474918491481516,0.25577812018489987,0.029989211160691486,1.3815633969272327,0.18626454408391213,0.07448992421518508,0.09519871115386103,0.9,-0.05997210599721059,2.1236448871960154,8.3,,-0.017581449863547705,False,0.09660271294146401,0.2954650624710782,10,10,2314000000.0,1927333333.3333333,"min(depreciation & amortization, capex)",True,False,False,False,False,False,False,False,False,False,False,,0,,substitution risk unassessed (cannot be automated),-3.550362552444671,pass
AAPL,4631217201493.408,54744000000.0,101766333333.33333,0.02171728039508747,0.045,0.059393927430567706,1142506980392.157,1617167972063.2324,1481658858197.9067,1764205932152.058,1017663333333.3333,1017663333333.3333,,-3.550834298337114,11,2025-09-27,0.42091566797113317,0.8739376845077544,0.06659996420492846,0.4690516410716045,0.03354670590187369,0.008511373579276438,0.31970799762591884,0.026962986945453942,1.0812531982459535,,0.059393927430567706,0.08677354924090741,0.7,0.05512080376978479,0.3782021167822699,,2.307830526564303,-0.04022444593069352,False,0.09420125766225179,-0.13559872322971045,10,10,112010000000.0,101766333333.33333,"min(depreciation & amortization, capex)",True,False,False,False,False,False,False,False,False,False,False,,0,,substitution risk unassessed (cannot be automated),-3.550834298337114,pass
BX,150448223996.1329,9945346000.0,2407997666.6666665,0.015013056113937258,0.045,0.1,18384038313.72549,45636465082.191574,41854593474.57551,45636465082.191574,24079976666.666664,18384038313.72549,,-7.18363307499248,11,2025-12-31,0.2398975025384322,0.34792551871445077,0.005174001889539611,,,,0.5314753743270452,0.06672836708751469,1.154768586546477,0.4947995799570136,0.12014566113098901,0.1881786947813986,0.6,-0.16847881040081658,1.2786573857412484,15.10869265847488,1.4471352234380326,0.02414168269921113,True,0.2905668354799954,,9,0,3019214000.0,2407997666.6666665,"min(depreciation & amortization, capex)",True,False,False,True,False,False,False,False,False,False,False,,1,dilution,substitution risk unassessed (cannot be automated),-3.59181653749624,pass
PH,121203065616.65479,7041000000.0,2819717000.0,0.02198711485355319,0.045,0.045575834714450814,26132141176.470592,42181276573.46565,38633989030.839905,46032178069.56416,28197170000.0,26132141176.470592,0.29592317067577334,-3.6380839900630164,11,2025-06-30,0.13420582689293462,0.18039853453957902,-0.002206104425789773,0.3685138539042821,0.0557969292580583,0.015718998136808233,0.21899244332493703,0.027489961061405045,1.1887591393628074,0.3228137325598176,0.045575834714450814,0.07705131902453943,0.7,-0.04363057707353546,1.497766432673899,10.62836185819071,4.557873982295258,-0.01078493720003637,False,0.06027131509293669,0.07348281561195735,10,10,3532000000.0,2819717000.0,"min(depreciation & amortization, capex)",True,False,False,False,False,False,False,False,False,False,False,,0,,substitution risk unassessed (cannot be automated),-3.6380839900630164,pass
CAT,438672398159.6164,26230000000.0,10238000000.0,0.02202182660388204,0.045,0.03697348824771152,94217058823.52942,147484173954.23502,135054086880.09328,160982123964.23566,102380000000.0,94217058823.52942,0.2951356687810426,-3.6559763554205107,11,2025-12-31,0.14885536888377876,0.178273277986019,0.01691050492625032,0.33788042432940274,0.03152196558632764,0.007103247529135787,0.16498246756128956,0.05028753566256287,1.1994097329203626,0.3753368716671774,0.03697348824771152,0.10115402157081044,0.6,-0.22401486988847585,1.9555654961604414,,4.27383423505029,-0.02385873090134827,False,0.03213725596236007,0.21605145413870241,10,8,8882000000.0,10238000000.0,"min(depreciation & amortization, capex)",True,False,False,False,False,False,False,False,False,False,False,,0,,substitution risk unassessed (cannot be automated),-3.6559763554205107,pass
IDXX,44456091197.046326,269767000.0,940631333.3333334,0.021031040459620565,0.045,0.1,10796483980.392159,17826881476.303467,16349576501.298351,17826881476.303467,9406313333.333334,9406313333.333334,,-3.7261971424560585,11,2025-12-31,0.5607971480896816,0.5802952580714188,-0.021418943047369635,0.6179747110743262,0.023551037758287784,0.006967136291735845,0.316014212879981,0.04452369236104931,0.8773403485071338,0.664424672271067,0.10387753713074033,0.09719004339104931,1.0,0.1245361268482219,0.17922169206504857,35.005430865849895,10.430948852637838,-0.014375274900683577,False,0.07736235127825292,0.15678494190426812,0,10,1079971000.0,940631333.3333334,"min(depreciation & amortization, capex)",True,False,False,False,False,False,False,False,False,False,False,,0,,substitution risk unassessed (cannot be automated),-3.7261971424560585,pass
WST,24988760223.77182,-588500000.0,526600000.0,0.02158173704585998,0.045,0.08184539346062825,6783794117.647059,9226641183.87727,8458161570.202854,9980143604.353748,5266000000.0,5266000000.0,,-3.745301979447744,11,2025-12-31,0.1803044676141987,0.1803044676141987,0.014477320078774907,0.35912950131745874,0.032511939961598006,0.005847777691981149,0.19026707003675872,0.05435577711036615,0.7265589950650516,0.12178681230032595,0.08184539346062825,0.07443769129295252,0.9,0.16685689439643459,-0.7781303715456829,38.735099337748345,9.341834682684773,-0.0015006076673725888,False,0.09114610133443106,-0.2723770798780161,10,10,493700000.0,526600000.0,"min(depreciation & amortization, capex)",True,False,False,False,False,False,False,False,False,False,False,,0,,substitution risk unassessed (cannot be automated),-3.745301979447744,pass
WMT,906425227897.5651,27439000000.0,18946666666.666668,0.02028845960758325,0.045,0.03893757292582278,195462960784.31375,275300655171.9857,252109622815.49725,300482328803.699,189466666666.66666,189466666666.66666,,-3.784088113463574,11,2026-01-31,0.14536206273534902,0.17739447600012562,0.004527248932156522,0.2420935062067091,0.004893969800544979,-0.001129916550297305,0.04222034418958881,0.0042638444538384635,1.1511260638263656,0.38392309326888757,0.03893757292582278,0.049341097880894136,0.9,0.0188055156575464,0.623217043699464,12.86669542709232,,-0.011885814035494713,False,0.08757949325494842,0.01943349271593542,10,10,21893000000.0,18946666666.666668,"min(depreciation & amortization, capex)",True,False,False,False,False,False,False,False,False,False,False,,0,,substitution risk unassessed (cannot be automated),-3.784088113463574,pass
STRL,20936718880.40808,-99672000.0,228756333.33333334,0.010978347106778372,0.045,0.1,2790922980.392157,4335398893.034715,3976126500.8428802,4335398893.034715,2287563333.3333335,2287563333.3333335,,-8.152410591360566,11,2025-12-31,0.17434745996686912,0.31786214928953405,0.04327847144650939,0.22984045695486313,0.05748205156163377,0.01699827475417108,0.1630152659646457,0.056147567360909464,1.7431931807056162,0.5885363620799529,0.14849875012471947,0.15210275460356826,1.0,0.08919645060988501,-0.2063474318365319,,2.9077246813948214,0.047943056336662515,False,0.06465271247887033,-0.8961290660520664,0,4,290153000.0,228756333.33333334,"min(depreciation & amortization, capex)",True,False,False,True,False,False,False,False,False,False,False,,1,dilution,substitution risk unassessed (cannot be automated),-4.076205295680283,pass
CDNS,105960236423.58398,-3001317000.0,1129607000.0,0.010971434105215073,0.045,0.1,16290811117.64706,21408355633.276154,19634255641.31976,21408355633.276154,11296070000.0,11296070000.0,,-8.380274416109673,11,2025-12-31,0.43958369770249583,0.43958369770249583,-0.01242141091910595,,,,0.28168961434718853,0.06133028648564866,1.2612554115799939,0.5333550943436912,0.1202185081990248,0.1457277629468552,1.0,,-1.7450836400425613,12.802721788898328,,-0.013247140809938052,False,0.27352862622998414,-0.027200310797690308,0,10,1194845000.0,1129607000.0,"min(depreciation & amortization, capex)",True,False,False,True,False,False,False,False,False,False,False,,1,dilution,substitution risk unassessed (cannot be automated),-4.1901372080548365,pass
CGNX,11116819834.67186,-262925000.0,117207000.0,0.010798612091356555,0.045,0.08237897291543028,1641830882.3529413,2058358184.0141568,1886944268.7402577,2221311605.460482,1172070000.0,1172070000.0,,-8.484774659083381,11,2025-12-31,0.154834448558061,0.08281153103420005,-0.007445513621360625,0.6691677754211507,0.03093573965207674,-0.0087391535397388,0.16348823714573912,0.06829731758994433,1.087239953906173,-0.25003760530894303,0.08237897291543028,0.0416032563318498,0.7,0.11768475452196392,-1.4378879439993437,,5.855515454504895,-0.0038240455475659907,False,0.19756317483724095,0.24359603424839243,10,10,125988000.0,117207000.0,"min(depreciation & amortization, capex)",True,False,False,False,False,False,False,True,False,False,False,,1,auditor_change,substitution risk unassessed (cannot be automated),-4.242387329541691,pass
LRCX,438101311078.0945,-1921295000.0,4565640000.0,0.010467329615537818,0.045,0.1,55634706764.70589,86528186186.44446,79357637590.98087,86528186186.44446,45656400000.0,45656400000.0,,-8.595616629390282,11,2025-06-29,0.48873793507141683,0.668336887245175,0.04769120703532873,0.48705023885591736,0.01475517712518966,0.0032840097089492934,0.32008564303688447,0.054775698116640265,0.9582036261191557,1.5727690575074478,0.13363386976437908,0.12912937900992283,0.8,0.04052153200700381,-0.30558615100890774,33.29760353009553,9.629670496668465,-0.02542525849424837,False,0.07684787069345919,-0.02094338462909523,10,10,5358217000.0,4565640000.0,"min(depreciation & amortization, capex)",True,False,False,False,False,False,False,True,False,False,False,,1,auditor_change,substitution risk unassessed (cannot be automated),-4.297808314695141,pass
COST,406337454165.0,-8373000000.0,7252666666.666667,0.01822440821224611,0.045,0.0900593060353001,93698490196.07845,131676507644.22906,120734122111.93274,137452819688.26996,72526666666.66667,72526666666.66667,,-4.602593816044672,11,2025-08-31,0.30188216900644294,0.3738797102601004,0.020669316495490204,0.12843206714262356,0.007284016089184185,-0.000586827789831879,0.03772412665540356,0.0022861797350724002,0.9654595552056682,0.5105094693834176,0.0900593060353001,0.10540604135545939,1.0,0.09206105970413159,-0.6536810055429776,67.42207792207792,2.6097620917825437,0.0004704112663096449,False,0.14200387320354704,-0.1857590850396606,10,10,8099000000.0,7252666666.666667,"min(depreciation & amortization, capex)",True,False,False,False,False,False,False,False,False,False,False,,0,,substitution risk unassessed (cannot be automated),-4.602593816044672,pass
MNST,95248209235.97122,-2088117000.0,1681822666.6666667,0.01805303780085006,0.045,0.1,21874266019.607845,31873968344.83574,29232588130.8273,31873968344.83574,16818226666.666666,16818226666.666666,,-4.6633919332738545,11,2025-12-31,0.2622757264460648,0.3011588683696502,0.004172206567868048,0.5584764218214752,0.042767866608463434,-0.010353837233578812,0.29168723791625206,0.03962347508147857,0.9358480998547833,0.2019106283218327,0.11784191317485515,0.12520215032714033,1.0,0.09470034295693286,-0.8241065279551029,,,-0.02090917789073532,False,0.06001838166869559,0.06565355785293558,0,10,1905432000.0,1681822666.6666667,"min(depreciation & amortization, capex)",True,False,False,False,False,False,False,False,False,False,False,,0,,substitution risk unassessed (cannot be automated),-4.6633919332738545,pass
ULS,17590412369.416008,196000000.0,303666666.6666667,0.01707295773648124,0.045,0.06604471430721359,3376549019.607844,4967525204.588748,4552010304.424818,5418288865.120883,3036666666.6666665,3036666666.6666665,,-4.792671471816468,4,2025-12-31,0.2738627271817803,0.26280535855003945,-0.04836078933920659,0.4945954798558795,0.007260962988143659,0.005243681397813526,0.17097936455944973,0.014502833197308768,0.9551495016611296,,0.06604471430721359,0.06604471430721359,1.0,,0.27605633802816903,12.731707317073171,3.078887445194254,0.004975206272652466,False,0.06086956521739131,,4,0,325000000.0,303666666.6666667,"min(depreciation & amortization, capex)",True,False,False,False,False,False,False,False,False,False,False,,0,,substitution risk unassessed (cannot be automated),-4.792671471816468,pass
GNRC,13771739376.862366,865066000.0,262679000.0,0.017946470779425603,0.045,0.1,2225275176.4705887,4978302586.114771,4565753078.377022,4978302586.114771,2626790000.0,2225275176.4705887,,-5.188780391063867,11,2025-12-31,0.14525496217159006,0.0670230637438891,-0.012468152689633942,0.3829129750041992,0.01838083064375993,0.0020891326493600714,0.06870536952023772,0.0390768430123254,1.0673691018542868,-0.07185036559361209,0.12318416785728536,0.1111342884289317,0.8,0.12741433247925915,1.7872304380343205,4.09056961398645,4.515119528851969,-0.015361228662318593,False,0.0892929080389586,-0.46094925207889575,6,8,184539000.0,262679000.0,"min(depreciation & amortization, capex)",True,False,False,False,False,False,False,False,False,False,False,,0,,substitution risk unassessed (cannot be automated),-5.188780391063867,pass
CAH,55225741323.73955,4653000000.0,1132000000.0,0.018904872997909977,0.045,0.08059437936188862,8664647058.82353,19726642855.68384,18083063080.09569,21453707861.998558,11320000000.0,8664647058.82353,,-5.373686192734318,11,2025-06-30,0.1369384996547191,0.9075539425670316,0.028587738387650236,0.03669724770642202,0.00848329276850094,-0.0024434937303700497,0.010221135961325917,0.013507372823801085,5.665729679081752,,0.08059437936188862,0.07795952230430081,0.9,0.05076476974452704,1.5181076672104405,10.581395348837209,,-0.03199621401031327,False,0.04982015132095754,-0.2726510067114094,10,10,1804000000.0,1132000000.0,"min(depreciation & amortization, capex)",True,False,False,False,False,False,False,False,False,False,False,,0,,substitution risk unassessed (cannot be automated),-5.373686192734318,pass
AEIS,12325282400.43866,343800000.0,116032666.66666667,0.009158726970048684,0.045,0.1,1021290196.0784316,2199055594.6248455,2016820929.8254833,2199055594.6248455,1160326666.6666667,1021290196.0784316,,-11.068344969691768,11,2025-12-31,0.1985329135630343,0.08712088241258127,-0.1052572398773476,0.37658438959306206,0.13693193400877754,-0.03330560072572142,0.0933955970647098,0.11711404102123098,1.1528499308165083,-0.0016636819159039377,0.20960390873609902,0.049046161731654436,0.8,0.7945745473719434,1.4947826086956522,10.059880239520957,4.607789213654856,-0.006200306045247017,False,0.1699384462464926,0.04228919198234177,5,8,148400000.0,116032666.66666667,"min(depreciation & amortization, capex)",True,True,False,False,False,False,False,False,False,False,False,,1,structural_decline,substitution risk unassessed (cannot be automated),-5.534172484845884,pass
KEYS,55036851178.2749,661000000.0,841333333.3333334,0.015105310447981838,0.045,0.06527571497214013,9237039215.686275,13716910812.115007,12569307025.284605,14961900271.459835,8413333333.333333,8413333333.333333,,-5.541622564771185,11,2025-10-31,0.1933393469398479,0.10754397435368565,0.005811060302016599,0.6208372093023256,0.04035983007949852,0.01064835004060138,0.16297674418604652,0.09971076143472836,1.2410895392639814,0.0228072903553194,0.06527571497214013,0.04952460179009255,0.8,-0.01905647222867768,0.6564051638530288,9.125,5.151174324611577,0.00116348011796652,False,0.12316133551249124,-0.06490765171503954,0,9,853000000.0,841333333.3333334,"min(depreciation & amortization, capex)",True,False,False,False,False,False,False,False,False,False,False,,0,,substitution risk unassessed (cannot be automated),-5.541622564771185,pass
APH,195681087818.19794,4371400000.0,2885300000.0,0.014422714915807893,0.045,0.1,29573305882.352943,54682317397.72478,50150820419.756516,54682317397.72478,28853000000.0,28853000000.0,,-5.782001449353548,11,2025-12-31,0.18097896573430683,0.25366115070392065,0.005354435388363137,0.3688162219037268,0.01605309546086641,0.0024722214848722315,0.2541102504037723,0.017453832598409182,0.9846782431052093,0.31353686306080386,0.15285808683852697,0.218467319160899,0.9,0.04540812604858124,0.6437049035488146,15.955954323001631,5.031998245058387,0.009438282157785194,False,0.04801260685214158,0.005833470094141147,10,10,4270300000.0,2885300000.0,"min(depreciation & amortization, capex)",True,False,False,False,False,False,False,False,False,False,False,,0,,substitution risk unassessed (cannot be automated),-5.782001449353548,pass
AMAT,478360556575.0,-786000000.0,7010333333.333333,0.014679034376556878,0.045,0.1,83260509803.92157,132860108965.16248,121850056521.89828,132860108965.16248,70103333333.33333,70103333333.33333,,-5.823649230778376,11,2025-10-26,0.3561685639479043,0.3187508280765464,0.016055069235542084,0.4867456288776086,0.024281555166294013,0.006701806205503225,0.2921954314720812,0.04246360900710564,0.9352338944642279,0.27528354980328673,0.11375497046638272,0.10522310397599743,0.9,0.17757393209200445,-0.09009628610729023,30.814126394052046,10.172020931558336,-0.04083772510122474,False,0.08502260779265733,-0.018994146458009842,10,10,6998000000.0,7010333333.333333,"min(depreciation & amortization, capex)",True,False,False,False,False,False,False,False,False,False,False,,0,,substitution risk unassessed (cannot be automated),-5.823649230778376,pass
NVDA,5109662322616.577,-2137000000.0,74382000000.0,0.014563217077090128,0.045,0.1,877219352941.1765,1409690546105.2803,1292870177958.0386,1409690546105.2803,743820000000.0,743820000000.0,,-5.869487675266297,11,2026-01-25,0.36063708759954494,0.7133233260959281,0.040619699035882764,0.7106808435754708,0.06459200114976976,0.015663176848160733,0.6038168363141272,0.16556091863654668,0.7753439900877189,0.8038286309177382,0.45696505314008307,0.6689858183148778,0.9,-0.06811198361215431,-0.016039930946483524,503.42471042471044,12.853656588018772,-0.007447968474157962,False,0.1171815359560283,0.5807377575939334,10,7,120067000000.0,74382000000.0,"min(depreciation & amortization, capex)",True,False,False,False,False,False,False,False,False,False,False,,0,,substitution risk unassessed (cannot be automated),-5.869487675266297,pass
FTNT,115399444041.85219,-1499000000.0,1582133333.3333333,0.013890493111264656,0.045,0.1,20112333333.333336,29984652236.80506,27499838727.38044,29984652236.80506,15821333333.333332,15821333333.333332,,-6.2939139584855175,11,2025-12-31,0.829401733731246,,0.638017014580066,0.8045620330607682,0.02744759766748934,0.007333150775545308,0.3065915642096594,0.09917101984146942,1.5774632263515762,,0.2101736323581307,0.21252104718544174,1.0,0.19944521497919565,-0.6701837528501811,103.71641791044776,1.8779867072789465,-0.018236310924766408,False,0.1785720952525207,-0.10510608533457683,0,10,1853400000.0,1582133333.3333333,"min(depreciation & amortization, capex)",True,False,False,False,False,False,False,False,False,False,False,,0,,substitution risk unassessed (cannot be automated),-6.2939139584855175,pass
ANET,235414326582.37637,-1963900000.0,2839000000.0,0.012161040104153408,0.045,0.1,35363900000.0,53804838003.72255,49346057315.249275,53804838003.72255,28390000000.0,28390000000.0,,-7.292156624951616,11,2025-12-31,0.3428233885828209,0.30616917078704153,-0.04516985525591629,0.6405609780472368,0.011261006819835703,-0.001570270347979271,0.42818437211987964,0.09687658829339847,1.0959201541841457,0.3239879796923503,0.26808553132539337,0.31189506024306746,0.9,-0.038658384722151884,-0.4998854582940922,,8.464769906269218,0.0025910389836525383,False,0.13958381307824388,-0.44724794687200475,0,7,3511400000.0,2839000000.0,"min(depreciation & amortization, capex)",True,False,False,False,False,False,False,False,False,False,False,,0,,substitution risk unassessed (cannot be automated),-7.292156624951616,pass
KLAC,302428842200.20984,3805349000.0,3489171000.0,0.011393799583008839,0.045,0.1,37243721588.2353,66126903988.12491,60646999700.14288,66126903988.12491,34891710000.0,34891710000.0,,-7.6676417464265825,11,2025-06-30,0.3526712602164019,0.5090600994145625,0.028576287633739587,0.6090980853989936,0.021025328093615667,9.769212031554629e-05,0.4069223493401947,0.0667468968617835,1.0193351311527155,0.8237070006049902,0.1575679195157953,0.15925117998554894,0.9,0.2708570808228845,0.7125185041217428,16.370518191987188,5.643953511029877,-0.020004129137277116,True,0.06166337144671317,0.04052465201163247,10,10,4120472000.0,3489171000.0,"min(depreciation & amortization, capex)",True,False,False,False,False,False,False,False,False,False,False,,0,,substitution risk unassessed (cannot be automated),-7.6676417464265825,pass
FIX,61786211406.453,-836672000.0,622796333.3333334,0.010218228708507601,0.045,0.1,8163687686.274511,11803260241.03994,10825129820.49798,11803260241.03994,6227963333.333333,6227963333.333333,,-8.92077314838393,11,2025-12-31,0.19363539391681836,0.644666014232506,0.03586767176044386,0.2412640753464128,0.01703939297705235,0.000864485798823277,0.14443428388353266,0.027121533614846458,1.2270612875644213,1.210916742304656,0.1913297798451692,0.2608175923604037,1.0,0.09229691539366569,-0.6076097920898424,145.91952491952492,4.051770708366228,-0.0066803311037750834,False,0.03182402247461349,-0.3573848650193073,10,10,1022558000.0,622796333.3333334,"min(depreciation & amortization, capex)",True,False,False,False,False,False,False,False,False,False,False,,0,,substitution risk unassessed (cannot be automated),-8.92077314838393,pass
TER,56292562410.65753,-93751000.0,515057000.0,0.009164909133688986,0.045,0.06882397458856837,6153245117.647059,8528118117.488794,7815303535.011297,9301328451.613682,5150570000.0,5150570000.0,,-9.929384982760652,11,2025-12-31,0.2419404659391183,0.21137724944339287,0.009910053332004575,0.582235431457569,0.014293986064124884,0.0028389569475071458,0.20377620983415798,0.09536236165467192,1.0085290910865516,-0.1680816497872654,0.06882397458856837,0.004354396137920213,0.7,0.36013795417359296,-0.12049761449400538,94.95340344726847,5.047303980329016,-0.028523505221216494,False,0.08949702091009842,0.0135014164256273,10,10,554047000.0,515057000.0,"min(depreciation & amortization, capex)",True,False,False,False,False,False,False,False,False,False,False,,0,,substitution risk unassessed (cannot be automated),-9.929384982760652,pass
MU,1106014698987.7625,2451000000.0,1188000000.0,0.0010717517024521979,0.045,0.08725535776233184,11525470588.235296,21308744017.00636,19536599023.907566,22515022031.850082,11880000000.0,11525470588.235296,,-94.96264989966957,11,2025-08-28,0.1524744648664624,0.1524744648664624,-0.015798325552081605,0.39790786023864305,0.17822052660311907,-0.012802363807663789,0.2613837016426775,0.22428138584264937,0.310849239959901,0.3141505876391784,0.08725535776233184,0.11763119291842661,0.6,-0.08420917713406817,0.13524997240922634,20.48218029350105,6.069639187629404,-0.00391439003907923,False,0.3051204422798473,0.5717935615738374,4,9,8539000000.0,1188000000.0,"min(depreciation & amortization, capex)",True,False,False,True,True,False,False,False,False,False,False,,2,dilution;accruals,substitution risk unassessed (cannot be automated),-23.740662474917393,pass
