registered_at,ticker,earnings_date,session,expiry,spot,atm_strike,fair_move,ci_low,ci_high,implied_move_bid,implied_move_mid,implied_move_ask,straddle_bid,straddle_mid,straddle_ask,edge,z,score,structure,detail,entry_side,entry_price,max_gain,max_loss,spread_pct,open_interest,n_events,conf_mult,screened,screen_reason,flags
2026-07-11T16:33:43+00:00,NOW,2026-07-22,AMC,2026-07-24,107.70999908447266,108.0,0.08226224690951144,0.06831194114850418,0.09621255267051869,0.12858601910429873,0.1311391711081747,0.13369232311205068,13.85,14.125,14.4,0.5941598489575409,4.490271907021197,3.741893255850997,iron fly,"short 108 straddle @ bid, long 99P / 117C @ ask",credit,654.9999999999999,654.9999999999999,245.0000000000001,0.03893805309734518,752,12,0.8333333333333333,False,,
2026-07-11T16:33:43+00:00,INTC,2026-07-23,AMC,2026-07-24,109.83999633789062,110.0,0.0963994450649166,0.07723811248885587,0.11556077764097733,0.1556809957221489,0.1586398450560494,0.16159869438994987,17.1,17.425,17.75,0.6456510195594936,4.162930543165526,3.3823810663219893,iron fly,"short 110 straddle @ bid, long 100P / 120C @ ask",credit,760.0000000000001,760.0000000000001,239.99999999999986,0.03730272596843607,2349,12,0.8124999999999999,False,,
2026-07-11T16:33:43+00:00,BAC,2026-07-14,BMO,2026-07-17,59.66999816894531,60.0,0.027275569507530295,0.02319022497105897,0.03136091404400162,0.03619909613344268,0.03703703817356867,0.037874980213694655,2.16,2.21,2.26,0.3578832208560634,3.0622382349177406,2.5518651957647838,iron fly,"short 60 straddle @ bid, long 56P / 64C @ ask",credit,193.00000000000003,193.00000000000003,206.99999999999997,0.04524886877828038,47592,12,0.8333333333333333,False,,
2026-07-11T16:33:43+00:00,GOOGL,2026-07-22,AMC,2026-07-24,357.17999267578125,357.5,0.05325749864571139,0.04428896888964256,0.062226028401780216,0.0687328531928284,0.07104261302517396,0.07335237285751954,24.549999999999997,25.375,26.200000000000003,0.33394573218272505,2.5414870897089226,2.1179059080907687,iron fly,"short 357.5 straddle @ bid, long 350P / 365C @ ask",credit,509.9999999999998,509.9999999999998,240.00000000000023,0.06502463054187214,782,12,0.8333333333333333,False,,
2026-07-11T16:33:43+00:00,GOOG,2026-07-22,AMC,2026-07-24,355.0299987792969,355.0,0.05272609442365679,0.04380190873951748,0.0616502801077961,0.06774075453536701,0.06978283549329388,0.07182491645122074,24.05,24.775,25.5,0.32349714607316304,2.449514177377313,2.041261814481094,iron fly,"short 355 straddle @ bid, long 347.5P / 362.5C @ ask",credit,530.0000000000001,530.0000000000001,219.99999999999994,0.05852674066599392,780,12,0.8333333333333333,False,,
2026-07-11T16:33:43+00:00,HCA,2026-07-24,BMO,2026-08-21,406.5899963378906,405.0,0.04936748730468374,0.04356728522131336,0.055167689388054116,0.11977668028882979,0.1259253805089956,0.1320740807291614,48.7,51.2,53.7,1.5507755687830689,16.916065081931173,1.6519594806573443,no affordable structure,,,,,,0.09765625,624,12,0.8333333333333333,False,,wide market
2026-07-11T16:33:43+00:00,C,2026-07-14,BMO,2026-07-17,140.7899932861328,141.0,0.030952698622734566,0.02681679193073333,0.0350886053147358,0.04339797067524832,0.045493290045002535,0.047588609414756754,6.109999999999999,6.404999999999999,6.7,0.46976813232006837,4.5057162442322,1.406204376899794,iron fly,"short 141 straddle @ bid, long 135P / 147C @ ask",credit,388.99999999999994,388.99999999999994,211.00000000000003,0.09211553473848569,828,12,0.7916666666666665,False,,wide market
2026-07-11T16:33:43+00:00,NFLX,2026-07-16,AMC,2026-07-17,73.37000274658203,73.0,0.07012785729341682,0.05936868090645518,0.08088703368037846,0.07768842560477532,0.07871064173115395,0.07973285785753258,5.699999999999999,5.7749999999999995,5.85,0.12238766118044268,1.0223548847785175,0.8519624039820979,no trade,,,,,,0.025974025974026038,4641,12,0.8333333333333333,False,,
2026-07-11T16:33:43+00:00,GE,2026-07-16,BMO,2026-07-17,359.2699890136719,360.0,0.0528237219816069,0.04566568845576354,0.05998175550745025,0.05177164964728569,0.05427672946892855,0.0567818092905714,18.6,19.5,20.4,0.027506722980020007,0.2601516728062589,0.08338194641226411,no trade,,,,,,0.09230769230769216,1200,12,0.8333333333333333,False,,wide market
2026-07-11T16:33:43+00:00,ABT,2026-07-16,BMO,2026-07-17,93.93000030517578,94.0,0.04816924761598279,0.041913161440962236,0.054425333791003346,0.05056957292204185,0.05402959633249735,0.057489619742952844,4.75,5.075,5.4,0.12166162036066482,1.2005306041137422,0.0,screened out,,,,,,0.1280788177339902,786,12,0.8333333333333333,True,spread > 10%,spread > 10%
2026-07-11T16:33:43+00:00,ALLE,2026-07-23,BMO,2026-08-21,136.6300048828125,140.0,0.052474038401103,0.04338311011582893,0.061564966686377065,0.07026275091063575,0.08599867949999687,0.10173460808935801,9.6,11.75,13.9,0.6388805230242998,4.7261598248376355,0.0,screened out,,,,,,0.3659574468085107,4,12,0.8333333333333333,True,spread > 10%,spread > 10%
2026-07-11T16:33:43+00:00,AMP,2026-07-23,BMO,2026-08-21,506.760009765625,510.0,0.034453854518933354,0.028936802851926763,0.039970906185939944,0.06413292164673995,0.07666350787617991,0.08919409410561988,32.5,38.85,45.2,1.2251068551430486,9.805217534241114,0.0,screened out,,,,,,0.326898326898327,27,12,0.8333333333333333,True,spread > 10%,spread > 10%
2026-07-11T16:33:43+00:00,AVB,2026-07-22,AMC,2026-08-21,191.83999633789062,190.0,0.029335809934262134,0.023888264817532284,0.03478335505099198,0.041701418644261655,0.057078816769333136,0.07245621489440462,8.0,10.95,13.899999999999999,0.9457044784936771,6.526873444449938,0.0,screened out,,,,,,0.5388127853881277,87,12,0.8333333333333333,True,spread > 10%,spread > 10%
2026-07-11T16:33:43+00:00,AXP,2026-07-24,BMO,2026-07-24,350.5799865722656,350.0,0.03406056076160752,0.028929435566191507,0.03919168595702353,0.052627077148332514,0.0554794932539332,0.058331909359533876,18.45,19.450000000000003,20.450000000000003,0.6288484984800584,5.349802009642648,0.0,screened out,,,,,,0.10282776349614413,382,12,0.8124999999999999,True,spread > 10%,spread > 10%
2026-07-11T16:33:43+00:00,BLK,2026-07-15,BMO,2026-07-17,1036.1099853515625,1040.0,0.03348178880300335,0.027824258215429484,0.039139319390577215,0.04738879143543808,0.05013946466539732,0.05289013789535655,49.1,51.95,54.8,0.4975145133494111,3.773462123586864,0.0,screened out,,,,,,0.10972088546679491,142,12,0.8333333333333333,True,spread > 10%,spread > 10%
2026-07-11T16:33:43+00:00,BNY,2026-07-15,BMO,2026-07-17,151.9199981689453,150.0,0.027741586217452874,0.02130826794628886,0.03417490448861689,0.037190627093852506,0.04443128015637246,0.051671933218892414,5.65,6.75,7.85,0.601612820842224,3.3248023571277816,0.0,screened out,,,,,,0.32592592592592584,896,12,0.8333333333333333,True,spread > 10%,spread > 10%
2026-07-11T16:33:43+00:00,BKR,2026-07-26,AMC,2026-08-21,57.560001373291016,60.0,0.04466422339040634,0.03740548142039875,0.051922965360413936,0.10510771118235797,0.1111883225730729,0.11726893396378782,6.05,6.4,6.75,1.4894269760650445,11.74546303819314,0.0,screened out,,,,,,0.10937500000000003,834,12,0.75,True,spread > 10%,spread > 10%; single-source date
2026-07-11T16:33:43+00:00,BX,2026-07-23,BMO,2026-07-24,123.08999633789062,123.0,0.03426749605084572,0.02773679112868777,0.040798200973003663,0.06539930326996021,0.0694613717960447,0.07352344032212918,8.05,8.55,9.05,1.0270337725574903,6.906524133713747,0.0,screened out,,,,,,0.11695906432748537,500,12,0.8333333333333333,True,spread > 10%,spread > 10%
2026-07-11T16:33:43+00:00,BRO,2026-07-27,AMC,2026-08-21,67.66000366210938,70.0,0.048568970433133934,0.04101560403068662,0.05612233683558125,0.06281406695193639,0.10826189186421979,0.1537097167765032,4.25,7.325,10.4,1.2290341116714947,10.12825858431713,0.0,screened out,,,,,,0.8395904436860069,48,12,0.8333333333333333,True,spread > 10%,spread > 10%
2026-07-11T16:33:43+00:00,CB,2026-07-21,AMC,2026-08-21,347.8299865722656,350.0,0.02647887691083528,0.02151070199716185,0.031447051824508715,0.060086826342839725,0.06267429733367973,0.06526176832451971,20.9,21.8,22.700000000000003,1.3669545179249316,9.337040587328769,0.0,screened out,,,,,,0.08256880733944974,472,12,0.8333333333333333,True,OI < 500,OI < 500; wide market
2026-07-11T16:33:43+00:00,CCI,2026-07-22,AMC,2026-08-21,79.66000366210938,80.0,0.03669203360786442,0.02874136567799143,0.0446427015377374,0.08536278794115157,0.09163946352505976,0.09791613910896797,6.8,7.3,7.8,1.497530240608363,8.857196251057935,0.0,screened out,,,,,,0.136986301369863,752,12,0.8333333333333333,True,spread > 10%,spread > 10%
2026-07-11T16:33:43+00:00,CDNS,2026-07-27,AMC,2026-07-31,384.1700134277344,385.0,0.0600250847497021,0.04976454444179007,0.07028562505761413,0.10255875946291543,0.1106281034815712,0.11869744750022698,39.4,42.5,45.599999999999994,0.8430311917572136,6.320605627050131,0.0,screened out,,,,,,0.14588235294117638,16,12,0.8333333333333333,True,spread > 10%,spread > 10%
2026-07-11T16:33:43+00:00,CFG,2026-07-16,BMO,2026-07-17,70.33999633789062,70.0,0.03381062754967394,0.027138838415343498,0.04048241668400438,0.03909582233683789,0.049758319337793684,0.060420816338749475,2.75,3.5,4.25,0.47167689403841123,3.0634304208574794,0.0,screened out,,,,,,0.42857142857142855,2517,12,0.8333333333333333,True,spread > 10%,spread > 10%
2026-07-11T16:33:43+00:00,CHTR,2026-07-24,BMO,2026-07-24,130.72999572753906,131.0,0.10212438612971049,0.08292059500143559,0.12132817725798539,0.12315459746173953,0.14113057907882573,0.15910656069591192,16.1,18.450000000000003,20.8,0.3819478816702271,2.6031493755408692,0.0,screened out,,,,,,0.2547425474254742,14,12,0.8333333333333333,True,spread > 10%,spread > 10%
2026-07-11T16:33:43+00:00,CME,2026-07-22,BMO,2026-07-24,240.27000427246094,240.0,0.017795813940180705,0.012983751026812582,0.022607876853548828,0.049943812322041925,0.05431389590022059,0.058683979478399255,12.0,13.05,14.1,2.0520602251064597,9.725885692385752,0.0,screened out,,,,,,0.16091954022988503,88,12,0.8333333333333333,True,spread > 10%,spread > 10%
2026-07-11T16:33:43+00:00,CMCSA,2026-07-23,BMO,2026-07-24,23.56999969482422,23.5,0.054219521670572535,0.046131411812753466,0.062307631528391604,0.0700042435877641,0.0770046679465405,0.08400509230531691,1.65,1.815,1.98,0.4202387917474847,3.610416275324259,0.0,screened out,,,,,,0.18181818181818185,167,12,0.8333333333333333,True,spread > 10%,spread > 10%
2026-07-11T16:33:43+00:00,CINF,2026-07-27,AMC,2026-08-21,179.27999877929688,185.0,0.03516787234170431,0.02935833503420297,0.04097740964920564,0.05856760414710875,0.07111780503577492,0.08366800592444108,10.5,12.75,15.0,1.022237920587504,7.930654594683538,0.0,screened out,,,,,,0.35294117647058826,22,12,0.8333333333333333,True,spread > 10%,spread > 10%
2026-07-11T16:33:43+00:00,COF,2026-07-21,AMC,2026-07-24,201.52000427246094,202.5,0.03192787806284867,0.024054053173186908,0.03980170295251043,0.05954743819762751,0.06525406769156682,0.07096069718550613,12.0,13.15,14.3,1.0437959441938784,5.424408750090951,0.0,screened out,,,,,,0.17490494296577952,28,12,0.8333333333333333,True,spread > 10%,spread > 10%
2026-07-11T16:33:43+00:00,CSX,2026-07-22,AMC,2026-07-24,49.40999984741211,49.0,0.03376054855844403,0.027540207977136945,0.03998088913975111,0.04654928166571254,0.051608986194594336,0.056668690723476134,2.3,2.55,2.8,0.5286773585817859,3.6773802616582114,0.0,screened out,,,,,,0.19607843137254904,47,12,0.8333333333333333,True,spread > 10%,spread > 10%
2026-07-11T16:33:43+00:00,CTAS,2026-07-15,BMO,2026-07-17,179.63999938964844,180.0,0.03871275310813893,0.030085560987307514,0.04733994522897035,0.041193498247286325,0.04982186612340711,0.058450233999527895,7.3999999999999995,8.95,10.5,0.2869626188619639,1.6502981550613263,0.0,screened out,,,,,,0.34636871508379896,282,12,0.8333333333333333,True,spread > 10%,spread > 10%
2026-07-11T16:33:43+00:00,DECK,2026-07-23,AMC,2026-07-24,105.98999786376953,106.0,0.11193444808932711,0.09505156105967612,0.12881733511897808,0.06604396774304308,0.08538541543921999,0.10472686313539688,7.0,9.05,11.1,-0.23718375444992754,-2.015368590965492,0.0,screened out,,,,,,0.45303867403314907,415,12,0.8333333333333333,True,spread > 10%,spread > 10%
2026-07-11T16:33:43+00:00,DHR,2026-07-21,BMO,2026-07-24,199.0500030517578,195.0,0.04414486050654961,0.03798971880446244,0.05030000220863678,0.0638030635784401,0.06882692685233302,0.07385079012622595,12.7,13.7,14.7,0.559115286866099,5.139205197831536,0.0,screened out,,,,,,0.14598540145985403,708,12,0.8333333333333333,True,spread > 10%,spread > 10%
2026-07-11T16:33:43+00:00,DGX,2026-07-23,BMO,2026-08-21,207.44000244140625,210.0,0.05514479844622707,0.04910790347014908,0.06118169342230506,0.06652525953328585,0.07785383633786712,0.08918241314244842,13.8,16.15,18.5,0.4118074330035704,4.8210053474930445,0.0,screened out,,,,,,0.29102167182662536,1105,12,0.8333333333333333,True,spread > 10%,spread > 10%
2026-07-11T16:33:43+00:00,DLR,2026-07-23,AMC,2026-07-24,180.41000366210938,180.0,0.03195375044427669,0.025116002524783482,0.0387914983637699,0.052103540874625216,0.056815031272862596,0.06152652167109999,9.4,10.25,11.100000000000001,0.7780395253427559,4.659753165085563,0.0,screened out,,,,,,0.16585365853658546,67,12,0.8333333333333333,True,spread > 10%,spread > 10%
2026-07-11T16:33:43+00:00,DHI,2026-07-21,BMO,2026-07-24,151.5800018310547,150.0,0.061548093821640046,0.04831635621214508,0.07477983143113501,0.06201345749076373,0.06828077500312817,0.07454809251549259,9.399999999999999,10.35,11.3,0.10938894713780621,0.6521142163523084,0.0,screened out,,,,,,0.18357487922705334,46,12,0.8124999999999999,True,spread > 10%,spread > 10%
2026-07-11T16:33:43+00:00,DOV,2026-07-23,BMO,2026-08-21,215.3300018310547,220.0,0.04695269563474504,0.04103488199200514,0.052870509277484934,0.0761621690453857,0.08637904538074233,0.09659592171609895,16.4,18.6,20.8,0.8397036466809747,8.538425318015882,0.0,screened out,,,,,,0.23655913978494633,13,12,0.8333333333333333,True,spread > 10%,spread > 10%
2026-07-11T16:33:43+00:00,DOW,2026-07-23,BMO,2026-07-24,29.030000686645508,29.0,0.04590928980499284,0.03342140669201307,0.05839717291797261,0.06786083201528298,0.07785049764189822,0.08784016326851347,1.9700000000000002,2.26,2.55,0.695746067355449,3.278045733886607,0.0,screened out,,,,,,0.25663716814159276,573,12,0.8333333333333333,True,spread > 10%,spread > 10%
2026-07-11T16:33:43+00:00,DPZ,2026-07-20,BMO,2026-08-21,299.4599914550781,300.0,0.04966149842982127,0.03832732676268247,0.06099567009696007,0.09283377009703236,0.10719295036383954,0.1215521306306467,27.8,32.1,36.4,1.1584719300268067,6.505310750887084,0.0,screened out,,,,,,0.2679127725856697,229,12,0.8333333333333333,True,spread > 10%,spread > 10%
2026-07-11T16:33:43+00:00,ELV,2026-07-15,BMO,2026-07-17,416.2300109863281,420.0,0.04444086202334573,0.03579322330963147,0.05308850073705999,0.058621433716852925,0.0666698682640438,0.07471830281123468,24.4,27.75,31.1,0.5001929582063618,3.2943899879742333,0.0,screened out,,,,,,0.24144144144144156,785,12,0.8333333333333333,True,spread > 10%,spread > 10%
2026-07-11T16:33:43+00:00,EFX,2026-07-21,BMO,2026-08-21,166.44000244140625,165.0,0.05524773641690625,0.04538445958815695,0.06511101324565556,0.10814707844249608,0.12707281716993288,0.1459985558973697,18.0,21.15,24.3,1.3000547246139766,9.332702010833785,0.0,screened out,,,,,,0.29787234042553196,51,12,0.8333333333333333,True,spread > 10%,spread > 10%
2026-07-11T16:33:43+00:00,EQR,2026-07-22,AMC,2026-08-21,68.69000244140625,67.5,0.025557250763217836,0.02116380031796923,0.029950701208466442,0.050225649692513974,0.07206288868925918,0.09390012768600439,3.4499999999999997,4.95,6.45,1.8196651258347616,13.566017486431898,0.0,screened out,,,,,,0.6060606060606061,458,12,0.8333333333333333,True,spread > 10%,spread > 10%
2026-07-11T16:33:43+00:00,EQT,2026-07-21,AMC,2026-07-24,48.849998474121094,49.0,0.028593666815057338,0.024465569103342497,0.03272176452677218,0.0540429904291312,0.059774822747372384,0.06550665506561358,2.64,2.92,3.2,1.0904916859384801,9.68043206183086,0.0,screened out,,,,,,0.19178082191780824,57,12,0.8333333333333333,True,spread > 10%,spread > 10%
2026-07-11T16:33:43+00:00,EW,2026-07-23,AMC,2026-08-21,92.20999908447266,92.5,0.05794184690271284,0.04069953446185868,0.07518415934356701,0.08025160040638254,0.08838520855567808,0.0965188167049736,7.4,8.15,8.9,0.5254123449685875,2.262817845824132,0.0,screened out,,,,,,0.18404907975460122,949,12,0.8333333333333333,True,spread > 10%,spread > 10%
2026-07-11T16:33:43+00:00,FAST,2026-07-14,BMO,2026-07-17,46.4900016784668,47.5,0.05094842906032917,0.04397843444719362,0.05791842367346472,0.05269950336729692,0.05861475374525881,0.06453000412322071,2.45,2.725,3.0,0.1504722486310967,1.4096369167473206,0.0,screened out,,,,,,0.20183486238532103,4956,12,0.8333333333333333,True,spread > 10%,spread > 10%
2026-07-11T16:33:43+00:00,FCX,2026-07-23,BMO,2026-07-24,61.52000045776367,62.0,0.04103435998017363,0.03312911779474882,0.048939602165598436,0.08810142977357552,0.09281534391275206,0.09752925805192862,5.42,5.71,6.0,1.2618933000928294,8.394747112282984,0.0,screened out,,,,,,0.10157618213660247,398,12,0.8333333333333333,True,spread > 10%,spread > 10%
2026-07-11T16:33:43+00:00,FFIV,2026-07-27,AMC,2026-08-21,430.3900146484375,430.0,0.0684897924807444,0.057390134261245854,0.07958945070024294,0.12802341626119795,0.13522618559712743,0.14242895493305688,55.1,58.2,61.3,0.9743991140744904,7.705585138442265,0.0,screened out,,,,,,0.10652920962199305,132,12,0.8333333333333333,True,spread > 10%,spread > 10%
2026-07-11T16:33:43+00:00,FITB,2026-07-17,BMO,2026-07-17,57.06999969482422,55.0,0.022278367676458362,0.017525709507679427,0.027031025845237297,0.05169090618144055,0.05650954997801552,0.06132819377459049,2.9499999999999997,3.2249999999999996,3.5,1.536521113157199,9.230767641962986,0.0,screened out,,,,,,0.17054263565891484,3905,12,0.8333333333333333,True,spread > 10%,spread > 10%
2026-07-11T16:33:43+00:00,FISV,2026-07-22,BMO,2026-07-24,50.45000076293945,50.0,0.09132752693638978,0.06483722133715764,0.11781783253562192,0.06838453811351314,0.07433101968860124,0.08027750126368934,3.45,3.75,4.05,-0.18610497642870275,-0.8222903887298753,0.0,screened out,,,,,,0.1599999999999999,568,12,0.8333333333333333,True,spread > 10%,spread > 10%
2026-07-11T16:33:43+00:00,FIX,2026-07-23,AMC,2026-08-21,1756.0899658203125,1760.0,0.0766129798439211,0.061014577162643,0.0922113825251992,0.19907863879667084,0.2076203424063678,0.21616204601606478,349.6,364.6,379.6,1.7099891275517536,10.763860844646077,0.0,screened out,,,,,,0.0822819528250137,6,12,0.8333333333333333,True,OI < 500,OI < 500; wide market
2026-07-11T16:33:43+00:00,GEV,2026-07-22,BMO,2026-07-24,1091.5699462890625,1090.0,0.055423745188798085,0.042528082725489545,0.06831940765210662,0.10278773282595297,0.11002501526200492,0.11726229769805688,112.19999999999999,120.1,128.0,0.9851602393019538,5.426397280862798,0.0,screened out,,,,,,0.13155703580349717,33,9,0.8,True,spread > 10%,spread > 10%
2026-07-11T16:33:43+00:00,GM,2026-07-21,BMO,2026-07-24,77.8499984741211,78.0,0.06135717007960345,0.05105518823285849,0.07165915192634842,0.06974951967153913,0.07437379721882349,0.07899807476610785,5.43,5.79,6.15,0.21214516775028172,1.6193106908740398,0.0,screened out,,,,,,0.12435233160621773,218,12,0.8333333333333333,True,spread > 10%,spread > 10%
2026-07-11T16:33:43+00:00,GL,2026-07-22,AMC,2026-08-21,179.1300048828125,180.0,0.03347636844353754,0.023690733329699724,0.043262003557375354,0.0686652133351233,0.07508513165507386,0.0815050499750244,12.3,13.45,14.6,1.2429294199493344,5.449394986790098,0.0,screened out,,,,,,0.1710037174721189,75,12,0.8333333333333333,True,spread > 10%,spread > 10%
2026-07-11T16:33:43+00:00,GPC,2026-07-21,BMO,2026-08-21,125.62000274658203,125.0,0.06981961487632078,0.05304897777012858,0.08659025198251298,0.08119725980723662,0.09154593017482561,0.1018946005424146,10.2,11.5,12.8,0.3111778163914404,1.660309355586904,0.0,screened out,,,,,,0.22608695652173924,754,12,0.8124999999999999,True,spread > 10%,spread > 10%
2026-07-11T16:33:43+00:00,HAL,2026-07-21,BMO,2026-07-24,34.38999938964844,34.0,0.040445354763898475,0.03379310677066894,0.04709760275712801,0.057574877439398556,0.06542599709022563,0.07327711674105271,1.98,2.25,2.52,0.617639342568578,4.812687566369298,0.0,screened out,,,,,,0.24000000000000002,786,12,0.8333333333333333,True,spread > 10%,spread > 10%
2026-07-11T16:33:43+00:00,HIG,2026-07-23,AMC,2026-08-21,138.77999877929688,140.0,0.03567870507609164,0.02938275349820734,0.041974656653975935,0.044675025612731976,0.06016717159134064,0.07565931756994931,6.2,8.35,10.5,0.6863608548298679,4.984857062145577,0.0,screened out,,,,,,0.5149700598802395,166,12,0.8333333333333333,True,spread > 10%,spread > 10%
2026-07-11T16:33:43+00:00,HAS,2026-07-21,BMO,2026-08-21,78.95999908447266,82.5,0.06534829702473227,0.051421877236667475,0.07927471681279707,0.0740881467556956,0.11493161227486111,0.15577507779402663,5.85,9.075,12.3,0.7587545124758662,4.5629801335606155,0.0,screened out,,,,,,0.7107438016528927,57,12,0.8333333333333333,True,spread > 10%,spread > 10%
2026-07-11T16:33:43+00:00,HBAN,2026-07-23,BMO,2026-08-21,17.8700008392334,18.0,0.029683011430982256,0.023794737564867857,0.035571285297096654,0.06435366233868255,0.07834358893404832,0.0923335155294141,1.15,1.4,1.65,1.6393409953100506,10.591116776482803,0.0,screened out,,,,,,0.35714285714285715,2222,12,0.8333333333333333,True,spread > 10%,spread > 10%
2026-07-11T16:33:43+00:00,GS,2026-07-14,BMO,2026-07-17,1055.1800537109375,1055.0,0.02548561755617834,0.021450522155145573,0.02952071295721111,0.043025832264677315,0.046342801712394736,0.04965977116011215,45.4,48.900000000000006,52.400000000000006,0.8183903768563026,6.624519263600394,0.0,screened out,,,,,,0.14314928425357887,172,12,0.8333333333333333,True,spread > 10%,spread > 10%
2026-07-11T16:33:43+00:00,HON,2026-07-23,BMO,2026-07-24,226.4199981689453,225.0,0.04515989955136522,0.03935536592174946,0.050964433180980984,0.06050702283716839,0.07375673586720527,0.08700644889724214,13.7,16.7,19.7,0.633235162166687,6.3139793411459095,0.0,screened out,,,,,,0.3592814371257485,9,12,0.8333333333333333,True,spread > 10%,spread > 10%
2026-07-11T16:33:43+00:00,IBKR,2026-07-21,AMC,2026-07-24,94.08999633789062,94.0,0.04564817912880092,0.037645003824745685,0.05365135443285615,0.05207779988005739,0.06855138963803473,0.08502497939601206,4.9,6.45,8.0,0.5017332771283187,3.6676385901182145,0.0,screened out,,,,,,0.4806201550387596,128,12,0.8333333333333333,True,spread > 10%,spread > 10%
2026-07-11T16:33:43+00:00,IBM,2026-07-22,AMC,2026-07-24,287.55999755859375,290.0,0.06250531946716985,0.05237666770614019,0.0726339712281995,0.08937265342257253,0.09528446318204231,0.10119627294151208,25.700000000000003,27.400000000000002,29.1,0.5244216651366658,4.147615257799122,0.0,screened out,,,,,,0.12408759124087584,562,12,0.8333333333333333,True,spread > 10%,spread > 10%
2026-07-11T16:33:43+00:00,JBHT,2026-07-15,AMC,2026-07-17,279.9599914550781,280.0,0.06568539217186203,0.0522789206276946,0.07909186371602947,0.06286612565075773,0.06822403408690185,0.07358194252304598,17.6,19.1,20.6,0.03864850054328071,0.2426830555374947,0.0,screened out,,,,,,0.15706806282722513,345,12,0.8333333333333333,True,spread > 10%,spread > 10%
2026-07-11T16:33:43+00:00,JPM,2026-07-14,BMO,2026-07-17,336.4700012207031,337.5,0.025711603892413212,0.021234894084112832,0.030188313700713593,0.03566439788529247,0.03774482109526786,0.039825244305243264,12.0,12.7,13.4,0.4680072566925831,3.4448896237555147,0.0,screened out,,,,,,0.11023622047244098,633,12,0.8333333333333333,True,spread > 10%,spread > 10%
2026-07-11T16:33:43+00:00,JNJ,2026-07-15,BMO,2026-07-17,256.9800109863281,255.0,0.03026379068528662,0.02427317198496888,0.03625440938560436,0.034633043892559785,0.03910810012586808,0.04358315635917637,8.899999999999999,10.049999999999999,11.2,0.2922406360972258,1.892102893887738,0.0,screened out,,,,,,0.22885572139303492,1157,12,0.8333333333333333,True,spread > 10%,spread > 10%
2026-07-11T16:33:43+00:00,KEY,2026-07-21,BMO,2026-08-21,23.299999237060547,23.0,0.02982975432774618,0.024008118914495225,0.03565138974099714,0.07081545296257094,0.07618026000518995,0.08154506704780896,1.65,1.775,1.9,1.5538346433624761,10.2038007981403,0.0,screened out,,,,,,0.14084507042253522,2173,12,0.8333333333333333,True,spread > 10%,spread > 10%
2026-07-11T16:33:43+00:00,KMI,2026-07-15,AMC,2026-07-17,32.119998931884766,32.0,0.02362406030102978,0.019549449010671505,0.027698671591388054,0.020236613375312424,0.02506226733404077,0.029887921292769116,0.65,0.8049999999999999,0.96,0.06087890966601953,0.4523636740192743,0.0,screened out,,,,,,0.3850931677018633,4433,12,0.8333333333333333,True,spread > 10%,spread > 10%
2026-07-11T16:33:43+00:00,LMT,2026-07-23,BMO,2026-07-24,523.219970703125,525.0,0.046125432654903646,0.0377342476273782,0.054516617682429096,0.05599939153818121,0.06507779119027543,0.07415619084236966,29.299999999999997,34.05,38.8,0.41088738781417017,2.8946260414061418,0.0,screened out,,,,,,0.2790014684287812,76,12,0.8333333333333333,True,spread > 10%,spread > 10%
2026-07-11T16:33:43+00:00,LUV,2026-07-22,AMC,2026-07-24,48.43000030517578,48.5,0.0668155372673348,0.05494438956791181,0.07868668496675779,0.07454057355465667,0.09436299754703074,0.11418542153940481,3.6100000000000003,4.57,5.53,0.41229123354162595,2.974002681827836,0.0,screened out,,,,,,0.4201312910284464,134,12,0.8333333333333333,True,spread > 10%,spread > 10%
2026-07-11T16:33:43+00:00,LVS,2026-07-22,AMC,2026-07-24,46.689998626708984,46.5,0.07575386905486652,0.06357359149793955,0.08793414661179348,0.05889912360003507,0.07217819873895207,0.08545727387786907,2.75,3.37,3.99,-0.0472011576507688,-0.37622944595953245,0.0,screened out,,,,,,0.3679525222551929,53,12,0.8333333333333333,True,spread > 10%,spread > 10%
2026-07-11T16:33:43+00:00,MCO,2026-07-22,BMO,2026-08-21,487.2799987792969,490.0,0.031728585736428686,0.025166839215950247,0.038290332256907124,0.06608110343265763,0.08352487297233434,0.10096864251201104,32.2,40.7,49.2,1.6324801762732382,10.116532468050373,0.0,screened out,,,,,,0.41769041769041765,391,12,0.8333333333333333,True,spread > 10%,spread > 10%
2026-07-11T16:33:43+00:00,MMM,2026-07-21,BMO,2026-07-24,157.52000427246094,157.5,0.05801671932435055,0.0448796539682664,0.07115378468043469,0.05999238029256537,0.06316658030804502,0.06634078032352468,9.45,9.95,10.45,0.08876511880831209,0.5024000153615862,0.0,screened out,,,,,,0.10050251256281408,31,12,0.8333333333333333,True,spread > 10%,spread > 10%
2026-07-11T16:33:43+00:00,MRSH,2026-07-21,BMO,2026-08-21,178.30999755859375,180.0,0.03356633352798609,0.026382623901268196,0.040750043154703985,0.06225113651494764,0.07178509435957926,0.08131905220421089,11.1,12.8,14.5,1.1386039765030667,6.818366335353732,0.0,screened out,,,,,,0.265625,625,12,0.8333333333333333,True,spread > 10%,spread > 10%
2026-07-11T16:33:43+00:00,MSCI,2026-07-21,BMO,2026-08-21,604.7100219726562,600.0,0.05702857024807425,0.047605179441834296,0.06645196105431421,0.08086520517798058,0.08946436810079242,0.09806353102360427,48.9,54.099999999999994,59.3,0.5687640021768469,4.411333391852652,0.0,screened out,,,,,,0.1922365988909427,50,12,0.8333333333333333,True,spread > 10%,spread > 10%
2026-07-11T16:33:43+00:00,MTB,2026-07-15,BMO,2026-07-17,242.33999633789062,240.0,0.028684092497580742,0.023429427478696516,0.03393875751646497,0.03094825498611824,0.04126433998149099,0.051580424976863735,7.5,10.0,12.5,0.4385792398686235,3.068291721249035,0.0,screened out,,,,,,0.5,206,12,0.8333333333333333,True,spread > 10%,spread > 10%
2026-07-11T16:33:43+00:00,MS,2026-07-15,BMO,2026-07-17,222.27999877929688,222.5,0.03645257344233385,0.03155269875940624,0.04135244812526146,0.048137484518452296,0.05004948740820391,0.05196149029795553,10.7,11.125,11.55,0.37300285499402935,3.556377676224035,0.0,screened out,,,,,,0.0764044943820226,390,12,0.8333333333333333,True,OI < 500,OI < 500
2026-07-11T16:33:43+00:00,NEM,2026-07-23,AMC,2026-07-24,95.29000091552734,95.0,0.05923564627536908,0.050601787039259716,0.06786950551147844,0.07870710387177557,0.08316717309117619,0.0876272423105768,7.5,7.925,8.35,0.4040054987254885,3.5523679421207905,0.0,screened out,,,,,,0.10725552050473182,336,12,0.8333333333333333,True,spread > 10%,spread > 10%
2026-07-11T16:33:43+00:00,NDAQ,2026-07-23,BMO,2026-07-24,88.08000183105469,89.0,0.026949858719194607,0.020647691707812315,0.033252025730576895,0.05108991719404595,0.05733424040665157,0.06357856361925718,4.5,5.05,5.6,1.1274412234976272,6.178925994870418,0.0,screened out,,,,,,0.21782178217821777,8,12,0.8333333333333333,True,spread > 10%,spread > 10%
2026-07-11T16:33:43+00:00,NOC,2026-07-21,BMO,2026-08-21,539.6300048828125,540.0,0.04638875706571113,0.03676994226286969,0.05600757186855256,0.08413171912088022,0.09172951754369098,0.09932731596650175,45.4,49.5,53.6,0.9774083925929131,6.041151619991003,0.0,screened out,,,,,,0.16565656565656572,167,12,0.8333333333333333,True,spread > 10%,spread > 10%
2026-07-11T16:33:43+00:00,NTRS,2026-07-22,BMO,2026-08-21,183.5500030517578,180.0,0.04728655832857862,0.03833606490111571,0.05623705175604153,0.07790792570004838,0.09289021910390381,0.10787251250775927,14.3,17.049999999999997,19.799999999999997,0.9644106567968104,6.529880405288859,0.0,screened out,,,,,,0.32258064516129015,71,12,0.8333333333333333,True,spread > 10%,spread > 10%
2026-07-11T16:33:43+00:00,NUE,2026-07-27,AMC,2026-08-21,227.3699951171875,230.0,0.04203441252647734,0.03629991073501779,0.047768914317936895,0.10467520126274081,0.10841360130783871,0.1121520013529366,23.799999999999997,24.65,25.5,1.579162995070987,14.835040852004024,0.0,screened out,,,,,,0.06896551724137943,247,12,0.8333333333333333,True,OI < 500,OI < 500
2026-07-11T16:33:43+00:00,NSC,2026-07-23,BMO,2026-08-21,327.4700012207031,320.0,0.032342721358432955,0.02463610497803862,0.04004933773882729,0.06168503962103667,0.07344184172702632,0.085198643833016,20.2,24.049999999999997,27.9,1.2707378551458006,6.834728766101382,0.0,screened out,,,,,,0.3201663201663202,281,12,0.8333333333333333,True,spread > 10%,spread > 10%
2026-07-11T16:33:43+00:00,PCG,2026-07-23,BMO,2026-07-24,17.170000076293945,17.0,0.013363853579476842,0.011002429070433145,0.015725278088520537,0.05241700617361094,0.05824111797067882,0.0640652297677467,0.9,1.0,1.1,3.3581080580021436,24.355935082191607,0.0,screened out,,,,,,0.20000000000000007,2103,12,0.8333333333333333,True,spread > 10%,spread > 10%
2026-07-11T16:33:43+00:00,OTIS,2026-07-22,BMO,2026-08-21,73.08999633789062,72.5,0.04662285094830172,0.03812482623427564,0.0551208756623278,0.05746340416523835,0.07524969593066927,0.09303598769610019,4.2,5.5,6.800000000000001,0.6140088904925773,4.317257923344003,0.0,screened out,,,,,,0.47272727272727283,82,12,0.8333333333333333,True,spread > 10%,spread > 10%
2026-07-11T16:33:43+00:00,PFG,2026-07-27,AMC,2026-08-21,112.2300033569336,110.0,0.03115317390452573,0.02530190417013168,0.03700444363891978,0.045442393722292626,0.07529180920654367,0.10514122469079472,5.1,8.45,11.8,1.4168262738585928,9.667658058994661,0.0,screened out,,,,,,0.7928994082840238,13,12,0.8333333333333333,True,spread > 10%,spread > 10%
2026-07-11T16:33:43+00:00,PGR,2026-07-15,BMO,2026-07-17,230.72000122070312,230.0,0.02507602053102237,0.01963730653890531,0.03051473452313943,0.03640776679766351,0.039225034466530334,0.04204230213539715,8.4,9.05,9.7,0.5642447898781928,3.334129407435241,0.0,screened out,,,,,,0.1436464088397789,943,12,0.8124999999999999,True,spread > 10%,spread > 10%
2026-07-11T16:33:43+00:00,PLD,2026-07-16,BMO,2026-07-17,140.8699951171875,140.0,0.03187962782713503,0.026684722377719905,0.03707453327655015,0.029814723827498443,0.03567118743647135,0.041527651045444265,4.199999999999999,5.0249999999999995,5.85,0.1189336221205524,0.935390035996232,0.0,screened out,,,,,,0.328358208955224,1282,12,0.8333333333333333,True,spread > 10%,spread > 10%
2026-07-11T16:33:43+00:00,PM,2026-07-22,BMO,2026-07-24,181.6199951171875,180.0,0.042910713294821795,0.033924744516646184,0.051896682072997406,0.060566018586788416,0.06442021976958404,0.06827442095237966,11.0,11.7,12.399999999999999,0.5012619186024548,3.0677363986626305,0.0,screened out,,,,,,0.11965811965811954,283,12,0.8333333333333333,True,spread > 10%,spread > 10%
2026-07-11T16:33:43+00:00,PHM,2026-07-22,BMO,2026-07-24,124.75,125.0,0.052828175818971465,0.04190886641017942,0.06374748522776351,0.05851703406813628,0.07094188376753506,0.08336673346693385,7.300000000000001,8.85,10.399999999999999,0.34287967865168395,2.126006987968228,0.0,screened out,,,,,,0.350282485875706,3440,12,0.8333333333333333,True,spread > 10%,spread > 10%
2026-07-11T16:33:43+00:00,PKG,2026-07-22,AMC,2026-08-21,228.77000427246094,240.0,0.03717750641086318,0.028908044271999413,0.04544696854972695,0.08960964994162815,0.09966341554483521,0.10971718114804227,20.5,22.8,25.1,1.6807450301646316,9.684056810628544,0.0,screened out,,,,,,0.20175438596491233,5,12,0.8333333333333333,True,spread > 10%,spread > 10%
2026-07-11T16:33:43+00:00,PNC,2026-07-15,BMO,2026-07-17,251.91000366210938,252.5,0.023942226845861943,0.01891415837467738,0.028970295317046507,0.02977253737830857,0.035528561271448225,0.041284585164587884,7.5,8.95,10.4,0.4839288550801116,2.9532307057730045,0.0,screened out,,,,,,0.32402234636871513,569,12,0.8333333333333333,True,spread > 10%,spread > 10%
2026-07-13T14:51:37+00:00,NEE,2026-07-24,BMO,2026-07-24,88.37999725341797,88.0,0.03370793525272111,0.02805824171465497,0.039357628790787254,0.041525233243408684,0.04667345698339532,0.051821680723381953,3.67,4.125,4.58,0.3846430116074094,2.9411529206095377,0.0,screened out,,,,,,0.22060606060606064,176,12,0.8333333333333333,True,spread > 10%,spread > 10%
2026-07-20T20:07:28+00:00,LYB,2026-07-31,BMO,2026-08-21,60.744998931884766,60.0,0.026303637047464877,0.020373642311024683,0.03223363178390507,0.11358959784882344,0.11770516298827358,0.1218207281277237,6.9,7.15,7.4,3.4748626502059303,19.75384479279661,16.461537327330507,iron fly,"short 60 straddle @ bid, long 55P / 65C @ ask",credit,335.00000000000006,335.00000000000006,164.99999999999994,0.06993006993006992,553,12,0.8333333333333333,False,,
2026-07-20T20:07:28+00:00,CSGP,2026-07-28,AMC,2026-08-21,29.68000030517578,30.0,0.05251576143806646,0.04502483397405836,0.060006688902074556,0.15667115741872498,0.1617250657225548,0.1667789740263846,4.65,4.8,4.949999999999999,2.079552905526894,18.684287765898592,15.570239804915492,iron fly,"short 30 straddle @ bid, long 25P / 35C @ ask",credit,305.0,305.0,194.99999999999997,0.06249999999999978,578,12,0.8333333333333333,False,,
2026-07-20T20:07:28+00:00,KLAC,2026-07-28,AMC,2026-08-21,207.60000610351562,208.0,0.04920973572025898,0.036938437771982316,0.06148103366853565,0.21676299940743568,0.22278419383542,0.22880538826340432,45.0,46.25,47.5,3.527238168924016,18.127913319196267,15.106594432663554,no affordable structure,,,,,,0.05405405405405406,693,12,0.8333333333333333,False,,
2026-07-20T20:07:28+00:00,EXE,2026-07-28,AMC,2026-08-21,86.94999694824219,85.0,0.03332068030865837,0.028174950743218935,0.0384664098740978,0.07935595448160039,0.08251869179789607,0.08568142911419173,6.9,7.175000000000001,7.45,1.4765008107128479,12.253300668594804,10.211083890495669,iron fly,"short 85 straddle @ bid, long 80P / 90C @ ask",credit,340.00000000000006,340.00000000000006,159.99999999999997,0.07665505226480833,1721,12,0.8333333333333333,False,,
2026-07-20T20:07:28+00:00,BLDR,2026-07-30,BMO,2026-08-21,72.70999908447266,75.0,0.04490214088779236,0.03230722507587034,0.05749705669971438,0.15953789225775414,0.16435153555863463,0.16916517885951515,11.6,11.95,12.3,2.660216023314764,12.154614329795194,10.128845274829327,iron fly,"short 75 straddle @ bid, long 70P / 80C @ ask",credit,380.00000000000006,380.00000000000006,119.99999999999993,0.058577405857740676,915,12,0.8333333333333333,False,,squeeze risk (8% of float short — no short premium)
2026-07-20T20:07:28+00:00,OKE,2026-08-03,AMC,2026-08-21,93.58000183105469,95.0,0.02539367005362333,0.019976521527621773,0.03081081857962489,0.07480230672187312,0.07667236438991994,0.07854242205796676,7.0,7.175,7.35,2.019349476779542,12.131617648280598,10.109681373567163,iron fly,"short 95 straddle @ bid, long 90P / 100C @ ask",credit,360.00000000000006,360.00000000000006,139.99999999999994,0.048780487804878,3172,12,0.8333333333333333,False,,
2026-07-20T20:07:28+00:00,APH,2026-07-29,BMO,2026-08-21,150.5399932861328,150.0,0.05906207810908112,0.04923178131732737,0.06889237490083487,0.14149064002889175,0.14481201655539155,0.14813339308189136,21.3,21.799999999999997,22.299999999999997,1.4518611805012986,11.179430635805403,9.316192196504502,iron fly,"short 150 straddle @ bid, long 140P / 160C @ ask",credit,770.0,770.0,229.99999999999997,0.045871559633027366,3020,12,0.8333333333333333,False,,
2026-07-20T20:07:28+00:00,COIN,2026-07-30,AMC,2026-07-31,160.42999267578125,160.0,0.06840512990292155,0.054780199158841344,0.08203006064700176,0.12778159281867693,0.13214486671980247,0.136508140620928,20.5,21.2,21.9,0.9317976138242612,5.995542160095526,4.996285133412938,iron fly,"short 160 straddle @ bid, long 155P / 165C @ ask",credit,380.0,380.0,120.00000000000001,0.06603773584905653,1129,12,0.8333333333333333,False,,squeeze risk (11% of float short — no short premium)
2026-07-20T20:07:28+00:00,BA,2026-07-28,BMO,2026-07-31,209.57000732421875,210.0,0.04016075692897436,0.033840129544968324,0.0464813843129804,0.06608770108297571,0.06811566302956522,0.07014362497615473,13.85,14.274999999999999,14.7,0.6960751798087382,5.668267638933329,4.723556365777774,iron fly,"short 210 straddle @ bid, long 202.5P / 217.5C @ ask",credit,525.0000000000001,525.0000000000001,224.99999999999991,0.05954465849387038,503,12,0.8333333333333333,False,,
2026-07-20T20:07:28+00:00,HOOD,2026-07-29,AMC,2026-07-31,99.27999877929688,99.0,0.0756797862372631,0.06337401443186613,0.08798555804266006,0.12489927631411098,0.1294319113416392,0.1339645463691674,12.4,12.850000000000001,13.3,0.7102573590239571,5.598082316426163,4.665068597021802,iron fly,"short 99 straddle @ bid, long 91P / 107C @ ask",credit,574.0000000000002,574.0000000000002,225.9999999999998,0.07003891050583659,522,12,0.8333333333333333,False,,
2026-07-20T20:07:28+00:00,SWKS,2026-07-28,AMC,2026-08-21,59.79999923706055,60.0,0.06349774740093424,0.04544809311398769,0.08154740168788079,0.16722408240103429,0.1747491661090808,0.18227424981712737,10.0,10.45,10.9,1.752052998127454,7.89931020005596,4.5669855622333,iron fly,"short 60 straddle @ bid, long 52.5P / 67.5C @ ask",credit,505.0,505.0,245.00000000000003,0.08612440191387563,1159,12,0.8333333333333333,False,,wide market; squeeze risk (19% of float short — no short premium)
2026-07-20T20:07:28+00:00,CMG,2026-07-29,AMC,2026-07-31,33.119998931884766,33.0,0.06808271282089551,0.05439837400494541,0.08176705163684561,0.09842995486517313,0.10129831244559996,0.1041666700260268,3.26,3.355,3.45,0.4878712708185467,3.1107905943839835,2.592325495319986,iron fly,"short 33 straddle @ bid, long 29P / 36.5C @ ask",credit,229.99999999999997,229.99999999999997,170.00000000000003,0.05663189269746659,1784,12,0.8333333333333333,False,,
2026-07-20T20:07:28+00:00,META,2026-07-29,AMC,2026-07-31,645.8499755859375,645.0,0.07292444535782393,0.06061072013073035,0.0852381705849175,0.09878455122974716,0.1004103157876035,0.10203608034545986,63.8,64.85,65.9,0.37690887184554583,2.860701444376789,2.3839178703139905,iron fly,"short 645 straddle @ bid, long 627.5P / 662.5C @ ask",credit,1529.9999999999993,1529.9999999999993,220.00000000000063,0.032382420971472765,1929,12,0.8333333333333333,False,,
2026-07-20T20:07:28+00:00,AAPL,2026-07-30,AMC,2026-07-31,326.5899963378906,327.5,0.03516145876256997,0.027238247976836,0.04308466954830394,0.051746839123985984,0.05258887348842954,0.053430907852873105,16.9,17.174999999999997,17.45,0.4956396958254581,2.8189297642915876,2.3491081369096563,iron fly,"short 327.5 straddle @ bid, long 317.5P / 337.5C @ ask",credit,754.9999999999998,754.9999999999998,245.0000000000002,0.03202328966521111,897,12,0.8333333333333333,False,,
2026-07-20T20:07:28+00:00,AMZN,2026-07-30,AMC,2026-07-31,249.99000549316406,250.0,0.058091155075672495,0.048771566116672556,0.06741074403467243,0.07620304644747454,0.07730309042506277,0.078403134402651,19.049999999999997,19.325,19.6,0.33072049134440223,2.6419637660093445,2.146595559882592,iron fly,"short 250 straddle @ bid, long 240P / 260C @ ask",credit,779.9999999999998,779.9999999999998,220.00000000000028,0.02846054333764576,6943,12,0.8124999999999999,False,,
2026-07-20T20:07:28+00:00,T,2026-07-22,BMO,2026-07-24,21.985000610351562,22.0,0.03825255981737784,0.030970707400680343,0.04553441223407533,0.04866954606752179,0.049351829423608544,0.0500341127796953,1.07,1.085,1.1,0.2901575648589247,1.9534622666517312,1.627885222209776,iron fly,"short 22 straddle @ bid, long 18.5P / 25.5C @ ask",credit,104.0,104.0,246.0,0.027649769585253482,8299,12,0.8333333333333333,False,,
2026-07-20T20:07:28+00:00,F,2026-07-28,AMC,2026-07-31,14.0,14.0,0.05609943770697538,0.043087703855593705,0.06911117155835705,0.07357142857142858,0.07571428571428572,0.07785714285714286,1.03,1.06,1.09,0.34964428894572386,1.9319784352566944,1.6099820293805787,iron fly,"short 14 straddle @ bid, long 11.5P / 16.5C @ ask",credit,93.0,93.0,157.0,0.05660377358490571,10371,12,0.8333333333333333,False,,
2026-07-20T20:07:28+00:00,PLTR,2026-08-03,AMC,2026-08-07,134.85000610351562,135.0,0.10654112726687046,0.08555390728781409,0.12752834724592682,0.132369293230122,0.13440859606700062,0.13644789890387923,17.85,18.125,18.4,0.2615653646157328,1.7017474467741605,1.4181228723118002,iron fly,"short 135 straddle @ bid, long 127P / 143C @ ask",credit,580.0000000000002,580.0000000000002,219.99999999999974,0.03034482758620674,1479,12,0.8333333333333333,False,,
2026-07-20T20:07:28+00:00,BMY,2026-07-30,BMO,2026-07-31,60.16999816894531,60.0,0.050326133211126875,0.043346140133503804,0.057306126288749946,0.05567558753440328,0.05742064326309353,0.05916569899178379,3.3499999999999996,3.455,3.56,0.14097069652071134,1.3026265186063366,1.0855220988386138,no trade,,,,,,0.060781476121563066,2233,12,0.8333333333333333,False,,
2026-07-20T20:07:28+00:00,SCHW,2026-07-21,BMO,2026-07-24,102.6500015258789,103.0,0.03718204864204852,0.026562596061202717,0.047801501222894324,0.04354602955240167,0.045007305711878234,0.0464685818713548,4.47,4.619999999999999,4.77,0.21045793213718378,0.9443847867245713,0.786987322270476,no trade,,,,,,0.0649350649350649,1743,12,0.8333333333333333,False,,
2026-07-20T20:07:28+00:00,TSLA,2026-07-22,AMC,2026-07-24,369.57000732421875,370.0,0.0714136204194743,0.05717007697706142,0.08565716386188718,0.06710501260521202,0.06744324351552056,0.06778147442582909,24.8,24.925,25.05,-0.05559691387486401,-0.35724502548679893,-0.2977041879056658,no trade,,,,,,0.010030090270812437,7102,12,0.8333333333333333,False,,
2026-07-20T20:07:28+00:00,ACGL,2026-07-28,AMC,2026-08-21,101.83000183105469,100.0,0.03198902409026265,0.026596257102412372,0.03738179107811293,0.059412745666424564,0.06579593321736274,0.07217912076830092,6.05,6.699999999999999,7.35,1.0568283993818617,8.034267906420876,0.0,screened out,,,,,,0.19402985074626866,145,12,0.8333333333333333,True,spread > 10%,spread > 10%
2026-07-20T20:07:28+00:00,ABBV,2026-07-31,BMO,2026-07-31,253.4199981689453,252.5,0.04290778700367755,0.03757612649795906,0.04823944750939604,0.049719833048061456,0.05376450200633629,0.05780917096461113,12.600000000000001,13.625,14.649999999999999,0.2530243520069734,2.6096871570280924,0.0,screened out,,,,,,0.15045871559633006,53,12,0.8333333333333333,True,spread > 10%,spread > 10%
2026-07-20T20:07:28+00:00,ADP,2026-07-29,BMO,2026-07-31,255.24000549316406,257.5,0.03862237810250694,0.030871587778094893,0.046373168426918986,0.055633911982423574,0.06013947527677478,0.06464503857112598,14.2,15.35,16.5,0.5571147669146553,3.557870950487044,0.0,screened out,,,,,,0.14983713355048864,4,12,0.8333333333333333,True,spread > 10%,spread > 10%
2026-07-20T20:07:28+00:00,AES,2026-07-30,AMC,2026-07-31,14.805000305175781,15.0,0.032080821704434215,0.023678013582331445,0.040483629826536985,0.017561634220912836,0.02465383265628148,0.03174603109165013,0.26,0.365,0.47000000000000003,-0.23150869128536614,-1.1327676445538772,0.0,screened out,,,,,,0.5753424657534247,2772,12,0.8333333333333333,True,spread > 10%,spread > 10%
2026-07-20T20:07:28+00:00,AEE,2026-07-30,AMC,2026-08-21,110.41999816894531,110.0,0.01613559247182809,0.013878332924225882,0.0183928520194303,0.05162108399312649,0.05479079967691496,0.057960515360703437,5.699999999999999,6.05,6.4,2.395648456824679,21.947194157031756,0.0,screened out,,,,,,0.11570247933884316,12,12,0.8333333333333333,True,spread > 10%,spread > 10%
2026-07-20T20:07:28+00:00,AEP,2026-07-30,BMO,2026-08-21,131.0500030517578,130.0,0.027863460114791787,0.023575309961162305,0.03215161026842127,0.05341472595949021,0.05761159728487874,0.06180846861026726,7.0,7.550000000000001,8.100000000000001,1.0676397348904507,8.890829665774259,0.0,screened out,,,,,,0.14569536423841076,563,12,0.8333333333333333,True,spread > 10%,spread > 10%
2026-07-20T20:07:28+00:00,AJG,2026-07-30,AMC,2026-08-21,253.72500610351562,250.0,0.025753245613952112,0.02048055181072371,0.031025939417180515,0.08237264556995672,0.08828455793143687,0.09419647029291701,20.9,22.4,23.9,2.428094433410277,15.199086625705387,0.0,screened out,,,,,,0.13392857142857142,386,12,0.8333333333333333,True,spread > 10%,spread > 10%
2026-07-20T20:07:28+00:00,ALGN,2026-07-29,AMC,2026-07-31,175.0500030517578,175.0,0.07878789298243125,0.054449030006305806,0.10312675595855669,0.09882890430390243,0.10768351711725785,0.11653812993061326,17.3,18.85,20.4,0.3667520864058388,1.5215432178372483,0.0,screened out,,,,,,0.16445623342175053,204,12,0.8333333333333333,True,spread > 10%,spread > 10%
2026-07-20T20:07:28+00:00,AMT,2026-07-28,BMO,2026-08-21,167.10000610351562,165.0,0.031559757997539586,0.026122565911799546,0.03699695008327963,0.07360861490561742,0.07749850105916631,0.08138838721271519,12.3,12.950000000000001,13.600000000000001,1.4556113853980797,10.828216509435219,0.0,screened out,,,,,,0.10038610038610044,1255,12,0.8333333333333333,True,spread > 10%,spread > 10%
2026-07-20T20:07:28+00:00,AOS,2026-07-30,BMO,2026-08-21,58.90999984741211,60.0,0.041629010896018726,0.034702965154564044,0.04855505663747341,0.07808521493659579,0.08614836213113557,0.09421150932567536,4.6,5.074999999999999,5.55,1.0694309155295,8.237889652016975,0.0,screened out,,,,,,0.18719211822660103,1539,12,0.8333333333333333,True,spread > 10%,spread > 10%; squeeze risk (11% of float short — no short premium)
2026-07-20T20:07:28+00:00,APD,2026-07-30,BMO,2026-08-21,296.7099914550781,300.0,0.04462601666709269,0.03301146891306697,0.05624056442111841,0.06706885704256056,0.07195578381199336,0.07684271058142617,19.9,21.349999999999998,22.799999999999997,0.6124178043668793,3.0156860443200975,0.0,screened out,,,,,,0.13583138173302103,743,12,0.8333333333333333,True,spread > 10%,spread > 10%
2026-07-20T20:07:28+00:00,AON,2026-07-29,BMO,2026-08-21,362.7650146484375,360.0,0.03729628274135235,0.025189172826561475,0.04940339265614322,0.0755309880875747,0.08311165295037874,0.09069231781318278,27.4,30.15,32.9,1.2284165295172564,4.8497931276031085,0.0,screened out,,,,,,0.1824212271973466,151,0,0.35,True,spread > 10%,spread > 10%; thin history (n=0); low-conf moves
2026-07-20T20:07:28+00:00,ARES,2026-07-31,BMO,2026-07-31,121.27999877929688,120.0,0.04142286767737921,0.03366021080871466,0.04918552454604376,0.07998021188680816,0.08822559455555128,0.09647097722429439,9.7,10.7,11.7,1.1298765513458346,7.727041885516756,0.0,screened out,,,,,,0.1869158878504673,7,12,0.8333333333333333,True,spread > 10%,spread > 10%; squeeze risk (15% of float short — no short premium)
2026-07-20T20:07:28+00:00,ARE,2026-08-03,AMC,2026-08-21,50.064998626708984,50.0,0.050521364860271305,0.03821736275809248,0.06282536696245013,0.10086887323524053,0.10885848695684373,0.11684810067844695,5.05,5.449999999999999,5.85,1.1547020207770997,6.076466425971082,0.0,screened out,,,,,,0.14678899082568805,484,12,0.8333333333333333,True,spread > 10%,spread > 10%
2026-07-20T20:07:28+00:00,AXON,2026-08-03,AMC,2026-08-07,527.47998046875,525.0,0.10374712383219037,0.08782217641253007,0.11967207125185067,0.1662622341080406,0.17422462160238236,0.18218700909672408,87.7,91.9,96.1,0.6793200155041256,5.671853021678911,0.0,screened out,,,,,,0.09140369967355812,34,12,0.8333333333333333,True,OI < 500,OI < 500; wide market
2026-07-20T20:07:28+00:00,AWK,2026-07-29,AMC,2026-08-21,133.72000122070312,135.0,0.016111437615847084,0.012413168313470677,0.019809706918223494,0.054965599258924025,0.058891713491704314,0.0628178277244846,7.35,7.875,8.4,2.655273656882045,14.825097114282116,0.0,screened out,,,,,,0.13333333333333341,743,12,0.8333333333333333,True,spread > 10%,spread > 10%
2026-07-20T20:07:28+00:00,AVY,2026-07-30,BMO,2026-08-21,158.3249969482422,160.0,0.03268518647965916,0.026040240884703175,0.039330132074615144,0.05052897618318142,0.062213801925542114,0.07389862766790281,8.0,9.85,11.7,0.9034250260208667,5.695136704229746,0.0,screened out,,,,,,0.3756345177664974,9,12,0.8333333333333333,True,spread > 10%,spread > 10%
2026-07-20T20:07:28+00:00,BG,2026-07-29,BMO,2026-08-21,120.6500015258789,120.0,0.030807533305516194,0.02505308881532098,0.03656197779571141,0.08205553149434891,0.08744301588539202,0.09283050027643512,9.9,10.55,11.2,1.8383647278159414,12.613560630924864,0.0,screened out,,,,,,0.12322274881516576,387,12,0.8333333333333333,True,spread > 10%,spread > 10%
2026-07-20T20:07:28+00:00,BEN,2026-07-31,BMO,2026-08-21,32.25,32.0,0.04322451483257318,0.03480519252232465,0.05164383714282172,0.07596899224806201,0.08372093023255814,0.09147286821705426,2.45,2.7,2.95,0.9368853660207568,6.16441609717738,0.0,screened out,,,,,,0.18518518518518517,292,12,0.8333333333333333,True,spread > 10%,spread > 10%
2026-07-20T20:07:28+00:00,BIIB,2026-07-29,BMO,2026-07-31,199.9499969482422,200.0,0.04643248762968587,0.038792768641330404,0.05407220661804133,0.06251562986137815,0.07051763048363456,0.07851963110589096,12.5,14.1,15.7,0.5187131700983912,4.040399801179759,0.0,screened out,,,,,,0.22695035460992904,20,12,0.8333333333333333,True,spread > 10%,spread > 10%
2026-07-20T20:07:28+00:00,BAX,2026-07-30,BMO,2026-07-31,22.09000015258789,22.0,0.08352002121376047,0.0689568998469854,0.09808314258053553,0.08827523705433535,0.09619737371305775,0.10411951037178015,1.9500000000000002,2.125,2.3,0.15178818581536244,1.1156464712411642,0.0,screened out,,,,,,0.164705882352941,126,12,0.8333333333333333,True,spread > 10%,spread > 10%; squeeze risk (12% of float short — no short premium)
2026-07-20T20:07:28+00:00,BSX,2026-07-29,BMO,2026-07-31,43.77000045776367,44.0,0.053962089098197635,0.04353395439739677,0.0643902237989985,0.09367146349373101,0.09881197063667968,0.10395247777962835,4.1,4.325,4.550000000000001,0.8311368645655355,5.511974080590293,0.0,screened out,,,,,,0.10404624277456671,341,12,0.8333333333333333,True,spread > 10%,spread > 10%
2026-07-20T20:07:28+00:00,BXP,2026-07-28,AMC,2026-08-21,67.9000015258789,67.5,0.03485349208347837,0.030480500117169768,0.03922648404978697,0.06921943879793105,0.08063328242950478,0.09204712606107852,4.7,5.475,6.25,1.3134922100883957,13.416758996928605,0.0,screened out,,,,,,0.2831050228310502,4685,12,0.8333333333333333,True,spread > 10%,spread > 10%; squeeze risk (9% of float short — no short premium)
2026-07-20T20:07:28+00:00,CARR,2026-07-28,BMO,2026-07-31,66.97000122070312,67.0,0.05099850964607526,0.04063562323223523,0.061361396059915294,0.06570105897862494,0.07354038987948361,0.08137972078034225,4.4,4.925000000000001,5.45,0.4420105683449737,2.787801829860151,0.0,screened out,,,,,,0.21319796954314715,14,12,0.8333333333333333,True,spread > 10%,spread > 10%
2026-07-20T20:07:28+00:00,CBOE,2026-07-31,BMO,2026-07-31,277.79998779296875,277.5,0.0372299376024466,0.03065039944559469,0.0438094757592985,0.06119510708067165,0.06695464657061723,0.07271418606056278,17.0,18.6,20.2,0.798408777516115,5.789948489611738,0.0,screened out,,,,,,0.17204301075268813,5,12,0.8333333333333333,True,spread > 10%,spread > 10%
2026-07-20T20:07:28+00:00,CBRE,2026-07-29,BMO,2026-08-21,138.64999389648438,140.0,0.0402528376484779,0.031101218169645083,0.04940445712731072,0.0930400329453393,0.10061305888275064,0.10818608482016198,12.899999999999999,13.95,15.0,1.4995271081604147,8.45289292378992,0.0,screened out,,,,,,0.15053763440860227,361,12,0.8333333333333333,True,spread > 10%,spread > 10%
2026-07-20T20:07:28+00:00,CI,2026-07-30,BMO,2026-07-31,283.94000244140625,285.0,0.052758240843509,0.04254342670756627,0.06297305497945173,0.06515460956868045,0.07061350928929963,0.07607240900991881,18.5,20.05,21.6,0.33843562939774213,2.2402083616583957,0.0,screened out,,,,,,0.15461346633416465,447,12,0.8124999999999999,True,spread > 10%,spread > 10%
2026-07-20T20:07:28+00:00,CHD,2026-07-31,BMO,2026-08-21,97.80500030517578,100.0,0.03282881290010728,0.026790894397700223,0.038866731402514336,0.06134655673307619,0.07182659350831004,0.08230663028354389,6.0,7.025,8.05,1.187913212910459,8.277613486758387,0.0,screened out,,,,,,0.29181494661921714,885,12,0.8333333333333333,True,spread > 10%,spread > 10%
2026-07-20T20:07:28+00:00,CHRW,2026-07-29,AMC,2026-08-21,205.8000030517578,210.0,0.07757114191633344,0.06132008674975557,0.0938221970829113,0.09523809382583287,0.10228376913437662,0.10932944444292038,19.6,21.05,22.5,0.3185801653493472,1.9489013308982295,0.0,screened out,,,,,,0.13776722090261276,870,12,0.8333333333333333,True,spread > 10%,spread > 10%
2026-07-20T20:07:28+00:00,CL,2026-07-31,BMO,2026-07-31,91.94000244140625,92.0,0.02843996941067474,0.024016672643239867,0.03286326617810961,0.04241896776634835,0.045681965286836684,0.048944962807325014,3.9,4.2,4.5,0.6062592975114202,4.995672476143554,0.0,screened out,,,,,,0.14285714285714288,11,12,0.8333333333333333,True,spread > 10%,spread > 10%
2026-07-20T20:07:28+00:00,CLX,2026-08-03,AMC,2026-08-21,96.31999969482422,95.0,0.04246246316112801,0.03545388616314345,0.04947104015911258,0.0924003325186705,0.09811046542712767,0.10382059833558484,8.899999999999999,9.45,10.0,1.3105222383081692,10.175885878775963,0.0,screened out,,,,,,0.11640211640211656,2710,12,0.8333333333333333,True,spread > 10%,spread > 10%; squeeze risk (11% of float short — no short premium)
2026-07-20T20:07:28+00:00,CNC,2026-07-28,BMO,2026-07-31,65.83999633789062,66.0,0.06763645673666835,0.057573663992644825,0.07769924948069187,0.09720535170073862,0.10176185256171073,0.10631835342268285,6.4,6.7,7.0,0.5045414480818254,4.346219623309781,0.0,screened out,,,,,,0.08955223880597009,197,12,0.8333333333333333,True,OI < 500,OI < 500; wide market
2026-07-20T20:07:28+00:00,CNP,2026-07-28,BMO,2026-08-21,42.97999954223633,43.0,0.01663095791499296,0.013999681787961954,0.01926223404202397,0.05002326716842332,0.0558399261414958,0.06165658511456828,2.15,2.4,2.65,2.3575892878158027,19.097278754923266,0.0,screened out,,,,,,0.20833333333333334,638,12,0.8333333333333333,True,spread > 10%,spread > 10%; squeeze risk (9% of float short — no short premium)
2026-07-20T20:07:28+00:00,CMS,2026-07-28,BMO,2026-08-21,72.88999938964844,75.0,0.015073259332018678,0.012448706983201323,0.017697811680836034,0.03704211857056819,0.0589930036494234,0.08094388872827862,2.7,4.3,5.8999999999999995,2.913752317928361,21.44653138374227,0.0,screened out,,,,,,0.7441860465116278,49,12,0.8124999999999999,True,spread > 10%,spread > 10%
2026-07-20T20:07:28+00:00,CPT,2026-07-30,AMC,2026-08-21,112.85600280761719,110.0,0.02466307953730277,0.01931972651853034,0.0300064325560752,0.04075990541541246,0.06468419772445891,0.08860849003350535,4.6,7.3,10.0,1.622713746133139,9.599041068119957,0.0,screened out,,,,,,0.7397260273972603,42,12,0.8333333333333333,True,spread > 10%,spread > 10%
2026-07-20T20:07:28+00:00,CRH,2026-07-30,BMO,2026-07-31,99.93000030517578,102.0,0.03768457656132845,0.029797922163850746,0.045571230958806164,0.06504553167366836,0.0725507853283224,0.08005603898297645,6.5,7.25,8.0,0.9252116369213318,5.665841420675204,0.0,screened out,,,,,,0.20689655172413793,0,9,0.8,True,spread > 10%,spread > 10%
2026-07-20T20:07:28+00:00,CTSH,2026-07-29,BMO,2026-08-21,44.63999938964844,45.0,0.03634183286061811,0.029332758102067112,0.043350907619169106,0.13776881908797972,0.1528897870366604,0.1680107549853411,6.15,6.825,7.5,3.2069916402686363,21.31063845335486,0.0,screened out,,,,,,0.19780219780219774,859,12,0.8333333333333333,True,spread > 10%,spread > 10%; squeeze risk (13% of float short — no short premium)
2026-07-20T20:07:28+00:00,CTVA,2026-07-30,AMC,2026-08-21,86.79000091552734,85.0,0.037742981563189976,0.02625077980119666,0.04923518332518329,0.06855628456313914,0.07460536849518083,0.08065445242722254,5.949999999999999,6.475,7.0,0.976668652164514,4.1108602224753525,0.0,screened out,,,,,,0.16216216216216228,338,12,0.8333333333333333,True,spread > 10%,spread > 10%
2026-07-20T20:07:28+00:00,CVNA,2026-07-29,AMC,2026-07-31,64.18000030517578,64.0,0.11752549700587761,0.0897498442387788,0.14530114977297642,0.152695543057043,0.15853848475565432,0.16438142645426568,9.8,10.175,10.55,0.34897097901849844,1.8923855918293873,0.0,screened out,,,,,,0.07371007371007371,288,12,0.8333333333333333,True,OI < 500,OI < 500; squeeze risk (14% of float short — no short premium)
2026-07-20T20:07:28+00:00,CVX,2026-07-31,BMO,2026-07-31,189.6699981689453,190.0,0.02595582080418874,0.02122885811333947,0.030682783495038012,0.04191490523935511,0.04863710702302527,0.05535930880669543,7.95,9.225,10.5,0.8738419944391136,6.149474476355201,0.0,screened out,,,,,,0.2764227642276423,1409,12,0.8333333333333333,True,spread > 10%,spread > 10%
2026-07-20T20:07:28+00:00,D,2026-07-31,BMO,2026-08-21,70.44000244140625,70.0,0.02172489475561877,0.01742590510189764,0.0260238844093399,0.04968767573384722,0.05430153133770446,0.058915386941561704,3.5,3.825,4.15,1.4995072219468546,9.711634780852004,0.0,screened out,,,,,,0.1699346405228759,1626,12,0.8333333333333333,True,spread > 10%,spread > 10%
2026-07-20T20:07:28+00:00,DTE,2026-07-28,BMO,2026-08-21,145.98500061035156,145.0,0.013043551901596957,0.010117412545847158,0.015969691257346756,0.04110011285347455,0.05137514106684318,0.061650169280211824,6.0,7.5,9.0,2.9387385778373134,16.78859367297341,0.0,screened out,,,,,,0.4,300,12,0.8333333333333333,True,spread > 10%,spread > 10%
2026-07-20T20:07:28+00:00,DXCM,2026-07-30,AMC,2026-07-31,75.69000244140625,76.0,0.08942833401309598,0.06629373933602756,0.1125629286901644,0.10173074054213152,0.10899722200942662,0.11626370347672174,7.7,8.25,8.8,0.2188220121987842,1.0840685651154607,0.0,screened out,,,,,,0.1333333333333334,19,12,0.8333333333333333,True,spread > 10%,spread > 10%
2026-07-20T20:07:28+00:00,ECL,2026-07-28,BMO,2026-08-21,268.7099914550781,270.0,0.038539896199447504,0.03197524761149355,0.04510454478740146,0.06512597430872079,0.07089427489035034,0.0766625754719799,17.5,19.05,20.6,0.8395035244377919,6.316464800012219,0.0,screened out,,,,,,0.162729658792651,1406,12,0.8333333333333333,True,spread > 10%,spread > 10%
2026-07-20T20:07:28+00:00,EG,2026-07-29,AMC,2026-08-21,379.0899963378906,380.0,0.04345501827406542,0.0346469332556888,0.05226310329244204,0.058297502475643866,0.06462845297073641,0.07095940346582895,22.1,24.5,26.9,0.48724947169813065,3.080791551244,0.0,screened out,,,,,,0.19591836734693865,25,12,0.8333333333333333,True,spread > 10%,spread > 10%
2026-07-20T20:07:28+00:00,EIX,2026-07-30,AMC,2026-08-21,77.26000213623047,77.5,0.02343786102412059,0.017174634494442086,0.02970108755379909,0.06665803595137293,0.07215894183085517,0.07765984771033739,5.15,5.575,6.0,2.0787340942330146,9.969452145157554,0.0,screened out,,,,,,0.15246636771300442,607,12,0.8333333333333333,True,spread > 10%,spread > 10%
2026-07-20T20:07:28+00:00,EQIX,2026-07-29,AMC,2026-08-21,1017.3099975585938,1020.0,0.03616552416618043,0.027785252734554813,0.04454579559780604,0.10183719834526936,0.10532679346231286,0.10881638857935635,103.6,107.15,110.7,1.9123535712723723,10.57687492023506,0.0,screened out,,,,,,0.06626224918338786,147,12,0.8124999999999999,True,OI < 500,OI < 500
2026-07-20T20:07:28+00:00,EME,2026-07-30,BMO,2026-08-21,743.47998046875,740.0,0.05990797230810175,0.04923621027098295,0.07057973434522055,0.12535643520789783,0.13443536157756852,0.14351428794723922,93.2,99.94999999999999,106.69999999999999,1.244031243223833,8.950190395506223,0.0,screened out,,,,,,0.13506753376688332,6,12,0.8333333333333333,True,spread > 10%,spread > 10%
2026-07-20T20:07:28+00:00,ES,2026-07-30,AMC,2026-08-21,74.06500244140625,75.0,0.020527333484148612,0.01713227596372927,0.023922391004567955,0.04725578727643861,0.05231890734177132,0.057382027407104026,3.5,3.875,4.25,1.5487434781615663,12.000998749174867,0.0,screened out,,,,,,0.1935483870967742,2079,12,0.8333333333333333,True,spread > 10%,spread > 10%
2026-07-20T20:07:28+00:00,ETN,2026-07-31,BMO,2026-07-31,401.5400085449219,400.0,0.0443759129237434,0.034998055490981235,0.05375377035650556,0.07894605599793823,0.08392687972020564,0.08890770344247304,31.7,33.7,35.7,0.8912710565397842,5.405127920719112,0.0,screened out,,,,,,0.11869436201780426,48,0,0.35,True,spread > 10%,spread > 10%; thin history (n=0); low-conf moves
2026-07-20T20:07:28+00:00,ESS,2026-07-29,AMC,2026-08-21,293.8299865722656,280.0,0.022948320472964988,0.01759781318407514,0.028298827761854835,0.0622809135768695,0.0718102336869916,0.0813395537971137,18.3,21.1,23.9,2.1292152195447147,11.703830047129898,0.0,screened out,,,,,,0.2654028436018956,7,12,0.8333333333333333,True,spread > 10%,spread > 10%
2026-07-20T20:07:28+00:00,ERIE,2026-07-30,AMC,2026-08-21,225.00999450683594,230.0,0.05168435200975134,0.04278718625677554,0.06058151776272714,0.10443980522512326,0.11199502517757898,0.1195502451300347,23.5,25.2,26.9,1.1669039239661698,8.687503512681625,0.0,screened out,,,,,,0.13492063492063486,410,12,0.8333333333333333,True,spread > 10%,spread > 10%; squeeze risk (12% of float short — no short premium)
2026-07-20T20:07:28+00:00,EXC,2026-07-30,BMO,2026-08-21,45.959999084472656,46.0,0.020805276599131645,0.015847810917076884,0.025762742281186406,0.046779809461013816,0.05493907855305111,0.0630983476450884,2.1500000000000004,2.5250000000000004,2.9,1.6406319709945176,8.824242746146751,0.0,screened out,,,,,,0.2970297029702968,115,12,0.8333333333333333,True,spread > 10%,spread > 10%
2026-07-20T20:07:28+00:00,ETR,2026-07-29,BMO,2026-08-21,111.94000244140625,110.0,0.027861902459166074,0.018652208145383826,0.03707159677294832,0.05851348809312851,0.06499017188969616,0.07146685568626382,6.550000000000001,7.275,8.0,1.3325819902264264,5.166685069118834,0.0,screened out,,,,,,0.1993127147766322,116,12,0.8333333333333333,True,spread > 10%,spread > 10%
2026-07-20T20:07:28+00:00,EXR,2026-07-28,AMC,2026-08-21,147.27999877929688,145.0,0.0386339232822323,0.029903507939004058,0.04736433862546054,0.059750136290991164,0.06959532920257493,0.0794405221141587,8.8,10.25,11.7,0.8014046539917872,4.545045827434666,0.0,screened out,,,,,,0.28292682926829255,13,12,0.8333333333333333,True,spread > 10%,spread > 10%
2026-07-20T20:07:28+00:00,FANG,2026-08-03,AMC,2026-08-21,195.3800048828125,195.0,0.021073956556809954,0.017873594294744333,0.024274318818875575,0.08598628099163225,0.09545500836273463,0.104923735733837,16.799999999999997,18.65,20.5,3.529524776489528,29.786239240599592,0.0,screened out,,,,,,0.1983914209115283,292,12,0.8333333333333333,True,spread > 10%,spread > 10%
2026-07-20T20:07:28+00:00,FICO,2026-07-29,AMC,2026-08-21,1264.6099853515625,1260.0,0.041407179272338696,0.03482870323211255,0.047985655312564844,0.13063316114341314,0.1404385558055095,0.1502439504676059,165.2,177.6,190.0,2.3916474938278856,19.293011236770976,0.0,screened out,,,,,,0.1396396396396397,138,12,0.8333333333333333,True,spread > 10%,spread > 10%; squeeze risk (11% of float short — no short premium)
2026-07-20T20:07:28+00:00,FE,2026-07-28,AMC,2026-08-21,48.540000915527344,49.0,0.020720714554468143,0.014323955407289417,0.02711747370164687,0.041203130660844814,0.054079108992358814,0.06695508732387283,2.0,2.625,3.25,1.6099056019618483,6.683402849465795,0.0,screened out,,,,,,0.47619047619047616,32,12,0.8333333333333333,True,spread > 10%,spread > 10%
2026-07-20T20:07:28+00:00,FRT,2026-07-31,BMO,2026-08-21,125.57499694824219,125.0,0.02411051392853404,0.019231450126768287,0.028989577730299795,0.04180768566662896,0.049571970147574335,0.057336254628519705,5.25,6.225,7.199999999999999,1.0560312523619604,6.688045825207819,0.0,screened out,,,,,,0.31325301204819267,693,12,0.8333333333333333,True,spread > 10%,spread > 10%
2026-07-20T20:07:28+00:00,FSLR,2026-07-30,AMC,2026-07-31,205.30999755859375,205.0,0.06347905296090103,0.051815599461065946,0.07514250646073611,0.11129511602803854,0.12042764743077694,0.12956017883351534,22.85,24.725,26.6,0.8971241978822926,6.257607892347233,0.0,screened out,,,,,,0.15166835187057634,502,12,0.8333333333333333,True,spread > 10%,spread > 10%; squeeze risk (8% of float short — no short premium)
2026-07-20T20:07:28+00:00,FLEX,2026-07-29,BMO,2026-08-21,119.91000366210938,120.0,0.09183184282216121,0.0688885930119544,0.11477509263236803,0.2193311583419674,0.22767074611162394,0.2360103338812805,26.3,27.3,28.3,1.4792135180443269,7.587902319676052,0.0,screened out,,,,,,0.07326007326007326,282,12,0.8333333333333333,True,OI < 500,OI < 500
2026-07-20T20:07:28+00:00,FTNT,2026-07-29,AMC,2026-07-31,160.36000061035156,160.0,0.10755448529527939,0.08779568994877279,0.127313280641786,0.13157894686761404,0.1415564973409876,0.15153404781436117,21.1,22.700000000000003,24.3,0.3161375553270448,2.2054471375191484,0.0,screened out,,,,,,0.14096916299559467,80,12,0.8333333333333333,True,spread > 10%,spread > 10%
2026-07-20T20:07:28+00:00,FTV,2026-07-29,BMO,2026-08-21,61.00600051879883,60.0,0.05136471302412316,0.043316347097884,0.059413078950362325,0.05655181409469536,0.08933547443944628,0.12211913478419721,3.45,5.449999999999999,7.449999999999999,0.7392382665019536,6.046361245979964,0.0,screened out,,,,,,0.7339449541284403,50,12,0.8333333333333333,True,spread > 10%,spread > 10%
2026-07-20T20:07:28+00:00,GEHC,2026-07-29,BMO,2026-07-31,62.83000183105469,63.0,0.06592917892643252,0.0545781309208217,0.07728022693204334,0.06843864196538443,0.07560082542687815,0.08276300888837188,4.3,4.75,5.2,0.1466975117532982,1.091985704654248,0.0,screened out,,,,,,0.18947368421052638,45,12,0.8333333333333333,True,spread > 10%,spread > 10%
2026-07-20T20:07:28+00:00,GD,2026-07-29,BMO,2026-07-31,370.5899963378906,370.0,0.042413852982619,0.03666916289517314,0.04815854307006486,0.04263471803376508,0.046952157834652675,0.05126959763554029,15.8,17.4,19.0,0.10700053244145136,1.0124639292686946,0.0,screened out,,,,,,0.18390804597701146,14,12,0.8333333333333333,True,spread > 10%,spread > 10%
2026-07-20T20:07:28+00:00,GDDY,2026-07-30,AMC,2026-07-31,94.84500122070312,91.0,0.06768323763028128,0.05448815776565971,0.08087831749490285,0.10965258965835564,0.11808740424745992,0.1265222188365642,10.4,11.2,12.0,0.7447067897743114,4.895611136827993,0.0,screened out,,,,,,0.14285714285714282,2,12,0.8333333333333333,True,spread > 10%,spread > 10%
2026-07-20T20:07:28+00:00,GLW,2026-07-28,BMO,2026-07-31,153.24000549316406,152.5,0.06179026986048135,0.05208926786966786,0.07149127185129484,0.15498563787939484,0.16346906226858277,0.1719524866577707,23.75,25.05,26.35,1.6455469872147495,13.432791836721949,0.0,screened out,,,,,,0.10379241516966073,139,12,0.8333333333333333,True,spread > 10%,spread > 10%
2026-07-20T20:07:28+00:00,GNRC,2026-07-29,BMO,2026-07-31,213.49000549316406,215.0,0.08713792094936396,0.06728868054209589,0.10698716135663203,0.1278748386227108,0.13747716166947113,0.14707948471623147,27.299999999999997,29.349999999999998,31.4,0.5776961416070441,3.250238779075213,0.0,screened out,,,,,,0.13969335604770022,19,12,0.8333333333333333,True,spread > 10%,spread > 10%
2026-07-20T20:07:28+00:00,GRMN,2026-07-29,BMO,2026-08-21,244.74600219726562,240.0,0.08550722054649848,0.0705720161911103,0.10044242490188666,0.09111486929223125,0.09765225901723439,0.10418964874223753,22.3,23.9,25.5,0.14203523858118489,1.0421739759107957,0.0,screened out,,,,,,0.13389121338912133,281,12,0.8333333333333333,True,spread > 10%,spread > 10%
2026-07-20T20:07:28+00:00,HII,2026-07-30,BMO,2026-08-21,269.9750061035156,270.0,0.08288782043824475,0.06588536347480392,0.09989027740168557,0.10519492307784477,0.11964070476811219,0.13408648645837962,28.4,32.3,36.2,0.44340512436625157,2.7703347027102763,0.0,screened out,,,,,,0.24148606811145526,125,12,0.8333333333333333,True,spread > 10%,spread > 10%
2026-07-20T20:07:28+00:00,HLT,2026-07-28,BMO,2026-07-31,323.3800048828125,325.0,0.032901026195534,0.028176093330803193,0.03762595906026481,0.048858926839727326,0.052105880838569964,0.055352834837412594,15.8,16.85,17.9,0.5837159767874609,5.209162207200412,0.0,screened out,,,,,,0.12462908011869422,27,12,0.8333333333333333,True,spread > 10%,spread > 10%
2026-07-20T20:07:28+00:00,HUBB,2026-07-28,BMO,2026-08-21,485.2300109863281,490.0,0.04488229217425359,0.038915177009852066,0.05084940733865511,0.10448652979427632,0.11613049218752408,0.12777445458077183,50.7,56.35,62.0,1.5874456620141502,15.302485476022428,0.0,screened out,,,,,,0.20053238686779054,711,12,0.8333333333333333,True,spread > 10%,spread > 10%
2026-07-20T20:07:28+00:00,HSY,2026-07-30,BMO,2026-07-31,171.72000122070312,172.5,0.030705692680238206,0.02512929820551937,0.036282087154957045,0.0564873045134275,0.05881667789542451,0.06114605127742152,9.7,10.1,10.5,0.9154975107686848,6.460633087403534,0.0,screened out,,,,,,0.07920792079207928,6,12,0.8333333333333333,True,OI < 500,OI < 500
2026-07-20T20:07:28+00:00,HUM,2026-07-29,BMO,2026-07-31,398.25,397.5,0.06073863602818218,0.05145804409025247,0.07001922796611189,0.09416195856873823,0.1029504080351538,0.11173885750156937,37.5,41.0,44.5,0.694973986366532,5.8292194469874525,0.0,screened out,,,,,,0.17073170731707318,7,12,0.8333333333333333,True,spread > 10%,spread > 10%
2026-07-20T20:07:28+00:00,IEX,2026-07-29,BMO,2026-08-21,221.32000732421875,230.0,0.056460971440422676,0.04787831351841324,0.0650436293624321,0.07590818472813958,0.08539670781915701,0.09488523091017446,16.8,18.9,21.0,0.5124909409195548,4.320810648632207,0.0,screened out,,,,,,0.2222222222222222,364,12,0.8333333333333333,True,spread > 10%,spread > 10%
2026-07-20T20:07:28+00:00,ICE,2026-07-30,BMO,2026-07-31,141.60000610351562,142.0,0.027007148920399095,0.02099419223267607,0.03302010560812212,0.052966099411868535,0.057909602023642925,0.06285310463541732,7.5,8.2,8.899999999999999,1.1442323361983067,6.586540691034759,0.0,screened out,,,,,,0.17073170731707302,4,12,0.8333333333333333,True,spread > 10%,spread > 10%
2026-07-20T20:07:28+00:00,INCY,2026-07-28,BMO,2026-08-21,115.6500015258789,115.0,0.052672378579913776,0.042404199683356646,0.0629405574764709,0.07176826537388949,0.09468222961976985,0.11759619386565023,8.3,10.950000000000001,13.600000000000001,0.7975688999143894,5.243366485437043,0.0,screened out,,,,,,0.4840182648401827,214,12,0.8333333333333333,True,spread > 10%,spread > 10%
2026-07-20T20:07:28+00:00,INVH,2026-07-29,AMC,2026-08-21,30.075000762939453,30.0,0.033181472648139185,0.027367179541110547,0.03899576575516782,0.053200331152497705,0.06068162772081769,0.06816292428913767,1.6,1.825,2.05,0.8287804270863401,6.061648095886267,0.0,screened out,,,,,,0.24657534246575327,1180,12,0.8333333333333333,True,spread > 10%,spread > 10%
2026-07-20T20:07:28+00:00,IQV,2026-07-28,BMO,2026-08-21,203.9499969482422,200.0,0.0709674938486658,0.0585937687048472,0.0833412189924844,0.10983084253580354,0.11595979580231043,0.12208874906881732,22.4,23.65,24.9,0.6339846528833073,4.660046470532489,0.0,screened out,,,,,,0.10570824524312897,785,12,0.8333333333333333,True,spread > 10%,spread > 10%
2026-07-20T20:07:28+00:00,IP,2026-07-30,BMO,2026-07-31,36.27000045776367,36.0,0.05942445226294174,0.048220836509117695,0.07062806801676579,0.08409153464311966,0.09098428338435897,0.0978770321255983,3.05,3.3,3.55,0.5310916620951097,3.610180896413092,0.0,screened out,,,,,,0.15151515151515152,94,12,0.8333333333333333,True,spread > 10%,spread > 10%; squeeze risk (19% of float short — no short premium)
2026-07-20T20:07:28+00:00,IR,2026-07-30,AMC,2026-08-21,80.19000244140625,80.0,0.053716538602649515,0.04494197332141813,0.0624911038838809,0.08604563898151439,0.09664546407344007,0.10724528916536576,6.9,7.75,8.6,0.7991751998084465,6.270135228356777,0.0,screened out,,,,,,0.21935483870967734,17,12,0.8333333333333333,True,spread > 10%,spread > 10%
2026-07-20T20:07:28+00:00,IVZ,2026-07-28,BMO,2026-08-21,29.665000915527344,30.0,0.04448273816116137,0.03618493771817288,0.05278053860414986,0.08595988273390787,0.09691555406273926,0.10787122539157067,2.55,2.875,3.2,1.1787227600875942,8.098278251104896,0.0,screened out,,,,,,0.22608695652173924,531,12,0.8333333333333333,True,spread > 10%,spread > 10%
2026-07-20T20:07:28+00:00,ITW,2026-07-28,BMO,2026-08-21,271.69500732421875,270.0,0.03255427254992851,0.027143507499104415,0.0379650376007526,0.06109792065553457,0.06625075733732663,0.07140359401911871,16.6,18.0,19.4,1.0350864002787286,7.981387936434615,0.0,screened out,,,,,,0.1555555555555554,196,12,0.8333333333333333,True,spread > 10%,spread > 10%
2026-07-20T20:07:28+00:00,KKR,2026-07-30,BMO,2026-07-31,96.95999908447266,97.0,0.03410211697760327,0.02711177725654348,0.04109245669866306,0.06806930757342525,0.07322607329868473,0.07838283902394423,6.6,7.1,7.6,1.1472588738926768,7.172936426828796,0.0,screened out,,,,,,0.14084507042253522,30,12,0.8333333333333333,True,spread > 10%,spread > 10%
2026-07-20T20:07:28+00:00,KO,2026-07-28,BMO,2026-07-31,82.11000061035156,82.0,0.024533730086291047,0.019741271280505103,0.02932618889207699,0.03629277771098096,0.03939836775000786,0.04250395778903475,2.98,3.2350000000000003,3.49,0.6058857585631819,3.9751034702311343,0.0,screened out,,,,,,0.1576506955177744,796,12,0.8333333333333333,True,spread > 10%,spread > 10%
2026-07-20T20:07:28+00:00,KMI,2026-07-22,AMC,2026-07-24,32.595001220703125,32.5,0.021822696102421997,0.017629729641616403,0.02601566256322759,0.029145573383092732,0.03175333521210629,0.03436109704111985,0.9500000000000001,1.0350000000000001,1.12,0.45506013844834414,3.0353467412487087,0.0,screened out,,,,,,0.1642512077294686,1568,12,0.8333333333333333,True,spread > 10%,spread > 10%
2026-07-20T20:07:28+00:00,L,2026-08-03,BMO,2026-08-21,114.6050033569336,115.0,0.027017588652292354,0.021380855819734465,0.03265432148485024,0.04493695605906917,0.05955237380643633,0.07416779155380349,5.15,6.825,8.5,1.2042075839134336,7.397295896784497,0.0,screened out,,,,,,0.49084249084249076,6,12,0.8333333333333333,True,spread > 10%,spread > 10%
2026-07-20T20:07:28+00:00,LHX,2026-07-29,AMC,2026-07-31,280.57000732421875,282.5,0.02819920164252431,0.022209162857788685,0.03418924042725994,0.04847275063255149,0.05221513211521171,0.05595751359787193,13.600000000000001,14.65,15.7,0.8516528509258025,5.1383334231874445,0.0,screened out,,,,,,0.14334470989761078,3,12,0.8333333333333333,True,spread > 10%,spread > 10%
2026-07-20T20:07:28+00:00,LII,2026-07-29,BMO,2026-08-21,533.5800170898438,530.0,0.057946768080753545,0.05017678274552174,0.06571675341598536,0.09932905712823181,0.10776265631836471,0.1161962555084976,53.0,57.5,62.0,0.8596836353010864,8.216751977102378,0.0,screened out,,,,,,0.1565217391304348,6,12,0.8333333333333333,True,spread > 10%,spread > 10%; squeeze risk (10% of float short — no short premium)
2026-07-20T20:07:28+00:00,LIN,2026-07-31,BMO,2026-08-21,512.0499877929688,510.0,0.026193550959048854,0.0216695070433526,0.030717594874745107,0.056049215280137725,0.061712724838061055,0.06737623439598438,28.7,31.6,34.5,1.3560274410500155,10.062098001614174,0.0,screened out,,,,,,0.18354430379746836,28,12,0.8124999999999999,True,spread > 10%,spread > 10%
2026-07-20T20:07:28+00:00,LH,2026-07-30,BMO,2026-08-21,281.531005859375,280.0,0.04601668142075635,0.03901838033668573,0.05301498250482697,0.06429132004394915,0.06908652899750337,0.07388173795105758,18.1,19.450000000000003,20.8,0.5013366210789181,4.224784886957377,0.0,screened out,,,,,,0.1388174807197943,289,12,0.8333333333333333,True,spread > 10%,spread > 10%
2026-07-20T20:07:28+00:00,LNT,2026-07-30,AMC,2026-08-21,73.95999908447266,75.0,0.014020477504582792,0.011232612054884381,0.016808342954281203,0.03380205558337894,0.04867496004006567,0.0635478644967524,2.5,3.6,4.7,2.4717048705477804,15.930892512147402,0.0,screened out,,,,,,0.6111111111111112,59,12,0.8333333333333333,True,spread > 10%,spread > 10%; squeeze risk (11% of float short — no short premium)
2026-07-20T20:07:28+00:00,LRCX,2026-07-29,AMC,2026-07-31,306.760009765625,305.0,0.054548850495841,0.04521473352248613,0.06388296746919588,0.15191028333714024,0.1613639275791511,0.17081757182116197,46.6,49.5,52.4,1.9581545002759326,14.666004634476705,0.0,screened out,,,,,,0.11717171717171711,174,12,0.8333333333333333,True,spread > 10%,spread > 10%
2026-07-20T20:07:28+00:00,LYV,2026-07-30,AMC,2026-07-31,180.97500610351562,180.0,0.05770631759070007,0.04352093997499591,0.07189169520640423,0.061886998879799614,0.0663074987997853,0.070727998719771,11.2,12.0,12.8,0.14905094568833466,0.7770870918064336,0.0,screened out,,,,,,0.13333333333333344,186,0,0.35,True,spread > 10%,spread > 10%; thin history (n=0); low-conf moves; squeeze risk (15% of float short — no short premium)
2026-07-20T20:07:28+00:00,MAR,2026-08-03,BMO,2026-08-07,366.92999267578125,365.0,0.05307350817234587,0.0433691714879857,0.06277784485670604,0.0591393465596967,0.06554383800740578,0.07194832945511488,21.7,24.049999999999997,26.4,0.23496336052564945,1.6468899664590013,0.0,screened out,,,,,,0.1954261954261954,15,0,0.35,True,spread > 10%,spread > 10%; thin history (n=0); low-conf moves
2026-07-20T20:07:28+00:00,MA,2026-07-30,BMO,2026-07-31,547.5150146484375,550.0,0.03022133884676683,0.024555003508345042,0.03588767418518862,0.04730463878991617,0.04995296798857944,0.0526012971872427,25.9,27.35,28.8,0.6529038717265022,4.462859043423711,0.0,screened out,,,,,,0.10603290676416827,191,12,0.8333333333333333,True,spread > 10%,spread > 10%
2026-07-20T20:07:28+00:00,MAA,2026-07-29,AMC,2026-08-21,133.7550048828125,135.0,0.024208677082640816,0.01958986487676886,0.02882748928851277,0.04448431671931085,0.05775484817759265,0.07102537963587446,5.95,7.725,9.5,1.3857085614565288,9.308188113955579,0.0,screened out,,,,,,0.459546925566343,99,12,0.8333333333333333,True,spread > 10%,spread > 10%
2026-07-20T20:07:28+00:00,MAS,2026-07-29,BMO,2026-08-21,77.48999786376953,75.0,0.05577515726513107,0.047038970414592894,0.06451134411566924,0.09678668482073384,0.11678926635035217,0.13679184787997048,7.5,9.05,10.6,1.093929843983878,8.950779503852107,0.0,screened out,,,,,,0.34254143646408836,494,12,0.8333333333333333,True,spread > 10%,spread > 10%
2026-07-20T20:07:28+00:00,MDLZ,2026-07-28,AMC,2026-07-31,60.27000045776367,60.0,0.03058541950034311,0.025851287214704068,0.03531955178598215,0.04396880670105654,0.04894640745966672,0.053924008218276885,2.65,2.95,3.25,0.6003183300826602,4.970592444163761,0.0,screened out,,,,,,0.2033898305084746,142,12,0.8333333333333333,True,spread > 10%,spread > 10%
2026-07-20T20:07:28+00:00,MGM,2026-07-29,AMC,2026-07-31,46.349998474121094,46.0,0.05908890856145564,0.04500123926979602,0.07317657785311527,0.040992450108943146,0.06040992647633727,0.07982740284373138,1.9,2.8,3.6999999999999997,0.022356444670283592,0.12017719359117973,0.0,screened out,,,,,,0.6428571428571428,26,12,0.8333333333333333,True,spread > 10%,spread > 10%; squeeze risk (15% of float short — no short premium)
2026-07-20T20:07:28+00:00,MLM,2026-07-30,BMO,2026-08-21,553.6199951171875,550.0,0.030277684490439383,0.02409024306542968,0.036465125915449086,0.07839312232718998,0.0879664759754413,0.0975398296236926,43.4,48.7,54.0,1.905323754305518,11.949035164734916,0.0,screened out,,,,,,0.21765913757700206,39,12,0.8333333333333333,True,spread > 10%,spread > 10%
2026-07-20T20:07:28+00:00,MO,2026-07-30,BMO,2026-07-31,74.65499877929688,75.0,0.042158100128929045,0.03537455055315477,0.04894164970470332,0.05009711420740345,0.05418257405586816,0.058268033904332876,3.74,4.045,4.35,0.28522333525859905,2.271755459678528,0.0,screened out,,,,,,0.15080346106304066,2513,12,0.8333333333333333,True,spread > 10%,spread > 10%
2026-07-20T20:07:28+00:00,MPWR,2026-07-30,AMC,2026-08-21,1328.800048828125,1320.0,0.07552662046981158,0.06266779432019186,0.0883854466194313,0.2052980057011464,0.2142158259634579,0.22313364622576945,272.8,284.65,296.5,1.8362956614625858,13.82273029376897,0.0,screened out,,,,,,0.08326014403653606,98,12,0.8333333333333333,True,OI < 500,OI < 500; wide market
2026-07-20T20:07:28+00:00,MRNA,2026-07-31,BMO,2026-07-31,59.4900016784668,59.0,0.061364233827482434,0.04725991717820202,0.07546855047676285,0.10724491208594682,0.13556899936883401,0.16389308665172123,6.38,8.065,9.75,1.209251072049048,6.742675301652997,0.0,screened out,,,,,,0.41785492870427776,65,12,0.8333333333333333,True,spread > 10%,spread > 10%; squeeze risk (14% of float short — no short premium)
2026-07-20T20:07:28+00:00,MSFT,2026-07-29,AMC,2026-07-31,402.2900085449219,402.5,0.05447982929556959,0.04529148940460392,0.06366816918653526,0.08327325881437896,0.08606974884919019,0.08886623888400141,33.5,34.625,35.75,0.5798461552116052,4.406197570001433,0.0,screened out,,,,,,0.06498194945848375,163,12,0.8333333333333333,True,OI < 500,OI < 500
2026-07-20T20:07:28+00:00,MTD,2026-07-30,AMC,2026-08-21,1271.5699462890625,1300.0,0.05663416003109788,0.04371819436456946,0.0695501256976263,0.08178865842458183,0.08886652309593987,0.09594438776729793,104.0,113.0,122.0,0.569132888121642,3.198289432663429,0.0,screened out,,,,,,0.1592920353982301,3,12,0.8333333333333333,True,spread > 10%,spread > 10%
2026-07-20T20:07:28+00:00,NCLH,2026-07-30,BMO,2026-07-31,19.503000259399414,19.5,0.08597507770847737,0.07225079377140704,0.0996993616455477,0.09485720019453919,0.10357380777998336,0.1122904153654275,1.85,2.0200000000000005,2.1900000000000004,0.20469571578846862,1.6434032232982718,0.0,screened out,,,,,,0.16831683168316844,460,12,0.8333333333333333,True,spread > 10%,spread > 10%; squeeze risk (21% of float short — no short premium)
2026-07-20T20:07:28+00:00,OMC,2026-07-28,AMC,2026-08-21,82.37999725341797,82.5,0.05207651131815874,0.04058593232362294,0.06356709031269454,0.08011653581022866,0.0861859703413066,0.09225540487238452,6.6,7.1,7.6,0.6549874052575811,3.8043933821658813,0.0,screened out,,,,,,0.14084507042253522,197,12,0.8333333333333333,True,spread > 10%,spread > 10%; squeeze risk (10% of float short — no short premium)
2026-07-20T20:07:28+00:00,ODFL,2026-07-29,BMO,2026-08-21,231.75999450683594,230.0,0.0545519632318354,0.044473770813994284,0.06463015564967652,0.10312392374213251,0.10873317482434056,0.11434242590654861,23.9,25.2,26.5,0.9932036975872963,6.889989583253989,0.0,screened out,,,,,,0.10317460317460324,540,12,0.8333333333333333,True,spread > 10%,spread > 10%
2026-07-20T20:07:28+00:00,ON,2026-08-03,AMC,2026-08-07,86.69999694824219,87.0,0.06152378340248876,0.045867501773772065,0.07718006503120546,0.177623997024976,0.18973472409486072,0.20184545116474548,15.399999999999999,16.45,17.5,2.0839248433994317,10.495157502146464,0.0,screened out,,,,,,0.1276595744680852,14,12,0.8333333333333333,True,spread > 10%,spread > 10%
2026-07-20T20:07:28+00:00,NXPI,2026-07-28,AMC,2026-08-21,267.17999267578125,270.0,0.07164882137224073,0.055112799581828825,0.08818484316265263,0.16131447406805335,0.16618010785664897,0.17104574164524453,43.1,44.400000000000006,45.7,1.319369735243586,7.3265080497574635,0.0,screened out,,,,,,0.058558558558558585,373,12,0.8333333333333333,True,OI < 500,OI < 500
2026-07-20T20:07:28+00:00,ORLY,2026-07-29,AMC,2026-08-21,84.52999877929688,85.0,0.043002981542286906,0.03685330014188535,0.04915266294268846,0.08399384955082875,0.0899089093783519,0.09582396920587505,7.1,7.6,8.1,1.09075989975114,9.775244146920455,0.0,screened out,,,,,,0.13157894736842105,3034,12,0.8333333333333333,True,spread > 10%,spread > 10%
2026-07-20T20:07:28+00:00,PCAR,2026-07-28,BMO,2026-08-21,124.33000183105469,125.0,0.04287388571822738,0.03558246532826784,0.050165306108186924,0.05549746560267921,0.08203973176048229,0.1085819979182854,6.9,10.2,13.5,0.9135128618772235,6.884111133802341,0.0,screened out,,,,,,0.6470588235294118,64,12,0.8333333333333333,True,spread > 10%,spread > 10%
2026-07-20T20:07:28+00:00,PG,2026-07-29,BMO,2026-07-31,149.13999938964844,149.0,0.024354645327934563,0.019596911043835815,0.02911237961203331,0.040230655924331796,0.04458897698280107,0.048947298041270355,6.0,6.65,7.300000000000001,0.8308202144770267,5.4505606871631445,0.0,screened out,,,,,,0.19548872180451138,77,12,0.8333333333333333,True,spread > 10%,spread > 10%
2026-07-20T20:07:28+00:00,PNR,2026-07-28,BMO,2026-08-21,62.11000061035156,62.5,0.053504771920056336,0.042699191873112344,0.06431035196700033,0.07969731043884434,0.09177266050533592,0.10384801057182748,4.95,5.7,6.45,0.7152238428837188,4.538777723900611,0.0,screened out,,,,,,0.2631578947368421,1061,12,0.8333333333333333,True,spread > 10%,spread > 10%
2026-07-20T20:07:28+00:00,PPG,2026-07-28,AMC,2026-07-31,115.7249984741211,116.0,0.03694112708693032,0.03160383285563165,0.042278421318228995,0.05314322817965117,0.0581119039850657,0.06308057979048023,6.15,6.725,7.3,0.5730950452138627,5.083562287711542,0.0,screened out,,,,,,0.1710037174721189,51,12,0.8333333333333333,True,spread > 10%,spread > 10%
2026-07-20T20:07:28+00:00,PSA,2026-07-29,AMC,2026-08-21,315.5400085449219,320.0,0.024183505418411355,0.020118208800115722,0.028248802036706988,0.05736198107956631,0.06417569706415567,0.07098941304874504,18.1,20.25,22.4,1.6536970531698647,12.607688349853804,0.0,screened out,,,,,,0.21234567901234555,65,12,0.8333333333333333,True,spread > 10%,spread > 10%
2026-07-20T20:07:28+00:00,PYPL,2026-07-28,BMO,2026-07-31,56.81999969482422,57.0,0.06671222935345854,0.05286267117368279,0.08056178753323429,0.0674058433750551,0.07180570260319186,0.07620556183132862,3.83,4.08,4.33,0.0763499181349013,0.47133599730211173,0.0,screened out,,,,,,0.12254901960784313,887,12,0.8333333333333333,True,spread > 10%,spread > 10%
2026-07-20T20:07:28+00:00,PWR,2026-07-30,BMO,2026-08-21,632.5449829101562,630.0,0.05574888037007312,0.04402981665238977,0.06746794408775647,0.13010932380075413,0.13904149487577552,0.1479736659507969,82.30000000000001,87.95,93.6,1.4940679337914597,9.108903008133003,0.0,screened out,,,,,,0.12848209209778264,158,12,0.8333333333333333,True,spread > 10%,spread > 10%
2026-07-20T20:07:28+00:00,PTC,2026-07-29,AMC,2026-08-21,124.83000183105469,125.0,0.05031411469087463,0.04122844974266519,0.05939977963908407,0.08010894699444154,0.10334054162282959,0.12657213625121763,10.0,12.9,15.8,1.0539075815552859,7.479768310120928,0.0,screened out,,,,,,0.4496124031007752,63,12,0.8333333333333333,True,spread > 10%,spread > 10%
2026-07-20T20:07:28+00:00,QCOM,2026-07-29,AMC,2026-07-31,170.32000732421875,170.0,0.07765424621289532,0.062346756689582214,0.09296173573620843,0.1153710612670098,0.12417801250876627,0.13298496375052274,19.65,21.15,22.65,0.5991142605173492,3.8951428837485285,0.0,screened out,,,,,,0.14184397163120568,668,0,0.35,True,spread > 10%,spread > 10%; thin history (n=0); low-conf moves
2026-07-20T20:07:28+00:00,RCL,2026-07-28,BMO,2026-07-31,286.2200012207031,285.0,0.061954622617272456,0.04876656347154224,0.07514268176300268,0.09398364854054177,0.09870030004722324,0.1034169515539047,26.9,28.25,29.6,0.5931063071265709,3.570901500655758,0.0,screened out,,,,,,0.09557522123893815,46,12,0.8333333333333333,True,OI < 500,OI < 500; wide market
2026-07-20T20:07:28+00:00,REG,2026-07-29,AMC,2026-08-21,82.13999938964844,80.0,0.019369841086644066,0.01626338893675925,0.02247629323652888,0.04017531074410839,0.06421962550762782,0.08826394027114723,3.3,5.275,7.25,2.3154441082074064,18.503257394794918,0.0,screened out,,,,,,0.7488151658767772,5,12,0.8333333333333333,True,spread > 10%,spread > 10%
2026-07-20T20:07:28+00:00,REGN,2026-07-30,BMO,2026-07-31,672.1500244140625,670.0,0.05028605072287248,0.043042535936316226,0.05752956550942874,0.06159339209440612,0.0685114904818213,0.0754295888692365,41.4,46.05,50.7,0.36243529760150806,3.2246394579631463,0.0,screened out,,,,,,0.20195439739413693,66,12,0.8333333333333333,True,spread > 10%,spread > 10%
2026-07-20T20:07:28+00:00,ROL,2026-07-22,AMC,2026-08-21,44.75,45.0,0.0466342890426463,0.03880517823149176,0.05446339985380084,0.07932960893854749,0.08547486033519552,0.09162011173184356,3.55,3.8249999999999997,4.1,0.8328758106943617,6.358075312666374,0.0,screened out,,,,,,0.14379084967320258,378,12,0.8333333333333333,True,spread > 10%,spread > 10%
2026-07-20T20:07:28+00:00,RJF,2026-07-22,AMC,2026-08-21,168.3300018310547,170.0,0.029310183241367856,0.022468138147739396,0.03615222833499632,0.05821897399986856,0.06713004144882803,0.07604110889778751,9.8,11.3,12.8,1.290331687660073,7.084129030926407,0.0,screened out,,,,,,0.2654867256637168,152,12,0.8333333333333333,True,spread > 10%,spread > 10%
2026-07-20T20:07:28+00:00,ROP,2026-07-23,BMO,2026-08-21,362.8399963378906,360.0,0.04403968705037023,0.035612718488710275,0.052466655612030184,0.06586925433033958,0.08695292778754032,0.10803660124474108,23.9,31.55,39.2,0.9744220182148032,6.5263812160139,0.0,screened out,,,,,,0.48494453248811425,267,12,0.8333333333333333,True,spread > 10%,spread > 10%
2026-07-20T20:07:28+00:00,SBAC,2026-08-03,AMC,2026-08-21,181.97000122070312,180.0,0.030554265640580693,0.02340260191356404,0.03770592936759735,0.051656866169930774,0.0695169528776196,0.08737703958530843,9.4,12.65,15.9,1.2751963243158608,6.982232648097322,0.0,screened out,,,,,,0.5138339920948617,65,0,0.35,True,spread > 10%,spread > 10%; thin history (n=0); low-conf moves
2026-07-20T20:07:28+00:00,RTX,2026-07-23,BMO,2026-07-24,194.47000122070312,195.0,0.04999475952558151,0.040740823774341565,0.05924869527682145,0.047050958721472455,0.05245024906655945,0.05784953941164646,9.15,10.2,11.25,0.04911493853113759,0.34006670030053604,0.0,screened out,,,,,,0.20588235294117646,618,12,0.8333333333333333,True,spread > 10%,spread > 10%
2026-07-20T20:07:28+00:00,SBUX,2026-07-29,AMC,2026-07-31,104.80999755859375,105.0,0.05307350817234587,0.0433691714879857,0.06277784485670604,0.07108100537675423,0.07394332774091883,0.07680565010508343,7.449999999999999,7.75,8.05,0.39322479872259974,2.756165787424613,0.0,screened out,,,,,,0.07741935483870986,280,0,0.35,True,OI < 500,OI < 500; thin history (n=0); low-conf moves
2026-07-20T20:07:28+00:00,SHW,2026-07-28,BMO,2026-08-21,323.5899963378906,320.0,0.03472118907061182,0.029343928381637553,0.04009844975958609,0.06396983909967721,0.07524954502788116,0.08652925095608512,20.700000000000003,24.35,28.0,1.16725138286156,9.659405410888558,0.0,screened out,,,,,,0.299794661190965,120,12,0.8333333333333333,True,spread > 10%,spread > 10%
2026-07-20T20:07:28+00:00,SO,2026-07-30,BMO,2026-07-31,94.5,95.0,0.027789543970272702,0.02394961106656027,0.03162947687398514,0.03121693121693122,0.03518518518518519,0.039153439153439155,2.95,3.325,3.7,0.2661303554611699,2.46833838473279,0.0,screened out,,,,,,0.22556390977443608,435,0,0.35,True,spread > 10%,spread > 10%; thin history (n=0); low-conf moves
2026-07-20T20:07:28+00:00,SLB,2026-07-24,BMO,2026-07-24,46.38999938964844,46.5,0.025468184546677045,0.020839618129531223,0.030096750963822867,0.043112740381847994,0.04537615925189501,0.047639578121942035,2.0,2.105,2.21,0.7816801652560451,5.5123029644112655,0.0,screened out,,,,,,0.09976247030878858,116,12,0.8333333333333333,True,OI < 500,OI < 500; wide market
2026-07-20T20:07:28+00:00,SNA,2026-07-23,BMO,2026-08-21,406.635009765625,410.0,0.05462358009860373,0.04588480077941976,0.0633623594177877,0.058037304789871624,0.06307868084153419,0.06812005689319676,23.6,25.65,27.7,0.1547884764723905,1.239996653577419,0.0,screened out,,,,,,0.15984405458089662,1532,12,0.8333333333333333,True,spread > 10%,spread > 10%
2026-07-20T20:07:28+00:00,SPGI,2026-07-28,BMO,2026-07-31,448.4150085449219,447.5,0.039661284239474376,0.03143579309254699,0.047886775386401764,0.055528917465985164,0.061996140785316775,0.06846336410464839,24.9,27.8,30.700000000000003,0.5631400236811495,3.479956593211358,0.0,screened out,,,,,,0.20863309352518,26,12,0.8333333333333333,True,spread > 10%,spread > 10%
2026-07-20T20:07:28+00:00,SW,2026-07-29,BMO,2026-08-21,43.13999938964844,45.0,0.037343538487443095,0.029014915320186605,0.04567216165469959,0.09503940792785004,0.11242466547562749,0.12980992302340494,4.1,4.85,5.6,2.010552026649288,11.553406897595774,0.0,screened out,,,,,,0.30927835051546393,309,0,0.35,True,spread > 10%,spread > 10%; thin history (n=0); low-conf moves
2026-07-20T20:07:28+00:00,SWK,2026-07-29,BMO,2026-08-21,87.5,87.5,0.060270501428809686,0.0483498994587979,0.07219110339882147,0.09942857142857142,0.10628571428571428,0.11314285714285713,8.7,9.299999999999999,9.899999999999999,0.76347818196364,4.947157613832368,0.0,screened out,,,,,,0.12903225806451607,118,0,0.35,True,spread > 10%,spread > 10%; thin history (n=0); low-conf moves
2026-07-20T20:07:28+00:00,STX,2026-07-28,AMC,2026-07-31,802.4500122070312,800.0,0.09020306289464618,0.07459083580787058,0.10581528998142177,0.17982428538211645,0.19459156037711353,0.2093588353721106,144.3,156.15,168.0,1.1572611187758584,8.569200129483946,0.0,screened out,,,,,,0.1517771373679154,104,12,0.8333333333333333,True,spread > 10%,spread > 10%
2026-07-20T20:07:28+00:00,SYF,2026-07-21,BMO,2026-08-21,73.42500305175781,72.5,0.03363112274322337,0.027305850067496286,0.039956395418950456,0.08784473587904856,0.09090908713064329,0.09397343838223801,6.45,6.675000000000001,6.9,1.703123764994178,11.605418915869778,0.0,screened out,,,,,,0.06741573033707868,76,12,0.8333333333333333,True,OI < 500,OI < 500
2026-07-20T20:07:28+00:00,SYK,2026-07-30,AMC,2026-08-21,319.0899963378906,320.0,0.04941519945557066,0.04657176887763339,0.052258630033507926,0.08994327722392466,0.09260710250756005,0.09527092779119545,28.7,29.549999999999997,30.4,0.8740610890546612,19.46759079716517,0.0,screened out,,,,,,0.0575296108291032,413,0,0.35,True,OI < 500,OI < 500; thin history (n=0); low-conf moves
2026-07-20T20:07:28+00:00,TEL,2026-07-22,BMO,2026-08-21,203.1699981689453,200.0,0.05571176204830881,0.04577031241637233,0.0656532116802453,0.11763547873897226,0.12157306798546505,0.12551065723195787,23.9,24.7,25.5,1.182179552677701,8.49049714217762,0.0,screened out,,,,,,0.06477732793522273,443,12,0.8333333333333333,True,OI < 500,OI < 500
2026-07-20T20:07:28+00:00,TDY,2026-07-22,BMO,2026-08-21,626.6500244140625,620.0,0.053559850947590276,0.045297662282844736,0.061822039612335816,0.08377882064089785,0.09606638100156287,0.1083539413622279,52.5,60.2,67.9,0.7936267428295563,6.593454970305867,0.0,screened out,,,,,,0.25581395348837216,212,12,0.8333333333333333,True,spread > 10%,spread > 10%
2026-07-20T20:07:28+00:00,TER,2026-07-28,AMC,2026-07-31,333.760009765625,335.0,0.10872386049626456,0.0928023399980066,0.12464538099452252,0.19235378152428423,0.20418863256822384,0.21602348361216342,64.2,68.15,72.1,0.8780480350515071,7.684420084175352,0.0,screened out,,,,,,0.11592076302274382,59,12,0.8333333333333333,True,spread > 10%,spread > 10%
2026-07-20T20:07:28+00:00,TKO,2026-08-03,AMC,2026-08-21,182.7899932861328,185.0,0.05770631759070007,0.04352093997499591,0.07189169520640423,0.09464413061670837,0.1036708829587644,0.11269763530082037,17.3,18.950000000000003,20.6,0.7965257061468076,4.152740136469538,0.0,screened out,,,,,,0.1741424802110818,68,0,0.35,True,spread > 10%,spread > 10%; thin history (n=0); low-conf moves; squeeze risk (13% of float short — no short premium)
2026-07-20T20:07:28+00:00,TMUS,2026-07-23,BMO,2026-07-24,195.63999938964844,195.0,0.046397570009732714,0.03781521668426259,0.05497992333520284,0.058270292555537534,0.06108157859988365,0.06389286464422976,11.399999999999999,11.95,12.5,0.3164822767026528,2.1927581742979068,0.0,screened out,,,,,,0.09205020920502105,196,12,0.8333333333333333,True,OI < 500,OI < 500; wide market
2026-07-20T20:07:28+00:00,TMO,2026-07-23,BMO,2026-07-24,526.239990234375,525.0,0.04561284892912251,0.03864890573111124,0.05257679212713379,0.054347827095508706,0.0627090312640485,0.0710702354325883,28.6,33.0,37.4,0.37481066708838184,3.1462731181808357,0.0,screened out,,,,,,0.2666666666666666,72,12,0.8333333333333333,True,spread > 10%,spread > 10%
2026-07-20T20:07:28+00:00,TROW,2026-07-31,BMO,2026-08-21,116.48999786376953,115.0,0.04205860237746084,0.03052875896378799,0.05358844579113369,0.06953386684299397,0.07597218784697488,0.0824105088509558,8.100000000000001,8.850000000000001,9.600000000000001,0.8063412370471038,3.769665343953164,0.0,screened out,,,,,,0.16949152542372878,3740,0,0.35,True,spread > 10%,spread > 10%; thin history (n=0); low-conf moves; squeeze risk (13% of float short — no short premium)
2026-07-20T20:07:28+00:00,TSCO,2026-07-23,BMO,2026-07-24,30.299999237060547,30.5,0.058559108834729624,0.04940873640383164,0.0677094812656276,0.07095709749623662,0.08085808784454869,0.09075907819286078,2.1500000000000004,2.45,2.75,0.38079437091081925,3.1231921667454525,0.0,screened out,,,,,,0.2448979591836733,379,12,0.8333333333333333,True,spread > 10%,spread > 10%
2026-07-20T20:07:28+00:00,TSN,2026-08-03,BMO,2026-08-21,58.0,57.5,0.0328674334666727,0.028402900897103546,0.03733196603624186,0.075,0.07974137931034483,0.08448275862068966,4.35,4.625,4.9,1.4261516918016102,13.455753330756313,0.0,screened out,,,,,,0.11891891891891908,232,0,0.35,True,spread > 10%,spread > 10%; thin history (n=0); low-conf moves
2026-07-20T20:07:28+00:00,TT,2026-07-30,BMO,2026-08-21,468.1700134277344,470.0,0.0443759129237434,0.034998055490981235,0.05375377035650556,0.08565264508592826,0.09195377483663869,0.09825490458734913,40.1,43.05,46.0,1.072155112496597,6.502102240810751,0.0,screened out,,,,,,0.1370499419279907,116,0,0.35,True,spread > 10%,spread > 10%; thin history (n=0); low-conf moves
2026-07-20T20:07:28+00:00,UDR,2026-07-27,AMC,2026-08-21,39.724998474121094,40.0,0.023692493738356996,0.018667855027449613,0.02871713244926438,0.04782882499637496,0.06482064440298185,0.08181246380958875,1.9000000000000001,2.575,3.25,1.7359148057108222,10.490274211628746,0.0,screened out,,,,,,0.524271844660194,2075,12,0.8333333333333333,True,spread > 10%,spread > 10%
2026-07-20T20:07:28+00:00,VICI,2026-07-29,AMC,2026-08-21,26.834999084472656,27.5,0.030554265640580693,0.02340260191356404,0.03770592936759735,0.04658095929368891,0.05030743603718403,0.05403391278067914,1.25,1.35,1.4500000000000002,0.6464946868291979,3.539828513560071,0.0,screened out,,,,,,0.14814814814814828,5986,0,0.35,True,spread > 10%,spread > 10%; thin history (n=0); low-conf moves
2026-07-20T20:07:28+00:00,WEC,2026-07-29,BMO,2026-08-21,112.55000305175781,115.0,0.018203546410017226,0.01403056884538341,0.022376523974651043,0.03376277118582141,0.05375388570374198,0.07374500022166255,3.8000000000000003,6.050000000000001,8.3,1.9529348014385683,10.918178718469985,0.0,screened out,,,,,,0.743801652892562,272,0,0.35,True,spread > 10%,spread > 10%; thin history (n=0); low-conf moves
2026-07-20T20:07:28+00:00,XYL,2026-07-28,BMO,2026-08-21,120.62000274658203,120.0,0.05386110726591443,0.04565173821271443,0.06207047631911443,0.0712982905336876,0.08166141415777009,0.09202453778185257,8.600000000000001,9.850000000000001,11.1,0.5161480760988526,4.3400257780729365,0.0,screened out,,,,,,0.25380710659898453,81,12,0.8333333333333333,True,spread > 10%,spread > 10%
2026-07-21T03:37:36+00:00,Q,2026-08-04,BMO,2026-08-21,134.5800018310547,135.0,0.05768937033553205,0.044943448296364194,0.0704352923746999,0.2050824760327149,0.2121414743019569,0.2192004725711989,27.6,28.55,29.5,2.677306114941155,15.530129231536819,5.435545231037886,iron fly,"short 135 straddle @ bid, long 125P / 145C @ ask",credit,790.0,790.0,209.99999999999997,0.06654991243432569,3154,0,0.35,False,,thin history (n=0); low-conf moves
2026-07-21T03:37:36+00:00,MPC,2026-08-04,BMO,2026-08-21,315.30999755859375,320.0,0.027324272225341468,0.020327141232247357,0.034321403218435576,0.10529320432927433,0.1094161310048182,0.11353905768036206,33.2,34.5,35.8,3.00435664315121,15.03600923230027,5.262603231305094,no affordable structure,,,,,,0.07536231884057955,1360,0,0.35,False,,thin history (n=0); low-conf moves
2026-07-21T03:37:36+00:00,SMCI,2026-08-04,AMC,2026-08-07,23.829999923706055,24.0,0.05768937033553205,0.044943448296364194,0.0704352923746999,0.1896768784922869,0.19765002161475032,0.2056231647372137,4.52,4.71,4.9,2.426108145489909,14.07301646191121,4.75823327294977,iron fly,"short 24 straddle @ bid, long 20P / 27.5C @ ask",credit,245.99999999999994,245.99999999999994,154.00000000000006,0.08067940552017001,563,0,0.35,False,,thin history (n=0); low-conf moves; wide market; squeeze risk (20% of float short — no short premium)
2026-07-21T03:37:36+00:00,ADM,2026-08-04,BMO,2026-08-21,85.66999816894531,85.0,0.0328674334666727,0.028402900897103546,0.03733196603624186,0.08170888466923586,0.08521069401220312,0.08871250335517036,7.0,7.3,7.6,1.5925569788893323,15.025788628444378,4.682694401330281,iron fly,"short 85 straddle @ bid, long 80P / 90C @ ask",credit,340.0,340.0,160.0,0.08219178082191776,2578,0,0.35,False,,thin history (n=0); low-conf moves; wide market
2026-07-21T03:37:36+00:00,PFE,2026-08-04,BMO,2026-08-07,24.75,25.0,0.04941519945557066,0.04657176887763339,0.052258630033507926,0.05090909090909091,0.052727272727272734,0.05454545454545455,1.26,1.3050000000000002,1.35,0.06702539518594822,1.4928281133182035,0.5224898396613712,no trade,,,,,,0.06896551724137936,3329,0,0.35,False,,thin history (n=0); low-conf moves
2026-07-21T03:37:36+00:00,AIZ,2026-08-04,AMC,2026-08-21,275.4700012207031,280.0,0.04205860237746084,0.03052875896378799,0.05358844579113369,0.049370167131570344,0.06098667704488102,0.07260318695819168,13.6,16.8,20.0,0.4500405053298612,2.1039505588600362,0.0,screened out,,,,,,0.38095238095238093,4,0,0.35,True,spread > 10%,spread > 10%; thin history (n=0); low-conf moves
2026-07-21T03:37:36+00:00,AMD,2026-08-04,AMC,2026-08-07,503.57000732421875,505.0,0.06621567227198662,0.04541994521610403,0.08701139932786921,0.1687948026365946,0.1727664450515733,0.17673808746655198,85.0,87.0,89.0,1.609147338139529,6.566515805259627,0.0,screened out,,,,,,0.04597701149425287,351,0,0.35,True,OI < 500,OI < 500; thin history (n=0); low-conf moves
2026-07-21T03:37:36+00:00,AME,2026-08-04,BMO,2026-08-21,235.2100067138672,240.0,0.03999060875711351,0.031652596710314,0.048328620803913015,0.07907826822447604,0.08460524396059532,0.09013221969671463,18.6,19.9,21.2,1.1156278083800308,6.857523850511796,0.0,screened out,,,,,,0.1306532663316582,4368,12,0.8333333333333333,True,spread > 10%,spread > 10%
2026-07-21T03:37:36+00:00,AMGN,2026-08-04,AMC,2026-08-07,364.1700134277344,365.0,0.04941519945557066,0.04657176887763339,0.052258630033507926,0.06507949344023355,0.06933574723062856,0.07359200102102358,23.7,25.25,26.799999999999997,0.40312592065865327,8.978652134716354,0.0,screened out,,,,,,0.12277227722772269,62,0,0.35,True,spread > 10%,spread > 10%; thin history (n=0); low-conf moves
2026-07-21T03:37:36+00:00,ANET,2026-08-04,AMC,2026-08-07,169.35000610351562,170.0,0.06621567227198662,0.04541994521610403,0.08701139932786921,0.14791850662637782,0.15411868355083677,0.1603188604752957,25.05,26.1,27.15,1.3275257693946065,5.41729072286062,0.0,screened out,,,,,,0.08045977011494244,92,0,0.35,True,OI < 500,OI < 500; thin history (n=0); low-conf moves; wide market
2026-07-21T03:37:36+00:00,APO,2026-08-04,BMO,2026-08-07,118.23999786376953,118.0,0.03729628274135235,0.025189172826561475,0.04940339265614322,0.08034506234468514,0.09303112482016174,0.10571718729563834,9.5,11.0,12.5,1.4943806187154745,5.899820362656378,0.0,screened out,,,,,,0.2727272727272727,11,0,0.35,True,spread > 10%,spread > 10%; thin history (n=0); low-conf moves
2026-07-21T03:37:36+00:00,APTV,2026-08-04,BMO,2026-08-21,57.310001373291016,57.5,0.07316628911260463,0.05621857782857077,0.09011400039663849,0.11516314503310918,0.123015177649003,0.1308672102648968,6.6,7.05,7.5,0.6813095093517694,3.7696143436449945,0.0,screened out,,,,,,0.12765957446808515,178,0,0.35,True,spread > 10%,spread > 10%; thin history (n=0); low-conf moves
2026-07-21T03:37:36+00:00,BALL,2026-08-04,BMO,2026-08-21,62.25,62.5,0.037343538487443095,0.029014915320186605,0.04567216165469959,0.05381526104417671,0.07550200803212852,0.09718875502008033,3.35,4.7,6.050000000000001,1.0218225452179994,5.871786198795945,0.0,screened out,,,,,,0.5744680851063831,584,0,0.35,True,spread > 10%,spread > 10%; thin history (n=0); low-conf moves
2026-07-21T03:37:36+00:00,BKNG,2026-08-04,AMC,2026-08-07,179.4499969482422,180.0,0.05307350817234587,0.0433691714879857,0.06277784485670604,0.08191696990800085,0.08860406949232745,0.09529116907665407,14.7,15.9,17.1,0.6694594449005143,4.692331775862194,0.0,screened out,,,,,,0.15094339622641523,437,0,0.35,True,spread > 10%,spread > 10%; thin history (n=0); low-conf moves
2026-07-21T03:37:36+00:00,BR,2026-08-04,BMO,2026-08-21,150.02000427246094,150.0,0.060270501428809686,0.0483498994587979,0.07219110339882147,0.07532328808281692,0.08932142126634927,0.10331955444988161,11.3,13.4,15.5,0.48200892889291713,3.1233035846220716,0.0,screened out,,,,,,0.3134328358208955,27,0,0.35,True,spread > 10%,spread > 10%; thin history (n=0); low-conf moves
2026-07-21T03:37:36+00:00,CAT,2026-08-04,BMO,2026-08-07,864.2999877929688,860.0,0.05267036685558679,0.04158091744727027,0.06375981626390331,0.09753557930188576,0.10557676881728441,0.11361795833268305,84.3,91.25,98.19999999999999,1.0044813643838477,6.114356291058192,0.0,screened out,,,,,,0.15232876712328758,26,0,0.35,True,spread > 10%,spread > 10%; thin history (n=0); low-conf moves
2026-07-21T03:37:36+00:00,CMI,2026-08-04,BMO,2026-08-21,639.4299926757812,640.0,0.0443759129237434,0.034998055490981235,0.05375377035650556,0.11760474307017636,0.12198364307810845,0.12636254308604056,75.2,78.0,80.80000000000001,1.7488706156361897,10.606054493679654,0.0,screened out,,,,,,0.0717948717948719,103,0,0.35,True,OI < 500,OI < 500; thin history (n=0); low-conf moves
2026-07-21T03:37:36+00:00,DD,2026-08-04,BMO,2026-08-21,135.75,135.0,0.037343538487443095,0.029014915320186605,0.04567216165469959,0.07955801104972376,0.09465930018416208,0.10976058931860037,10.8,12.850000000000001,14.9,1.5348240691222022,8.81969068780812,0.0,screened out,,,,,,0.3190661478599221,308,0,0.35,True,spread > 10%,spread > 10%; thin history (n=0); low-conf moves
2026-07-21T03:37:36+00:00,DOC,2026-08-04,AMC,2026-08-21,22.290000915527344,22.5,0.030554265640580693,0.02340260191356404,0.03770592936759735,0.058322115146007575,0.07178106479508625,0.08524001444416492,1.3,1.6,1.9,1.3492976607413572,7.3879684243005075,0.0,screened out,,,,,,0.3749999999999999,1042,0,0.35,True,spread > 10%,spread > 10%; thin history (n=0); low-conf moves
2026-07-21T03:37:36+00:00,DUK,2026-08-04,BMO,2026-08-21,125.8499984741211,125.0,0.027789543970272702,0.02394961106656027,0.03162947687398514,0.04608661160367572,0.05005959536261328,0.05403257912155084,5.800000000000001,6.300000000000001,6.800000000000001,0.8013823982201187,7.4327595247380644,0.0,screened out,,,,,,0.15873015873015872,672,0,0.35,True,spread > 10%,spread > 10%; thin history (n=0); low-conf moves
2026-07-21T03:37:36+00:00,DVN,2026-08-04,AMC,2026-08-07,43.779998779296875,44.0,0.027324272225341468,0.020327141232247357,0.034321403218435576,0.07606213094676292,0.08063042709972167,0.08519872325268041,3.33,3.5300000000000002,3.7300000000000004,1.9508719000736,9.763597130657121,0.0,screened out,,,,,,0.11331444759206809,1092,0,0.35,True,spread > 10%,spread > 10%; thin history (n=0); low-conf moves
2026-07-21T03:37:36+00:00,EOG,2026-08-04,AMC,2026-08-07,141.08999633789062,142.0,0.027324272225341468,0.020327141232247357,0.034321403218435576,0.06662414234874829,0.07406620080259783,0.08150825925644738,9.4,10.45,11.5,1.7106376408410358,8.561288294264475,0.0,screened out,,,,,,0.20095693779904303,16,0,0.35,True,spread > 10%,spread > 10%; thin history (n=0); low-conf moves
2026-07-21T03:37:36+00:00,EMR,2026-08-04,AMC,2026-08-07,136.5800018310547,137.0,0.0443759129237434,0.034998055490981235,0.05375377035650556,0.059305900508183136,0.0702884746763652,0.08127104884454726,8.1,9.6,11.1,0.5839330403669791,3.5412714876790936,0.0,screened out,,,,,,0.3125,12,0,0.35,True,spread > 10%,spread > 10%; thin history (n=0); low-conf moves
2026-07-21T03:37:36+00:00,EXPD,2026-08-04,BMO,2026-08-21,177.3699951171875,175.0,0.060270501428809686,0.0483498994587979,0.07219110339882147,0.06991035880565583,0.08569656885854585,0.10148277891143588,12.4,15.2,18.0,0.42186586849238217,2.7335908119342776,0.0,screened out,,,,,,0.3684210526315789,213,0,0.35,True,spread > 10%,spread > 10%; thin history (n=0); low-conf moves
2026-07-21T03:37:36+00:00,FIS,2026-08-04,BMO,2026-08-07,42.27000045776367,42.0,0.04205860237746084,0.03052875896378799,0.05358844579113369,0.08516678403155288,0.09403832403483962,0.1029098640381264,3.6,3.9749999999999996,4.35,1.2358879924463362,5.777807112028734,0.0,screened out,,,,,,0.18867924528301877,52,0,0.35,True,spread > 10%,spread > 10%; thin history (n=0); low-conf moves
2026-07-21T03:37:36+00:00,GWW,2026-08-04,BMO,2026-08-21,1371.219970703125,1370.0,0.0443759129237434,0.034998055490981235,0.05375377035650556,0.06811452720609588,0.0730736148399444,0.07803270247379292,93.4,100.2,107.0,0.6466954711560707,3.921895277199826,0.0,screened out,,,,,,0.1357285429141716,3,0,0.35,True,spread > 10%,spread > 10%; thin history (n=0); low-conf moves
2026-07-21T03:37:36+00:00,HSIC,2026-08-04,BMO,2026-08-21,86.19999694824219,85.0,0.05818313619777044,0.04882762644141267,0.06753864595412822,0.04408352824283354,0.09048724218265834,0.13689095612248312,3.8,7.800000000000001,11.8,0.5552142441253585,4.425300524335115,0.0,screened out,,,,,,1.0256410256410255,24,0,0.35,True,spread > 10%,spread > 10%; thin history (n=0); low-conf moves
2026-07-21T03:37:36+00:00,IDXX,2026-08-04,BMO,2026-08-21,563.8099975585938,560.0,0.06420374912538028,0.05397719463914525,0.07443030361161532,0.11049821796309224,0.11998723026008333,0.12947624255707438,62.3,67.65,73.0,0.8688508365105951,6.990830540086984,0.0,screened out,,,,,,0.15816703621581674,10,0,0.35,True,spread > 10%,spread > 10%; thin history (n=0); low-conf moves
2026-07-21T03:37:36+00:00,IFF,2026-08-04,AMC,2026-08-21,77.2699966430664,77.5,0.037343538487443095,0.029014915320186605,0.04567216165469959,0.07506147601884806,0.08994435488465415,0.10482723375046023,5.8,6.949999999999999,8.1,1.408565404558496,8.094159735752827,0.0,screened out,,,,,,0.33093525179856115,577,0,0.35,True,spread > 10%,spread > 10%; thin history (n=0); low-conf moves
2026-07-21T03:37:36+00:00,IT,2026-08-04,BMO,2026-08-21,141.05999755859375,140.0,0.06709447342068707,0.05131518031113856,0.08287376653023558,0.1439103952314174,0.15099957726252172,0.158088759293626,20.3,21.3,22.3,1.2505516410531126,6.814803447603372,0.0,screened out,,,,,,0.09389671361502347,130,0,0.35,True,OI < 500,OI < 500; thin history (n=0); low-conf moves; wide market; squeeze risk (25% of float short — no short premium)
2026-07-21T03:37:36+00:00,J,2026-08-04,AMC,2026-08-21,129.49000549316406,130.0,0.060270501428809686,0.0483498994587979,0.07219110339882147,0.061780829875880496,0.08340412033243867,0.10502741078899686,8.0,10.8,13.600000000000001,0.38382987290978415,2.487126578127128,0.0,screened out,,,,,,0.5185185185185186,108,0,0.35,True,spread > 10%,spread > 10%; thin history (n=0); low-conf moves
2026-07-21T03:37:36+00:00,KIM,2026-08-04,BMO,2026-08-21,26.030000686645508,25.0,0.030554265640580693,0.02340260191356404,0.03770592936759735,0.03649634940222611,0.062427966082755186,0.08835958276328426,0.95,1.625,2.3,1.0431833255989433,5.711864545920324,0.0,screened out,,,,,,0.8307692307692307,138,0,0.35,True,spread > 10%,spread > 10%; thin history (n=0); low-conf moves
2026-07-21T03:37:36+00:00,KMB,2026-08-04,BMO,2026-08-07,108.4800033569336,108.0,0.0328674334666727,0.028402900897103546,0.03733196603624186,0.054387903921676056,0.0603797916418607,0.06637167936204534,5.9,6.55,7.199999999999999,0.8370704759495533,7.89776705352239,0.0,screened out,,,,,,0.19847328244274792,55,0,0.35,True,spread > 10%,spread > 10%; thin history (n=0); low-conf moves; squeeze risk (13% of float short — no short premium)
2026-07-21T03:37:36+00:00,LDOS,2026-08-04,BMO,2026-08-21,107.0199966430664,105.0,0.060270501428809686,0.0483498994587979,0.07219110339882147,0.10091571985392797,0.10792375595489519,0.1149317920558624,10.8,11.55,12.3,0.7906563475728268,5.123265683584501,0.0,screened out,,,,,,0.12987012987012986,192,0,0.35,True,spread > 10%,spread > 10%; thin history (n=0); low-conf moves
2026-07-21T03:37:36+00:00,MCD,2026-08-04,BMO,2026-08-07,267.6400146484375,270.0,0.05307350817234587,0.0433691714879857,0.06277784485670604,0.05286952333561534,0.054924522475868945,0.05697952161612255,14.149999999999999,14.7,15.25,0.03487642643693845,0.24445358900401537,0.0,screened out,,,,,,0.07482993197278921,333,0,0.35,True,OI < 500,OI < 500; thin history (n=0); low-conf moves
2026-07-21T03:37:36+00:00,MOS,2026-08-04,AMC,2026-08-07,22.40999984741211,22.0,0.03838360279425665,0.031109350593013216,0.04565785499550008,0.09147701981072223,0.10040160710932929,0.10932619440793635,2.05,2.25,2.45,1.615742134668828,10.926521672785924,0.0,screened out,,,,,,0.17777777777777792,248,0,0.35,True,spread > 10%,spread > 10%; thin history (n=0); low-conf moves; squeeze risk (12% of float short — no short premium)
2026-07-21T03:37:36+00:00,MRK,2026-08-04,BMO,2026-08-07,124.4000015258789,124.0,0.05818313619777044,0.04882762644141267,0.06753864595412822,0.06310289311666098,0.06651929178858211,0.06993569046050326,7.85,8.274999999999999,8.7,0.14327442856425307,1.1419599020698912,0.0,screened out,,,,,,0.10271903323262838,527,0,0.35,True,spread > 10%,spread > 10%; thin history (n=0); low-conf moves
2026-07-21T03:37:36+00:00,NRG,2026-08-04,BMO,2026-08-07,130.5800018310547,130.0,0.018203546410017226,0.01403056884538341,0.022376523974651043,0.08806861570486713,0.10415071074662546,0.1202328057883838,11.5,13.6,15.7,4.721451655668171,26.395992815135802,0.0,screened out,,,,,,0.30882352941176466,5,0,0.35,True,spread > 10%,spread > 10%; thin history (n=0); low-conf moves
2026-07-21T03:37:36+00:00,NWSA,2026-08-04,AMC,2026-08-21,28.290000915527344,25.0,0.05770631759070007,0.04352093997499591,0.07189169520640423,0.07423117469209367,0.1449275315417067,0.2156238883913197,2.1,4.1000000000000005,6.1000000000000005,1.5114673330856094,7.880136209829139,0.0,screened out,,,,,,0.9756097560975608,23,0,0.35,True,spread > 10%,spread > 10%; thin history (n=0); low-conf moves
2026-07-21T03:37:36+00:00,PEG,2026-08-04,BMO,2026-08-21,77.83000183105469,77.5,0.018203546410017226,0.01403056884538341,0.022376523974651043,0.0513940627764957,0.06070923665473554,0.07002441053297538,4.0,4.725,5.449999999999999,2.3350224888776543,13.054297986002055,0.0,screened out,,,,,,0.30687830687830675,81,0,0.35,True,spread > 10%,spread > 10%; thin history (n=0); low-conf moves
2026-07-21T03:37:36+00:00,PNW,2026-08-04,BMO,2026-08-21,106.30000305175781,105.0,0.018203546410017226,0.01403056884538341,0.022376523974651043,0.04233301854007413,0.06585136217344864,0.08936970580682316,4.5,7.0,9.5,2.6175018147678797,14.633541574713034,0.0,screened out,,,,,,0.7142857142857143,20,0,0.35,True,spread > 10%,spread > 10%; thin history (n=0); low-conf moves; squeeze risk (10% of float short — no short premium)
2026-07-21T03:37:36+00:00,PRU,2026-08-04,AMC,2026-08-21,117.97000122070312,120.0,0.04205860237746084,0.03052875896378799,0.05358844579113369,0.047469695194147614,0.059337118992684526,0.07120454279122143,5.6,7.0,8.4,0.4108200377215393,1.9205938970351222,0.0,screened out,,,,,,0.4000000000000001,952,0,0.35,True,spread > 10%,spread > 10%; thin history (n=0); low-conf moves
2026-07-21T03:37:36+00:00,RVTY,2026-08-04,BMO,2026-08-21,106.44000244140625,105.0,0.06420374912538028,0.05397719463914525,0.07443030361161532,0.0939496408364408,0.12025554027064424,0.14656143970484767,10.0,12.8,15.600000000000001,0.8730298761183436,7.024455365535057,0.0,screened out,,,,,,0.4375000000000001,2,0,0.35,True,spread > 10%,spread > 10%; thin history (n=0); low-conf moves; squeeze risk (10% of float short — no short premium)
2026-07-21T03:37:36+00:00,SYY,2026-08-04,BMO,2026-08-21,80.77999877929688,80.0,0.0328674334666727,0.028402900897103546,0.03733196603624186,0.06189650997223648,0.06591978312043185,0.06994305626862724,5.0,5.325,5.65,1.005626121895826,9.488091005313379,0.0,screened out,,,,,,0.12206572769953059,2900,0,0.35,True,spread > 10%,spread > 10%; thin history (n=0); low-conf moves
2026-07-21T03:37:36+00:00,TDG,2026-08-04,BMO,2026-08-21,1204.72998046875,1200.0,0.0443759129237434,0.034998055490981235,0.05375377035650556,0.08300615210147827,0.08881658274858174,0.09462701339568522,100.0,107.0,114.0,1.001459280425537,6.073366209272517,0.0,screened out,,,,,,0.1308411214953271,19,0,0.35,True,spread > 10%,spread > 10%; thin history (n=0); low-conf moves
2026-07-22T21:32:14+00:00,GPN,2026-08-05,BMO,2026-08-21,78.97000122070312,80.0,0.04337501558875869,0.031160167030510787,0.05558986414700659,0.11776623852402666,0.12156514944415654,0.1253640603642864,9.3,9.6,9.899999999999999,1.8026537349686174,8.203824637794103,2.8713386232279356,iron fly,"short 80 straddle @ bid, long 77.5P / 85C @ ask",credit,255.00000000000006,255.00000000000006,244.99999999999994,0.06249999999999978,4484,0,0.35,False,,thin history (n=0); low-conf moves; squeeze risk (9% of float short — no short premium)
2026-07-22T21:32:14+00:00,OXY,2026-08-05,AMC,2026-08-07,57.5,58.0,0.03095920643553397,0.023205574248523212,0.038712838622544724,0.07026086956521739,0.07243478260869565,0.07460869565217391,4.04,4.165,4.29,1.339684731891492,6.855509410489177,2.399428293671212,iron fly,"short 58 straddle @ bid, long 53P / 63C @ ask",credit,296.0,296.0,204.0,0.060024009603841535,581,0,0.35,False,,thin history (n=0); low-conf moves
2026-07-22T21:32:14+00:00,O,2026-08-05,AMC,2026-08-21,65.02999877929688,65.0,0.030751853697969213,0.026874510933318763,0.034629196462619666,0.03921267181096465,0.04113486160561977,0.0430570514002749,2.55,2.675,2.8,0.3376384399336626,3.431954238289942,0.39291064877618453,iron fly,"short 65 straddle @ bid, long 62.5P / 67.5C @ ask",credit,154.99999999999997,154.99999999999997,95.00000000000004,0.09345794392523366,6444,0,0.35,False,,thin history (n=0); low-conf moves; wide market
2026-07-22T21:32:14+00:00,ALL,2026-08-05,AMC,2026-08-21,251.8300018310547,250.0,0.03430704076298498,0.0215929466433758,0.04702113488259416,0.06274073734312147,0.06869713645797478,0.07465353557282807,15.8,17.3,18.8,1.0024209296446935,3.4665738847034535,0.0,screened out,,,,,,0.17341040462427745,1208,0,0.35,True,spread > 10%,spread > 10%; thin history (n=0); low-conf moves
2026-07-22T21:32:14+00:00,ALB,2026-08-05,AMC,2026-08-07,117.44999694824219,119.0,0.039920390578220784,0.031648175157357156,0.04819260599908441,0.0957854431018644,0.10791826589476723,0.12005108868767005,11.25,12.675,14.1,1.7033369246052363,10.534792987364899,0.0,screened out,,,,,,0.22485207100591711,17,0,0.35,True,spread > 10%,spread > 10%; thin history (n=0); low-conf moves
2026-07-22T21:32:14+00:00,APA,2026-08-05,AMC,2026-08-07,36.18000030517578,36.0,0.03028910460918229,0.0237982947244355,0.03677991449392908,0.0848535095109111,0.08830845696656711,0.0917634044222231,3.07,3.1950000000000003,3.3200000000000003,1.9155189004760471,11.45582805559635,0.0,screened out,,,,,,0.07824726134585303,86,0,0.35,True,OI < 500,OI < 500; thin history (n=0); low-conf moves; squeeze risk (9% of float short — no short premium)
2026-07-22T21:32:14+00:00,APP,2026-08-05,AMC,2026-08-07,412.4800109863281,410.0,0.07190173953867324,0.05937626569365253,0.08442721338369394,0.16121993364232184,0.1682505773650697,0.17528122108781757,66.5,69.4,72.3,1.3400070491281237,9.858363211336506,0.0,screened out,,,,,,0.08357348703170024,23,0,0.35,True,OI < 500,OI < 500; thin history (n=0); low-conf moves; wide market
2026-07-22T21:32:14+00:00,ATO,2026-08-05,AMC,2026-08-21,178.47000122070312,180.0,0.017927057271306234,0.013881417256301928,0.02197269728631054,0.03473973193025775,0.05098896138150734,0.06723819083275694,6.2,9.1,12.0,1.8442460248687589,10.473531048359632,0.0,screened out,,,,,,0.6373626373626373,110,0,0.35,True,spread > 10%,spread > 10%; thin history (n=0); low-conf moves
2026-07-22T21:32:14+00:00,CDW,2026-08-05,BMO,2026-08-21,129.8300018310547,130.0,0.0630796114036237,0.048659220156383354,0.07750000265086404,0.11091427094592855,0.1216976028434494,0.13248093474097025,14.4,15.8,17.200000000000003,0.9292700150727039,5.209624103899219,0.0,screened out,,,,,,0.17721518987341786,183,0,0.35,True,spread > 10%,spread > 10%; thin history (n=0); low-conf moves; squeeze risk (9% of float short — no short premium)
2026-07-22T21:32:14+00:00,CF,2026-08-05,AMC,2026-08-07,127.3499984741211,125.0,0.039920390578220784,0.031648175157357156,0.04819260599908441,0.08323517963884416,0.08873184244518294,0.0942285052515217,10.6,11.3,12.0,1.2227197970751327,7.562273651012791,0.0,screened out,,,,,,0.12389380530973454,91,0,0.35,True,spread > 10%,spread > 10%; thin history (n=0); low-conf moves
2026-07-22T21:32:14+00:00,COR,2026-08-05,BMO,2026-08-21,300.5799865722656,300.0,0.05324429739519495,0.051553143521350674,0.054935451269039225,0.07618604372548392,0.08250715652366818,0.08882826932185243,22.9,24.799999999999997,26.7,0.5495961175198842,22.17614898270615,0.0,screened out,,,,,,0.15322580645161296,569,0,0.35,True,spread > 10%,spread > 10%; thin history (n=0); low-conf moves
2026-07-22T21:32:14+00:00,CPAY,2026-08-05,AMC,2026-08-21,359.0,350.0,0.04337501558875869,0.031160167030510787,0.05558986414700659,0.07910863509749304,0.08927576601671308,0.09944289693593315,28.4,32.05,35.7,1.0582301770941676,4.815974710447366,0.0,screened out,,,,,,0.22776911076443074,546,0,0.35,True,spread > 10%,spread > 10%; thin history (n=0); low-conf moves
2026-07-22T21:32:14+00:00,CRL,2026-08-05,BMO,2026-08-21,218.6999969482422,220.0,0.06420374912538028,0.05397719463914525,0.07443030361161532,0.12620027610943155,0.13968907373707007,0.1531778713647086,27.6,30.55,33.5,1.1757152135193583,9.459881346406219,0.0,screened out,,,,,,0.1931260229132569,138,0,0.35,True,spread > 10%,spread > 10%; thin history (n=0); low-conf moves; squeeze risk (10% of float short — no short premium)
2026-07-22T21:32:14+00:00,CVS,2026-08-05,BMO,2026-08-07,108.08000183105469,108.0,0.06054500974311776,0.05119357546625164,0.06989644401998388,0.06698741559347131,0.0739729817223485,0.08095854785122568,7.24,7.995,8.75,0.22178495034030632,1.8402833596505093,0.0,screened out,,,,,,0.18886804252657907,116,0,0.35,True,spread > 10%,spread > 10%; thin history (n=0); low-conf moves
2026-07-22T21:32:14+00:00,DASH,2026-08-05,AMC,2026-08-07,177.72999572753906,180.0,0.03420546141599657,0.02730958200045399,0.04110134083153915,0.1136555476598711,0.123501944115553,0.13334834057123487,20.200000000000003,21.950000000000003,23.7,2.610591379357798,16.595761806653776,0.0,screened out,,,,,,0.15945330296127544,83,0,0.35,True,spread > 10%,spread > 10%; thin history (n=0); low-conf moves
2026-07-22T21:32:14+00:00,DIS,2026-08-05,BMO,2026-08-07,95.87000274658203,96.0,0.061800870278752515,0.04796940932565238,0.07563233123185265,0.07249400021789174,0.0745801584975433,0.07666631677719486,6.949999999999999,7.1499999999999995,7.35,0.20678168707252625,1.18410743714903,0.0,screened out,,,,,,0.055944055944056,475,0,0.35,True,OI < 500,OI < 500; thin history (n=0); low-conf moves
2026-07-22T21:32:14+00:00,DVA,2026-08-04,AMC,2026-08-21,232.0800018310547,230.0,0.06420374912538028,0.05397719463914525,0.07443030361161532,0.11116856168754,0.12129438029086244,0.13142019889418488,25.799999999999997,28.15,30.5,0.8892102399502049,7.154643629011645,0.0,screened out,,,,,,0.1669626998223802,362,0,0.35,True,spread > 10%,spread > 10%; thin history (n=0); low-conf moves; squeeze risk (14% of float short — no short premium)
2026-07-22T21:32:14+00:00,EBAY,2026-08-05,AMC,2026-08-07,110.94999694824219,110.0,0.07140842470137204,0.05591768212278736,0.08689916727995672,0.06624605860447884,0.08877873159919954,0.11131140459392024,7.35,9.850000000000001,12.350000000000001,0.2432529070690134,1.4371025279983496,0.0,screened out,,,,,,0.5076142131979696,178,12,0.8333333333333333,True,spread > 10%,spread > 10%
2026-07-22T21:32:14+00:00,EXPE,2026-08-05,AMC,2026-08-07,261.0799865722656,265.0,0.08058566110562657,0.06269195728628042,0.09847936492497271,0.11107707021416192,0.12295082599567579,0.13482458177718964,29.0,32.1,35.2,0.525715919045693,3.0343184324077574,0.0,screened out,,,,,,0.19314641744548294,62,0,0.35,True,spread > 10%,spread > 10%; thin history (n=0); low-conf moves; squeeze risk (8% of float short — no short premium)
2026-07-22T21:32:14+00:00,HONA,2026-08-05,AMC,2026-08-21,207.77999877929688,210.0,0.04093739733013001,0.03195168342012844,0.049923111240131574,0.11069400392301722,0.12344787828806049,0.1362017526531038,23.0,25.65,28.3,2.0155282538492645,11.768172618759156,0.0,screened out,,,,,,0.20662768031189088,285,0,0.35,True,spread > 10%,spread > 10%; thin history (n=0); low-conf moves
2026-07-22T21:32:14+00:00,HST,2026-08-05,AMC,2026-08-21,24.5,24.28,0.03450156416460085,0.027061096776959052,0.04194203155224265,0.02040816326530612,0.0663265306122449,0.11224489795918367,0.5,1.625,2.75,0.9224209747654561,5.481762754184682,0.0,screened out,,,,,,1.3846153846153846,3846,0,0.35,True,spread > 10%,spread > 10%; thin history (n=0); low-conf moves
2026-07-22T21:32:14+00:00,IRM,2026-08-05,BMO,2026-08-07,124.51000213623047,121.0,0.03450156416460085,0.027061096776959052,0.04194203155224265,0.07429122031400555,0.08172034234540612,0.08914946437680668,9.25,10.175,11.100000000000001,1.3685981874773225,8.133304396580387,0.0,screened out,,,,,,0.18181818181818193,0,0,0.35,True,spread > 10%,spread > 10%; thin history (n=0); low-conf moves
2026-07-22T21:32:14+00:00,KHC,2026-08-05,BMO,2026-08-07,25.959999084472656,26.0,0.02753266528637381,0.02263861137511501,0.03242671919763261,0.055469955731288954,0.05970724401631796,0.06394453230134699,1.44,1.5499999999999998,1.66,1.1685965886443863,8.425518158971482,0.0,screened out,,,,,,0.14193548387096774,670,12,0.8333333333333333,True,spread > 10%,spread > 10%; squeeze risk (11% of float short — no short premium)
2026-07-22T21:32:14+00:00,LLY,2026-08-05,BMO,2026-08-07,1163.010009765625,1165.0,0.07513654621959726,0.06417189372804592,0.08610119871114859,0.07738540446280183,0.08469402599539978,0.09200264752799774,90.0,98.5,107.0,0.1272014785969724,1.1171230542971353,0.0,screened out,,,,,,0.17258883248730963,68,12,0.8333333333333333,True,spread > 10%,spread > 10%
2026-07-22T21:32:14+00:00,MET,2026-08-05,AMC,2026-08-21,93.2699966430664,92.5,0.03430704076298498,0.0215929466433758,0.04702113488259416,0.05843250987620945,0.06459740770718568,0.0707623055381619,5.45,6.025,6.6,0.88291984008373,3.053314999124839,0.0,screened out,,,,,,0.19087136929460571,671,0,0.35,True,spread > 10%,spread > 10%; thin history (n=0); low-conf moves
2026-07-22T21:32:14+00:00,MCK,2026-08-05,AMC,2026-08-21,814.0399780273438,810.0,0.05324429739519495,0.051553143521350674,0.054935451269039225,0.07518058283612243,0.08083141095779178,0.0864822390794611,61.2,65.80000000000001,70.4,0.5181233467658912,20.90622579567808,0.0,screened out,,,,,,0.13981762917933133,433,0,0.35,True,spread > 10%,spread > 10%; thin history (n=0); low-conf moves
2026-07-22T21:32:14+00:00,NI,2026-08-05,BMO,2026-08-21,46.56999969482422,45.0,0.017927057271306234,0.013881417256301928,0.02197269728631054,0.04401975549567883,0.05958771780512622,0.07515568011457362,2.05,2.775,3.5,2.3238984459820626,13.197492199534432,0.0,screened out,,,,,,0.5225225225225226,2479,0,0.35,True,spread > 10%,spread > 10%; thin history (n=0); low-conf moves
2026-07-22T21:32:14+00:00,PSX,2026-08-05,BMO,2026-08-07,211.41000366210938,220.0,0.03095920643553397,0.023205574248523212,0.038712838622544724,0.06811408992270353,0.07308074231290065,0.0780473947030978,14.399999999999999,15.45,16.5,1.3605495982293963,6.962280267932738,0.0,screened out,,,,,,0.13592233009708748,24,0,0.35,True,spread > 10%,spread > 10%; thin history (n=0); low-conf moves
2026-07-22T21:32:14+00:00,PODD,2026-08-05,BMO,2026-08-21,158.92999267578125,160.0,0.06420374912538028,0.05397719463914525,0.07443030361161532,0.11451582985426911,0.12898761055013827,0.14345939124600743,18.200000000000003,20.5,22.799999999999997,1.0090354894734392,8.118765407618408,0.0,screened out,,,,,,0.22439024390243875,189,0,0.35,True,spread > 10%,spread > 10%; thin history (n=0); low-conf moves
2026-07-23T22:18:18+00:00,XOM,2026-07-31,BMO,2026-07-31,156.88999938964844,157.5,0.017979134567198293,0.01476346813536485,0.021194800999031736,0.04525463718287487,0.046210721067020115,0.04716680495116536,7.1,7.25,7.4,1.5702416817841962,11.251664942604872,9.376387452170727,iron fly,"short 157.5 straddle @ bid, long 152.5P / 162.5C @ ask",credit,368.0,368.0,132.00000000000003,0.04137931034482768,513,12,0.8333333333333333,False,,
2026-07-23T22:18:18+00:00,MNST,2026-08-06,AMC,2026-08-21,93.55999755859375,92.5,0.05123774456168123,0.04222192669228653,0.060253562431075935,0.07642154966413049,0.07989525646704551,0.08336896326996053,7.15,7.475,7.8,0.5593047108243744,4.0736700530065875,2.2139511157644622,iron fly,"short 92.5 straddle @ bid, long 87.5P / 97.5C @ ask",credit,330.00000000000006,330.00000000000006,169.99999999999994,0.08695652173913036,569,12,0.8333333333333333,False,,wide market
2026-07-23T22:18:18+00:00,ABNB,2026-08-06,AMC,2026-08-07,137.57000732421875,139.0,0.04759162681170278,0.03589457428938296,0.0592886793340226,0.06978265238712357,0.085229333254065,0.10067601412100641,9.600000000000001,11.725000000000001,13.850000000000001,0.7908472343523064,4.123815335913779,0.0,screened out,,,,,,0.3624733475479744,42,12,0.8333333333333333,True,spread > 10%,spread > 10%
2026-07-23T22:18:18+00:00,AFL,2026-08-06,AMC,2026-08-07,124.33999633789062,125.0,0.03738988157155131,0.030638871257169697,0.04414089188593293,0.038603829349939243,0.04262506157389125,0.046646293797843255,4.8,5.300000000000001,5.800000000000001,0.14001595571576267,0.9938374226307841,0.0,screened out,,,,,,0.18867924528301902,239,12,0.8333333333333333,True,spread > 10%,spread > 10%
2026-07-23T22:18:18+00:00,AIG,2026-08-06,AMC,2026-08-07,78.16000366210938,78.0,0.04044562723433777,0.03462054976392255,0.04627070470475299,0.04989764351675245,0.05501535054411168,0.06013305757147091,3.9,4.3,4.7,0.3602298766528812,3.2055466195328104,0.0,screened out,,,,,,0.18604651162790706,5,12,0.8333333333333333,True,spread > 10%,spread > 10%
2026-07-23T22:18:18+00:00,AKAM,2026-08-06,AMC,2026-08-07,117.37000274658203,116.0,0.1159723503594288,0.09899071487276534,0.13295398584609225,0.14739711676886533,0.16315923619212552,0.1789213556153857,17.299999999999997,19.15,21.0,0.4068804821705533,3.561183075133017,0.0,screened out,,,,,,0.1932114882506529,14,12,0.8333333333333333,True,spread > 10%,spread > 10%; squeeze risk (13% of float short — no short premium)
2026-07-23T22:18:18+00:00,BDX,2026-08-06,BMO,2026-08-21,152.97000122070312,155.0,0.06004096707477023,0.047824030345356636,0.07225790380418383,0.07125580122257842,0.07975419953352814,0.08825259784447786,10.9,12.2,13.5,0.3283296958593058,2.067988013584221,0.0,screened out,,,,,,0.21311475409836064,209,12,0.8333333333333333,True,spread > 10%,spread > 10%
2026-07-23T22:18:18+00:00,CEG,2026-08-06,BMO,2026-08-07,275.6000061035156,275.0,0.04544497297695561,0.034444381355181346,0.05644556459872987,0.08744557135803552,0.0974238004549068,0.10740202955177806,24.1,26.85,29.6,1.1437750772634148,6.055680238495927,0.0,screened out,,,,,,0.20484171322160147,147,12,0.8333333333333333,True,spread > 10%,spread > 10%
2026-07-23T22:18:18+00:00,COP,2026-08-06,BMO,2026-08-07,120.19999694824219,120.0,0.023729892006935774,0.019143603996858535,0.028316180017013012,0.0574043275805666,0.061772048157348845,0.06613976873413108,6.9,7.425000000000001,7.95,1.6031322915120771,10.630563805683957,0.0,screened out,,,,,,0.14141414141414138,175,12,0.8333333333333333,True,spread > 10%,spread > 10%
2026-07-23T22:18:18+00:00,DDOG,2026-08-06,BMO,2026-08-07,244.38999938964844,245.0,0.11629337985633344,0.09069020922067454,0.14189655049199235,0.151192766039039,0.16357052293398064,0.17594827982892225,36.95,39.975,43.0,0.4065333997176147,2.3665188749679773,0.0,screened out,,,,,,0.15134459036898054,161,12,0.8333333333333333,True,spread > 10%,spread > 10%
2026-07-23T22:18:18+00:00,ED,2026-08-06,AMC,2026-08-21,112.79000091552734,115.0,0.014258004449434918,0.01114704985005075,0.017368959048819087,0.02659810245277693,0.050536394660276165,0.0744746868677754,3.0,5.7,8.4,2.544422702314352,14.945375578100036,0.0,screened out,,,,,,0.9473684210526316,1420,12,0.8333333333333333,True,spread > 10%,spread > 10%
2026-07-23T22:18:18+00:00,EVRG,2026-08-06,BMO,2026-08-21,86.6500015258789,85.0,0.01649788771341969,0.012837160474761095,0.020158614952078286,0.016733987010570828,0.03433352507341256,0.051933063136254294,1.45,2.975,4.5,1.0810861165872176,6.2441562428297175,0.0,screened out,,,,,,1.0252100840336134,108,12,0.8333333333333333,True,spread > 10%,spread > 10%
2026-07-23T22:18:18+00:00,FISV,2026-08-06,BMO,2026-08-07,49.970001220703125,50.0,0.09310468955446294,0.06639568608535112,0.11981369302357475,0.09905943324150171,0.10606363559191093,0.11306783794232014,4.95,5.300000000000001,5.65,0.13918682398771615,0.6218197268497953,0.0,screened out,,,,,,0.13207547169811323,429,12,0.8333333333333333,True,spread > 10%,spread > 10%
2026-07-23T22:18:18+00:00,FOX,2026-08-06,BMO,2026-08-21,49.18000030517578,50.0,0.05201270298731411,0.045301907505234926,0.0587234984693933,0.04778365159450156,0.10217568053717886,0.15656770947985615,2.35,5.0249999999999995,7.699999999999999,0.9644370445831182,9.579918237649558,0.0,screened out,,,,,,1.064676616915423,208,12,0.8333333333333333,True,spread > 10%,spread > 10%
2026-07-23T22:18:18+00:00,FOXA,2026-08-06,BMO,2026-08-21,55.09000015258789,55.0,0.051391954955363556,0.04472478483021926,0.058059125080507853,0.04991831534549046,0.09212198195576876,0.13432564856604706,2.75,5.075,7.4,0.7925370232710789,7.829349127728994,0.0,screened out,,,,,,0.916256157635468,1082,12,0.8333333333333333,True,spread > 10%,spread > 10%; squeeze risk (12% of float short — no short premium)
2026-07-23T22:18:18+00:00,GEN,2026-08-06,AMC,2026-08-21,25.06999969482422,25.0,0.07372759896607775,0.06162650352851477,0.08582869440364073,0.03988831320993008,0.08276824991060493,0.12564818661127974,1.0,2.075,3.15,0.12262234321080769,0.9574751567151856,0.0,screened out,,,,,,1.0361445783132528,163,12,0.8333333333333333,True,spread > 10%,spread > 10%
2026-07-23T22:18:18+00:00,GILD,2026-08-04,AMC,2026-08-07,130.86000061035156,131.0,0.04389330586815788,0.037650913511807424,0.050135698224508335,0.0534922815784113,0.06610117652189396,0.07871007146537663,7.0,8.65,10.3,0.5059511972153967,4.559406939692576,0.0,screened out,,,,,,0.3815028901734105,41,12,0.8333333333333333,True,spread > 10%,spread > 10%
2026-07-23T22:18:18+00:00,HWM,2026-08-06,BMO,2026-08-07,287.0899963378906,280.0,0.059528322645183596,0.04842267192130102,0.07063397336906617,0.07454108562812221,0.08481660911424188,0.09509213260036153,21.4,24.35,27.3,0.42481100332337934,2.9182862620601706,0.0,screened out,,,,,,0.24229979466119103,68,12,0.8333333333333333,True,spread > 10%,spread > 10%
2026-07-23T22:18:18+00:00,JCI,2026-07-29,BMO,2026-08-21,143.2899932861328,145.0,0.0537575029720178,0.04544358968124731,0.06207141626278829,0.09212087806886272,0.09770396158818774,0.10328704510751276,13.2,14.0,14.8,0.8174944182032643,6.774400861867035,0.0,screened out,,,,,,0.1142857142857144,1039,12,0.8333333333333333,True,spread > 10%,spread > 10%
2026-07-23T22:18:18+00:00,KDP,2026-08-06,BMO,2026-08-21,29.670000076293945,30.0,0.03867550101883758,0.03316392081998061,0.044187081217694546,0.03707448591747359,0.0716211659769376,0.10616784603640161,1.1,2.125,3.15,0.851848433509711,7.6608091848246245,0.0,screened out,,,,,,0.9647058823529411,232,12,0.8333333333333333,True,spread > 10%,spread > 10%
2026-07-23T22:18:18+00:00,KVUE,2026-08-06,BMO,2026-08-07,18.899999618530273,19.0,0.04352591950832875,0.033911325348607795,0.053140513668049706,0.037037037784577176,0.04682539777050114,0.05661375775642511,0.7,0.8849999999999999,1.0699999999999998,0.0758049065808025,0.43981173521762684,0.0,screened out,,,,,,0.41807909604519766,187,12,0.8333333333333333,True,spread > 10%,spread > 10%
2026-07-23T22:18:18+00:00,MCHP,2026-08-06,AMC,2026-08-07,81.3499984741211,81.0,0.05469708928025221,0.04396704799432668,0.06542713056617774,0.12907191391454345,0.1370620800140152,0.14505224611348694,10.5,11.15,11.8,1.5058386436570397,9.837704190649399,0.0,screened out,,,,,,0.11659192825112114,147,12,0.8333333333333333,True,spread > 10%,spread > 10%
2026-07-23T22:18:18+00:00,NWSA,2026-08-05,AMC,2026-08-21,26.329999923706055,25.0,0.037545985552005806,0.02997514124253892,0.045116829861472696,0.032282567507138794,0.13862514282477245,0.24496771814240614,0.85,3.65,6.45,2.6921428692492193,17.110779546581337,0.0,screened out,,,,,,1.534246575342466,12,12,0.8124999999999999,True,spread > 10%,spread > 10%
2026-07-23T22:18:18+00:00,PH,2026-08-06,BMO,2026-08-21,985.47998046875,990.0,0.04778530076156898,0.039661419235421255,0.0559091822877167,0.08249787069375994,0.09076795244227338,0.09903803419078683,81.30000000000001,89.45,97.6,0.89949526309716,6.780818530734085,0.0,screened out,,,,,,0.18222470653996625,31,12,0.8333333333333333,True,spread > 10%,spread > 10%
2026-07-23T22:18:18+00:00,PSKY,2026-08-04,AMC,2026-08-07,8.489999771118164,8.5,0.054905898005540035,0.04553089123606091,0.06428090477501916,0.06242638566410669,0.12131920232835829,0.18021201899260986,0.53,1.03,1.53,1.2095841564437597,9.078957798432915,0.0,screened out,,,,,,0.970873786407767,153,12,0.8333333333333333,True,spread > 10%,spread > 10%; squeeze risk (16% of float short — no short premium)
2026-07-23T22:18:18+00:00,ROK,2026-08-04,BMO,2026-08-21,460.6499938964844,460.0,0.061717272349002775,0.04987555353658991,0.07355899116141565,0.10202974193583007,0.1077824827045524,0.11353522347327474,47.0,49.65,52.3,0.746390898402916,4.9855240212077785,0.0,screened out,,,,,,0.10674723061430004,123,12,0.8333333333333333,True,spread > 10%,spread > 10%
2026-07-23T22:18:18+00:00,RMD,2026-08-06,AMC,2026-08-21,191.88999938964844,190.0,0.0628142699792321,0.048394403618248774,0.07723413634021543,0.08650789542342087,0.09588826962596046,0.10526864382850008,16.6,18.4,20.2,0.5265364010067045,2.939530567491094,0.0,screened out,,,,,,0.19565217391304338,396,12,0.8333333333333333,True,spread > 10%,spread > 10%; squeeze risk (12% of float short — no short premium)
2026-07-23T22:18:18+00:00,RL,2026-08-06,BMO,2026-08-21,371.69000244140625,370.0,0.06633775490035185,0.05281625140585497,0.07985925839484873,0.09255024287456552,0.1025047748116554,0.11245930674874531,34.4,38.099999999999994,41.8,0.5451951149934339,3.427995469378928,0.0,screened out,,,,,,0.1942257217847769,288,12,0.8333333333333333,True,spread > 10%,spread > 10%; squeeze risk (10% of float short — no short premium)
2026-07-23T22:18:18+00:00,RSG,2026-08-06,AMC,2026-08-21,217.4199981689453,220.0,0.030457652207128115,0.025013278773900624,0.035902025640355606,0.037944991580716375,0.05300800339003106,0.06807101519934575,8.25,11.525,14.8,0.7403837639732916,5.308329862096882,0.0,screened out,,,,,,0.5683297180043384,856,12,0.8333333333333333,True,spread > 10%,spread > 10%
2026-07-23T22:18:18+00:00,SNDK,2026-08-05,AMC,2026-08-07,1610.3299560546875,1610.0,0.07802457188446821,0.06478204711234026,0.09126709665659616,0.2454155426433481,0.25165649963617615,0.2578974566290042,395.20000000000005,405.25,415.3,2.2253493169921716,16.80394656122897,0.0,screened out,,,,,,0.049599012954965986,108,6,0.75,True,OI < 500,OI < 500; thin history (n=6)
2026-07-23T22:18:18+00:00,SOLV,2026-08-05,AMC,2026-08-21,77.23999786376953,75.0,0.05167990576473071,0.04521916414157055,0.05814064738789086,0.07767996071908724,0.08965562132994653,0.10163128194080581,6.0,6.925,7.85,0.7348255575019373,7.533140915883696,0.0,screened out,,,,,,0.2671480144404332,52,9,0.8,True,spread > 10%,spread > 10%
2026-07-23T22:18:18+00:00,SRE,2026-08-06,BMO,2026-08-21,93.44000244140625,95.0,0.029734833304460785,0.017803103110113877,0.04166656349880769,0.055115580751717436,0.06207191618640021,0.06902825162108299,5.15,5.8,6.449999999999999,1.087515189704738,3.473360924732341,0.0,screened out,,,,,,0.22413793103448257,2720,12,0.8333333333333333,True,spread > 10%,spread > 10%
2026-07-23T22:18:18+00:00,STE,2026-08-05,AMC,2026-08-21,210.63999938964844,210.0,0.0598526380006921,0.05271465583020433,0.06699062017117988,0.058393467696736354,0.07334789235077858,0.08830231700482083,12.3,15.450000000000001,18.6,0.22547467916001354,2.423026222533833,0.0,screened out,,,,,,0.4077669902912622,26,12,0.8333333333333333,True,spread > 10%,spread > 10%
2026-07-23T22:18:18+00:00,TECH,2026-08-05,BMO,2026-08-21,71.7699966430664,70.0,0.07200557668939178,0.05956954785202981,0.08444160552675375,0.0013933399007572736,0.02159676846173774,0.041800197022718207,0.1,1.55,3.0,-0.7000681134060067,-5.194900194382768,0.0,screened out,,,,,,1.8709677419354838,343,12,0.8333333333333333,True,spread > 10%,spread > 10%; squeeze risk (10% of float short — no short premium)
2026-07-23T22:18:18+00:00,TAP,2026-08-06,BMO,2026-08-21,40.040000915527344,40.0,0.03431925741938818,0.026469418970287983,0.04216909586848838,0.07367632199169113,0.08179320492297913,0.08991008785426714,2.95,3.2750000000000004,3.6,1.3833034591468523,7.750810607774526,0.0,screened out,,,,,,0.19847328244274803,2203,12,0.8333333333333333,True,spread > 10%,spread > 10%; squeeze risk (25% of float short — no short premium)
2026-07-23T22:18:18+00:00,TPL,2026-08-05,AMC,2026-08-21,425.54998779296875,430.0,0.06166712813140279,0.052841256552566024,0.07049299971023956,0.10457055875101887,0.11303019945896646,0.12148984016691405,44.5,48.1,51.7,0.8329084373463472,7.458403583760443,0.0,screened out,,,,,,0.14968814968814975,128,12,0.8333333333333333,True,spread > 10%,spread > 10%; squeeze risk (9% of float short — no short premium)
2026-07-23T22:18:18+00:00,TRGP,2026-08-06,BMO,2026-08-21,285.5799865722656,290.0,0.031059882762721973,0.026834186698239896,0.035285578827204046,0.07528538767039775,0.0814132680621743,0.08754114845395086,21.5,23.25,25.0,1.6211711320393776,15.271542868923211,0.0,screened out,,,,,,0.15053763440860216,1645,12,0.6874999999999999,True,spread > 10%,spread > 10%; low-conf moves
2026-07-23T22:18:18+00:00,TRMB,2026-08-05,BMO,2026-08-21,50.349998474121094,50.0,0.057905855848666414,0.04435988690565146,0.07145182479168137,0.0933465768110342,0.125124134874365,0.15690169293769582,4.699999999999999,6.3,7.9,1.1608200593972677,6.35960017048152,0.0,screened out,,,,,,0.5079365079365081,515,12,0.8333333333333333,True,spread > 10%,spread > 10%
2026-07-23T22:18:18+00:00,TTD,2026-08-06,AMC,2026-08-07,16.790000915527344,17.0,0.1077093009848623,0.08087195858964656,0.13454664338007802,0.15604525652985712,0.16557473784465757,0.17510421915945798,2.62,2.7800000000000002,2.94,0.5372371404390398,2.7633266657854367,0.0,screened out,,,,,,0.11510791366906468,881,12,0.8333333333333333,True,spread > 10%,spread > 10%; squeeze risk (18% of float short — no short premium)
2026-07-23T22:18:18+00:00,TXT,2026-07-28,BMO,2026-08-21,93.19000244140625,92.5,0.05717581055597751,0.048807643695210706,0.06554397741674431,0.06223843597006862,0.08101727440931346,0.09979611284855829,5.800000000000001,7.550000000000001,9.3,0.41698514846578627,3.651363623936567,0.0,screened out,,,,,,0.46357615894039733,116,12,0.8333333333333333,True,spread > 10%,spread > 10%
2026-07-23T22:18:18+00:00,UBER,2026-08-05,BMO,2026-08-07,68.91000366210938,69.0,0.05250298353366889,0.04400382109020941,0.06100214597712837,0.08445798419250652,0.09048033186259075,0.09650267953267498,5.82,6.235,6.65,0.7233369567382376,5.726654825358884,0.0,screened out,,,,,,0.13311948676824378,261,12,0.8333333333333333,True,spread > 10%,spread > 10%
2026-07-23T22:18:18+00:00,TYL,2026-07-29,AMC,2026-08-21,288.1600036621094,290.0,0.06614634885258452,0.054312016037268006,0.07798068166790105,0.11937812174772439,0.1363825635083014,0.15338700526887844,34.4,39.3,44.2,1.0618305601756968,7.606236372384735,0.0,screened out,,,,,,0.2493638676844785,26,12,0.8333333333333333,True,spread > 10%,spread > 10%; squeeze risk (10% of float short — no short premium)
2026-07-23T22:18:18+00:00,UHS,2026-07-27,AMC,2026-08-21,151.27000427246094,150.0,0.05917195232025257,0.04897777036808865,0.06936613427241649,0.08792225573051893,0.10940701746917957,0.1308917792078402,13.3,16.55,19.8,0.8489675121253896,6.3154905216498145,0.0,screened out,,,,,,0.39274924471299094,390,12,0.8333333333333333,True,spread > 10%,spread > 10%
2026-07-23T22:18:18+00:00,V,2026-07-28,AMC,2026-07-31,351.6000061035156,352.5,0.02692201915367865,0.021670016896693838,0.032174021410663466,0.03839590377033561,0.04074232011185612,0.04308873645337663,13.5,14.325,15.149999999999999,0.5133456327806323,3.372446705338775,0.0,screened out,,,,,,0.11518324607329834,148,12,0.8333333333333333,True,spread > 10%,spread > 10%
2026-07-23T22:18:18+00:00,UPS,2026-07-28,BMO,2026-07-31,114.0999984741211,114.0,0.0548227996466899,0.04368810730156951,0.0659574919918103,0.06397896667505833,0.0727432086853403,0.08150745069562226,7.3,8.3,9.3,0.3268787649324728,2.062634108970168,0.0,screened out,,,,,,0.24096385542168683,320,12,0.8333333333333333,True,spread > 10%,spread > 10%
2026-07-23T22:18:18+00:00,VLTO,2026-07-28,AMC,2026-08-21,91.5,90.0,0.04511808879349253,0.03991683340213842,0.05031934418484664,0.053005464480874315,0.08551912568306011,0.1180327868852459,4.85,7.825,10.8,0.8954509814120207,9.954898381598174,0.0,screened out,,,,,,0.7603833865814698,388,11,0.8235294117647058,True,spread > 10%,spread > 10%
2026-07-23T22:18:18+00:00,VRTX,2026-08-03,AMC,2026-08-07,473.0899963378906,475.0,0.052297144793566605,0.04003961822382485,0.06455467136330836,0.05981948512770403,0.07049398689077489,0.08116848865384574,28.3,33.35,38.4,0.34795096690339383,1.9025920685622852,0.0,screened out,,,,,,0.30284857571214385,26,12,0.8333333333333333,True,spread > 10%,spread > 10%
2026-07-23T22:18:18+00:00,VRSK,2026-07-29,BMO,2026-08-21,193.1699981689453,195.0,0.056774527232655206,0.05002818311198182,0.0635208713533286,0.0729927014218234,0.09214681456088346,0.1113009276999435,14.1,17.8,21.5,0.6230309445515391,6.719657732984481,0.0,screened out,,,,,,0.4157303370786517,49,12,0.8333333333333333,True,spread > 10%,spread > 10%
2026-07-23T22:18:18+00:00,VMC,2026-07-29,BMO,2026-08-21,274.92999267578125,270.0,0.039155470022055175,0.032208471805007195,0.046102468239103155,0.069108502186614,0.08129342230899068,0.09347834243136736,19.0,22.35,25.700000000000003,1.0761702582857615,7.773717217662498,0.0,screened out,,,,,,0.29977628635346765,308,12,0.8333333333333333,True,spread > 10%,spread > 10%
2026-07-23T22:18:18+00:00,VLO,2026-07-30,BMO,2026-07-31,305.260009765625,305.0,0.026115168488409668,0.02049655647522848,0.031733780501590855,0.06060407327577588,0.06617309622544178,0.07174211917510767,18.5,20.2,21.9,1.533895052402609,9.137174816011772,0.0,screened out,,,,,,0.16831683168316824,129,12,0.8333333333333333,True,spread > 10%,spread > 10%
2026-07-23T22:18:18+00:00,VRT,2026-07-29,BMO,2026-07-31,304.0400085449219,305.0,0.07346193315620687,0.05355396974046254,0.09336989657195122,0.11939218188331513,0.12662807169442514,0.13386396150553517,36.3,38.5,40.7,0.7237236518833183,3.422636546372864,0.0,screened out,,,,,,0.11428571428571443,426,12,0.8333333333333333,True,spread > 10%,spread > 10%
2026-07-23T22:18:18+00:00,VTR,2026-07-29,AMC,2026-08-21,97.91999816894531,97.5,0.03778499048985423,0.030934337339070375,0.04463564364063809,0.04493464136313099,0.060763890025143034,0.07659313868715509,4.4,5.95,7.5,0.6081488770378,4.298824797611666,0.0,screened out,,,,,,0.5210084033613445,32,12,0.8333333333333333,True,spread > 10%,spread > 10%
2026-07-23T22:18:18+00:00,VTRS,2026-08-06,BMO,2026-08-21,17.280000686645508,17.0,0.07268211674702643,0.06257261805175873,0.08279161544229413,0.06655092328142982,0.08969907050975325,0.11284721773807667,1.15,1.5499999999999998,1.95,0.2341284833785886,2.15727095869942,0.0,screened out,,,,,,0.5161290322580646,6942,12,0.8333333333333333,True,spread > 10%,spread > 10%
2026-07-23T22:18:18+00:00,VZ,2026-07-24,BMO,2026-07-24,43.81999969482422,44.0,0.04663085332111566,0.03850676591404289,0.054754940728188435,0.03400273871238732,0.03674121431338495,0.039479689914382596,1.49,1.6099999999999999,1.73,-0.21208359494576148,-1.5601212440517682,0.0,screened out,,,,,,0.14906832298136646,4210,12,0.8333333333333333,True,spread > 10%,spread > 10%
2026-07-23T22:18:18+00:00,WAT,2026-08-04,BMO,2026-08-21,382.4100036621094,380.0,0.07377678451019828,0.05960352919111281,0.08795003982928376,0.08472581702812372,0.10538427241461067,0.12604272780109763,32.4,40.3,48.2,0.4284205135023637,2.858070047164626,0.0,screened out,,,,,,0.3920595533498761,14,12,0.8333333333333333,True,spread > 10%,spread > 10%
2026-07-23T22:18:18+00:00,WBD,2026-08-06,AMC,2026-08-07,25.950000762939453,26.0,0.05058286604756525,0.038527103824859715,0.06263862827027078,0.019653178612940834,0.10789980414947908,0.19614642968601734,0.51,2.8,5.09,1.1331295076877663,6.0931350929487404,0.0,screened out,,,,,,1.635714285714286,57,12,0.8333333333333333,True,spread > 10%,spread > 10%
2026-07-23T22:18:18+00:00,WDC,2026-08-05,AMC,2026-08-07,558.2999877929688,560.0,0.0714522416086774,0.06092792594583195,0.08197655727152285,0.1792942901462493,0.1952355407186931,0.21117679129113684,100.1,109.0,117.9,1.7323921030769038,15.073728422975158,0.0,screened out,,,,,,0.16330275229357807,87,12,0.8333333333333333,True,spread > 10%,spread > 10%
2026-07-23T22:18:18+00:00,WELL,2026-07-27,AMC,2026-08-21,247.0500030517578,250.0,0.027049632260896433,0.022233270914323092,0.03186599360746978,0.05909734798481768,0.06456182879163301,0.07002630959844834,14.600000000000001,15.950000000000001,17.3,1.3867913681386739,9.98173260152002,0.0,screened out,,,,,,0.1692789968652037,489,12,0.8333333333333333,True,spread > 10%,spread > 10%
2026-07-23T22:18:18+00:00,WM,2026-07-28,AMC,2026-08-21,237.27000427246094,240.0,0.040887816786015135,0.03439854622607014,0.047377087345960134,0.05858304779241461,0.06616934175114457,0.07375563570987452,13.899999999999999,15.7,17.5,0.6183143770536674,4.992980658766755,0.0,screened out,,,,,,0.22929936305732493,1191,12,0.8333333333333333,True,spread > 10%,spread > 10%
2026-07-23T22:18:18+00:00,WMB,2026-08-03,AMC,2026-08-07,75.25,75.0,0.025199725371820487,0.02111862291086939,0.029280827832771583,0.04916943521594684,0.054817275747508304,0.06046511627906977,3.6999999999999997,4.125,4.55,1.175312426571424,9.300882034859638,0.0,screened out,,,,,,0.20606060606060608,202,12,0.8333333333333333,True,spread > 10%,spread > 10%
2026-07-23T22:18:18+00:00,WTW,2026-07-30,BMO,2026-08-21,288.3699951171875,290.0,0.05326109565000961,0.04400722002752916,0.06251497127249006,0.07282311043306028,0.08721434416149838,0.10160557788993649,21.0,25.15,29.3,0.63748685784842,4.7022982658870225,0.0,screened out,,,,,,0.3300198807157058,4,12,0.8333333333333333,True,spread > 10%,spread > 10%
2026-07-23T22:18:18+00:00,WY,2026-07-30,AMC,2026-08-21,23.639999389648438,24.0,0.02305217300667904,0.019287676533641135,0.026816669479716948,0.03595600769652308,0.1068104934514362,0.17766497920634933,0.8500000000000001,2.5250000000000004,4.2,3.6334240776559055,28.515012366414794,0.0,screened out,,,,,,1.3267326732673266,1163,12,0.8333333333333333,True,spread > 10%,spread > 10%
2026-07-23T22:18:18+00:00,XEL,2026-07-30,BMO,2026-08-21,80.7699966430664,80.0,0.024782332404288274,0.020016134269044472,0.029548530539532075,0.05199950692780601,0.056332799171789856,0.060666091415773685,4.2,4.550000000000001,4.9,1.2731032032336944,8.483717433027296,0.0,screened out,,,,,,0.15384615384615385,2507,12,0.8333333333333333,True,spread > 10%,spread > 10%
2026-07-23T22:18:18+00:00,YUM,2026-07-30,BMO,2026-08-21,147.3699951171875,145.0,0.04666218645929493,0.03728486398151812,0.05603950893707174,0.06717785389167989,0.07667775242181644,0.08617765095195298,9.9,11.3,12.7,0.6432524542909096,4.102231679536695,0.0,screened out,,,,,,0.2477876106194689,449,12,0.8333333333333333,True,spread > 10%,spread > 10%
2026-07-23T22:18:18+00:00,XYZ,2026-08-05,AMC,2026-08-07,76.48999786376953,76.0,0.08206494386921326,0.06531173531031056,0.09881815242811595,0.10981827996597145,0.11798928293963001,0.1261602859132886,8.4,9.024999999999999,9.649999999999999,0.4377549947230733,2.7481680772236325,0.0,screened out,,,,,,0.13850415512465356,35,12,0.8333333333333333,True,spread > 10%,spread > 10%
2026-07-23T22:18:18+00:00,ZBH,2026-08-05,BMO,2026-08-21,89.6500015258789,90.0,0.06983538766655542,0.058895764270045434,0.08077501106306541,0.061907416681949566,0.08895705370063924,0.11600669071932893,5.55,7.975,10.4,0.27381055182774183,2.2401435863962145,0.0,screened out,,,,,,0.6081504702194358,123,12,0.8333333333333333,True,spread > 10%,spread > 10%; squeeze risk (8% of float short — no short premium)
2026-07-23T22:18:18+00:00,WYNN,2026-08-04,AMC,2026-08-07,96.7699966430664,97.0,0.05194818044732921,0.04195412310536667,0.061942237789291754,0.0605559595254969,0.07290482840484311,0.08525369728418931,5.86,7.055,8.25,0.4034144752916236,2.6874010327697073,0.0,screened out,,,,,,0.3387668320340184,52,12,0.8333333333333333,True,spread > 10%,spread > 10%; squeeze risk (12% of float short — no short premium)
2026-07-23T22:18:18+00:00,ZBRA,2026-08-04,BMO,2026-08-21,256.95001220703125,260.0,0.08120283653723923,0.06844193553868885,0.0939637375357896,0.12220275737796116,0.13212686665547077,0.14205097593298033,31.4,33.95,36.5,0.6271213210006282,5.114390982810658,0.0,screened out,,,,,,0.15022091310751107,282,12,0.8333333333333333,True,spread > 10%,spread > 10%
2026-07-23T22:18:18+00:00,ZTS,2026-08-06,BMO,2026-08-21,74.56999969482422,75.0,0.07706834985989583,0.06411594286315099,0.09002075685664067,0.10996379285984023,0.11733941311263439,0.12471503336542857,8.2,8.75,9.3,0.5225369860123925,3.9846952522168713,0.0,screened out,,,,,,0.1257142857142859,2358,12,0.8333333333333333,True,spread > 10%,spread > 10%
2026-07-27T20:37:46+00:00,AXON,2026-08-05,AMC,2026-08-07,525.47998046875,525.0,0.11541252867406529,0.1002465150094431,0.1305785423386875,0.14862602364096067,0.1634695957843601,0.1783131679277595,78.1,85.9,93.7,0.4163938496314557,4.061049829608479,0.0,screened out,,,,,,0.18160651920838192,34,12,0.8333333333333333,True,spread > 10%,spread > 10%
2026-07-27T20:37:46+00:00,MSI,2026-08-05,AMC,2026-08-21,423.79998779296875,420.0,0.07035149989412721,0.06127003569109938,0.07943296409715504,0.0686644663477803,0.07420953493600309,0.07975460352422589,29.1,31.45,33.8,0.05483941419418029,0.5444560039139502,0.0,screened out,,,,,,0.14944356120826696,353,12,0.8333333333333333,True,spread > 10%,spread > 10%
2026-07-27T20:37:46+00:00,PPL,2026-08-07,BMO,2026-08-21,36.0099983215332,36.0,0.015189639996902923,0.011980239457437387,0.01839904053636846,0.03471258145692628,0.04720911078141974,0.0597056401059132,1.25,1.7,2.15,2.107980886383443,12.78623632445408,0.0,screened out,,,,,,0.5294117647058824,534,12,0.8333333333333333,True,spread > 10%,spread > 10%
2026-07-27T20:37:46+00:00,SPG,2026-08-10,AMC,2026-08-21,231.6699981689453,230.0,0.0305919624259912,0.02650840338625721,0.034675521465725195,0.05222946473706136,0.055035179784920035,0.057840894832778704,12.1,12.75,13.4,0.7990078249495254,7.671354096362919,0.0,screened out,,,,,,0.10196078431372554,897,12,0.8333333333333333,True,spread > 10%,spread > 10%
2026-07-27T20:37:46+00:00,TTWO,2026-08-07,BMO,2026-08-07,243.9499969482422,245.0,0.05159706833429269,0.04290680873743646,0.06028732793114892,0.10125025746665818,0.10637425835059837,0.11149825923453857,24.7,25.95,27.2,1.0616337668917404,8.07829109619391,0.0,screened out,,,,,,0.09633911368015415,63,12,0.8333333333333333,True,OI < 500,OI < 500; wide market
2026-07-27T20:37:46+00:00,VST,2026-08-07,BMO,2026-08-07,157.0800018310547,157.5,0.02571210438096364,0.021309074462745745,0.030115134299181532,0.08721670384709349,0.09342373204059103,0.09963076023408855,13.7,14.675,15.65,2.6334533594130383,19.70897850353512,0.0,screened out,,,,,,0.13287904599659292,3,12,0.7916666666666665,True,spread > 10%,spread > 10%
2026-07-28T20:42:04+00:00,CAH,2026-08-11,BMO,2026-08-14,232.50999450683594,230.0,0.05796964979844629,0.048356481764863034,0.06758281783202955,0.06365317771131285,0.07290009204099682,0.08214700637068076,14.8,16.950000000000003,19.1,0.25755619180833295,1.990483752203834,0.0,screened out,,,,,,0.2536873156342183,11,12,0.8333333333333333,True,spread > 10%,spread > 10%
2026-07-28T20:42:04+00:00,LITE,2026-08-11,AMC,2026-08-14,651.9299926757812,650.0,0.0887482096035372,0.06958520214794708,0.10791121705912732,0.19357906741186234,0.20454650268915883,0.21551393796645532,126.19999999999999,133.35,140.5,1.3047958218303741,7.744457270731806,0.0,screened out,,,,,,0.10723659542557189,81,12,0.8333333333333333,True,spread > 10%,spread > 10%; squeeze risk (12% of float short — no short premium)
2026-07-28T20:42:04+00:00,SMCI,2026-08-11,AMC,2026-08-14,28.450000762939453,28.0,0.12224732931786488,0.10100876633899976,0.14348589229672998,0.18137082114675027,0.1920913832494167,0.20281194535208313,5.16,5.465,5.77,0.5713339859551844,4.214604331175891,0.0,screened out,,,,,,0.11161939615736495,1337,12,0.8333333333333333,True,spread > 10%,spread > 10%; squeeze risk (19% of float short — no short premium)
2026-07-29T22:42:30+00:00,COHR,2026-08-12,AMC,2026-08-14,222.0500030517578,220.0,0.09055760566177458,0.0691813267951365,0.11193388452841266,0.1895969350209235,0.2067101975643798,0.22382346010783613,42.099999999999994,45.9,49.7,1.2826376211449966,6.963848231541656,0.0,screened out,,,,,,0.16557734204793048,30,12,0.8333333333333333,True,spread > 10%,spread > 10%
2026-07-29T22:42:30+00:00,CSCO,2026-08-12,AMC,2026-08-14,112.4800033569336,112.0,0.06360892221962063,0.05173612537923325,0.075481719060008,0.09912873103868629,0.1044630125295573,0.10979729402042832,11.15,11.75,12.350000000000001,0.6422698087680369,4.409963620627954,0.0,screened out,,,,,,0.10212765957446818,169,12,0.8333333333333333,True,spread > 10%,spread > 10%
2026-07-29T22:42:30+00:00,EA,2026-08-04,AMC,2026-08-07,208.91000366210938,205.0,0.0334017950836759,0.02608049458937904,0.040723095577972754,0.011966875478320775,0.021181369596627777,0.03039586371493477,2.5,4.425000000000001,6.3500000000000005,-0.3658613393811424,-2.1391960781286077,0.0,screened out,,,,,,0.8700564971751412,650,12,0.8333333333333333,True,spread > 10%,spread > 10%
2026-07-30T21:50:56+00:00,AMCR,2026-08-12,BMO,2026-08-21,45.150001525878906,45.0,0.0526719915592112,0.04345365151408238,0.06189033160434002,0.06644518047868661,0.07253598868923289,0.07862679689977915,3.0,3.275,3.55,0.37712637289766393,2.7616358907576006,0.0,screened out,,,,,,0.16793893129770987,1508,12,0.8333333333333333,True,spread > 10%,spread > 10%
2026-07-30T21:50:56+00:00,AMAT,2026-08-13,AMC,2026-08-14,501.7699890136719,500.0,0.060448939791481415,0.048636864638596344,0.07226101494436649,0.15046734889109287,0.1598840141031513,0.16930067931520978,75.5,80.225,84.95,1.6449432306781746,10.788620084821439,0.0,screened out,,,,,,0.11779370520411347,113,12,0.8333333333333333,True,spread > 10%,spread > 10%
